State/UT,District,Commodity Group,Commodity,Date,Arrival Quantity,Arrival Unit,Modal Price,Price Unit
Maharashtra,Pune,Cereals,Bajra(Pearl Millet/Cumbu),01-01-2021,5.0,Metric Tonnes,2050.0,Rs./Quintal
Maharashtra,Pune,Cereals,Jowar(Sorghum),01-01-2021,14.0,Metric Tonnes,4450.0,Rs./Quintal
Maharashtra,Pune,Cereals,Wheat,01-01-2021,6.0,Metric Tonnes,3766.67,Rs./Quintal
Maharashtra,Pune,Cereals,Bajra(Pearl Millet/Cumbu),02-01-2021,4.0,Metric Tonnes,2300.0,Rs./Quintal
Maharashtra,Pune,Cereals,Jowar(Sorghum),02-01-2021,14.0,Metric Tonnes,4550.0,Rs./Quintal
Maharashtra,Pune,Cereals,Wheat,02-01-2021,6.0,Metric Tonnes,3691.67,Rs./Quintal
Maharashtra,Pune,Cereals,Bajra(Pearl Millet/Cumbu),03-01-2021,34.0,Metric Tonnes,1392.74,Rs./Quintal
Maharashtra,Pune,Cereals,Jowar(Sorghum),03-01-2021,8.0,Metric Tonnes,2500.0,Rs./Quintal
Maharashtra,Pune,Cereals,Maize,03-01-2021,54.0,Metric Tonnes,1411.0,Rs./Quintal
Maharashtra,Pune,Cereals,Wheat,03-01-2021,38.0,Metric Tonnes,1594.74,Rs./Quintal
Maharashtra,Pune,Cereals,Bajra(Pearl Millet/Cumbu),04-01-2021,7.0,Metric Tonnes,1871.43,Rs./Quintal
Maharashtra,Pune,Cereals,Jowar(Sorghum),04-01-2021,27.0,Metric Tonnes,3403.7,Rs./Quintal
Maharashtra,Pune,Cereals,Maize,04-01-2021,5.0,Metric Tonnes,1292.0,Rs./Quintal
Maharashtra,Pune,Cereals,Wheat,04-01-2021,26.0,Metric Tonnes,2183.71,Rs./Quintal
Maharashtra,Pune,Cereals,Bajra(Pearl Millet/Cumbu),05-01-2021,5.0,Metric Tonnes,2250.0,Rs./Quintal
Maharashtra,Pune,Cereals,Jowar(Sorghum),05-01-2021,14.0,Metric Tonnes,4800.0,Rs./Quintal
Maharashtra,Pune,Cereals,Wheat,05-01-2021,5.0,Metric Tonnes,4150.0,Rs./Quintal
Maharashtra,Pune,Cereals,Bajra(Pearl Millet/Cumbu),06-01-2021,4.0,Metric Tonnes,2500.0,Rs./Quintal
Maharashtra,Pune,Cereals,Jowar(Sorghum),06-01-2021,14.0,Metric Tonnes,4800.0,Rs./Quintal
Maharashtra,Pune,Cereals,Wheat,06-01-2021,6.0,Metric Tonnes,4150.0,Rs./Quintal
Maharashtra,Pune,Cereals,Bajra(Pearl Millet/Cumbu),14-01-2021,4.0,Metric Tonnes,2250.0,Rs./Quintal
Maharashtra,Pune,Cereals,Jowar(Sorghum),14-01-2021,14.0,Metric Tonnes,4650.0,Rs./Quintal
Maharashtra,Pune,Cereals,Maize,14-01-2021,19.0,Metric Tonnes,1362.11,Rs./Quintal
Maharashtra,Pune,Cereals,Wheat,14-01-2021,57.0,Metric Tonnes,1999.82,Rs./Quintal
Maharashtra,Pune,Cereals,Bajra(Pearl Millet/Cumbu),15-01-2021,4.0,Metric Tonnes,2212.5,Rs./Quintal
Maharashtra,Pune,Cereals,Jowar(Sorghum),15-01-2021,14.0,Metric Tonnes,4600.0,Rs./Quintal
Maharashtra,Pune,Cereals,Wheat,15-01-2021,7.0,Metric Tonnes,3657.14,Rs./Quintal
Maharashtra,Pune,Cereals,Bajra(Pearl Millet/Cumbu),16-01-2021,5.0,Metric Tonnes,2060.0,Rs./Quintal
Maharashtra,Pune,Cereals,Jowar(Sorghum),16-01-2021,14.0,Metric Tonnes,4650.0,Rs./Quintal
Maharashtra,Pune,Cereals,Wheat,16-01-2021,7.0,Metric Tonnes,3685.71,Rs./Quintal
Maharashtra,Pune,Cereals,Bajra(Pearl Millet/Cumbu),17-01-2021,6.0,Metric Tonnes,1386.67,Rs./Quintal
Maharashtra,Pune,Cereals,Jowar(Sorghum),17-01-2021,1.0,Metric Tonnes,1425.0,Rs./Quintal
Maharashtra,Pune,Cereals,Wheat,17-01-2021,18.0,Metric Tonnes,1730.56,Rs./Quintal
Maharashtra,Pune,Cereals,Bajra(Pearl Millet/Cumbu),18-01-2021,4.0,Metric Tonnes,2275.0,Rs./Quintal
Maharashtra,Pune,Cereals,Jowar(Sorghum),18-01-2021,14.0,Metric Tonnes,4700.0,Rs./Quintal
Maharashtra,Pune,Cereals,Maize,18-01-2021,36.0,Metric Tonnes,1375.0,Rs./Quintal
Maharashtra,Pune,Cereals,Wheat,18-01-2021,60.0,Metric Tonnes,2087.0,Rs./Quintal
Maharashtra,Pune,Cereals,Bajra(Pearl Millet/Cumbu),19-01-2021,3.0,Metric Tonnes,2550.0,Rs./Quintal
Maharashtra,Pune,Cereals,Jowar(Sorghum),19-01-2021,14.0,Metric Tonnes,4700.0,Rs./Quintal
Maharashtra,Pune,Cereals,Maize,19-01-2021,3.0,Metric Tonnes,1200.0,Rs./Quintal
Maharashtra,Pune,Cereals,Wheat,19-01-2021,6.0,Metric Tonnes,3950.0,Rs./Quintal
Maharashtra,Pune,Cereals,Bajra(Pearl Millet/Cumbu),20-01-2021,3.0,Metric Tonnes,2500.0,Rs./Quintal
Maharashtra,Pune,Cereals,Jowar(Sorghum),20-01-2021,13.0,Metric Tonnes,4600.0,Rs./Quintal
Maharashtra,Pune,Cereals,Wheat,20-01-2021,6.0,Metric Tonnes,4100.0,Rs./Quintal
Maharashtra,Pune,Cereals,Bajra(Pearl Millet/Cumbu),21-01-2021,10.0,Metric Tonnes,1805.0,Rs./Quintal
Maharashtra,Pune,Cereals,Jowar(Sorghum),21-01-2021,14.0,Metric Tonnes,4600.0,Rs./Quintal
Maharashtra,Pune,Cereals,Maize,21-01-2021,55.0,Metric Tonnes,1423.67,Rs./Quintal
Maharashtra,Pune,Cereals,Wheat,21-01-2021,94.0,Metric Tonnes,2025.16,Rs./Quintal
Maharashtra,Pune,Cereals,Bajra(Pearl Millet/Cumbu),22-01-2021,5.0,Metric Tonnes,1960.0,Rs./Quintal
Maharashtra,Pune,Cereals,Jowar(Sorghum),22-01-2021,14.0,Metric Tonnes,4800.0,Rs./Quintal
Maharashtra,Pune,Cereals,Wheat,22-01-2021,6.0,Metric Tonnes,4100.0,Rs./Quintal
Maharashtra,Pune,Cereals,Bajra(Pearl Millet/Cumbu),23-01-2021,4.0,Metric Tonnes,2093.75,Rs./Quintal
Maharashtra,Pune,Cereals,Jowar(Sorghum),23-01-2021,14.0,Metric Tonnes,4800.0,Rs./Quintal
Maharashtra,Pune,Cereals,Maize,23-01-2021,1.0,Metric Tonnes,1450.0,Rs./Quintal
Maharashtra,Pune,Cereals,Wheat,23-01-2021,7.0,Metric Tonnes,3735.71,Rs./Quintal
Maharashtra,Pune,Cereals,Bajra(Pearl Millet/Cumbu),24-01-2021,6.0,Metric Tonnes,1416.67,Rs./Quintal
Maharashtra,Pune,Cereals,Maize,24-01-2021,1.0,Metric Tonnes,1001.0,Rs./Quintal
Maharashtra,Pune,Cereals,Wheat,24-01-2021,19.0,Metric Tonnes,1775.0,Rs./Quintal
Maharashtra,Pune,Cereals,Bajra(Pearl Millet/Cumbu),25-01-2021,5.0,Metric Tonnes,1950.0,Rs./Quintal
Maharashtra,Pune,Cereals,Jowar(Sorghum),25-01-2021,14.0,Metric Tonnes,4700.0,Rs./Quintal
Maharashtra,Pune,Cereals,Maize,25-01-2021,21.0,Metric Tonnes,1451.0,Rs./Quintal
Maharashtra,Pune,Cereals,Wheat,25-01-2021,70.0,Metric Tonnes,2063.0,Rs./Quintal
Maharashtra,Pune,Cereals,Bajra(Pearl Millet/Cumbu),27-01-2021,3.0,Metric Tonnes,2450.0,Rs./Quintal
Maharashtra,Pune,Cereals,Jowar(Sorghum),27-01-2021,14.0,Metric Tonnes,4700.0,Rs./Quintal
Maharashtra,Pune,Cereals,Wheat,27-01-2021,7.0,Metric Tonnes,4000.0,Rs./Quintal
Maharashtra,Pune,Cereals,Bajra(Pearl Millet/Cumbu),28-01-2021,8.0,Metric Tonnes,1824.13,Rs./Quintal
Maharashtra,Pune,Cereals,Jowar(Sorghum),28-01-2021,20.0,Metric Tonnes,3975.0,Rs./Quintal
Maharashtra,Pune,Cereals,Maize,28-01-2021,26.0,Metric Tonnes,1350.0,Rs./Quintal
Maharashtra,Pune,Cereals,Wheat,28-01-2021,93.0,Metric Tonnes,1941.48,Rs./Quintal
Maharashtra,Pune,Cereals,Bajra(Pearl Millet/Cumbu),29-01-2021,7.0,Metric Tonnes,1821.43,Rs./Quintal
Maharashtra,Pune,Cereals,Jowar(Sorghum),29-01-2021,14.0,Metric Tonnes,4600.0,Rs./Quintal
Maharashtra,Pune,Cereals,Wheat,29-01-2021,7.0,Metric Tonnes,3950.0,Rs./Quintal
Maharashtra,Pune,Cereals,Bajra(Pearl Millet/Cumbu),30-01-2021,5.0,Metric Tonnes,1950.0,Rs./Quintal
Maharashtra,Pune,Cereals,Jowar(Sorghum),30-01-2021,14.0,Metric Tonnes,4800.0,Rs./Quintal
Maharashtra,Pune,Cereals,Wheat,30-01-2021,8.0,Metric Tonnes,3387.5,Rs./Quintal
Maharashtra,Pune,Cereals,Bajra(Pearl Millet/Cumbu),31-01-2021,8.0,Metric Tonnes,1375.0,Rs./Quintal
Maharashtra,Pune,Cereals,Maize,31-01-2021,1.0,Metric Tonnes,1575.0,Rs./Quintal
Maharashtra,Pune,Cereals,Wheat,31-01-2021,16.0,Metric Tonnes,1784.38,Rs./Quintal
Maharashtra,Pune,Cereals,Bajra(Pearl Millet/Cumbu),01-02-2021,5.0,Metric Tonnes,2080.0,Rs./Quintal
Maharashtra,Pune,Cereals,Jowar(Sorghum),01-02-2021,27.0,Metric Tonnes,3307.41,Rs./Quintal
Maharashtra,Pune,Cereals,Maize,01-02-2021,36.0,Metric Tonnes,1380.0,Rs./Quintal
Maharashtra,Pune,Cereals,Wheat,01-02-2021,74.0,Metric Tonnes,1959.32,Rs./Quintal
Maharashtra,Pune,Cereals,Bajra(Pearl Millet/Cumbu),02-02-2021,3.0,Metric Tonnes,2700.0,Rs./Quintal
Maharashtra,Pune,Cereals,Jowar(Sorghum),02-02-2021,14.0,Metric Tonnes,4800.0,Rs./Quintal
Maharashtra,Pune,Cereals,Wheat,02-02-2021,7.0,Metric Tonnes,3807.14,Rs./Quintal
Maharashtra,Pune,Cereals,Bajra(Pearl Millet/Cumbu),03-02-2021,3.0,Metric Tonnes,2600.0,Rs./Quintal
Maharashtra,Pune,Cereals,Jowar(Sorghum),03-02-2021,14.0,Metric Tonnes,4800.0,Rs./Quintal
Maharashtra,Pune,Cereals,Maize,03-02-2021,1.0,Metric Tonnes,1975.0,Rs./Quintal
Maharashtra,Pune,Cereals,Wheat,03-02-2021,6.0,Metric Tonnes,4250.0,Rs./Quintal
Maharashtra,Pune,Cereals,Bajra(Pearl Millet/Cumbu),04-02-2021,9.0,Metric Tonnes,1961.11,Rs./Quintal
Maharashtra,Pune,Cereals,Jowar(Sorghum),04-02-2021,16.0,Metric Tonnes,4153.13,Rs./Quintal
Maharashtra,Pune,Cereals,Maize,04-02-2021,27.0,Metric Tonnes,1683.0,Rs./Quintal
Maharashtra,Pune,Cereals,Wheat,04-02-2021,79.0,Metric Tonnes,1954.94,Rs./Quintal
Maharashtra,Pune,Cereals,Bajra(Pearl Millet/Cumbu),05-02-2021,6.0,Metric Tonnes,1900.0,Rs./Quintal
Maharashtra,Pune,Cereals,Jowar(Sorghum),05-02-2021,13.0,Metric Tonnes,4650.0,Rs./Quintal
Maharashtra,Pune,Cereals,Wheat,05-02-2021,7.0,Metric Tonnes,3707.14,Rs./Quintal
Maharashtra,Pune,Cereals,Bajra(Pearl Millet/Cumbu),06-02-2021,4.0,Metric Tonnes,2600.0,Rs./Quintal
Maharashtra,Pune,Cereals,Jowar(Sorghum),06-02-2021,14.0,Metric Tonnes,4550.0,Rs./Quintal
Maharashtra,Pune,Cereals,Maize,06-02-2021,1.0,Metric Tonnes,2050.0,Rs./Quintal
Maharashtra,Pune,Cereals,Wheat,06-02-2021,6.0,Metric Tonnes,4050.0,Rs./Quintal
Maharashtra,Pune,Cereals,Bajra(Pearl Millet/Cumbu),07-02-2021,5.0,Metric Tonnes,1480.0,Rs./Quintal
Maharashtra,Pune,Cereals,Jowar(Sorghum),07-02-2021,1.0,Metric Tonnes,2000.0,Rs./Quintal
Maharashtra,Pune,Cereals,Maize,07-02-2021,1.0,Metric Tonnes,1550.0,Rs./Quintal
Maharashtra,Pune,Cereals,Wheat,07-02-2021,16.0,Metric Tonnes,1725.0,Rs./Quintal
Maharashtra,Pune,Cereals,Jowar(Sorghum),08-02-2021,1.0,Metric Tonnes,1800.0,Rs./Quintal
Maharashtra,Pune,Cereals,Maize,08-02-2021,56.0,Metric Tonnes,1775.0,Rs./Quintal
Maharashtra,Pune,Cereals,Wheat,08-02-2021,83.0,Metric Tonnes,1785.0,Rs./Quintal
Maharashtra,Pune,Cereals,Bajra(Pearl Millet/Cumbu),09-02-2021,6.0,Metric Tonnes,2183.33,Rs./Quintal
Maharashtra,Pune,Cereals,Jowar(Sorghum),09-02-2021,14.0,Metric Tonnes,4800.0,Rs./Quintal
Maharashtra,Pune,Cereals,Wheat,09-02-2021,7.0,Metric Tonnes,3771.43,Rs./Quintal
Maharashtra,Pune,Cereals,Bajra(Pearl Millet/Cumbu),10-02-2021,4.0,Metric Tonnes,2650.0,Rs./Quintal
Maharashtra,Pune,Cereals,Jowar(Sorghum),10-02-2021,14.0,Metric Tonnes,4800.0,Rs./Quintal
Maharashtra,Pune,Cereals,Wheat,10-02-2021,6.0,Metric Tonnes,4100.0,Rs./Quintal
Maharashtra,Pune,Cereals,Bajra(Pearl Millet/Cumbu),11-02-2021,8.0,Metric Tonnes,2018.75,Rs./Quintal
Maharashtra,Pune,Cereals,Jowar(Sorghum),11-02-2021,14.0,Metric Tonnes,4800.0,Rs./Quintal
Maharashtra,Pune,Cereals,Maize,11-02-2021,29.0,Metric Tonnes,1300.0,Rs./Quintal
Maharashtra,Pune,Cereals,Wheat,11-02-2021,73.0,Metric Tonnes,1940.75,Rs./Quintal
Maharashtra,Pune,Cereals,Bajra(Pearl Millet/Cumbu),12-02-2021,4.0,Metric Tonnes,2600.0,Rs./Quintal
Maharashtra,Pune,Cereals,Jowar(Sorghum),12-02-2021,14.0,Metric Tonnes,4700.0,Rs./Quintal
Maharashtra,Pune,Cereals,Wheat,12-02-2021,5.0,Metric Tonnes,4250.0,Rs./Quintal
Maharashtra,Pune,Cereals,Bajra(Pearl Millet/Cumbu),13-02-2021,6.0,Metric Tonnes,2133.33,Rs./Quintal
Maharashtra,Pune,Cereals,Jowar(Sorghum),13-02-2021,14.0,Metric Tonnes,4700.0,Rs./Quintal
Maharashtra,Pune,Cereals,Wheat,13-02-2021,7.0,Metric Tonnes,3857.14,Rs./Quintal
Maharashtra,Pune,Cereals,Bajra(Pearl Millet/Cumbu),14-02-2021,5.0,Metric Tonnes,1325.0,Rs./Quintal
Maharashtra,Pune,Cereals,Jowar(Sorghum),14-02-2021,8.0,Metric Tonnes,1900.0,Rs./Quintal
Maharashtra,Pune,Cereals,Wheat,14-02-2021,13.0,Metric Tonnes,1653.08,Rs./Quintal
Maharashtra,Pune,Cereals,Bajra(Pearl Millet/Cumbu),15-02-2021,6.0,Metric Tonnes,2133.33,Rs./Quintal
Maharashtra,Pune,Cereals,Jowar(Sorghum),15-02-2021,14.0,Metric Tonnes,4550.0,Rs./Quintal
Maharashtra,Pune,Cereals,Maize,15-02-2021,22.0,Metric Tonnes,1487.5,Rs./Quintal
Maharashtra,Pune,Cereals,Wheat,15-02-2021,47.0,Metric Tonnes,2091.49,Rs./Quintal
Maharashtra,Pune,Cereals,Bajra(Pearl Millet/Cumbu),16-02-2021,7.0,Metric Tonnes,2221.43,Rs./Quintal
Maharashtra,Pune,Cereals,Jowar(Sorghum),16-02-2021,14.0,Metric Tonnes,4750.0,Rs./Quintal
Maharashtra,Pune,Cereals,Wheat,16-02-2021,6.0,Metric Tonnes,4200.0,Rs./Quintal
Maharashtra,Pune,Cereals,Bajra(Pearl Millet/Cumbu),17-02-2021,5.0,Metric Tonnes,2550.0,Rs./Quintal
Maharashtra,Pune,Cereals,Jowar(Sorghum),17-02-2021,14.0,Metric Tonnes,4750.0,Rs./Quintal
Maharashtra,Pune,Cereals,Wheat,17-02-2021,6.0,Metric Tonnes,4250.0,Rs./Quintal
Maharashtra,Pune,Cereals,Bajra(Pearl Millet/Cumbu),18-02-2021,8.0,Metric Tonnes,1930.0,Rs./Quintal
Maharashtra,Pune,Cereals,Jowar(Sorghum),18-02-2021,18.0,Metric Tonnes,3977.78,Rs./Quintal
Maharashtra,Pune,Cereals,Maize,18-02-2021,24.0,Metric Tonnes,1412.5,Rs./Quintal
Maharashtra,Pune,Cereals,Wheat,18-02-2021,64.0,Metric Tonnes,1972.66,Rs./Quintal
Maharashtra,Pune,Cereals,Bajra(Pearl Millet/Cumbu),19-02-2021,2.0,Metric Tonnes,1400.0,Rs./Quintal
Maharashtra,Pune,Cereals,Jowar(Sorghum),19-02-2021,1.0,Metric Tonnes,1500.0,Rs./Quintal
Maharashtra,Pune,Cereals,Wheat,19-02-2021,1.0,Metric Tonnes,1450.0,Rs./Quintal
Maharashtra,Pune,Cereals,Bajra(Pearl Millet/Cumbu),20-02-2021,6.0,Metric Tonnes,2200.0,Rs./Quintal
Maharashtra,Pune,Cereals,Jowar(Sorghum),20-02-2021,15.0,Metric Tonnes,4493.33,Rs./Quintal
Maharashtra,Pune,Cereals,Wheat,20-02-2021,6.0,Metric Tonnes,4250.0,Rs./Quintal
Maharashtra,Pune,Cereals,Bajra(Pearl Millet/Cumbu),21-02-2021,6.0,Metric Tonnes,1425.0,Rs./Quintal
Maharashtra,Pune,Cereals,Jowar(Sorghum),21-02-2021,45.0,Metric Tonnes,2800.0,Rs./Quintal
Maharashtra,Pune,Cereals,Wheat,21-02-2021,8.0,Metric Tonnes,1650.0,Rs./Quintal
Maharashtra,Pune,Cereals,Bajra(Pearl Millet/Cumbu),22-02-2021,4.0,Metric Tonnes,2600.0,Rs./Quintal
Maharashtra,Pune,Cereals,Jowar(Sorghum),22-02-2021,15.0,Metric Tonnes,4693.33,Rs./Quintal
Maharashtra,Pune,Cereals,Maize,22-02-2021,29.0,Metric Tonnes,1436.38,Rs./Quintal
Maharashtra,Pune,Cereals,Wheat,22-02-2021,37.0,Metric Tonnes,2179.73,Rs./Quintal
Maharashtra,Pune,Cereals,Bajra(Pearl Millet/Cumbu),23-02-2021,6.0,Metric Tonnes,2166.67,Rs./Quintal
Maharashtra,Pune,Cereals,Jowar(Sorghum),23-02-2021,15.0,Metric Tonnes,4800.0,Rs./Quintal
Maharashtra,Pune,Cereals,Wheat,23-02-2021,7.0,Metric Tonnes,3814.29,Rs./Quintal
Maharashtra,Pune,Cereals,Bajra(Pearl Millet/Cumbu),24-02-2021,4.0,Metric Tonnes,2500.0,Rs./Quintal
Maharashtra,Pune,Cereals,Jowar(Sorghum),24-02-2021,15.0,Metric Tonnes,4850.0,Rs./Quintal
Maharashtra,Pune,Cereals,Wheat,24-02-2021,6.0,Metric Tonnes,4150.0,Rs./Quintal
Maharashtra,Pune,Cereals,Bajra(Pearl Millet/Cumbu),25-02-2021,9.0,Metric Tonnes,1916.67,Rs./Quintal
Maharashtra,Pune,Cereals,Jowar(Sorghum),25-02-2021,15.0,Metric Tonnes,4800.0,Rs./Quintal
Maharashtra,Pune,Cereals,Maize,25-02-2021,24.0,Metric Tonnes,1427.08,Rs./Quintal
Maharashtra,Pune,Cereals,Wheat,25-02-2021,75.0,Metric Tonnes,1924.15,Rs./Quintal
Maharashtra,Pune,Cereals,Bajra(Pearl Millet/Cumbu),26-02-2021,2.0,Metric Tonnes,1400.0,Rs./Quintal
Maharashtra,Pune,Cereals,Jowar(Sorghum),26-02-2021,1.0,Metric Tonnes,1400.0,Rs./Quintal
Maharashtra,Pune,Cereals,Wheat,26-02-2021,1.0,Metric Tonnes,1500.0,Rs./Quintal
Maharashtra,Pune,Cereals,Bajra(Pearl Millet/Cumbu),27-02-2021,4.0,Metric Tonnes,2650.0,Rs./Quintal
Maharashtra,Pune,Cereals,Jowar(Sorghum),27-02-2021,14.0,Metric Tonnes,4800.0,Rs./Quintal
Maharashtra,Pune,Cereals,Wheat,27-02-2021,6.0,Metric Tonnes,4250.0,Rs./Quintal
Maharashtra,Pune,Cereals,Bajra(Pearl Millet/Cumbu),28-02-2021,5.0,Metric Tonnes,1470.6,Rs./Quintal
Maharashtra,Pune,Cereals,Wheat,28-02-2021,12.0,Metric Tonnes,1691.67,Rs./Quintal
Maharashtra,Pune,Cereals,Bajra(Pearl Millet/Cumbu),01-03-2021,7.0,Metric Tonnes,2114.29,Rs./Quintal
Maharashtra,Pune,Cereals,Jowar(Sorghum),01-03-2021,14.0,Metric Tonnes,4900.0,Rs./Quintal
Maharashtra,Pune,Cereals,Maize,01-03-2021,18.0,Metric Tonnes,1554.17,Rs./Quintal
Maharashtra,Pune,Cereals,Wheat,01-03-2021,32.0,Metric Tonnes,2235.63,Rs./Quintal
Maharashtra,Pune,Cereals,Bajra(Pearl Millet/Cumbu),02-03-2021,5.0,Metric Tonnes,2385.0,Rs./Quintal
Maharashtra,Pune,Cereals,Jowar(Sorghum),02-03-2021,14.0,Metric Tonnes,4900.0,Rs./Quintal
Maharashtra,Pune,Cereals,Wheat,02-03-2021,7.0,Metric Tonnes,3871.43,Rs./Quintal
Maharashtra,Pune,Cereals,Bajra(Pearl Millet/Cumbu),03-03-2021,5.0,Metric Tonnes,2650.0,Rs./Quintal
Maharashtra,Pune,Cereals,Jowar(Sorghum),03-03-2021,14.0,Metric Tonnes,4800.0,Rs./Quintal
Maharashtra,Pune,Cereals,Maize,03-03-2021,1.0,Metric Tonnes,2050.0,Rs./Quintal
Maharashtra,Pune,Cereals,Wheat,03-03-2021,6.0,Metric Tonnes,4300.0,Rs./Quintal
Maharashtra,Pune,Cereals,Bajra(Pearl Millet/Cumbu),04-03-2021,7.0,Metric Tonnes,2114.29,Rs./Quintal
Maharashtra,Pune,Cereals,Jowar(Sorghum),04-03-2021,14.0,Metric Tonnes,4800.0,Rs./Quintal
Maharashtra,Pune,Cereals,Maize,04-03-2021,35.0,Metric Tonnes,1472.97,Rs./Quintal
Maharashtra,Pune,Cereals,Wheat,04-03-2021,77.0,Metric Tonnes,1947.56,Rs./Quintal
Maharashtra,Pune,Cereals,Bajra(Pearl Millet/Cumbu),05-03-2021,7.0,Metric Tonnes,2328.57,Rs./Quintal
Maharashtra,Pune,Cereals,Jowar(Sorghum),05-03-2021,14.0,Metric Tonnes,4900.0,Rs./Quintal
Maharashtra,Pune,Cereals,Wheat,05-03-2021,7.0,Metric Tonnes,3914.29,Rs./Quintal
Maharashtra,Pune,Cereals,Bajra(Pearl Millet/Cumbu),06-03-2021,6.0,Metric Tonnes,2183.33,Rs./Quintal
Maharashtra,Pune,Cereals,Jowar(Sorghum),06-03-2021,14.0,Metric Tonnes,4800.0,Rs./Quintal
Maharashtra,Pune,Cereals,Wheat,06-03-2021,6.0,Metric Tonnes,4250.0,Rs./Quintal
Maharashtra,Pune,Cereals,Bajra(Pearl Millet/Cumbu),07-03-2021,5.0,Metric Tonnes,1540.0,Rs./Quintal
Maharashtra,Pune,Cereals,Jowar(Sorghum),07-03-2021,1.0,Metric Tonnes,2500.0,Rs./Quintal
Maharashtra,Pune,Cereals,Wheat,07-03-2021,17.0,Metric Tonnes,1750.0,Rs./Quintal
Maharashtra,Pune,Cereals,Bajra(Pearl Millet/Cumbu),08-03-2021,7.0,Metric Tonnes,2264.29,Rs./Quintal
Maharashtra,Pune,Cereals,Jowar(Sorghum),08-03-2021,14.0,Metric Tonnes,4900.0,Rs./Quintal
Maharashtra,Pune,Cereals,Maize,08-03-2021,18.0,Metric Tonnes,1572.22,Rs./Quintal
Maharashtra,Pune,Cereals,Wheat,08-03-2021,89.0,Metric Tonnes,1953.98,Rs./Quintal
Maharashtra,Pune,Cereals,Bajra(Pearl Millet/Cumbu),09-03-2021,9.0,Metric Tonnes,1927.78,Rs./Quintal
Maharashtra,Pune,Cereals,Jowar(Sorghum),09-03-2021,14.0,Metric Tonnes,4750.0,Rs./Quintal
Maharashtra,Pune,Cereals,Wheat,09-03-2021,8.0,Metric Tonnes,3631.25,Rs./Quintal
Maharashtra,Pune,Cereals,Bajra(Pearl Millet/Cumbu),10-03-2021,5.0,Metric Tonnes,2650.0,Rs./Quintal
Maharashtra,Pune,Cereals,Jowar(Sorghum),10-03-2021,15.0,Metric Tonnes,4850.0,Rs./Quintal
Maharashtra,Pune,Cereals,Wheat,10-03-2021,6.0,Metric Tonnes,4200.0,Rs./Quintal
Maharashtra,Pune,Cereals,Bajra(Pearl Millet/Cumbu),11-03-2021,9.0,Metric Tonnes,2094.44,Rs./Quintal
Maharashtra,Pune,Cereals,Jowar(Sorghum),11-03-2021,14.0,Metric Tonnes,4850.0,Rs./Quintal
Maharashtra,Pune,Cereals,Maize,11-03-2021,2.0,Metric Tonnes,1712.5,Rs./Quintal
Maharashtra,Pune,Cereals,Wheat,11-03-2021,20.0,Metric Tonnes,2462.0,Rs./Quintal
Maharashtra,Pune,Cereals,Bajra(Pearl Millet/Cumbu),12-03-2021,8.0,Metric Tonnes,2187.5,Rs./Quintal
Maharashtra,Pune,Cereals,Jowar(Sorghum),12-03-2021,15.0,Metric Tonnes,4800.0,Rs./Quintal
Maharashtra,Pune,Cereals,Maize,12-03-2021,1.0,Metric Tonnes,2050.0,Rs./Quintal
Maharashtra,Pune,Cereals,Wheat,12-03-2021,8.0,Metric Tonnes,3912.5,Rs./Quintal
Maharashtra,Pune,Cereals,Bajra(Pearl Millet/Cumbu),13-03-2021,7.0,Metric Tonnes,2228.57,Rs./Quintal
Maharashtra,Pune,Cereals,Jowar(Sorghum),13-03-2021,16.0,Metric Tonnes,4600.0,Rs./Quintal
Maharashtra,Pune,Cereals,Maize,13-03-2021,1.0,Metric Tonnes,2050.0,Rs./Quintal
Maharashtra,Pune,Cereals,Wheat,13-03-2021,9.0,Metric Tonnes,3661.11,Rs./Quintal
Maharashtra,Pune,Cereals,Bajra(Pearl Millet/Cumbu),14-03-2021,8.0,Metric Tonnes,1515.63,Rs./Quintal
Maharashtra,Pune,Cereals,Wheat,14-03-2021,23.0,Metric Tonnes,1828.26,Rs./Quintal
Maharashtra,Pune,Cereals,Bajra(Pearl Millet/Cumbu),15-03-2021,6.0,Metric Tonnes,2650.0,Rs./Quintal
Maharashtra,Pune,Cereals,Jowar(Sorghum),15-03-2021,15.0,Metric Tonnes,5000.0,Rs./Quintal
Maharashtra,Pune,Cereals,Maize,15-03-2021,1.0,Metric Tonnes,2050.0,Rs./Quintal
Maharashtra,Pune,Cereals,Wheat,15-03-2021,6.0,Metric Tonnes,4400.0,Rs./Quintal
Maharashtra,Pune,Cereals,Bajra(Pearl Millet/Cumbu),16-03-2021,6.0,Metric Tonnes,2600.0,Rs./Quintal
Maharashtra,Pune,Cereals,Jowar(Sorghum),16-03-2021,16.0,Metric Tonnes,5000.0,Rs./Quintal
Maharashtra,Pune,Cereals,Maize,16-03-2021,1.0,Metric Tonnes,2050.0,Rs./Quintal
Maharashtra,Pune,Cereals,Wheat,16-03-2021,7.0,Metric Tonnes,4300.0,Rs./Quintal
Maharashtra,Pune,Cereals,Bajra(Pearl Millet/Cumbu),19-03-2021,1.0,Metric Tonnes,1400.0,Rs./Quintal
Maharashtra,Pune,Cereals,Jowar(Sorghum),19-03-2021,1.0,Metric Tonnes,1700.0,Rs./Quintal
Maharashtra,Pune,Cereals,Bajra(Pearl Millet/Cumbu),20-03-2021,3.0,Metric Tonnes,1200.0,Rs./Quintal
Maharashtra,Pune,Cereals,Wheat,20-03-2021,3.0,Metric Tonnes,1800.0,Rs./Quintal
Maharashtra,Pune,Cereals,Bajra(Pearl Millet/Cumbu),21-03-2021,4.0,Metric Tonnes,1625.0,Rs./Quintal
Maharashtra,Pune,Cereals,Jowar(Sorghum),21-03-2021,1.0,Metric Tonnes,1600.0,Rs./Quintal
Maharashtra,Pune,Cereals,Wheat,21-03-2021,45.0,Metric Tonnes,1848.89,Rs./Quintal
Maharashtra,Pune,Cereals,Bajra(Pearl Millet/Cumbu),22-03-2021,7.0,Metric Tonnes,2342.86,Rs./Quintal
Maharashtra,Pune,Cereals,Jowar(Sorghum),22-03-2021,16.0,Metric Tonnes,4900.0,Rs./Quintal
Maharashtra,Pune,Cereals,Maize,22-03-2021,48.0,Metric Tonnes,1522.23,Rs./Quintal
Maharashtra,Pune,Cereals,Wheat,22-03-2021,192.0,Metric Tonnes,1901.95,Rs./Quintal
Maharashtra,Pune,Cereals,Bajra(Pearl Millet/Cumbu),23-03-2021,8.0,Metric Tonnes,2362.5,Rs./Quintal
Maharashtra,Pune,Cereals,Jowar(Sorghum),23-03-2021,18.0,Metric Tonnes,4600.0,Rs./Quintal
Maharashtra,Pune,Cereals,Maize,23-03-2021,1.0,Metric Tonnes,2075.0,Rs./Quintal
Maharashtra,Pune,Cereals,Wheat,23-03-2021,12.0,Metric Tonnes,3237.5,Rs./Quintal
Maharashtra,Pune,Cereals,Bajra(Pearl Millet/Cumbu),24-03-2021,7.0,Metric Tonnes,2650.0,Rs./Quintal
Maharashtra,Pune,Cereals,Jowar(Sorghum),24-03-2021,16.0,Metric Tonnes,4700.0,Rs./Quintal
Maharashtra,Pune,Cereals,Maize,24-03-2021,1.0,Metric Tonnes,2075.0,Rs./Quintal
Maharashtra,Pune,Cereals,Wheat,24-03-2021,7.0,Metric Tonnes,4200.0,Rs./Quintal
Maharashtra,Pune,Cereals,Bajra(Pearl Millet/Cumbu),25-03-2021,10.0,Metric Tonnes,2245.0,Rs./Quintal
Maharashtra,Pune,Cereals,Jowar(Sorghum),25-03-2021,16.0,Metric Tonnes,4750.0,Rs./Quintal
Maharashtra,Pune,Cereals,Maize,25-03-2021,31.0,Metric Tonnes,1540.81,Rs./Quintal
Maharashtra,Pune,Cereals,Wheat,25-03-2021,198.0,Metric Tonnes,1881.76,Rs./Quintal
Maharashtra,Pune,Cereals,Bajra(Pearl Millet/Cumbu),26-03-2021,8.0,Metric Tonnes,2437.5,Rs./Quintal
Maharashtra,Pune,Cereals,Jowar(Sorghum),26-03-2021,17.0,Metric Tonnes,4650.0,Rs./Quintal
Maharashtra,Pune,Cereals,Maize,26-03-2021,1.0,Metric Tonnes,2100.0,Rs./Quintal
Maharashtra,Pune,Cereals,Wheat,26-03-2021,8.0,Metric Tonnes,3862.5,Rs./Quintal
Maharashtra,Pune,Cereals,Bajra(Pearl Millet/Cumbu),27-03-2021,8.0,Metric Tonnes,2450.0,Rs./Quintal
Maharashtra,Pune,Cereals,Jowar(Sorghum),27-03-2021,39.0,Metric Tonnes,4650.0,Rs./Quintal
Maharashtra,Pune,Cereals,Maize,27-03-2021,1.0,Metric Tonnes,2100.0,Rs./Quintal
Maharashtra,Pune,Cereals,Wheat,27-03-2021,7.0,Metric Tonnes,4200.0,Rs./Quintal
Maharashtra,Pune,Cereals,Bajra(Pearl Millet/Cumbu),28-03-2021,5.0,Metric Tonnes,1460.0,Rs./Quintal
Maharashtra,Pune,Cereals,Jowar(Sorghum),28-03-2021,5.0,Metric Tonnes,2600.0,Rs./Quintal
Maharashtra,Pune,Cereals,Maize,28-03-2021,1.0,Metric Tonnes,1300.0,Rs./Quintal
Maharashtra,Pune,Cereals,Wheat,28-03-2021,20.0,Metric Tonnes,1791.25,Rs./Quintal
Maharashtra,Pune,Cereals,Bajra(Pearl Millet/Cumbu),29-03-2021,9.0,Metric Tonnes,2322.22,Rs./Quintal
Maharashtra,Pune,Cereals,Jowar(Sorghum),29-03-2021,17.0,Metric Tonnes,4750.0,Rs./Quintal
Maharashtra,Pune,Cereals,Maize,29-03-2021,1.0,Metric Tonnes,2000.0,Rs./Quintal
Maharashtra,Pune,Cereals,Wheat,29-03-2021,7.0,Metric Tonnes,4200.0,Rs./Quintal
Maharashtra,Pune,Cereals,Bajra(Pearl Millet/Cumbu),30-03-2021,9.0,Metric Tonnes,2311.11,Rs./Quintal
Maharashtra,Pune,Cereals,Jowar(Sorghum),30-03-2021,17.0,Metric Tonnes,4650.0,Rs./Quintal
Maharashtra,Pune,Cereals,Maize,30-03-2021,1.0,Metric Tonnes,2100.0,Rs./Quintal
Maharashtra,Pune,Cereals,Wheat,30-03-2021,8.0,Metric Tonnes,3931.25,Rs./Quintal
Maharashtra,Pune,Cereals,Bajra(Pearl Millet/Cumbu),31-03-2021,8.0,Metric Tonnes,2600.0,Rs./Quintal
Maharashtra,Pune,Cereals,Jowar(Sorghum),31-03-2021,16.0,Metric Tonnes,4600.0,Rs./Quintal
Maharashtra,Pune,Cereals,Maize,31-03-2021,1.0,Metric Tonnes,2090.0,Rs./Quintal
Maharashtra,Pune,Cereals,Wheat,31-03-2021,7.0,Metric Tonnes,4350.0,Rs./Quintal
Maharashtra,Pune,Cereals,Bajra(Pearl Millet/Cumbu),01-04-2021,11.0,Metric Tonnes,2240.91,Rs./Quintal
Maharashtra,Pune,Cereals,Jowar(Sorghum),01-04-2021,123.0,Metric Tonnes,3038.21,Rs./Quintal
Maharashtra,Pune,Cereals,Maize,01-04-2021,2.0,Metric Tonnes,1720.5,Rs./Quintal
Maharashtra,Pune,Cereals,Wheat,01-04-2021,50.0,Metric Tonnes,2057.0,Rs./Quintal
Maharashtra,Pune,Cereals,Bajra(Pearl Millet/Cumbu),02-04-2021,9.0,Metric Tonnes,2427.78,Rs./Quintal
Maharashtra,Pune,Cereals,Jowar(Sorghum),02-04-2021,17.0,Metric Tonnes,4800.0,Rs./Quintal
Maharashtra,Pune,Cereals,Wheat,02-04-2021,8.0,Metric Tonnes,3918.75,Rs./Quintal
Maharashtra,Pune,Cereals,Bajra(Pearl Millet/Cumbu),03-04-2021,8.0,Metric Tonnes,2500.0,Rs./Quintal
Maharashtra,Pune,Cereals,Jowar(Sorghum),03-04-2021,18.0,Metric Tonnes,4662.5,Rs./Quintal
Maharashtra,Pune,Cereals,Maize,03-04-2021,57.0,Metric Tonnes,1559.75,Rs./Quintal
Maharashtra,Pune,Cereals,Wheat,03-04-2021,7.0,Metric Tonnes,4200.0,Rs./Quintal
Maharashtra,Pune,Cereals,Bajra(Pearl Millet/Cumbu),04-04-2021,4.0,Metric Tonnes,1625.0,Rs./Quintal
Maharashtra,Pune,Cereals,Maize,04-04-2021,1.0,Metric Tonnes,1300.0,Rs./Quintal
Maharashtra,Pune,Cereals,Wheat,04-04-2021,48.0,Metric Tonnes,1744.79,Rs./Quintal
Maharashtra,Pune,Cereals,Bajra(Pearl Millet/Cumbu),05-04-2021,9.0,Metric Tonnes,2355.56,Rs./Quintal
Maharashtra,Pune,Cereals,Jowar(Sorghum),05-04-2021,103.0,Metric Tonnes,2987.86,Rs./Quintal
Maharashtra,Pune,Cereals,Maize,05-04-2021,42.0,Metric Tonnes,1486.19,Rs./Quintal
Maharashtra,Pune,Cereals,Wheat,05-04-2021,274.0,Metric Tonnes,1817.08,Rs./Quintal
Maharashtra,Pune,Cereals,Bajra(Pearl Millet/Cumbu),06-04-2021,9.0,Metric Tonnes,2405.56,Rs./Quintal
Maharashtra,Pune,Cereals,Jowar(Sorghum),06-04-2021,17.0,Metric Tonnes,4900.0,Rs./Quintal
Maharashtra,Pune,Cereals,Maize,06-04-2021,1.0,Metric Tonnes,2100.0,Rs./Quintal
Maharashtra,Pune,Cereals,Wheat,06-04-2021,7.0,Metric Tonnes,4200.0,Rs./Quintal
Maharashtra,Pune,Cereals,Bajra(Pearl Millet/Cumbu),07-04-2021,16.0,Metric Tonnes,2437.5,Rs./Quintal
Maharashtra,Pune,Cereals,Jowar(Sorghum),07-04-2021,22.0,Metric Tonnes,4309.09,Rs./Quintal
Maharashtra,Pune,Cereals,Maize,07-04-2021,41.0,Metric Tonnes,1572.93,Rs./Quintal
Maharashtra,Pune,Cereals,Wheat,07-04-2021,29.0,Metric Tonnes,2703.93,Rs./Quintal
Maharashtra,Pune,Cereals,Bajra(Pearl Millet/Cumbu),08-04-2021,11.0,Metric Tonnes,2477.27,Rs./Quintal
Maharashtra,Pune,Cereals,Jowar(Sorghum),08-04-2021,116.0,Metric Tonnes,2916.38,Rs./Quintal
Maharashtra,Pune,Cereals,Maize,08-04-2021,2.0,Metric Tonnes,1695.0,Rs./Quintal
Maharashtra,Pune,Cereals,Wheat,08-04-2021,49.0,Metric Tonnes,2117.14,Rs./Quintal
Maharashtra,Pune,Cereals,Bajra(Pearl Millet/Cumbu),09-04-2021,10.0,Metric Tonnes,2502.5,Rs./Quintal
Maharashtra,Pune,Cereals,Jowar(Sorghum),09-04-2021,17.0,Metric Tonnes,4900.0,Rs./Quintal
Maharashtra,Pune,Cereals,Maize,09-04-2021,1.0,Metric Tonnes,2150.0,Rs./Quintal
Maharashtra,Pune,Cereals,Wheat,09-04-2021,12.0,Metric Tonnes,3458.33,Rs./Quintal
Maharashtra,Pune,Cereals,Bajra(Pearl Millet/Cumbu),11-04-2021,3.0,Metric Tonnes,1600.0,Rs./Quintal
Maharashtra,Pune,Cereals,Jowar(Sorghum),11-04-2021,7.0,Metric Tonnes,2029.43,Rs./Quintal
Maharashtra,Pune,Cereals,Maize,11-04-2021,1.0,Metric Tonnes,1300.0,Rs./Quintal
Maharashtra,Pune,Cereals,Wheat,11-04-2021,25.0,Metric Tonnes,1750.0,Rs./Quintal
Maharashtra,Pune,Cereals,Bajra(Pearl Millet/Cumbu),12-04-2021,10.0,Metric Tonnes,2650.0,Rs./Quintal
Maharashtra,Pune,Cereals,Jowar(Sorghum),12-04-2021,303.0,Metric Tonnes,2641.09,Rs./Quintal
Maharashtra,Pune,Cereals,Maize,12-04-2021,54.0,Metric Tonnes,1364.81,Rs./Quintal
Maharashtra,Pune,Cereals,Wheat,12-04-2021,170.0,Metric Tonnes,1941.95,Rs./Quintal
Maharashtra,Pune,Cereals,Bajra(Pearl Millet/Cumbu),13-04-2021,9.0,Metric Tonnes,2700.0,Rs./Quintal
Maharashtra,Pune,Cereals,Jowar(Sorghum),13-04-2021,17.0,Metric Tonnes,4800.0,Rs./Quintal
Maharashtra,Pune,Cereals,Wheat,13-04-2021,11.0,Metric Tonnes,3518.18,Rs./Quintal
Maharashtra,Pune,Cereals,Bajra(Pearl Millet/Cumbu),14-04-2021,19.0,Metric Tonnes,2500.0,Rs./Quintal
Maharashtra,Pune,Cereals,Jowar(Sorghum),14-04-2021,30.0,Metric Tonnes,4037.33,Rs./Quintal
Maharashtra,Pune,Cereals,Maize,14-04-2021,58.0,Metric Tonnes,1575.09,Rs./Quintal
Maharashtra,Pune,Cereals,Wheat,14-04-2021,17.0,Metric Tonnes,3440.24,Rs./Quintal
Maharashtra,Pune,Cereals,Bajra(Pearl Millet/Cumbu),15-04-2021,14.0,Metric Tonnes,2600.0,Rs./Quintal
Maharashtra,Pune,Cereals,Jowar(Sorghum),15-04-2021,107.0,Metric Tonnes,2820.56,Rs./Quintal
Maharashtra,Pune,Cereals,Maize,15-04-2021,2.0,Metric Tonnes,1775.0,Rs./Quintal
Maharashtra,Pune,Cereals,Wheat,15-04-2021,29.0,Metric Tonnes,2729.31,Rs./Quintal
Maharashtra,Pune,Cereals,Bajra(Pearl Millet/Cumbu),16-04-2021,14.0,Metric Tonnes,2503.57,Rs./Quintal
Maharashtra,Pune,Cereals,Jowar(Sorghum),16-04-2021,21.0,Metric Tonnes,4650.0,Rs./Quintal
Maharashtra,Pune,Cereals,Maize,16-04-2021,1.0,Metric Tonnes,2100.0,Rs./Quintal
Maharashtra,Pune,Cereals,Wheat,16-04-2021,10.0,Metric Tonnes,4400.0,Rs./Quintal
Maharashtra,Pune,Cereals,Maize,17-04-2021,54.0,Metric Tonnes,1600.0,Rs./Quintal
Maharashtra,Pune,Cereals,Jowar(Sorghum),18-04-2021,1.0,Metric Tonnes,1900.0,Rs./Quintal
Maharashtra,Pune,Cereals,Wheat,18-04-2021,10.0,Metric Tonnes,1850.0,Rs./Quintal
Maharashtra,Pune,Cereals,Bajra(Pearl Millet/Cumbu),19-04-2021,13.0,Metric Tonnes,2600.0,Rs./Quintal
Maharashtra,Pune,Cereals,Jowar(Sorghum),19-04-2021,91.0,Metric Tonnes,2988.46,Rs./Quintal
Maharashtra,Pune,Cereals,Maize,19-04-2021,1.0,Metric Tonnes,2150.0,Rs./Quintal
Maharashtra,Pune,Cereals,Wheat,19-04-2021,10.0,Metric Tonnes,4450.0,Rs./Quintal
Maharashtra,Pune,Cereals,Bajra(Pearl Millet/Cumbu),20-04-2021,13.0,Metric Tonnes,2600.0,Rs./Quintal
Maharashtra,Pune,Cereals,Jowar(Sorghum),20-04-2021,21.0,Metric Tonnes,4750.0,Rs./Quintal
Maharashtra,Pune,Cereals,Maize,20-04-2021,1.0,Metric Tonnes,2100.0,Rs./Quintal
Maharashtra,Pune,Cereals,Wheat,20-04-2021,10.0,Metric Tonnes,4450.0,Rs./Quintal
Maharashtra,Pune,Cereals,Bajra(Pearl Millet/Cumbu),21-04-2021,19.0,Metric Tonnes,2473.68,Rs./Quintal
Maharashtra,Pune,Cereals,Jowar(Sorghum),21-04-2021,29.0,Metric Tonnes,4078.48,Rs./Quintal
Maharashtra,Pune,Cereals,Maize,21-04-2021,58.0,Metric Tonnes,1677.41,Rs./Quintal
Maharashtra,Pune,Cereals,Wheat,21-04-2021,15.0,Metric Tonnes,3564.8,Rs./Quintal
Maharashtra,Pune,Cereals,Bajra(Pearl Millet/Cumbu),22-04-2021,12.0,Metric Tonnes,2650.0,Rs./Quintal
Maharashtra,Pune,Cereals,Jowar(Sorghum),22-04-2021,74.0,Metric Tonnes,3108.11,Rs./Quintal
Maharashtra,Pune,Cereals,Maize,22-04-2021,1.0,Metric Tonnes,2050.0,Rs./Quintal
Maharashtra,Pune,Cereals,Wheat,22-04-2021,27.0,Metric Tonnes,2679.63,Rs./Quintal
Maharashtra,Pune,Cereals,Bajra(Pearl Millet/Cumbu),23-04-2021,13.0,Metric Tonnes,2600.0,Rs./Quintal
Maharashtra,Pune,Cereals,Jowar(Sorghum),23-04-2021,21.0,Metric Tonnes,4650.0,Rs./Quintal
Maharashtra,Pune,Cereals,Maize,23-04-2021,1.0,Metric Tonnes,2050.0,Rs./Quintal
Maharashtra,Pune,Cereals,Wheat,23-04-2021,9.0,Metric Tonnes,4550.0,Rs./Quintal
Maharashtra,Pune,Cereals,Bajra(Pearl Millet/Cumbu),24-04-2021,9.0,Metric Tonnes,2175.0,Rs./Quintal
Maharashtra,Pune,Cereals,Jowar(Sorghum),24-04-2021,5.0,Metric Tonnes,3000.0,Rs./Quintal
Maharashtra,Pune,Cereals,Wheat,24-04-2021,7.0,Metric Tonnes,2200.0,Rs./Quintal
Maharashtra,Pune,Cereals,Jowar(Sorghum),25-04-2021,1.0,Metric Tonnes,1900.0,Rs./Quintal
Maharashtra,Pune,Cereals,Wheat,25-04-2021,16.0,Metric Tonnes,1850.0,Rs./Quintal
Maharashtra,Pune,Cereals,Bajra(Pearl Millet/Cumbu),26-04-2021,13.0,Metric Tonnes,2600.0,Rs./Quintal
Maharashtra,Pune,Cereals,Jowar(Sorghum),26-04-2021,21.0,Metric Tonnes,4800.0,Rs./Quintal
Maharashtra,Pune,Cereals,Maize,26-04-2021,23.0,Metric Tonnes,1888.35,Rs./Quintal
Maharashtra,Pune,Cereals,Wheat,26-04-2021,92.0,Metric Tonnes,2165.27,Rs./Quintal
Maharashtra,Pune,Cereals,Bajra(Pearl Millet/Cumbu),27-04-2021,13.0,Metric Tonnes,2515.38,Rs./Quintal
Maharashtra,Pune,Cereals,Jowar(Sorghum),27-04-2021,21.0,Metric Tonnes,4800.0,Rs./Quintal
Maharashtra,Pune,Cereals,Maize,27-04-2021,1.0,Metric Tonnes,2000.0,Rs./Quintal
Maharashtra,Pune,Cereals,Wheat,27-04-2021,9.0,Metric Tonnes,4700.0,Rs./Quintal
Maharashtra,Pune,Cereals,Bajra(Pearl Millet/Cumbu),28-04-2021,22.0,Metric Tonnes,2426.14,Rs./Quintal
Maharashtra,Pune,Cereals,Jowar(Sorghum),28-04-2021,27.0,Metric Tonnes,4362.04,Rs./Quintal
Maharashtra,Pune,Cereals,Maize,28-04-2021,128.0,Metric Tonnes,1653.73,Rs./Quintal
Maharashtra,Pune,Cereals,Wheat,28-04-2021,8.0,Metric Tonnes,4700.0,Rs./Quintal
Maharashtra,Pune,Cereals,Bajra(Pearl Millet/Cumbu),29-04-2021,14.0,Metric Tonnes,2371.43,Rs./Quintal
Maharashtra,Pune,Cereals,Jowar(Sorghum),29-04-2021,24.0,Metric Tonnes,4425.0,Rs./Quintal
Maharashtra,Pune,Cereals,Maize,29-04-2021,1.0,Metric Tonnes,2075.0,Rs./Quintal
Maharashtra,Pune,Cereals,Wheat,29-04-2021,16.0,Metric Tonnes,3200.0,Rs./Quintal
Maharashtra,Pune,Cereals,Bajra(Pearl Millet/Cumbu),30-04-2021,14.0,Metric Tonnes,2482.14,Rs./Quintal
Maharashtra,Pune,Cereals,Jowar(Sorghum),30-04-2021,21.0,Metric Tonnes,4700.0,Rs./Quintal
Maharashtra,Pune,Cereals,Maize,30-04-2021,60.0,Metric Tonnes,1646.83,Rs./Quintal
Maharashtra,Pune,Cereals,Wheat,30-04-2021,8.0,Metric Tonnes,4350.0,Rs./Quintal
Maharashtra,Pune,Cereals,Bajra(Pearl Millet/Cumbu),02-05-2021,1.0,Metric Tonnes,1600.0,Rs./Quintal
Maharashtra,Pune,Cereals,Jowar(Sorghum),02-05-2021,1.0,Metric Tonnes,1800.0,Rs./Quintal
Maharashtra,Pune,Cereals,Wheat,02-05-2021,15.0,Metric Tonnes,1800.0,Rs./Quintal
Maharashtra,Pune,Cereals,Bajra(Pearl Millet/Cumbu),03-05-2021,13.0,Metric Tonnes,2550.0,Rs./Quintal
Maharashtra,Pune,Cereals,Jowar(Sorghum),03-05-2021,36.0,Metric Tonnes,3812.5,Rs./Quintal
Maharashtra,Pune,Cereals,Maize,03-05-2021,32.0,Metric Tonnes,1796.56,Rs./Quintal
Maharashtra,Pune,Cereals,Wheat,03-05-2021,78.0,Metric Tonnes,2107.05,Rs./Quintal
Maharashtra,Pune,Cereals,Bajra(Pearl Millet/Cumbu),04-05-2021,15.0,Metric Tonnes,2410.0,Rs./Quintal
Maharashtra,Pune,Cereals,Jowar(Sorghum),04-05-2021,21.0,Metric Tonnes,4650.0,Rs./Quintal
Maharashtra,Pune,Cereals,Maize,04-05-2021,1.0,Metric Tonnes,2050.0,Rs./Quintal
Maharashtra,Pune,Cereals,Wheat,04-05-2021,8.0,Metric Tonnes,4350.0,Rs./Quintal
Maharashtra,Pune,Cereals,Bajra(Pearl Millet/Cumbu),05-05-2021,17.0,Metric Tonnes,2467.65,Rs./Quintal
Maharashtra,Pune,Cereals,Jowar(Sorghum),05-05-2021,27.0,Metric Tonnes,4305.56,Rs./Quintal
Maharashtra,Pune,Cereals,Maize,05-05-2021,1.0,Metric Tonnes,2050.0,Rs./Quintal
Maharashtra,Pune,Cereals,Wheat,05-05-2021,12.0,Metric Tonnes,3645.33,Rs./Quintal
Maharashtra,Pune,Cereals,Bajra(Pearl Millet/Cumbu),06-05-2021,13.0,Metric Tonnes,2500.0,Rs./Quintal
Maharashtra,Pune,Cereals,Jowar(Sorghum),06-05-2021,71.0,Metric Tonnes,3150.7,Rs./Quintal
Maharashtra,Pune,Cereals,Maize,06-05-2021,1.0,Metric Tonnes,2000.0,Rs./Quintal
Maharashtra,Pune,Cereals,Wheat,06-05-2021,17.0,Metric Tonnes,3097.06,Rs./Quintal
Maharashtra,Pune,Cereals,Bajra(Pearl Millet/Cumbu),07-05-2021,14.0,Metric Tonnes,2410.71,Rs./Quintal
Maharashtra,Pune,Cereals,Jowar(Sorghum),07-05-2021,21.0,Metric Tonnes,4750.0,Rs./Quintal
Maharashtra,Pune,Cereals,Maize,07-05-2021,1.0,Metric Tonnes,2000.0,Rs./Quintal
Maharashtra,Pune,Cereals,Wheat,07-05-2021,8.0,Metric Tonnes,4250.0,Rs./Quintal
Maharashtra,Pune,Cereals,Jowar(Sorghum),09-05-2021,1.0,Metric Tonnes,1850.0,Rs./Quintal
Maharashtra,Pune,Cereals,Wheat,09-05-2021,10.0,Metric Tonnes,1800.0,Rs./Quintal
Maharashtra,Pune,Cereals,Bajra(Pearl Millet/Cumbu),10-05-2021,14.0,Metric Tonnes,2467.86,Rs./Quintal
Maharashtra,Pune,Cereals,Jowar(Sorghum),10-05-2021,31.0,Metric Tonnes,3283.87,Rs./Quintal
Maharashtra,Pune,Cereals,Maize,10-05-2021,1.0,Metric Tonnes,2050.0,Rs./Quintal
Maharashtra,Pune,Cereals,Wheat,10-05-2021,8.0,Metric Tonnes,4350.0,Rs./Quintal
Maharashtra,Pune,Cereals,Bajra(Pearl Millet/Cumbu),11-05-2021,15.0,Metric Tonnes,2466.67,Rs./Quintal
Maharashtra,Pune,Cereals,Jowar(Sorghum),11-05-2021,22.0,Metric Tonnes,5000.0,Rs./Quintal
Maharashtra,Pune,Cereals,Maize,11-05-2021,1.0,Metric Tonnes,2050.0,Rs./Quintal
Maharashtra,Pune,Cereals,Wheat,11-05-2021,9.0,Metric Tonnes,4072.22,Rs./Quintal
Maharashtra,Pune,Cereals,Bajra(Pearl Millet/Cumbu),12-05-2021,17.0,Metric Tonnes,2418.82,Rs./Quintal
Maharashtra,Pune,Cereals,Jowar(Sorghum),12-05-2021,27.0,Metric Tonnes,4528.0,Rs./Quintal
Maharashtra,Pune,Cereals,Maize,12-05-2021,1.0,Metric Tonnes,2000.0,Rs./Quintal
Maharashtra,Pune,Cereals,Wheat,12-05-2021,13.0,Metric Tonnes,3665.77,Rs./Quintal
Maharashtra,Pune,Cereals,Bajra(Pearl Millet/Cumbu),13-05-2021,1.0,Metric Tonnes,1400.0,Rs./Quintal
Maharashtra,Pune,Cereals,Jowar(Sorghum),13-05-2021,22.0,Metric Tonnes,4950.0,Rs./Quintal
Maharashtra,Pune,Cereals,Maize,13-05-2021,1.0,Metric Tonnes,2000.0,Rs./Quintal
Maharashtra,Pune,Cereals,Wheat,13-05-2021,16.0,Metric Tonnes,3335.94,Rs./Quintal
Maharashtra,Pune,Cereals,Bajra(Pearl Millet/Cumbu),14-05-2021,14.0,Metric Tonnes,2646.43,Rs./Quintal
Maharashtra,Pune,Cereals,Jowar(Sorghum),14-05-2021,21.0,Metric Tonnes,4800.0,Rs./Quintal
Maharashtra,Pune,Cereals,Maize,14-05-2021,1.0,Metric Tonnes,2050.0,Rs./Quintal
Maharashtra,Pune,Cereals,Wheat,14-05-2021,8.0,Metric Tonnes,4550.0,Rs./Quintal
Maharashtra,Pune,Cereals,Bajra(Pearl Millet/Cumbu),16-05-2021,1.0,Metric Tonnes,1500.0,Rs./Quintal
Maharashtra,Pune,Cereals,Jowar(Sorghum),16-05-2021,1.0,Metric Tonnes,1850.0,Rs./Quintal
Maharashtra,Pune,Cereals,Wheat,16-05-2021,13.0,Metric Tonnes,1700.0,Rs./Quintal
Maharashtra,Pune,Cereals,Bajra(Pearl Millet/Cumbu),17-05-2021,13.0,Metric Tonnes,2650.0,Rs./Quintal
Maharashtra,Pune,Cereals,Jowar(Sorghum),17-05-2021,22.0,Metric Tonnes,4950.0,Rs./Quintal
Maharashtra,Pune,Cereals,Maize,17-05-2021,1.0,Metric Tonnes,2150.0,Rs./Quintal
Maharashtra,Pune,Cereals,Wheat,17-05-2021,8.0,Metric Tonnes,4700.0,Rs./Quintal
Maharashtra,Pune,Cereals,Bajra(Pearl Millet/Cumbu),18-05-2021,15.0,Metric Tonnes,2560.0,Rs./Quintal
Maharashtra,Pune,Cereals,Jowar(Sorghum),18-05-2021,22.0,Metric Tonnes,4850.0,Rs./Quintal
Maharashtra,Pune,Cereals,Maize,18-05-2021,8.0,Metric Tonnes,1668.75,Rs./Quintal
Maharashtra,Pune,Cereals,Wheat,18-05-2021,9.0,Metric Tonnes,4347.22,Rs./Quintal
Maharashtra,Pune,Cereals,Bajra(Pearl Millet/Cumbu),19-05-2021,13.0,Metric Tonnes,2650.0,Rs./Quintal
Maharashtra,Pune,Cereals,Jowar(Sorghum),19-05-2021,22.0,Metric Tonnes,4850.0,Rs./Quintal
Maharashtra,Pune,Cereals,Maize,19-05-2021,69.0,Metric Tonnes,1668.09,Rs./Quintal
Maharashtra,Pune,Cereals,Wheat,19-05-2021,8.0,Metric Tonnes,4700.0,Rs./Quintal
Maharashtra,Pune,Cereals,Bajra(Pearl Millet/Cumbu),20-05-2021,14.0,Metric Tonnes,2575.0,Rs./Quintal
Maharashtra,Pune,Cereals,Jowar(Sorghum),20-05-2021,76.0,Metric Tonnes,3009.21,Rs./Quintal
Maharashtra,Pune,Cereals,Maize,20-05-2021,22.0,Metric Tonnes,1606.16,Rs./Quintal
Maharashtra,Pune,Cereals,Wheat,20-05-2021,49.0,Metric Tonnes,2265.05,Rs./Quintal
Maharashtra,Pune,Cereals,Bajra(Pearl Millet/Cumbu),21-05-2021,14.0,Metric Tonnes,2514.29,Rs./Quintal
Maharashtra,Pune,Cereals,Jowar(Sorghum),21-05-2021,21.0,Metric Tonnes,4800.0,Rs./Quintal
Maharashtra,Pune,Cereals,Maize,21-05-2021,40.0,Metric Tonnes,1678.7,Rs./Quintal
Maharashtra,Pune,Cereals,Wheat,21-05-2021,8.0,Metric Tonnes,4500.0,Rs./Quintal
Maharashtra,Pune,Cereals,Jowar(Sorghum),23-05-2021,2.0,Metric Tonnes,1900.0,Rs./Quintal
Maharashtra,Pune,Cereals,Wheat,23-05-2021,26.0,Metric Tonnes,1800.0,Rs./Quintal
Maharashtra,Pune,Cereals,Bajra(Pearl Millet/Cumbu),24-05-2021,13.0,Metric Tonnes,2600.0,Rs./Quintal
Maharashtra,Pune,Cereals,Jowar(Sorghum),24-05-2021,22.0,Metric Tonnes,4950.0,Rs./Quintal
Maharashtra,Pune,Cereals,Maize,24-05-2021,54.0,Metric Tonnes,1823.16,Rs./Quintal
Maharashtra,Pune,Cereals,Wheat,24-05-2021,107.0,Metric Tonnes,2094.95,Rs./Quintal
Maharashtra,Pune,Cereals,Bajra(Pearl Millet/Cumbu),25-05-2021,13.0,Metric Tonnes,2600.0,Rs./Quintal
Maharashtra,Pune,Cereals,Jowar(Sorghum),25-05-2021,21.0,Metric Tonnes,4800.0,Rs./Quintal
Maharashtra,Pune,Cereals,Maize,25-05-2021,1.0,Metric Tonnes,2150.0,Rs./Quintal
Maharashtra,Pune,Cereals,Wheat,25-05-2021,8.0,Metric Tonnes,4650.0,Rs./Quintal
Maharashtra,Pune,Cereals,Bajra(Pearl Millet/Cumbu),26-05-2021,13.0,Metric Tonnes,2600.0,Rs./Quintal
Maharashtra,Pune,Cereals,Jowar(Sorghum),26-05-2021,22.0,Metric Tonnes,4800.0,Rs./Quintal
Maharashtra,Pune,Cereals,Maize,26-05-2021,59.0,Metric Tonnes,1683.05,Rs./Quintal
Maharashtra,Pune,Cereals,Wheat,26-05-2021,12.0,Metric Tonnes,3931.25,Rs./Quintal
Maharashtra,Pune,Cereals,Bajra(Pearl Millet/Cumbu),27-05-2021,17.0,Metric Tonnes,2377.29,Rs./Quintal
Maharashtra,Pune,Cereals,Jowar(Sorghum),27-05-2021,53.0,Metric Tonnes,3379.25,Rs./Quintal
Maharashtra,Pune,Cereals,Maize,27-05-2021,108.0,Metric Tonnes,1717.63,Rs./Quintal
Maharashtra,Pune,Cereals,Wheat,27-05-2021,107.0,Metric Tonnes,2080.37,Rs./Quintal
Maharashtra,Pune,Cereals,Bajra(Pearl Millet/Cumbu),28-05-2021,13.0,Metric Tonnes,2550.0,Rs./Quintal
Maharashtra,Pune,Cereals,Jowar(Sorghum),28-05-2021,22.0,Metric Tonnes,4700.0,Rs./Quintal
Maharashtra,Pune,Cereals,Maize,28-05-2021,46.0,Metric Tonnes,1685.33,Rs./Quintal
Maharashtra,Pune,Cereals,Wheat,28-05-2021,9.0,Metric Tonnes,4650.0,Rs./Quintal
Maharashtra,Pune,Cereals,Bajra(Pearl Millet/Cumbu),30-05-2021,1.0,Metric Tonnes,1600.0,Rs./Quintal
Maharashtra,Pune,Cereals,Jowar(Sorghum),30-05-2021,4.0,Metric Tonnes,1875.0,Rs./Quintal
Maharashtra,Pune,Cereals,Wheat,30-05-2021,18.0,Metric Tonnes,1750.0,Rs./Quintal
Maharashtra,Pune,Cereals,Bajra(Pearl Millet/Cumbu),31-05-2021,15.0,Metric Tonnes,2396.67,Rs./Quintal
Maharashtra,Pune,Cereals,Jowar(Sorghum),31-05-2021,22.0,Metric Tonnes,4850.0,Rs./Quintal
Maharashtra,Pune,Cereals,Maize,31-05-2021,24.0,Metric Tonnes,1690.0,Rs./Quintal
Maharashtra,Pune,Cereals,Wheat,31-05-2021,81.0,Metric Tonnes,2116.05,Rs./Quintal
Maharashtra,Pune,Cereals,Bajra(Pearl Millet/Cumbu),01-06-2021,13.0,Metric Tonnes,2550.0,Rs./Quintal
Maharashtra,Pune,Cereals,Jowar(Sorghum),01-06-2021,22.0,Metric Tonnes,4800.0,Rs./Quintal
Maharashtra,Pune,Cereals,Maize,01-06-2021,1.0,Metric Tonnes,2150.0,Rs./Quintal
Maharashtra,Pune,Cereals,Wheat,01-06-2021,9.0,Metric Tonnes,4550.0,Rs./Quintal
Maharashtra,Pune,Cereals,Bajra(Pearl Millet/Cumbu),02-06-2021,13.0,Metric Tonnes,2550.0,Rs./Quintal
Maharashtra,Pune,Cereals,Jowar(Sorghum),02-06-2021,22.0,Metric Tonnes,4700.0,Rs./Quintal
Maharashtra,Pune,Cereals,Maize,02-06-2021,1.0,Metric Tonnes,2150.0,Rs./Quintal
Maharashtra,Pune,Cereals,Wheat,02-06-2021,10.0,Metric Tonnes,4269.1,Rs./Quintal
Maharashtra,Pune,Cereals,Bajra(Pearl Millet/Cumbu),03-06-2021,17.0,Metric Tonnes,2291.18,Rs./Quintal
Maharashtra,Pune,Cereals,Jowar(Sorghum),03-06-2021,1.0,Metric Tonnes,1500.0,Rs./Quintal
Maharashtra,Pune,Cereals,Maize,03-06-2021,18.0,Metric Tonnes,1690.0,Rs./Quintal
Maharashtra,Pune,Cereals,Wheat,03-06-2021,86.0,Metric Tonnes,2137.67,Rs./Quintal
Maharashtra,Pune,Cereals,Bajra(Pearl Millet/Cumbu),04-06-2021,15.0,Metric Tonnes,2396.67,Rs./Quintal
Maharashtra,Pune,Cereals,Jowar(Sorghum),04-06-2021,23.0,Metric Tonnes,4600.0,Rs./Quintal
Maharashtra,Pune,Cereals,Maize,04-06-2021,1.0,Metric Tonnes,2200.0,Rs./Quintal
Maharashtra,Pune,Cereals,Wheat,04-06-2021,9.0,Metric Tonnes,4700.0,Rs./Quintal
Maharashtra,Pune,Cereals,Bajra(Pearl Millet/Cumbu),05-06-2021,13.0,Metric Tonnes,2550.0,Rs./Quintal
Maharashtra,Pune,Cereals,Jowar(Sorghum),05-06-2021,23.0,Metric Tonnes,4600.0,Rs./Quintal
Maharashtra,Pune,Cereals,Maize,05-06-2021,1.0,Metric Tonnes,2250.0,Rs./Quintal
Maharashtra,Pune,Cereals,Wheat,05-06-2021,9.0,Metric Tonnes,4600.0,Rs./Quintal
Maharashtra,Pune,Cereals,Bajra(Pearl Millet/Cumbu),06-06-2021,3.0,Metric Tonnes,1341.67,Rs./Quintal
Maharashtra,Pune,Cereals,Jowar(Sorghum),06-06-2021,1.0,Metric Tonnes,1875.0,Rs./Quintal
Maharashtra,Pune,Cereals,Wheat,06-06-2021,7.0,Metric Tonnes,1700.0,Rs./Quintal
Maharashtra,Pune,Cereals,Bajra(Pearl Millet/Cumbu),07-06-2021,18.0,Metric Tonnes,2283.33,Rs./Quintal
Maharashtra,Pune,Cereals,Jowar(Sorghum),07-06-2021,23.0,Metric Tonnes,4650.0,Rs./Quintal
Maharashtra,Pune,Cereals,Maize,07-06-2021,29.0,Metric Tonnes,1748.62,Rs./Quintal
Maharashtra,Pune,Cereals,Wheat,07-06-2021,75.0,Metric Tonnes,2076.8,Rs./Quintal
Maharashtra,Pune,Cereals,Bajra(Pearl Millet/Cumbu),08-06-2021,15.0,Metric Tonnes,2480.0,Rs./Quintal
Maharashtra,Pune,Cereals,Jowar(Sorghum),08-06-2021,23.0,Metric Tonnes,4650.0,Rs./Quintal
Maharashtra,Pune,Cereals,Maize,08-06-2021,1.0,Metric Tonnes,2200.0,Rs./Quintal
Maharashtra,Pune,Cereals,Wheat,08-06-2021,10.0,Metric Tonnes,4110.0,Rs./Quintal
Maharashtra,Pune,Cereals,Bajra(Pearl Millet/Cumbu),09-06-2021,16.0,Metric Tonnes,2568.75,Rs./Quintal
Maharashtra,Pune,Cereals,Jowar(Sorghum),09-06-2021,22.0,Metric Tonnes,4650.0,Rs./Quintal
Maharashtra,Pune,Cereals,Maize,09-06-2021,27.0,Metric Tonnes,1709.85,Rs./Quintal
Maharashtra,Pune,Cereals,Wheat,09-06-2021,9.0,Metric Tonnes,4600.0,Rs./Quintal
Maharashtra,Pune,Cereals,Bajra(Pearl Millet/Cumbu),10-06-2021,16.0,Metric Tonnes,2490.63,Rs./Quintal
Maharashtra,Pune,Cereals,Jowar(Sorghum),10-06-2021,50.0,Metric Tonnes,3054.0,Rs./Quintal
Maharashtra,Pune,Cereals,Maize,10-06-2021,86.0,Metric Tonnes,1721.51,Rs./Quintal
Maharashtra,Pune,Cereals,Wheat,10-06-2021,98.0,Metric Tonnes,2064.59,Rs./Quintal
Maharashtra,Pune,Cereals,Bajra(Pearl Millet/Cumbu),11-06-2021,16.0,Metric Tonnes,2493.75,Rs./Quintal
Maharashtra,Pune,Cereals,Jowar(Sorghum),11-06-2021,24.0,Metric Tonnes,4527.08,Rs./Quintal
Maharashtra,Pune,Cereals,Maize,11-06-2021,1.0,Metric Tonnes,1600.0,Rs./Quintal
Maharashtra,Pune,Cereals,Wheat,11-06-2021,10.0,Metric Tonnes,4245.0,Rs./Quintal
Maharashtra,Pune,Cereals,Bajra(Pearl Millet/Cumbu),12-06-2021,14.0,Metric Tonnes,2557.14,Rs./Quintal
Maharashtra,Pune,Cereals,Jowar(Sorghum),12-06-2021,22.0,Metric Tonnes,4650.0,Rs./Quintal
Maharashtra,Pune,Cereals,Maize,12-06-2021,1.0,Metric Tonnes,2250.0,Rs./Quintal
Maharashtra,Pune,Cereals,Wheat,12-06-2021,9.0,Metric Tonnes,4550.0,Rs./Quintal
Maharashtra,Pune,Cereals,Bajra(Pearl Millet/Cumbu),13-06-2021,16.0,Metric Tonnes,1400.0,Rs./Quintal
Maharashtra,Pune,Cereals,Jowar(Sorghum),13-06-2021,14.0,Metric Tonnes,2100.0,Rs./Quintal
Maharashtra,Pune,Cereals,Maize,13-06-2021,32.0,Metric Tonnes,1760.97,Rs./Quintal
Maharashtra,Pune,Cereals,Wheat,13-06-2021,58.0,Metric Tonnes,1768.97,Rs./Quintal
Maharashtra,Pune,Cereals,Bajra(Pearl Millet/Cumbu),14-06-2021,16.0,Metric Tonnes,2346.88,Rs./Quintal
Maharashtra,Pune,Cereals,Jowar(Sorghum),14-06-2021,92.0,Metric Tonnes,2775.75,Rs./Quintal
Maharashtra,Pune,Cereals,Maize,14-06-2021,72.0,Metric Tonnes,1747.68,Rs./Quintal
Maharashtra,Pune,Cereals,Wheat,14-06-2021,93.0,Metric Tonnes,2018.67,Rs./Quintal
Maharashtra,Pune,Cereals,Bajra(Pearl Millet/Cumbu),15-06-2021,15.0,Metric Tonnes,2346.67,Rs./Quintal
Maharashtra,Pune,Cereals,Jowar(Sorghum),15-06-2021,23.0,Metric Tonnes,4800.0,Rs./Quintal
Maharashtra,Pune,Cereals,Maize,15-06-2021,1.0,Metric Tonnes,1600.0,Rs./Quintal
Maharashtra,Pune,Cereals,Wheat,15-06-2021,10.0,Metric Tonnes,4217.5,Rs./Quintal
Maharashtra,Pune,Cereals,Bajra(Pearl Millet/Cumbu),16-06-2021,14.0,Metric Tonnes,2650.0,Rs./Quintal
Maharashtra,Pune,Cereals,Jowar(Sorghum),16-06-2021,23.0,Metric Tonnes,4750.0,Rs./Quintal
Maharashtra,Pune,Cereals,Maize,16-06-2021,1.0,Metric Tonnes,2250.0,Rs./Quintal
Maharashtra,Pune,Cereals,Wheat,16-06-2021,9.0,Metric Tonnes,4600.0,Rs./Quintal
Maharashtra,Pune,Cereals,Bajra(Pearl Millet/Cumbu),17-06-2021,16.0,Metric Tonnes,2493.75,Rs./Quintal
Maharashtra,Pune,Cereals,Jowar(Sorghum),17-06-2021,24.0,Metric Tonnes,4483.33,Rs./Quintal
Maharashtra,Pune,Cereals,Maize,17-06-2021,24.0,Metric Tonnes,1815.5,Rs./Quintal
Maharashtra,Pune,Cereals,Wheat,17-06-2021,86.0,Metric Tonnes,2012.79,Rs./Quintal
Maharashtra,Pune,Cereals,Bajra(Pearl Millet/Cumbu),18-06-2021,15.0,Metric Tonnes,2460.0,Rs./Quintal
Maharashtra,Pune,Cereals,Jowar(Sorghum),18-06-2021,24.0,Metric Tonnes,4600.0,Rs./Quintal
Maharashtra,Pune,Cereals,Maize,18-06-2021,1.0,Metric Tonnes,2250.0,Rs./Quintal
Maharashtra,Pune,Cereals,Wheat,18-06-2021,10.0,Metric Tonnes,4180.0,Rs./Quintal
Maharashtra,Pune,Cereals,Bajra(Pearl Millet/Cumbu),19-06-2021,16.0,Metric Tonnes,2425.0,Rs./Quintal
Maharashtra,Pune,Cereals,Jowar(Sorghum),19-06-2021,24.0,Metric Tonnes,4237.5,Rs./Quintal
Maharashtra,Pune,Cereals,Maize,19-06-2021,1.0,Metric Tonnes,1750.0,Rs./Quintal
Maharashtra,Pune,Cereals,Wheat,19-06-2021,9.0,Metric Tonnes,4250.0,Rs./Quintal
Maharashtra,Pune,Cereals,Bajra(Pearl Millet/Cumbu),20-06-2021,17.0,Metric Tonnes,1582.35,Rs./Quintal
Maharashtra,Pune,Cereals,Jowar(Sorghum),20-06-2021,16.0,Metric Tonnes,2306.25,Rs./Quintal
Maharashtra,Pune,Cereals,Maize,20-06-2021,25.0,Metric Tonnes,1811.0,Rs./Quintal
Maharashtra,Pune,Cereals,Wheat,20-06-2021,45.0,Metric Tonnes,1791.11,Rs./Quintal
Maharashtra,Pune,Cereals,Bajra(Pearl Millet/Cumbu),21-06-2021,18.0,Metric Tonnes,2333.33,Rs./Quintal
Maharashtra,Pune,Cereals,Jowar(Sorghum),21-06-2021,25.0,Metric Tonnes,4368.0,Rs./Quintal
Maharashtra,Pune,Cereals,Maize,21-06-2021,13.0,Metric Tonnes,1950.0,Rs./Quintal
Maharashtra,Pune,Cereals,Wheat,21-06-2021,76.0,Metric Tonnes,2031.45,Rs./Quintal
Maharashtra,Pune,Cereals,Bajra(Pearl Millet/Cumbu),22-06-2021,15.0,Metric Tonnes,2464.0,Rs./Quintal
Maharashtra,Pune,Cereals,Jowar(Sorghum),22-06-2021,23.0,Metric Tonnes,4800.0,Rs./Quintal
Maharashtra,Pune,Cereals,Wheat,22-06-2021,9.0,Metric Tonnes,4350.0,Rs./Quintal
Maharashtra,Pune,Cereals,Bajra(Pearl Millet/Cumbu),23-06-2021,14.0,Metric Tonnes,2650.0,Rs./Quintal
Maharashtra,Pune,Cereals,Jowar(Sorghum),23-06-2021,23.0,Metric Tonnes,4700.0,Rs./Quintal
Maharashtra,Pune,Cereals,Wheat,23-06-2021,10.0,Metric Tonnes,4250.0,Rs./Quintal
Maharashtra,Pune,Cereals,Bajra(Pearl Millet/Cumbu),24-06-2021,15.0,Metric Tonnes,2550.0,Rs./Quintal
Maharashtra,Pune,Cereals,Jowar(Sorghum),24-06-2021,27.0,Metric Tonnes,4103.7,Rs./Quintal
Maharashtra,Pune,Cereals,Maize,24-06-2021,18.0,Metric Tonnes,1906.0,Rs./Quintal
Maharashtra,Pune,Cereals,Wheat,24-06-2021,116.0,Metric Tonnes,1996.12,Rs./Quintal
Maharashtra,Pune,Cereals,Bajra(Pearl Millet/Cumbu),25-06-2021,15.0,Metric Tonnes,2566.67,Rs./Quintal
Maharashtra,Pune,Cereals,Jowar(Sorghum),25-06-2021,23.0,Metric Tonnes,4700.0,Rs./Quintal
Maharashtra,Pune,Cereals,Maize,25-06-2021,2.0,Metric Tonnes,1750.0,Rs./Quintal
Maharashtra,Pune,Cereals,Wheat,25-06-2021,146.0,Metric Tonnes,2641.78,Rs./Quintal
Maharashtra,Pune,Cereals,Bajra(Pearl Millet/Cumbu),26-06-2021,15.0,Metric Tonnes,2566.67,Rs./Quintal
Maharashtra,Pune,Cereals,Jowar(Sorghum),26-06-2021,24.0,Metric Tonnes,4700.0,Rs./Quintal
Maharashtra,Pune,Cereals,Wheat,26-06-2021,11.0,Metric Tonnes,3668.18,Rs./Quintal
Maharashtra,Pune,Cereals,Bajra(Pearl Millet/Cumbu),27-06-2021,2.0,Metric Tonnes,1375.0,Rs./Quintal
Maharashtra,Pune,Cereals,Jowar(Sorghum),27-06-2021,2.0,Metric Tonnes,1800.0,Rs./Quintal
Maharashtra,Pune,Cereals,Wheat,27-06-2021,23.0,Metric Tonnes,1670.0,Rs./Quintal
Maharashtra,Pune,Cereals,Bajra(Pearl Millet/Cumbu),28-06-2021,24.0,Metric Tonnes,2146.25,Rs./Quintal
Maharashtra,Pune,Cereals,Jowar(Sorghum),28-06-2021,25.0,Metric Tonnes,4524.0,Rs./Quintal
Maharashtra,Pune,Cereals,Maize,28-06-2021,26.0,Metric Tonnes,1933.17,Rs./Quintal
Maharashtra,Pune,Cereals,Wheat,28-06-2021,218.0,Metric Tonnes,2322.94,Rs./Quintal
Maharashtra,Pune,Cereals,Bajra(Pearl Millet/Cumbu),29-06-2021,15.0,Metric Tonnes,2520.0,Rs./Quintal
Maharashtra,Pune,Cereals,Jowar(Sorghum),29-06-2021,25.0,Metric Tonnes,4512.0,Rs./Quintal
Maharashtra,Pune,Cereals,Wheat,29-06-2021,9.0,Metric Tonnes,4350.0,Rs./Quintal
Maharashtra,Pune,Cereals,Bajra(Pearl Millet/Cumbu),30-06-2021,13.0,Metric Tonnes,2550.0,Rs./Quintal
Maharashtra,Pune,Cereals,Jowar(Sorghum),30-06-2021,24.0,Metric Tonnes,4450.0,Rs./Quintal
Maharashtra,Pune,Cereals,Wheat,30-06-2021,9.0,Metric Tonnes,4550.0,Rs./Quintal
Maharashtra,Pune,Cereals,Bajra(Pearl Millet/Cumbu),01-07-2021,14.0,Metric Tonnes,2550.0,Rs./Quintal
Maharashtra,Pune,Cereals,Jowar(Sorghum),01-07-2021,24.0,Metric Tonnes,4650.0,Rs./Quintal
Maharashtra,Pune,Cereals,Maize,01-07-2021,23.0,Metric Tonnes,1855.5,Rs./Quintal
Maharashtra,Pune,Cereals,Wheat,01-07-2021,104.0,Metric Tonnes,1975.0,Rs./Quintal
Maharashtra,Pune,Cereals,Bajra(Pearl Millet/Cumbu),02-07-2021,15.0,Metric Tonnes,2360.0,Rs./Quintal
Maharashtra,Pune,Cereals,Jowar(Sorghum),02-07-2021,25.0,Metric Tonnes,4650.0,Rs./Quintal
Maharashtra,Pune,Cereals,Maize,02-07-2021,1.0,Metric Tonnes,1700.0,Rs./Quintal
Maharashtra,Pune,Cereals,Wheat,02-07-2021,11.0,Metric Tonnes,3677.27,Rs./Quintal
Maharashtra,Pune,Cereals,Bajra(Pearl Millet/Cumbu),03-07-2021,13.0,Metric Tonnes,2400.0,Rs./Quintal
Maharashtra,Pune,Cereals,Jowar(Sorghum),03-07-2021,24.0,Metric Tonnes,4700.0,Rs./Quintal
Maharashtra,Pune,Cereals,Wheat,03-07-2021,10.0,Metric Tonnes,3795.0,Rs./Quintal
Maharashtra,Pune,Cereals,Bajra(Pearl Millet/Cumbu),04-07-2021,2.0,Metric Tonnes,1450.0,Rs./Quintal
Maharashtra,Pune,Cereals,Jowar(Sorghum),04-07-2021,1.0,Metric Tonnes,1650.0,Rs./Quintal
Maharashtra,Pune,Cereals,Wheat,04-07-2021,10.0,Metric Tonnes,1635.0,Rs./Quintal
Maharashtra,Pune,Cereals,Bajra(Pearl Millet/Cumbu),05-07-2021,15.0,Metric Tonnes,2260.0,Rs./Quintal
Maharashtra,Pune,Cereals,Jowar(Sorghum),05-07-2021,24.0,Metric Tonnes,4750.0,Rs./Quintal
Maharashtra,Pune,Cereals,Maize,05-07-2021,29.0,Metric Tonnes,1815.5,Rs./Quintal
Maharashtra,Pune,Cereals,Wheat,05-07-2021,99.0,Metric Tonnes,1974.55,Rs./Quintal
Maharashtra,Pune,Cereals,Bajra(Pearl Millet/Cumbu),06-07-2021,15.0,Metric Tonnes,2420.73,Rs./Quintal
Maharashtra,Pune,Cereals,Jowar(Sorghum),06-07-2021,25.0,Metric Tonnes,4632.0,Rs./Quintal
Maharashtra,Pune,Cereals,Maize,06-07-2021,1.0,Metric Tonnes,1500.0,Rs./Quintal
Maharashtra,Pune,Cereals,Wheat,06-07-2021,9.0,Metric Tonnes,4200.0,Rs./Quintal
Maharashtra,Pune,Cereals,Bajra(Pearl Millet/Cumbu),07-07-2021,13.0,Metric Tonnes,2650.0,Rs./Quintal
Maharashtra,Pune,Cereals,Jowar(Sorghum),07-07-2021,25.0,Metric Tonnes,4550.0,Rs./Quintal
Maharashtra,Pune,Cereals,Wheat,07-07-2021,9.0,Metric Tonnes,4300.0,Rs./Quintal
Maharashtra,Pune,Cereals,Bajra(Pearl Millet/Cumbu),08-07-2021,16.0,Metric Tonnes,2422.19,Rs./Quintal
Maharashtra,Pune,Cereals,Jowar(Sorghum),08-07-2021,28.0,Metric Tonnes,4229.14,Rs./Quintal
Maharashtra,Pune,Cereals,Maize,08-07-2021,23.0,Metric Tonnes,1855.5,Rs./Quintal
Maharashtra,Pune,Cereals,Wheat,08-07-2021,101.0,Metric Tonnes,1993.81,Rs./Quintal
Maharashtra,Pune,Cereals,Bajra(Pearl Millet/Cumbu),09-07-2021,14.0,Metric Tonnes,2514.29,Rs./Quintal
Maharashtra,Pune,Cereals,Jowar(Sorghum),09-07-2021,26.0,Metric Tonnes,4196.15,Rs./Quintal
Maharashtra,Pune,Cereals,Wheat,09-07-2021,9.0,Metric Tonnes,4400.0,Rs./Quintal
Maharashtra,Pune,Cereals,Bajra(Pearl Millet/Cumbu),10-07-2021,15.0,Metric Tonnes,2433.33,Rs./Quintal
Maharashtra,Pune,Cereals,Jowar(Sorghum),10-07-2021,25.0,Metric Tonnes,4300.0,Rs./Quintal
Maharashtra,Pune,Cereals,Wheat,10-07-2021,11.0,Metric Tonnes,3872.73,Rs./Quintal
Maharashtra,Pune,Cereals,Bajra(Pearl Millet/Cumbu),11-07-2021,1.0,Metric Tonnes,1600.0,Rs./Quintal
Maharashtra,Pune,Cereals,Jowar(Sorghum),11-07-2021,4.0,Metric Tonnes,1550.0,Rs./Quintal
Maharashtra,Pune,Cereals,Wheat,11-07-2021,12.0,Metric Tonnes,1660.0,Rs./Quintal
Maharashtra,Pune,Cereals,Bajra(Pearl Millet/Cumbu),12-07-2021,14.0,Metric Tonnes,2467.86,Rs./Quintal
Maharashtra,Pune,Cereals,Jowar(Sorghum),12-07-2021,25.0,Metric Tonnes,4500.0,Rs./Quintal
Maharashtra,Pune,Cereals,Maize,12-07-2021,8.0,Metric Tonnes,1843.0,Rs./Quintal
Maharashtra,Pune,Cereals,Wheat,12-07-2021,85.0,Metric Tonnes,2041.18,Rs./Quintal
Maharashtra,Pune,Cereals,Bajra(Pearl Millet/Cumbu),13-07-2021,15.0,Metric Tonnes,2473.33,Rs./Quintal
Maharashtra,Pune,Cereals,Jowar(Sorghum),13-07-2021,26.0,Metric Tonnes,4380.77,Rs./Quintal
Maharashtra,Pune,Cereals,Wheat,13-07-2021,10.0,Metric Tonnes,4065.0,Rs./Quintal
Maharashtra,Pune,Cereals,Bajra(Pearl Millet/Cumbu),14-07-2021,14.0,Metric Tonnes,2500.0,Rs./Quintal
Maharashtra,Pune,Cereals,Jowar(Sorghum),14-07-2021,25.0,Metric Tonnes,4650.0,Rs./Quintal
Maharashtra,Pune,Cereals,Maize,14-07-2021,1.0,Metric Tonnes,2250.0,Rs./Quintal
Maharashtra,Pune,Cereals,Wheat,14-07-2021,9.0,Metric Tonnes,4200.0,Rs./Quintal
Maharashtra,Pune,Cereals,Bajra(Pearl Millet/Cumbu),15-07-2021,19.0,Metric Tonnes,2394.74,Rs./Quintal
Maharashtra,Pune,Cereals,Jowar(Sorghum),15-07-2021,27.0,Metric Tonnes,4290.74,Rs./Quintal
Maharashtra,Pune,Cereals,Maize,15-07-2021,15.0,Metric Tonnes,1931.6,Rs./Quintal
Maharashtra,Pune,Cereals,Wheat,15-07-2021,77.0,Metric Tonnes,2026.3,Rs./Quintal
Maharashtra,Pune,Cereals,Bajra(Pearl Millet/Cumbu),16-07-2021,2.0,Metric Tonnes,1300.0,Rs./Quintal
Maharashtra,Pune,Cereals,Bajra(Pearl Millet/Cumbu),17-07-2021,15.0,Metric Tonnes,2613.33,Rs./Quintal
Maharashtra,Pune,Cereals,Jowar(Sorghum),17-07-2021,25.0,Metric Tonnes,4450.0,Rs./Quintal
Maharashtra,Pune,Cereals,Maize,17-07-2021,1.0,Metric Tonnes,2350.0,Rs./Quintal
Maharashtra,Pune,Cereals,Wheat,17-07-2021,9.0,Metric Tonnes,4400.0,Rs./Quintal
Maharashtra,Pune,Cereals,Bajra(Pearl Millet/Cumbu),18-07-2021,1.0,Metric Tonnes,1800.0,Rs./Quintal
Maharashtra,Pune,Cereals,Jowar(Sorghum),18-07-2021,2.0,Metric Tonnes,1700.0,Rs./Quintal
Maharashtra,Pune,Cereals,Maize,18-07-2021,11.0,Metric Tonnes,1951.0,Rs./Quintal
Maharashtra,Pune,Cereals,Wheat,18-07-2021,19.0,Metric Tonnes,1700.0,Rs./Quintal
Maharashtra,Pune,Cereals,Bajra(Pearl Millet/Cumbu),19-07-2021,14.0,Metric Tonnes,2500.0,Rs./Quintal
Maharashtra,Pune,Cereals,Jowar(Sorghum),19-07-2021,25.0,Metric Tonnes,4650.0,Rs./Quintal
Maharashtra,Pune,Cereals,Maize,19-07-2021,36.0,Metric Tonnes,1662.5,Rs./Quintal
Maharashtra,Pune,Cereals,Wheat,19-07-2021,83.0,Metric Tonnes,2073.07,Rs./Quintal
Maharashtra,Pune,Cereals,Bajra(Pearl Millet/Cumbu),20-07-2021,14.0,Metric Tonnes,2600.0,Rs./Quintal
Maharashtra,Pune,Cereals,Jowar(Sorghum),20-07-2021,25.0,Metric Tonnes,4450.0,Rs./Quintal
Maharashtra,Pune,Cereals,Maize,20-07-2021,1.0,Metric Tonnes,2250.0,Rs./Quintal
Maharashtra,Pune,Cereals,Wheat,20-07-2021,9.0,Metric Tonnes,4550.0,Rs./Quintal
Maharashtra,Pune,Cereals,Bajra(Pearl Millet/Cumbu),21-07-2021,14.0,Metric Tonnes,2600.0,Rs./Quintal
Maharashtra,Pune,Cereals,Jowar(Sorghum),21-07-2021,25.0,Metric Tonnes,4450.0,Rs./Quintal
Maharashtra,Pune,Cereals,Wheat,21-07-2021,9.0,Metric Tonnes,4550.0,Rs./Quintal
Maharashtra,Pune,Cereals,Bajra(Pearl Millet/Cumbu),22-07-2021,17.0,Metric Tonnes,2382.35,Rs./Quintal
Maharashtra,Pune,Cereals,Jowar(Sorghum),22-07-2021,26.0,Metric Tonnes,4650.0,Rs./Quintal
Maharashtra,Pune,Cereals,Maize,22-07-2021,8.0,Metric Tonnes,1624.0,Rs./Quintal
Maharashtra,Pune,Cereals,Wheat,22-07-2021,75.0,Metric Tonnes,2055.33,Rs./Quintal
Maharashtra,Pune,Cereals,Bajra(Pearl Millet/Cumbu),23-07-2021,15.0,Metric Tonnes,2428.33,Rs./Quintal
Maharashtra,Pune,Cereals,Jowar(Sorghum),23-07-2021,25.0,Metric Tonnes,4450.0,Rs./Quintal
Maharashtra,Pune,Cereals,Maize,23-07-2021,1.0,Metric Tonnes,2300.0,Rs./Quintal
Maharashtra,Pune,Cereals,Wheat,23-07-2021,10.0,Metric Tonnes,4212.5,Rs./Quintal
Maharashtra,Pune,Cereals,Bajra(Pearl Millet/Cumbu),24-07-2021,15.0,Metric Tonnes,2426.67,Rs./Quintal
Maharashtra,Pune,Cereals,Jowar(Sorghum),24-07-2021,25.0,Metric Tonnes,4450.0,Rs./Quintal
Maharashtra,Pune,Cereals,Wheat,24-07-2021,10.0,Metric Tonnes,4500.0,Rs./Quintal
Maharashtra,Pune,Cereals,Bajra(Pearl Millet/Cumbu),25-07-2021,5.0,Metric Tonnes,1540.0,Rs./Quintal
Maharashtra,Pune,Cereals,Jowar(Sorghum),25-07-2021,2.0,Metric Tonnes,1475.0,Rs./Quintal
Maharashtra,Pune,Cereals,Maize,25-07-2021,10.0,Metric Tonnes,1940.0,Rs./Quintal
Maharashtra,Pune,Cereals,Wheat,25-07-2021,19.0,Metric Tonnes,1694.74,Rs./Quintal
Maharashtra,Pune,Cereals,Bajra(Pearl Millet/Cumbu),26-07-2021,18.0,Metric Tonnes,2375.0,Rs./Quintal
Maharashtra,Pune,Cereals,Jowar(Sorghum),26-07-2021,26.0,Metric Tonnes,4300.0,Rs./Quintal
Maharashtra,Pune,Cereals,Maize,26-07-2021,9.0,Metric Tonnes,1853.0,Rs./Quintal
Maharashtra,Pune,Cereals,Wheat,26-07-2021,90.0,Metric Tonnes,2065.56,Rs./Quintal
Maharashtra,Pune,Cereals,Bajra(Pearl Millet/Cumbu),27-07-2021,16.0,Metric Tonnes,2418.75,Rs./Quintal
Maharashtra,Pune,Cereals,Jowar(Sorghum),27-07-2021,25.0,Metric Tonnes,4300.0,Rs./Quintal
Maharashtra,Pune,Cereals,Wheat,27-07-2021,10.0,Metric Tonnes,4700.0,Rs./Quintal
Maharashtra,Pune,Cereals,Bajra(Pearl Millet/Cumbu),28-07-2021,14.0,Metric Tonnes,2600.0,Rs./Quintal
Maharashtra,Pune,Cereals,Jowar(Sorghum),28-07-2021,26.0,Metric Tonnes,4500.0,Rs./Quintal
Maharashtra,Pune,Cereals,Wheat,28-07-2021,9.0,Metric Tonnes,4550.0,Rs./Quintal
Maharashtra,Pune,Cereals,Bajra(Pearl Millet/Cumbu),29-07-2021,22.0,Metric Tonnes,2200.0,Rs./Quintal
Maharashtra,Pune,Cereals,Jowar(Sorghum),29-07-2021,26.0,Metric Tonnes,4300.0,Rs./Quintal
Maharashtra,Pune,Cereals,Maize,29-07-2021,7.0,Metric Tonnes,1933.29,Rs./Quintal
Maharashtra,Pune,Cereals,Wheat,29-07-2021,114.0,Metric Tonnes,1989.82,Rs./Quintal
Maharashtra,Pune,Cereals,Bajra(Pearl Millet/Cumbu),30-07-2021,19.0,Metric Tonnes,2286.84,Rs./Quintal
Maharashtra,Pune,Cereals,Jowar(Sorghum),30-07-2021,27.0,Metric Tonnes,4000.0,Rs./Quintal
Maharashtra,Pune,Cereals,Wheat,30-07-2021,10.0,Metric Tonnes,3980.0,Rs./Quintal
Maharashtra,Pune,Cereals,Bajra(Pearl Millet/Cumbu),31-07-2021,16.0,Metric Tonnes,2490.63,Rs./Quintal
Maharashtra,Pune,Cereals,Jowar(Sorghum),31-07-2021,26.0,Metric Tonnes,4300.0,Rs./Quintal
Maharashtra,Pune,Cereals,Wheat,31-07-2021,9.0,Metric Tonnes,4450.0,Rs./Quintal
Maharashtra,Pune,Cereals,Bajra(Pearl Millet/Cumbu),01-08-2021,2.0,Metric Tonnes,1600.0,Rs./Quintal
Maharashtra,Pune,Cereals,Jowar(Sorghum),01-08-2021,1.0,Metric Tonnes,1425.0,Rs./Quintal
Maharashtra,Pune,Cereals,Wheat,01-08-2021,11.0,Metric Tonnes,1681.82,Rs./Quintal
Maharashtra,Pune,Cereals,Bajra(Pearl Millet/Cumbu),02-08-2021,21.0,Metric Tonnes,2250.0,Rs./Quintal
Maharashtra,Pune,Cereals,Jowar(Sorghum),02-08-2021,28.0,Metric Tonnes,4392.86,Rs./Quintal
Maharashtra,Pune,Cereals,Maize,02-08-2021,3.0,Metric Tonnes,1915.0,Rs./Quintal
Maharashtra,Pune,Cereals,Wheat,02-08-2021,82.0,Metric Tonnes,2057.62,Rs./Quintal
Maharashtra,Pune,Cereals,Bajra(Pearl Millet/Cumbu),03-08-2021,19.0,Metric Tonnes,2268.42,Rs./Quintal
Maharashtra,Pune,Cereals,Jowar(Sorghum),03-08-2021,27.0,Metric Tonnes,4300.0,Rs./Quintal
Maharashtra,Pune,Cereals,Maize,03-08-2021,2.0,Metric Tonnes,2075.0,Rs./Quintal
Maharashtra,Pune,Cereals,Wheat,03-08-2021,9.0,Metric Tonnes,4400.0,Rs./Quintal
Maharashtra,Pune,Cereals,Bajra(Pearl Millet/Cumbu),04-08-2021,15.0,Metric Tonnes,2550.0,Rs./Quintal
Maharashtra,Pune,Cereals,Jowar(Sorghum),04-08-2021,27.0,Metric Tonnes,4200.0,Rs./Quintal
Maharashtra,Pune,Cereals,Wheat,04-08-2021,9.0,Metric Tonnes,4350.0,Rs./Quintal
Maharashtra,Pune,Cereals,Bajra(Pearl Millet/Cumbu),05-08-2021,3.0,Metric Tonnes,1500.0,Rs./Quintal
Maharashtra,Pune,Cereals,Jowar(Sorghum),05-08-2021,1.0,Metric Tonnes,1600.0,Rs./Quintal
Maharashtra,Pune,Cereals,Maize,05-08-2021,7.0,Metric Tonnes,1939.29,Rs./Quintal
Maharashtra,Pune,Cereals,Wheat,05-08-2021,88.0,Metric Tonnes,1772.37,Rs./Quintal
Maharashtra,Pune,Cereals,Bajra(Pearl Millet/Cumbu),06-08-2021,17.0,Metric Tonnes,2438.24,Rs./Quintal
Maharashtra,Pune,Cereals,Jowar(Sorghum),06-08-2021,27.0,Metric Tonnes,4050.0,Rs./Quintal
Maharashtra,Pune,Cereals,Wheat,06-08-2021,12.0,Metric Tonnes,3804.17,Rs./Quintal
Maharashtra,Pune,Cereals,Bajra(Pearl Millet/Cumbu),07-08-2021,16.0,Metric Tonnes,2487.5,Rs./Quintal
Maharashtra,Pune,Cereals,Jowar(Sorghum),07-08-2021,28.0,Metric Tonnes,3951.79,Rs./Quintal
Maharashtra,Pune,Cereals,Wheat,07-08-2021,12.0,Metric Tonnes,3808.33,Rs./Quintal
Maharashtra,Pune,Cereals,Bajra(Pearl Millet/Cumbu),08-08-2021,5.0,Metric Tonnes,1550.0,Rs./Quintal
Maharashtra,Pune,Cereals,Jowar(Sorghum),08-08-2021,2.0,Metric Tonnes,1375.0,Rs./Quintal
Maharashtra,Pune,Cereals,Wheat,08-08-2021,21.0,Metric Tonnes,1695.24,Rs./Quintal
Maharashtra,Pune,Cereals,Bajra(Pearl Millet/Cumbu),09-08-2021,17.0,Metric Tonnes,2429.41,Rs./Quintal
Maharashtra,Pune,Cereals,Jowar(Sorghum),09-08-2021,28.0,Metric Tonnes,4300.0,Rs./Quintal
Maharashtra,Pune,Cereals,Maize,09-08-2021,5.0,Metric Tonnes,2110.0,Rs./Quintal
Maharashtra,Pune,Cereals,Wheat,09-08-2021,70.0,Metric Tonnes,2085.0,Rs./Quintal
Maharashtra,Pune,Cereals,Bajra(Pearl Millet/Cumbu),10-08-2021,19.0,Metric Tonnes,2407.89,Rs./Quintal
Maharashtra,Pune,Cereals,Jowar(Sorghum),10-08-2021,28.0,Metric Tonnes,4100.0,Rs./Quintal
Maharashtra,Pune,Cereals,Wheat,10-08-2021,10.0,Metric Tonnes,4100.0,Rs./Quintal
Maharashtra,Pune,Cereals,Bajra(Pearl Millet/Cumbu),11-08-2021,15.0,Metric Tonnes,2600.0,Rs./Quintal
Maharashtra,Pune,Cereals,Jowar(Sorghum),11-08-2021,28.0,Metric Tonnes,4200.0,Rs./Quintal
Maharashtra,Pune,Cereals,Wheat,11-08-2021,11.0,Metric Tonnes,4000.0,Rs./Quintal
Maharashtra,Pune,Cereals,Bajra(Pearl Millet/Cumbu),12-08-2021,12.0,Metric Tonnes,2425.0,Rs./Quintal
Maharashtra,Pune,Cereals,Jowar(Sorghum),12-08-2021,29.0,Metric Tonnes,4102.59,Rs./Quintal
Maharashtra,Pune,Cereals,Maize,12-08-2021,39.0,Metric Tonnes,1914.1,Rs./Quintal
Maharashtra,Pune,Cereals,Wheat,12-08-2021,92.0,Metric Tonnes,2031.48,Rs./Quintal
Maharashtra,Pune,Cereals,Bajra(Pearl Millet/Cumbu),13-08-2021,18.0,Metric Tonnes,2441.67,Rs./Quintal
Maharashtra,Pune,Cereals,Jowar(Sorghum),13-08-2021,27.0,Metric Tonnes,4350.0,Rs./Quintal
Maharashtra,Pune,Cereals,Wheat,13-08-2021,11.0,Metric Tonnes,3800.0,Rs./Quintal
Maharashtra,Pune,Cereals,Bajra(Pearl Millet/Cumbu),14-08-2021,17.0,Metric Tonnes,2470.59,Rs./Quintal
Maharashtra,Pune,Cereals,Jowar(Sorghum),14-08-2021,28.0,Metric Tonnes,4253.57,Rs./Quintal
Maharashtra,Pune,Cereals,Wheat,14-08-2021,11.0,Metric Tonnes,3800.0,Rs./Quintal
Maharashtra,Pune,Cereals,Bajra(Pearl Millet/Cumbu),15-08-2021,1.0,Metric Tonnes,1700.0,Rs./Quintal
Maharashtra,Pune,Cereals,Wheat,15-08-2021,12.0,Metric Tonnes,1750.0,Rs./Quintal
Maharashtra,Pune,Cereals,Bajra(Pearl Millet/Cumbu),16-08-2021,19.0,Metric Tonnes,2434.21,Rs./Quintal
Maharashtra,Pune,Cereals,Jowar(Sorghum),16-08-2021,28.0,Metric Tonnes,4200.0,Rs./Quintal
Maharashtra,Pune,Cereals,Maize,16-08-2021,30.0,Metric Tonnes,1881.5,Rs./Quintal
Maharashtra,Pune,Cereals,Wheat,16-08-2021,60.0,Metric Tonnes,2172.85,Rs./Quintal
Maharashtra,Pune,Cereals,Bajra(Pearl Millet/Cumbu),17-08-2021,18.0,Metric Tonnes,2444.44,Rs./Quintal
Maharashtra,Pune,Cereals,Jowar(Sorghum),17-08-2021,28.0,Metric Tonnes,4400.0,Rs./Quintal
Maharashtra,Pune,Cereals,Maize,17-08-2021,1.0,Metric Tonnes,2400.0,Rs./Quintal
Maharashtra,Pune,Cereals,Wheat,17-08-2021,11.0,Metric Tonnes,4100.0,Rs./Quintal
Maharashtra,Pune,Cereals,Bajra(Pearl Millet/Cumbu),18-08-2021,16.0,Metric Tonnes,2550.0,Rs./Quintal
Maharashtra,Pune,Cereals,Jowar(Sorghum),18-08-2021,28.0,Metric Tonnes,4200.0,Rs./Quintal
Maharashtra,Pune,Cereals,Wheat,18-08-2021,11.0,Metric Tonnes,4150.0,Rs./Quintal
Maharashtra,Pune,Cereals,Bajra(Pearl Millet/Cumbu),19-08-2021,19.0,Metric Tonnes,2376.32,Rs./Quintal
Maharashtra,Pune,Cereals,Jowar(Sorghum),19-08-2021,29.0,Metric Tonnes,4102.59,Rs./Quintal
Maharashtra,Pune,Cereals,Maize,19-08-2021,19.0,Metric Tonnes,1793.16,Rs./Quintal
Maharashtra,Pune,Cereals,Wheat,19-08-2021,106.0,Metric Tonnes,2012.08,Rs./Quintal
Maharashtra,Pune,Cereals,Bajra(Pearl Millet/Cumbu),20-08-2021,18.0,Metric Tonnes,2433.33,Rs./Quintal
Maharashtra,Pune,Cereals,Jowar(Sorghum),20-08-2021,28.0,Metric Tonnes,4100.0,Rs./Quintal
Maharashtra,Pune,Cereals,Maize,20-08-2021,1.0,Metric Tonnes,2350.0,Rs./Quintal
Maharashtra,Pune,Cereals,Wheat,20-08-2021,12.0,Metric Tonnes,4300.0,Rs./Quintal
Maharashtra,Pune,Cereals,Bajra(Pearl Millet/Cumbu),21-08-2021,18.0,Metric Tonnes,2444.44,Rs./Quintal
Maharashtra,Pune,Cereals,Jowar(Sorghum),21-08-2021,28.0,Metric Tonnes,4100.0,Rs./Quintal
Maharashtra,Pune,Cereals,Wheat,21-08-2021,15.0,Metric Tonnes,3740.0,Rs./Quintal
Maharashtra,Pune,Cereals,Bajra(Pearl Millet/Cumbu),22-08-2021,2.0,Metric Tonnes,1575.0,Rs./Quintal
Maharashtra,Pune,Cereals,Wheat,22-08-2021,13.0,Metric Tonnes,1720.0,Rs./Quintal
Maharashtra,Pune,Cereals,Bajra(Pearl Millet/Cumbu),23-08-2021,19.0,Metric Tonnes,2388.16,Rs./Quintal
Maharashtra,Pune,Cereals,Jowar(Sorghum),23-08-2021,29.0,Metric Tonnes,4200.0,Rs./Quintal
Maharashtra,Pune,Cereals,Maize,23-08-2021,6.0,Metric Tonnes,2000.0,Rs./Quintal
Maharashtra,Pune,Cereals,Wheat,23-08-2021,83.0,Metric Tonnes,2137.95,Rs./Quintal
Maharashtra,Pune,Cereals,Bajra(Pearl Millet/Cumbu),24-08-2021,19.0,Metric Tonnes,2484.21,Rs./Quintal
Maharashtra,Pune,Cereals,Jowar(Sorghum),24-08-2021,28.0,Metric Tonnes,4100.0,Rs./Quintal
Maharashtra,Pune,Cereals,Wheat,24-08-2021,14.0,Metric Tonnes,3742.86,Rs./Quintal
Maharashtra,Pune,Cereals,Bajra(Pearl Millet/Cumbu),25-08-2021,17.0,Metric Tonnes,2535.29,Rs./Quintal
Maharashtra,Pune,Cereals,Jowar(Sorghum),25-08-2021,29.0,Metric Tonnes,4155.17,Rs./Quintal
Maharashtra,Pune,Cereals,Maize,25-08-2021,1.0,Metric Tonnes,1500.0,Rs./Quintal
Maharashtra,Pune,Cereals,Wheat,25-08-2021,12.0,Metric Tonnes,4050.0,Rs./Quintal
Maharashtra,Pune,Cereals,Bajra(Pearl Millet/Cumbu),26-08-2021,23.0,Metric Tonnes,2247.91,Rs./Quintal
Maharashtra,Pune,Cereals,Jowar(Sorghum),26-08-2021,30.0,Metric Tonnes,3920.67,Rs./Quintal
Maharashtra,Pune,Cereals,Maize,26-08-2021,6.0,Metric Tonnes,2011.0,Rs./Quintal
Maharashtra,Pune,Cereals,Wheat,26-08-2021,113.0,Metric Tonnes,2010.62,Rs./Quintal
Maharashtra,Pune,Cereals,Bajra(Pearl Millet/Cumbu),27-08-2021,20.0,Metric Tonnes,2460.0,Rs./Quintal
Maharashtra,Pune,Cereals,Jowar(Sorghum),27-08-2021,28.0,Metric Tonnes,3950.0,Rs./Quintal
Maharashtra,Pune,Cereals,Maize,27-08-2021,1.0,Metric Tonnes,2350.0,Rs./Quintal
Maharashtra,Pune,Cereals,Wheat,27-08-2021,12.0,Metric Tonnes,4050.0,Rs./Quintal
Maharashtra,Pune,Cereals,Bajra(Pearl Millet/Cumbu),28-08-2021,20.0,Metric Tonnes,2462.2,Rs./Quintal
Maharashtra,Pune,Cereals,Jowar(Sorghum),28-08-2021,30.0,Metric Tonnes,3780.0,Rs./Quintal
Maharashtra,Pune,Cereals,Wheat,28-08-2021,14.0,Metric Tonnes,3700.0,Rs./Quintal
Maharashtra,Pune,Cereals,Bajra(Pearl Millet/Cumbu),29-08-2021,3.0,Metric Tonnes,1583.67,Rs./Quintal
Maharashtra,Pune,Cereals,Jowar(Sorghum),29-08-2021,3.0,Metric Tonnes,1425.0,Rs./Quintal
Maharashtra,Pune,Cereals,Wheat,29-08-2021,19.0,Metric Tonnes,1736.84,Rs./Quintal
Maharashtra,Pune,Cereals,Bajra(Pearl Millet/Cumbu),30-08-2021,20.0,Metric Tonnes,2555.0,Rs./Quintal
Maharashtra,Pune,Cereals,Jowar(Sorghum),30-08-2021,29.0,Metric Tonnes,4050.0,Rs./Quintal
Maharashtra,Pune,Cereals,Maize,30-08-2021,3.0,Metric Tonnes,1961.0,Rs./Quintal
Maharashtra,Pune,Cereals,Wheat,30-08-2021,97.0,Metric Tonnes,2083.4,Rs./Quintal
Maharashtra,Pune,Cereals,Bajra(Pearl Millet/Cumbu),31-08-2021,18.0,Metric Tonnes,2577.78,Rs./Quintal
Maharashtra,Pune,Cereals,Jowar(Sorghum),31-08-2021,28.0,Metric Tonnes,4200.0,Rs./Quintal
Maharashtra,Pune,Cereals,Wheat,31-08-2021,13.0,Metric Tonnes,4038.46,Rs./Quintal
Maharashtra,Pune,Cereals,Bajra(Pearl Millet/Cumbu),01-09-2021,19.0,Metric Tonnes,2530.26,Rs./Quintal
Maharashtra,Pune,Cereals,Jowar(Sorghum),01-09-2021,28.0,Metric Tonnes,4200.0,Rs./Quintal
Maharashtra,Pune,Cereals,Wheat,01-09-2021,15.0,Metric Tonnes,3896.67,Rs./Quintal
Maharashtra,Pune,Cereals,Bajra(Pearl Millet/Cumbu),02-09-2021,24.0,Metric Tonnes,2331.25,Rs./Quintal
Maharashtra,Pune,Cereals,Jowar(Sorghum),02-09-2021,31.0,Metric Tonnes,4165.32,Rs./Quintal
Maharashtra,Pune,Cereals,Maize,02-09-2021,7.0,Metric Tonnes,1897.14,Rs./Quintal
Maharashtra,Pune,Cereals,Wheat,02-09-2021,119.0,Metric Tonnes,2079.2,Rs./Quintal
Maharashtra,Pune,Cereals,Bajra(Pearl Millet/Cumbu),03-09-2021,20.0,Metric Tonnes,2605.0,Rs./Quintal
Maharashtra,Pune,Cereals,Jowar(Sorghum),03-09-2021,29.0,Metric Tonnes,4150.0,Rs./Quintal
Maharashtra,Pune,Cereals,Wheat,03-09-2021,15.0,Metric Tonnes,3896.67,Rs./Quintal
Maharashtra,Pune,Cereals,Bajra(Pearl Millet/Cumbu),04-09-2021,23.0,Metric Tonnes,2304.35,Rs./Quintal
Maharashtra,Pune,Cereals,Jowar(Sorghum),04-09-2021,29.0,Metric Tonnes,4150.0,Rs./Quintal
Maharashtra,Pune,Cereals,Wheat,04-09-2021,15.0,Metric Tonnes,3896.67,Rs./Quintal
Maharashtra,Pune,Cereals,Bajra(Pearl Millet/Cumbu),05-09-2021,10.0,Metric Tonnes,1640.0,Rs./Quintal
Maharashtra,Pune,Cereals,Jowar(Sorghum),05-09-2021,3.0,Metric Tonnes,1466.67,Rs./Quintal
Maharashtra,Pune,Cereals,Wheat,05-09-2021,12.0,Metric Tonnes,1729.17,Rs./Quintal
Maharashtra,Pune,Cereals,Bajra(Pearl Millet/Cumbu),06-09-2021,19.0,Metric Tonnes,2673.68,Rs./Quintal
Maharashtra,Pune,Cereals,Jowar(Sorghum),06-09-2021,29.0,Metric Tonnes,4250.0,Rs./Quintal
Maharashtra,Pune,Cereals,Maize,06-09-2021,13.0,Metric Tonnes,2090.77,Rs./Quintal
Maharashtra,Pune,Cereals,Wheat,06-09-2021,86.0,Metric Tonnes,2192.44,Rs./Quintal
Maharashtra,Pune,Cereals,Bajra(Pearl Millet/Cumbu),07-09-2021,22.0,Metric Tonnes,2465.91,Rs./Quintal
Maharashtra,Pune,Cereals,Jowar(Sorghum),07-09-2021,30.0,Metric Tonnes,4258.33,Rs./Quintal
Maharashtra,Pune,Cereals,Maize,07-09-2021,1.0,Metric Tonnes,2250.0,Rs./Quintal
Maharashtra,Pune,Cereals,Wheat,07-09-2021,14.0,Metric Tonnes,4060.71,Rs./Quintal
Maharashtra,Pune,Cereals,Bajra(Pearl Millet/Cumbu),08-09-2021,17.0,Metric Tonnes,2800.0,Rs./Quintal
Maharashtra,Pune,Cereals,Jowar(Sorghum),08-09-2021,29.0,Metric Tonnes,4150.0,Rs./Quintal
Maharashtra,Pune,Cereals,Maize,08-09-2021,1.0,Metric Tonnes,2200.0,Rs./Quintal
Maharashtra,Pune,Cereals,Wheat,08-09-2021,13.0,Metric Tonnes,4250.0,Rs./Quintal
Maharashtra,Pune,Cereals,Bajra(Pearl Millet/Cumbu),09-09-2021,18.0,Metric Tonnes,2666.67,Rs./Quintal
Maharashtra,Pune,Cereals,Jowar(Sorghum),09-09-2021,30.0,Metric Tonnes,3961.73,Rs./Quintal
Maharashtra,Pune,Cereals,Wheat,09-09-2021,99.0,Metric Tonnes,2151.87,Rs./Quintal
Maharashtra,Pune,Cereals,Bajra(Pearl Millet/Cumbu),10-09-2021,18.0,Metric Tonnes,2732.5,Rs./Quintal
Maharashtra,Pune,Cereals,Jowar(Sorghum),10-09-2021,29.0,Metric Tonnes,4050.0,Rs./Quintal
Maharashtra,Pune,Cereals,Wheat,10-09-2021,13.0,Metric Tonnes,4250.0,Rs./Quintal
Maharashtra,Pune,Cereals,Bajra(Pearl Millet/Cumbu),11-09-2021,17.0,Metric Tonnes,2800.0,Rs./Quintal
Maharashtra,Pune,Cereals,Jowar(Sorghum),11-09-2021,29.0,Metric Tonnes,4150.0,Rs./Quintal
Maharashtra,Pune,Cereals,Wheat,11-09-2021,13.0,Metric Tonnes,4250.0,Rs./Quintal
Maharashtra,Pune,Cereals,Bajra(Pearl Millet/Cumbu),12-09-2021,6.0,Metric Tonnes,1541.67,Rs./Quintal
Maharashtra,Pune,Cereals,Wheat,12-09-2021,15.0,Metric Tonnes,1758.33,Rs./Quintal
Maharashtra,Pune,Cereals,Bajra(Pearl Millet/Cumbu),13-09-2021,19.0,Metric Tonnes,2578.95,Rs./Quintal
Maharashtra,Pune,Cereals,Jowar(Sorghum),13-09-2021,32.0,Metric Tonnes,3793.75,Rs./Quintal
Maharashtra,Pune,Cereals,Maize,13-09-2021,6.0,Metric Tonnes,1900.0,Rs./Quintal
Maharashtra,Pune,Cereals,Wheat,13-09-2021,64.0,Metric Tonnes,2334.77,Rs./Quintal
Maharashtra,Pune,Cereals,Bajra(Pearl Millet/Cumbu),14-09-2021,25.0,Metric Tonnes,2314.0,Rs./Quintal
Maharashtra,Pune,Cereals,Jowar(Sorghum),14-09-2021,30.0,Metric Tonnes,4150.0,Rs./Quintal
Maharashtra,Pune,Cereals,Maize,14-09-2021,1.0,Metric Tonnes,2200.0,Rs./Quintal
Maharashtra,Pune,Cereals,Wheat,14-09-2021,15.0,Metric Tonnes,3780.0,Rs./Quintal
Maharashtra,Pune,Cereals,Bajra(Pearl Millet/Cumbu),15-09-2021,17.0,Metric Tonnes,2600.0,Rs./Quintal
Maharashtra,Pune,Cereals,Jowar(Sorghum),15-09-2021,30.0,Metric Tonnes,4000.0,Rs./Quintal
Maharashtra,Pune,Cereals,Wheat,15-09-2021,13.0,Metric Tonnes,4300.0,Rs./Quintal
Maharashtra,Pune,Cereals,Bajra(Pearl Millet/Cumbu),16-09-2021,25.0,Metric Tonnes,2238.08,Rs./Quintal
Maharashtra,Pune,Cereals,Jowar(Sorghum),16-09-2021,33.0,Metric Tonnes,3900.0,Rs./Quintal
Maharashtra,Pune,Cereals,Maize,16-09-2021,19.0,Metric Tonnes,1900.0,Rs./Quintal
Maharashtra,Pune,Cereals,Wheat,16-09-2021,99.0,Metric Tonnes,2121.16,Rs./Quintal
Maharashtra,Pune,Cereals,Bajra(Pearl Millet/Cumbu),17-09-2021,19.0,Metric Tonnes,2384.21,Rs./Quintal
Maharashtra,Pune,Cereals,Jowar(Sorghum),17-09-2021,29.0,Metric Tonnes,4100.0,Rs./Quintal
Maharashtra,Pune,Cereals,Wheat,17-09-2021,13.0,Metric Tonnes,3900.0,Rs./Quintal
Maharashtra,Pune,Cereals,Bajra(Pearl Millet/Cumbu),18-09-2021,18.0,Metric Tonnes,2477.78,Rs./Quintal
Maharashtra,Pune,Cereals,Jowar(Sorghum),18-09-2021,30.0,Metric Tonnes,4050.0,Rs./Quintal
Maharashtra,Pune,Cereals,Wheat,18-09-2021,13.0,Metric Tonnes,3900.0,Rs./Quintal
Maharashtra,Pune,Cereals,Bajra(Pearl Millet/Cumbu),19-09-2021,9.0,Metric Tonnes,1567.11,Rs./Quintal
Maharashtra,Pune,Cereals,Jowar(Sorghum),19-09-2021,1.0,Metric Tonnes,1400.0,Rs./Quintal
Maharashtra,Pune,Cereals,Wheat,19-09-2021,10.0,Metric Tonnes,1767.5,Rs./Quintal
Maharashtra,Pune,Cereals,Bajra(Pearl Millet/Cumbu),20-09-2021,20.0,Metric Tonnes,2340.0,Rs./Quintal
Maharashtra,Pune,Cereals,Jowar(Sorghum),20-09-2021,30.0,Metric Tonnes,4250.0,Rs./Quintal
Maharashtra,Pune,Cereals,Maize,20-09-2021,61.0,Metric Tonnes,1805.08,Rs./Quintal
Maharashtra,Pune,Cereals,Wheat,20-09-2021,91.0,Metric Tonnes,2133.24,Rs./Quintal
Maharashtra,Pune,Cereals,Bajra(Pearl Millet/Cumbu),21-09-2021,18.0,Metric Tonnes,2438.89,Rs./Quintal
Maharashtra,Pune,Cereals,Jowar(Sorghum),21-09-2021,31.0,Metric Tonnes,4167.74,Rs./Quintal
Maharashtra,Pune,Cereals,Wheat,21-09-2021,14.0,Metric Tonnes,3829.36,Rs./Quintal
Maharashtra,Pune,Cereals,Bajra(Pearl Millet/Cumbu),22-09-2021,16.0,Metric Tonnes,2600.0,Rs./Quintal
Maharashtra,Pune,Cereals,Jowar(Sorghum),22-09-2021,30.0,Metric Tonnes,4050.0,Rs./Quintal
Maharashtra,Pune,Cereals,Wheat,22-09-2021,13.0,Metric Tonnes,3950.0,Rs./Quintal
Maharashtra,Pune,Cereals,Bajra(Pearl Millet/Cumbu),23-09-2021,31.0,Metric Tonnes,2106.45,Rs./Quintal
Maharashtra,Pune,Cereals,Jowar(Sorghum),23-09-2021,31.0,Metric Tonnes,4012.9,Rs./Quintal
Maharashtra,Pune,Cereals,Maize,23-09-2021,20.0,Metric Tonnes,1650.0,Rs./Quintal
Maharashtra,Pune,Cereals,Wheat,23-09-2021,141.0,Metric Tonnes,2037.21,Rs./Quintal
Maharashtra,Pune,Cereals,Bajra(Pearl Millet/Cumbu),24-09-2021,17.0,Metric Tonnes,2494.12,Rs./Quintal
Maharashtra,Pune,Cereals,Jowar(Sorghum),24-09-2021,30.0,Metric Tonnes,4100.0,Rs./Quintal
Maharashtra,Pune,Cereals,Wheat,24-09-2021,15.0,Metric Tonnes,3620.0,Rs./Quintal
Maharashtra,Pune,Cereals,Bajra(Pearl Millet/Cumbu),25-09-2021,21.0,Metric Tonnes,2404.76,Rs./Quintal
Maharashtra,Pune,Cereals,Jowar(Sorghum),25-09-2021,31.0,Metric Tonnes,3962.9,Rs./Quintal
Maharashtra,Pune,Cereals,Wheat,25-09-2021,15.0,Metric Tonnes,3623.33,Rs./Quintal
Maharashtra,Pune,Cereals,Bajra(Pearl Millet/Cumbu),26-09-2021,9.0,Metric Tonnes,1572.22,Rs./Quintal
Maharashtra,Pune,Cereals,Jowar(Sorghum),26-09-2021,2.0,Metric Tonnes,1450.0,Rs./Quintal
Maharashtra,Pune,Cereals,Wheat,26-09-2021,16.0,Metric Tonnes,1785.94,Rs./Quintal
Maharashtra,Pune,Cereals,Bajra(Pearl Millet/Cumbu),27-09-2021,5.0,Metric Tonnes,1500.0,Rs./Quintal
Maharashtra,Pune,Cereals,Maize,27-09-2021,26.0,Metric Tonnes,1740.5,Rs./Quintal
Maharashtra,Pune,Cereals,Wheat,27-09-2021,97.0,Metric Tonnes,1774.64,Rs./Quintal
Maharashtra,Pune,Cereals,Bajra(Pearl Millet/Cumbu),28-09-2021,20.0,Metric Tonnes,2400.0,Rs./Quintal
Maharashtra,Pune,Cereals,Jowar(Sorghum),28-09-2021,31.0,Metric Tonnes,4062.9,Rs./Quintal
Maharashtra,Pune,Cereals,Wheat,28-09-2021,14.0,Metric Tonnes,3971.43,Rs./Quintal
Maharashtra,Pune,Cereals,Bajra(Pearl Millet/Cumbu),29-09-2021,17.0,Metric Tonnes,2500.0,Rs./Quintal
Maharashtra,Pune,Cereals,Jowar(Sorghum),29-09-2021,30.0,Metric Tonnes,3950.0,Rs./Quintal
Maharashtra,Pune,Cereals,Wheat,29-09-2021,14.0,Metric Tonnes,4100.0,Rs./Quintal
Maharashtra,Pune,Cereals,Bajra(Pearl Millet/Cumbu),30-09-2021,23.0,Metric Tonnes,2276.09,Rs./Quintal
Maharashtra,Pune,Cereals,Jowar(Sorghum),30-09-2021,32.0,Metric Tonnes,3790.63,Rs./Quintal
Maharashtra,Pune,Cereals,Maize,30-09-2021,31.0,Metric Tonnes,1816.84,Rs./Quintal
Maharashtra,Pune,Cereals,Wheat,30-09-2021,122.0,Metric Tonnes,2069.43,Rs./Quintal
Maharashtra,Pune,Cereals,Bajra(Pearl Millet/Cumbu),01-10-2021,21.0,Metric Tonnes,2350.0,Rs./Quintal
Maharashtra,Pune,Cereals,Jowar(Sorghum),01-10-2021,32.0,Metric Tonnes,3773.44,Rs./Quintal
Maharashtra,Pune,Cereals,Wheat,01-10-2021,17.0,Metric Tonnes,3782.35,Rs./Quintal
Maharashtra,Pune,Cereals,Bajra(Pearl Millet/Cumbu),02-10-2021,19.0,Metric Tonnes,2439.47,Rs./Quintal
Maharashtra,Pune,Cereals,Jowar(Sorghum),02-10-2021,30.0,Metric Tonnes,3850.0,Rs./Quintal
Maharashtra,Pune,Cereals,Wheat,02-10-2021,15.0,Metric Tonnes,4073.33,Rs./Quintal
Maharashtra,Pune,Cereals,Bajra(Pearl Millet/Cumbu),03-10-2021,2.0,Metric Tonnes,1530.0,Rs./Quintal
Maharashtra,Pune,Cereals,Jowar(Sorghum),03-10-2021,1.0,Metric Tonnes,1400.0,Rs./Quintal
Maharashtra,Pune,Cereals,Wheat,03-10-2021,25.0,Metric Tonnes,1770.0,Rs./Quintal
Maharashtra,Pune,Cereals,Bajra(Pearl Millet/Cumbu),04-10-2021,22.0,Metric Tonnes,2322.73,Rs./Quintal
Maharashtra,Pune,Cereals,Jowar(Sorghum),04-10-2021,30.0,Metric Tonnes,3950.0,Rs./Quintal
Maharashtra,Pune,Cereals,Maize,04-10-2021,80.0,Metric Tonnes,1746.6,Rs./Quintal
Maharashtra,Pune,Cereals,Wheat,04-10-2021,123.0,Metric Tonnes,2034.65,Rs./Quintal
Maharashtra,Pune,Cereals,Bajra(Pearl Millet/Cumbu),05-10-2021,21.0,Metric Tonnes,2378.57,Rs./Quintal
Maharashtra,Pune,Cereals,Jowar(Sorghum),05-10-2021,31.0,Metric Tonnes,3867.74,Rs./Quintal
Maharashtra,Pune,Cereals,Wheat,05-10-2021,16.0,Metric Tonnes,3875.0,Rs./Quintal
Maharashtra,Pune,Cereals,Bajra(Pearl Millet/Cumbu),06-10-2021,17.0,Metric Tonnes,2500.0,Rs./Quintal
Maharashtra,Pune,Cereals,Jowar(Sorghum),06-10-2021,30.0,Metric Tonnes,4150.0,Rs./Quintal
Maharashtra,Pune,Cereals,Wheat,06-10-2021,14.0,Metric Tonnes,4250.0,Rs./Quintal
Maharashtra,Pune,Cereals,Bajra(Pearl Millet/Cumbu),07-10-2021,23.0,Metric Tonnes,2256.7,Rs./Quintal
Maharashtra,Pune,Cereals,Jowar(Sorghum),07-10-2021,33.0,Metric Tonnes,3904.55,Rs./Quintal
Maharashtra,Pune,Cereals,Maize,07-10-2021,73.0,Metric Tonnes,1690.0,Rs./Quintal
Maharashtra,Pune,Cereals,Wheat,07-10-2021,112.0,Metric Tonnes,2097.21,Rs./Quintal
Maharashtra,Pune,Cereals,Bajra(Pearl Millet/Cumbu),08-10-2021,20.0,Metric Tonnes,2336.25,Rs./Quintal
Maharashtra,Pune,Cereals,Jowar(Sorghum),08-10-2021,31.0,Metric Tonnes,4050.0,Rs./Quintal
Maharashtra,Pune,Cereals,Wheat,08-10-2021,16.0,Metric Tonnes,3890.63,Rs./Quintal
Maharashtra,Pune,Cereals,Bajra(Pearl Millet/Cumbu),09-10-2021,20.0,Metric Tonnes,2328.75,Rs./Quintal
Maharashtra,Pune,Cereals,Jowar(Sorghum),09-10-2021,30.0,Metric Tonnes,4050.0,Rs./Quintal
Maharashtra,Pune,Cereals,Maize,09-10-2021,3.0,Metric Tonnes,1687.33,Rs./Quintal
Maharashtra,Pune,Cereals,Wheat,09-10-2021,16.0,Metric Tonnes,3896.88,Rs./Quintal
Maharashtra,Pune,Cereals,Bajra(Pearl Millet/Cumbu),10-10-2021,3.0,Metric Tonnes,1583.33,Rs./Quintal
Maharashtra,Pune,Cereals,Jowar(Sorghum),10-10-2021,2.0,Metric Tonnes,1400.0,Rs./Quintal
Maharashtra,Pune,Cereals,Maize,10-10-2021,5.0,Metric Tonnes,1628.8,Rs./Quintal
Maharashtra,Pune,Cereals,Wheat,10-10-2021,7.0,Metric Tonnes,1692.86,Rs./Quintal
Maharashtra,Pune,Cereals,Bajra(Pearl Millet/Cumbu),12-10-2021,20.0,Metric Tonnes,2357.5,Rs./Quintal
Maharashtra,Pune,Cereals,Jowar(Sorghum),12-10-2021,31.0,Metric Tonnes,4150.0,Rs./Quintal
Maharashtra,Pune,Cereals,Maize,12-10-2021,2.0,Metric Tonnes,1925.0,Rs./Quintal
Maharashtra,Pune,Cereals,Wheat,12-10-2021,18.0,Metric Tonnes,3816.67,Rs./Quintal
Maharashtra,Pune,Cereals,Bajra(Pearl Millet/Cumbu),13-10-2021,17.0,Metric Tonnes,2550.0,Rs./Quintal
Maharashtra,Pune,Cereals,Jowar(Sorghum),13-10-2021,31.0,Metric Tonnes,4200.0,Rs./Quintal
Maharashtra,Pune,Cereals,Wheat,13-10-2021,16.0,Metric Tonnes,4200.0,Rs./Quintal
Maharashtra,Pune,Cereals,Bajra(Pearl Millet/Cumbu),14-10-2021,20.0,Metric Tonnes,2402.5,Rs./Quintal
Maharashtra,Pune,Cereals,Jowar(Sorghum),14-10-2021,31.0,Metric Tonnes,4150.0,Rs./Quintal
Maharashtra,Pune,Cereals,Maize,14-10-2021,112.0,Metric Tonnes,1675.72,Rs./Quintal
Maharashtra,Pune,Cereals,Wheat,14-10-2021,151.0,Metric Tonnes,2061.72,Rs./Quintal
Maharashtra,Pune,Cereals,Bajra(Pearl Millet/Cumbu),15-10-2021,18.0,Metric Tonnes,2500.0,Rs./Quintal
Maharashtra,Pune,Cereals,Jowar(Sorghum),15-10-2021,31.0,Metric Tonnes,4150.0,Rs./Quintal
Maharashtra,Pune,Cereals,Wheat,15-10-2021,16.0,Metric Tonnes,4150.0,Rs./Quintal
Maharashtra,Pune,Cereals,Bajra(Pearl Millet/Cumbu),16-10-2021,20.0,Metric Tonnes,2407.5,Rs./Quintal
Maharashtra,Pune,Cereals,Jowar(Sorghum),16-10-2021,33.0,Metric Tonnes,3918.18,Rs./Quintal
Maharashtra,Pune,Cereals,Wheat,16-10-2021,17.0,Metric Tonnes,4000.0,Rs./Quintal
Maharashtra,Pune,Cereals,Bajra(Pearl Millet/Cumbu),17-10-2021,1.0,Metric Tonnes,1525.0,Rs./Quintal
Maharashtra,Pune,Cereals,Jowar(Sorghum),17-10-2021,2.0,Metric Tonnes,1450.0,Rs./Quintal
Maharashtra,Pune,Cereals,Maize,17-10-2021,2.0,Metric Tonnes,1750.0,Rs./Quintal
Maharashtra,Pune,Cereals,Wheat,17-10-2021,10.0,Metric Tonnes,1696.0,Rs./Quintal
Maharashtra,Pune,Cereals,Bajra(Pearl Millet/Cumbu),18-10-2021,21.0,Metric Tonnes,2364.29,Rs./Quintal
Maharashtra,Pune,Cereals,Jowar(Sorghum),18-10-2021,32.0,Metric Tonnes,4100.0,Rs./Quintal
Maharashtra,Pune,Cereals,Maize,18-10-2021,146.0,Metric Tonnes,1814.2,Rs./Quintal
Maharashtra,Pune,Cereals,Wheat,18-10-2021,94.0,Metric Tonnes,2218.28,Rs./Quintal
Maharashtra,Pune,Cereals,Bajra(Pearl Millet/Cumbu),19-10-2021,20.0,Metric Tonnes,2405.0,Rs./Quintal
Maharashtra,Pune,Cereals,Jowar(Sorghum),19-10-2021,32.0,Metric Tonnes,4100.0,Rs./Quintal
Maharashtra,Pune,Cereals,Maize,19-10-2021,3.0,Metric Tonnes,1650.0,Rs./Quintal
Maharashtra,Pune,Cereals,Wheat,19-10-2021,17.0,Metric Tonnes,4000.0,Rs./Quintal
Maharashtra,Pune,Cereals,Jowar(Sorghum),20-10-2021,32.0,Metric Tonnes,4100.0,Rs./Quintal
Maharashtra,Pune,Cereals,Wheat,20-10-2021,16.0,Metric Tonnes,4150.0,Rs./Quintal
Maharashtra,Pune,Cereals,Bajra(Pearl Millet/Cumbu),21-10-2021,22.0,Metric Tonnes,2346.05,Rs./Quintal
Maharashtra,Pune,Cereals,Jowar(Sorghum),21-10-2021,37.0,Metric Tonnes,3568.92,Rs./Quintal
Maharashtra,Pune,Cereals,Maize,21-10-2021,139.0,Metric Tonnes,1693.48,Rs./Quintal
Maharashtra,Pune,Cereals,Wheat,21-10-2021,160.0,Metric Tonnes,2133.75,Rs./Quintal
Maharashtra,Pune,Cereals,Bajra(Pearl Millet/Cumbu),22-10-2021,21.0,Metric Tonnes,2450.0,Rs./Quintal
Maharashtra,Pune,Cereals,Jowar(Sorghum),22-10-2021,32.0,Metric Tonnes,3800.0,Rs./Quintal
Maharashtra,Pune,Cereals,Maize,22-10-2021,1.0,Metric Tonnes,1400.0,Rs./Quintal
Maharashtra,Pune,Cereals,Wheat,22-10-2021,20.0,Metric Tonnes,3837.5,Rs./Quintal
Maharashtra,Pune,Cereals,Bajra(Pearl Millet/Cumbu),23-10-2021,22.0,Metric Tonnes,2427.27,Rs./Quintal
Maharashtra,Pune,Cereals,Jowar(Sorghum),23-10-2021,32.0,Metric Tonnes,3800.0,Rs./Quintal
Maharashtra,Pune,Cereals,Maize,23-10-2021,1.0,Metric Tonnes,1425.0,Rs./Quintal
Maharashtra,Pune,Cereals,Wheat,23-10-2021,21.0,Metric Tonnes,3745.24,Rs./Quintal
Maharashtra,Pune,Cereals,Bajra(Pearl Millet/Cumbu),24-10-2021,5.0,Metric Tonnes,1700.0,Rs./Quintal
Maharashtra,Pune,Cereals,Jowar(Sorghum),24-10-2021,3.0,Metric Tonnes,1366.67,Rs./Quintal
Maharashtra,Pune,Cereals,Maize,24-10-2021,1.0,Metric Tonnes,1425.0,Rs./Quintal
Maharashtra,Pune,Cereals,Wheat,24-10-2021,21.0,Metric Tonnes,1702.38,Rs./Quintal
Maharashtra,Pune,Cereals,Bajra(Pearl Millet/Cumbu),25-10-2021,20.0,Metric Tonnes,2455.0,Rs./Quintal
Maharashtra,Pune,Cereals,Jowar(Sorghum),25-10-2021,32.0,Metric Tonnes,3900.0,Rs./Quintal
Maharashtra,Pune,Cereals,Maize,25-10-2021,136.0,Metric Tonnes,1872.06,Rs./Quintal
Maharashtra,Pune,Cereals,Wheat,25-10-2021,163.0,Metric Tonnes,2156.58,Rs./Quintal
Maharashtra,Pune,Cereals,Bajra(Pearl Millet/Cumbu),26-10-2021,19.0,Metric Tonnes,2550.0,Rs./Quintal
Maharashtra,Pune,Cereals,Jowar(Sorghum),26-10-2021,33.0,Metric Tonnes,4100.0,Rs./Quintal
Maharashtra,Pune,Cereals,Maize,26-10-2021,4.0,Metric Tonnes,1700.0,Rs./Quintal
Maharashtra,Pune,Cereals,Wheat,26-10-2021,19.0,Metric Tonnes,3836.84,Rs./Quintal
Maharashtra,Pune,Cereals,Bajra(Pearl Millet/Cumbu),27-10-2021,19.0,Metric Tonnes,2575.0,Rs./Quintal
Maharashtra,Pune,Cereals,Jowar(Sorghum),27-10-2021,32.0,Metric Tonnes,4200.0,Rs./Quintal
Maharashtra,Pune,Cereals,Wheat,27-10-2021,17.0,Metric Tonnes,4000.0,Rs./Quintal
Maharashtra,Pune,Cereals,Bajra(Pearl Millet/Cumbu),28-10-2021,22.0,Metric Tonnes,2434.09,Rs./Quintal
Maharashtra,Pune,Cereals,Jowar(Sorghum),28-10-2021,35.0,Metric Tonnes,3855.71,Rs./Quintal
Maharashtra,Pune,Cereals,Maize,28-10-2021,150.0,Metric Tonnes,1781.63,Rs./Quintal
Maharashtra,Pune,Cereals,Wheat,28-10-2021,169.0,Metric Tonnes,2072.09,Rs./Quintal
Maharashtra,Pune,Cereals,Bajra(Pearl Millet/Cumbu),29-10-2021,22.0,Metric Tonnes,2442.05,Rs./Quintal
Maharashtra,Pune,Cereals,Jowar(Sorghum),29-10-2021,33.0,Metric Tonnes,4200.0,Rs./Quintal
Maharashtra,Pune,Cereals,Maize,29-10-2021,2.0,Metric Tonnes,1700.0,Rs./Quintal
Maharashtra,Pune,Cereals,Wheat,29-10-2021,20.0,Metric Tonnes,3765.0,Rs./Quintal
Maharashtra,Pune,Cereals,Bajra(Pearl Millet/Cumbu),30-10-2021,23.0,Metric Tonnes,2418.48,Rs./Quintal
Maharashtra,Pune,Cereals,Jowar(Sorghum),30-10-2021,33.0,Metric Tonnes,4200.0,Rs./Quintal
Maharashtra,Pune,Cereals,Wheat,30-10-2021,19.0,Metric Tonnes,3875.0,Rs./Quintal
Maharashtra,Pune,Cereals,Bajra(Pearl Millet/Cumbu),31-10-2021,3.0,Metric Tonnes,1633.33,Rs./Quintal
Maharashtra,Pune,Cereals,Jowar(Sorghum),31-10-2021,3.0,Metric Tonnes,1900.0,Rs./Quintal
Maharashtra,Pune,Cereals,Maize,31-10-2021,235.0,Metric Tonnes,1750.44,Rs./Quintal
Maharashtra,Pune,Cereals,Wheat,31-10-2021,20.0,Metric Tonnes,1790.0,Rs./Quintal
Maharashtra,Pune,Cereals,Bajra(Pearl Millet/Cumbu),01-11-2021,23.0,Metric Tonnes,2393.48,Rs./Quintal
Maharashtra,Pune,Cereals,Jowar(Sorghum),01-11-2021,33.0,Metric Tonnes,4300.0,Rs./Quintal
Maharashtra,Pune,Cereals,Maize,01-11-2021,2.0,Metric Tonnes,1750.0,Rs./Quintal
Maharashtra,Pune,Cereals,Wheat,01-11-2021,19.0,Metric Tonnes,4013.16,Rs./Quintal
Maharashtra,Pune,Cereals,Bajra(Pearl Millet/Cumbu),02-11-2021,19.0,Metric Tonnes,2550.0,Rs./Quintal
Maharashtra,Pune,Cereals,Jowar(Sorghum),02-11-2021,33.0,Metric Tonnes,4300.0,Rs./Quintal
Maharashtra,Pune,Cereals,Wheat,02-11-2021,18.0,Metric Tonnes,4150.0,Rs./Quintal
Maharashtra,Pune,Cereals,Bajra(Pearl Millet/Cumbu),03-11-2021,25.0,Metric Tonnes,2424.0,Rs./Quintal
Maharashtra,Pune,Cereals,Jowar(Sorghum),03-11-2021,38.0,Metric Tonnes,4073.68,Rs./Quintal
Maharashtra,Pune,Cereals,Wheat,03-11-2021,28.0,Metric Tonnes,3485.71,Rs./Quintal
Maharashtra,Pune,Cereals,Jowar(Sorghum),04-11-2021,1.0,Metric Tonnes,1450.0,Rs./Quintal
Maharashtra,Pune,Cereals,Wheat,04-11-2021,14.0,Metric Tonnes,1750.0,Rs./Quintal
Maharashtra,Pune,Cereals,Bajra(Pearl Millet/Cumbu),05-11-2021,22.0,Metric Tonnes,2456.45,Rs./Quintal
Maharashtra,Pune,Cereals,Jowar(Sorghum),05-11-2021,37.0,Metric Tonnes,4300.0,Rs./Quintal
Maharashtra,Pune,Cereals,Maize,05-11-2021,2.0,Metric Tonnes,1675.0,Rs./Quintal
Maharashtra,Pune,Cereals,Wheat,05-11-2021,20.0,Metric Tonnes,3425.0,Rs./Quintal
Maharashtra,Pune,Cereals,Bajra(Pearl Millet/Cumbu),06-11-2021,1.0,Metric Tonnes,1550.0,Rs./Quintal
Maharashtra,Pune,Cereals,Maize,06-11-2021,2.0,Metric Tonnes,1700.0,Rs./Quintal
Maharashtra,Pune,Cereals,Maize,07-11-2021,2.0,Metric Tonnes,1718.0,Rs./Quintal
Maharashtra,Pune,Cereals,Wheat,07-11-2021,5.0,Metric Tonnes,1720.0,Rs./Quintal
Maharashtra,Pune,Cereals,Bajra(Pearl Millet/Cumbu),08-11-2021,25.0,Metric Tonnes,2480.0,Rs./Quintal
Maharashtra,Pune,Cereals,Jowar(Sorghum),08-11-2021,38.0,Metric Tonnes,4100.0,Rs./Quintal
Maharashtra,Pune,Cereals,Maize,08-11-2021,4.0,Metric Tonnes,1856.25,Rs./Quintal
Maharashtra,Pune,Cereals,Wheat,08-11-2021,23.0,Metric Tonnes,4185.43,Rs./Quintal
Maharashtra,Pune,Cereals,Bajra(Pearl Millet/Cumbu),09-11-2021,24.0,Metric Tonnes,2577.08,Rs./Quintal
Maharashtra,Pune,Cereals,Jowar(Sorghum),09-11-2021,38.0,Metric Tonnes,3900.0,Rs./Quintal
Maharashtra,Pune,Cereals,Maize,09-11-2021,4.0,Metric Tonnes,1787.5,Rs./Quintal
Maharashtra,Pune,Cereals,Wheat,09-11-2021,23.0,Metric Tonnes,4089.13,Rs./Quintal
Maharashtra,Pune,Cereals,Bajra(Pearl Millet/Cumbu),10-11-2021,23.0,Metric Tonnes,2550.0,Rs./Quintal
Maharashtra,Pune,Cereals,Jowar(Sorghum),10-11-2021,38.0,Metric Tonnes,4000.0,Rs./Quintal
Maharashtra,Pune,Cereals,Wheat,10-11-2021,22.0,Metric Tonnes,4100.0,Rs./Quintal
Maharashtra,Pune,Cereals,Bajra(Pearl Millet/Cumbu),11-11-2021,31.0,Metric Tonnes,2391.97,Rs./Quintal
Maharashtra,Pune,Cereals,Jowar(Sorghum),11-11-2021,42.0,Metric Tonnes,3835.71,Rs./Quintal
Maharashtra,Pune,Cereals,Maize,11-11-2021,224.0,Metric Tonnes,1680.27,Rs./Quintal
Maharashtra,Pune,Cereals,Wheat,11-11-2021,187.0,Metric Tonnes,2179.6,Rs./Quintal
Maharashtra,Pune,Cereals,Bajra(Pearl Millet/Cumbu),12-11-2021,22.0,Metric Tonnes,2550.0,Rs./Quintal
Maharashtra,Pune,Cereals,Jowar(Sorghum),12-11-2021,38.0,Metric Tonnes,4200.0,Rs./Quintal
Maharashtra,Pune,Cereals,Wheat,12-11-2021,22.0,Metric Tonnes,4168.18,Rs./Quintal
Maharashtra,Pune,Cereals,Bajra(Pearl Millet/Cumbu),13-11-2021,23.0,Metric Tonnes,2550.0,Rs./Quintal
Maharashtra,Pune,Cereals,Jowar(Sorghum),13-11-2021,37.0,Metric Tonnes,4200.0,Rs./Quintal
Maharashtra,Pune,Cereals,Maize,13-11-2021,3.0,Metric Tonnes,1600.0,Rs./Quintal
Maharashtra,Pune,Cereals,Wheat,13-11-2021,22.0,Metric Tonnes,4300.0,Rs./Quintal
Maharashtra,Pune,Cereals,Bajra(Pearl Millet/Cumbu),14-11-2021,4.0,Metric Tonnes,1862.5,Rs./Quintal
Maharashtra,Pune,Cereals,Jowar(Sorghum),14-11-2021,2.0,Metric Tonnes,1312.5,Rs./Quintal
Maharashtra,Pune,Cereals,Maize,14-11-2021,250.0,Metric Tonnes,1674.5,Rs./Quintal
Maharashtra,Pune,Cereals,Wheat,14-11-2021,16.0,Metric Tonnes,1815.0,Rs./Quintal
Maharashtra,Pune,Cereals,Bajra(Pearl Millet/Cumbu),15-11-2021,23.0,Metric Tonnes,2460.87,Rs./Quintal
Maharashtra,Pune,Cereals,Jowar(Sorghum),15-11-2021,37.0,Metric Tonnes,4000.0,Rs./Quintal
Maharashtra,Pune,Cereals,Maize,15-11-2021,129.0,Metric Tonnes,1726.78,Rs./Quintal
Maharashtra,Pune,Cereals,Wheat,15-11-2021,106.0,Metric Tonnes,2331.06,Rs./Quintal
Maharashtra,Pune,Cereals,Bajra(Pearl Millet/Cumbu),16-11-2021,23.0,Metric Tonnes,2556.52,Rs./Quintal
Maharashtra,Pune,Cereals,Jowar(Sorghum),16-11-2021,37.0,Metric Tonnes,4000.0,Rs./Quintal
Maharashtra,Pune,Cereals,Wheat,16-11-2021,22.0,Metric Tonnes,4300.0,Rs./Quintal
Maharashtra,Pune,Cereals,Bajra(Pearl Millet/Cumbu),17-11-2021,30.0,Metric Tonnes,2495.0,Rs./Quintal
Maharashtra,Pune,Cereals,Jowar(Sorghum),17-11-2021,40.0,Metric Tonnes,3963.13,Rs./Quintal
Maharashtra,Pune,Cereals,Wheat,17-11-2021,166.0,Metric Tonnes,2710.36,Rs./Quintal
Maharashtra,Pune,Cereals,Bajra(Pearl Millet/Cumbu),18-11-2021,27.0,Metric Tonnes,2705.56,Rs./Quintal
Maharashtra,Pune,Cereals,Jowar(Sorghum),18-11-2021,38.0,Metric Tonnes,3936.84,Rs./Quintal
Maharashtra,Pune,Cereals,Maize,18-11-2021,182.0,Metric Tonnes,1799.95,Rs./Quintal
Maharashtra,Pune,Cereals,Wheat,18-11-2021,280.0,Metric Tonnes,2357.51,Rs./Quintal
Maharashtra,Pune,Cereals,Bajra(Pearl Millet/Cumbu),19-11-2021,23.0,Metric Tonnes,2556.52,Rs./Quintal
Maharashtra,Pune,Cereals,Jowar(Sorghum),19-11-2021,37.0,Metric Tonnes,4000.0,Rs./Quintal
Maharashtra,Pune,Cereals,Wheat,19-11-2021,23.0,Metric Tonnes,4065.22,Rs./Quintal
Maharashtra,Pune,Cereals,Bajra(Pearl Millet/Cumbu),20-11-2021,23.0,Metric Tonnes,2604.35,Rs./Quintal
Maharashtra,Pune,Cereals,Jowar(Sorghum),20-11-2021,37.0,Metric Tonnes,3800.0,Rs./Quintal
Maharashtra,Pune,Cereals,Maize,20-11-2021,1.0,Metric Tonnes,1750.0,Rs./Quintal
Maharashtra,Pune,Cereals,Wheat,20-11-2021,153.0,Metric Tonnes,2850.0,Rs./Quintal
Maharashtra,Pune,Cereals,Bajra(Pearl Millet/Cumbu),21-11-2021,4.0,Metric Tonnes,1775.0,Rs./Quintal
Maharashtra,Pune,Cereals,Jowar(Sorghum),21-11-2021,2.0,Metric Tonnes,1425.0,Rs./Quintal
Maharashtra,Pune,Cereals,Maize,21-11-2021,130.0,Metric Tonnes,1690.81,Rs./Quintal
Maharashtra,Pune,Cereals,Wheat,21-11-2021,16.0,Metric Tonnes,1828.13,Rs./Quintal
Maharashtra,Pune,Cereals,Bajra(Pearl Millet/Cumbu),22-11-2021,22.0,Metric Tonnes,2550.0,Rs./Quintal
Maharashtra,Pune,Cereals,Jowar(Sorghum),22-11-2021,37.0,Metric Tonnes,3850.0,Rs./Quintal
Maharashtra,Pune,Cereals,Maize,22-11-2021,119.0,Metric Tonnes,1870.0,Rs./Quintal
Maharashtra,Pune,Cereals,Wheat,22-11-2021,238.0,Metric Tonnes,2487.61,Rs./Quintal
Maharashtra,Pune,Cereals,Bajra(Pearl Millet/Cumbu),23-11-2021,25.0,Metric Tonnes,2554.0,Rs./Quintal
Maharashtra,Pune,Cereals,Jowar(Sorghum),23-11-2021,37.0,Metric Tonnes,4000.0,Rs./Quintal
Maharashtra,Pune,Cereals,Maize,23-11-2021,4.0,Metric Tonnes,1730.0,Rs./Quintal
Maharashtra,Pune,Cereals,Wheat,23-11-2021,24.0,Metric Tonnes,3858.33,Rs./Quintal
Maharashtra,Pune,Cereals,Bajra(Pearl Millet/Cumbu),24-11-2021,23.0,Metric Tonnes,2627.17,Rs./Quintal
Maharashtra,Pune,Cereals,Jowar(Sorghum),24-11-2021,38.0,Metric Tonnes,3950.66,Rs./Quintal
Maharashtra,Pune,Cereals,Wheat,24-11-2021,25.0,Metric Tonnes,3893.8,Rs./Quintal
Maharashtra,Pune,Cereals,Bajra(Pearl Millet/Cumbu),25-11-2021,25.0,Metric Tonnes,2524.0,Rs./Quintal
Maharashtra,Pune,Cereals,Jowar(Sorghum),25-11-2021,37.0,Metric Tonnes,4000.0,Rs./Quintal
Maharashtra,Pune,Cereals,Maize,25-11-2021,251.0,Metric Tonnes,1773.49,Rs./Quintal
Maharashtra,Pune,Cereals,Wheat,25-11-2021,246.0,Metric Tonnes,2489.29,Rs./Quintal
Maharashtra,Pune,Cereals,Bajra(Pearl Millet/Cumbu),26-11-2021,23.0,Metric Tonnes,2584.78,Rs./Quintal
Maharashtra,Pune,Cereals,Jowar(Sorghum),26-11-2021,37.0,Metric Tonnes,4200.0,Rs./Quintal
Maharashtra,Pune,Cereals,Wheat,26-11-2021,153.0,Metric Tonnes,2841.83,Rs./Quintal
Maharashtra,Pune,Cereals,Bajra(Pearl Millet/Cumbu),27-11-2021,22.0,Metric Tonnes,2606.82,Rs./Quintal
Maharashtra,Pune,Cereals,Jowar(Sorghum),27-11-2021,37.0,Metric Tonnes,4200.0,Rs./Quintal
Maharashtra,Pune,Cereals,Wheat,27-11-2021,23.0,Metric Tonnes,4369.57,Rs./Quintal
Maharashtra,Pune,Cereals,Bajra(Pearl Millet/Cumbu),28-11-2021,5.0,Metric Tonnes,1820.0,Rs./Quintal
Maharashtra,Pune,Cereals,Jowar(Sorghum),28-11-2021,1.0,Metric Tonnes,1500.0,Rs./Quintal
Maharashtra,Pune,Cereals,Maize,28-11-2021,142.0,Metric Tonnes,1749.21,Rs./Quintal
Maharashtra,Pune,Cereals,Wheat,28-11-2021,23.0,Metric Tonnes,1839.13,Rs./Quintal
Maharashtra,Pune,Cereals,Bajra(Pearl Millet/Cumbu),29-11-2021,23.0,Metric Tonnes,2565.22,Rs./Quintal
Maharashtra,Pune,Cereals,Jowar(Sorghum),29-11-2021,37.0,Metric Tonnes,4200.0,Rs./Quintal
Maharashtra,Pune,Cereals,Maize,29-11-2021,480.0,Metric Tonnes,1776.41,Rs./Quintal
Maharashtra,Pune,Cereals,Wheat,29-11-2021,262.0,Metric Tonnes,2464.98,Rs./Quintal
Maharashtra,Pune,Cereals,Bajra(Pearl Millet/Cumbu),30-11-2021,24.0,Metric Tonnes,2533.33,Rs./Quintal
Maharashtra,Pune,Cereals,Jowar(Sorghum),30-11-2021,37.0,Metric Tonnes,4200.0,Rs./Quintal
Maharashtra,Pune,Cereals,Wheat,30-11-2021,23.0,Metric Tonnes,4189.13,Rs./Quintal
Maharashtra,Pune,Cereals,Bajra(Pearl Millet/Cumbu),01-12-2021,23.0,Metric Tonnes,2631.52,Rs./Quintal
Maharashtra,Pune,Cereals,Jowar(Sorghum),01-12-2021,38.0,Metric Tonnes,4145.5,Rs./Quintal
Maharashtra,Pune,Cereals,Wheat,01-12-2021,25.0,Metric Tonnes,4039.0,Rs./Quintal
Maharashtra,Pune,Cereals,Bajra(Pearl Millet/Cumbu),02-12-2021,25.0,Metric Tonnes,2580.0,Rs./Quintal
Maharashtra,Pune,Cereals,Jowar(Sorghum),02-12-2021,37.0,Metric Tonnes,4000.0,Rs./Quintal
Maharashtra,Pune,Cereals,Maize,02-12-2021,36.0,Metric Tonnes,1751.0,Rs./Quintal
Maharashtra,Pune,Cereals,Wheat,02-12-2021,59.0,Metric Tonnes,2812.54,Rs./Quintal
Maharashtra,Pune,Cereals,Bajra(Pearl Millet/Cumbu),03-12-2021,23.0,Metric Tonnes,2750.0,Rs./Quintal
Maharashtra,Pune,Cereals,Jowar(Sorghum),03-12-2021,37.0,Metric Tonnes,4200.0,Rs./Quintal
Maharashtra,Pune,Cereals,Maize,03-12-2021,1.0,Metric Tonnes,1750.0,Rs./Quintal
Maharashtra,Pune,Cereals,Wheat,03-12-2021,23.0,Metric Tonnes,4086.96,Rs./Quintal
Maharashtra,Pune,Cereals,Bajra(Pearl Millet/Cumbu),04-12-2021,23.0,Metric Tonnes,2563.04,Rs./Quintal
Maharashtra,Pune,Cereals,Jowar(Sorghum),04-12-2021,38.0,Metric Tonnes,4150.0,Rs./Quintal
Maharashtra,Pune,Cereals,Wheat,04-12-2021,23.0,Metric Tonnes,2800.0,Rs./Quintal
Maharashtra,Pune,Cereals,Bajra(Pearl Millet/Cumbu),05-12-2021,2.0,Metric Tonnes,1750.0,Rs./Quintal
Maharashtra,Pune,Cereals,Jowar(Sorghum),05-12-2021,2.0,Metric Tonnes,1430.0,Rs./Quintal
Maharashtra,Pune,Cereals,Maize,05-12-2021,78.0,Metric Tonnes,1720.73,Rs./Quintal
Maharashtra,Pune,Cereals,Wheat,05-12-2021,15.0,Metric Tonnes,1783.33,Rs./Quintal
Maharashtra,Pune,Cereals,Bajra(Pearl Millet/Cumbu),06-12-2021,2.0,Metric Tonnes,1800.0,Rs./Quintal
Maharashtra,Pune,Cereals,Maize,06-12-2021,81.0,Metric Tonnes,1775.0,Rs./Quintal
Maharashtra,Pune,Cereals,Wheat,06-12-2021,84.0,Metric Tonnes,1936.55,Rs./Quintal
Maharashtra,Pune,Cereals,Bajra(Pearl Millet/Cumbu),07-12-2021,25.0,Metric Tonnes,2601.0,Rs./Quintal
Maharashtra,Pune,Cereals,Jowar(Sorghum),07-12-2021,38.0,Metric Tonnes,4250.0,Rs./Quintal
Maharashtra,Pune,Cereals,Wheat,07-12-2021,22.0,Metric Tonnes,4000.0,Rs./Quintal
Maharashtra,Pune,Cereals,Bajra(Pearl Millet/Cumbu),08-12-2021,3.0,Metric Tonnes,2250.0,Rs./Quintal
Maharashtra,Pune,Cereals,Jowar(Sorghum),08-12-2021,40.0,Metric Tonnes,4151.85,Rs./Quintal
Maharashtra,Pune,Cereals,Wheat,08-12-2021,24.0,Metric Tonnes,3847.92,Rs./Quintal
Maharashtra,Pune,Cereals,Bajra(Pearl Millet/Cumbu),09-12-2021,26.0,Metric Tonnes,2609.62,Rs./Quintal
Maharashtra,Pune,Cereals,Jowar(Sorghum),09-12-2021,38.0,Metric Tonnes,4200.0,Rs./Quintal
Maharashtra,Pune,Cereals,Maize,09-12-2021,153.0,Metric Tonnes,1890.0,Rs./Quintal
Maharashtra,Pune,Cereals,Wheat,09-12-2021,121.0,Metric Tonnes,2362.11,Rs./Quintal
Maharashtra,Pune,Cereals,Bajra(Pearl Millet/Cumbu),10-12-2021,22.0,Metric Tonnes,2750.0,Rs./Quintal
Maharashtra,Pune,Cereals,Jowar(Sorghum),10-12-2021,38.0,Metric Tonnes,4000.0,Rs./Quintal
Maharashtra,Pune,Cereals,Wheat,10-12-2021,23.0,Metric Tonnes,4213.04,Rs./Quintal
Maharashtra,Pune,Cereals,Bajra(Pearl Millet/Cumbu),11-12-2021,23.0,Metric Tonnes,2750.0,Rs./Quintal
Maharashtra,Pune,Cereals,Jowar(Sorghum),11-12-2021,38.0,Metric Tonnes,4000.0,Rs./Quintal
Maharashtra,Pune,Cereals,Wheat,11-12-2021,4.0,Metric Tonnes,6862.5,Rs./Quintal
Maharashtra,Pune,Cereals,Bajra(Pearl Millet/Cumbu),12-12-2021,1.0,Metric Tonnes,1900.0,Rs./Quintal
Maharashtra,Pune,Cereals,Maize,12-12-2021,80.0,Metric Tonnes,1750.99,Rs./Quintal
Maharashtra,Pune,Cereals,Wheat,12-12-2021,16.0,Metric Tonnes,1828.13,Rs./Quintal
Maharashtra,Pune,Cereals,Bajra(Pearl Millet/Cumbu),13-12-2021,24.0,Metric Tonnes,2760.42,Rs./Quintal
Maharashtra,Pune,Cereals,Jowar(Sorghum),13-12-2021,39.0,Metric Tonnes,4200.0,Rs./Quintal
Maharashtra,Pune,Cereals,Maize,13-12-2021,99.0,Metric Tonnes,1783.13,Rs./Quintal
Maharashtra,Pune,Cereals,Wheat,13-12-2021,85.0,Metric Tonnes,2653.06,Rs./Quintal
Maharashtra,Pune,Cereals,Bajra(Pearl Millet/Cumbu),14-12-2021,24.0,Metric Tonnes,2759.38,Rs./Quintal
Maharashtra,Pune,Cereals,Jowar(Sorghum),14-12-2021,39.0,Metric Tonnes,4200.0,Rs./Quintal
Maharashtra,Pune,Cereals,Maize,14-12-2021,1.0,Metric Tonnes,2100.0,Rs./Quintal
Maharashtra,Pune,Cereals,Wheat,14-12-2021,23.0,Metric Tonnes,4400.0,Rs./Quintal
Maharashtra,Pune,Cereals,Bajra(Pearl Millet/Cumbu),15-12-2021,26.0,Metric Tonnes,2890.38,Rs./Quintal
Maharashtra,Pune,Cereals,Jowar(Sorghum),15-12-2021,41.0,Metric Tonnes,3914.63,Rs./Quintal
Maharashtra,Pune,Cereals,Wheat,15-12-2021,27.0,Metric Tonnes,3992.59,Rs./Quintal
Maharashtra,Pune,Cereals,Bajra(Pearl Millet/Cumbu),16-12-2021,24.0,Metric Tonnes,2906.25,Rs./Quintal
Maharashtra,Pune,Cereals,Jowar(Sorghum),16-12-2021,40.0,Metric Tonnes,3838.75,Rs./Quintal
Maharashtra,Pune,Cereals,Maize,16-12-2021,120.0,Metric Tonnes,1830.5,Rs./Quintal
Maharashtra,Pune,Cereals,Wheat,16-12-2021,93.0,Metric Tonnes,2558.06,Rs./Quintal
Maharashtra,Pune,Cereals,Bajra(Pearl Millet/Cumbu),17-12-2021,24.0,Metric Tonnes,2800.0,Rs./Quintal
Maharashtra,Pune,Cereals,Jowar(Sorghum),17-12-2021,40.0,Metric Tonnes,4000.0,Rs./Quintal
Maharashtra,Pune,Cereals,Wheat,17-12-2021,22.0,Metric Tonnes,4200.0,Rs./Quintal
Maharashtra,Pune,Cereals,Bajra(Pearl Millet/Cumbu),18-12-2021,1.0,Metric Tonnes,1600.0,Rs./Quintal
Maharashtra,Pune,Cereals,Jowar(Sorghum),18-12-2021,39.0,Metric Tonnes,4200.0,Rs./Quintal
Maharashtra,Pune,Cereals,Wheat,18-12-2021,23.0,Metric Tonnes,4134.78,Rs./Quintal
Maharashtra,Pune,Cereals,Bajra(Pearl Millet/Cumbu),19-12-2021,2.0,Metric Tonnes,1850.0,Rs./Quintal
Maharashtra,Pune,Cereals,Maize,19-12-2021,85.0,Metric Tonnes,1711.0,Rs./Quintal
Maharashtra,Pune,Cereals,Wheat,19-12-2021,17.0,Metric Tonnes,1800.0,Rs./Quintal
Maharashtra,Pune,Cereals,Bajra(Pearl Millet/Cumbu),20-12-2021,25.0,Metric Tonnes,2754.0,Rs./Quintal
Maharashtra,Pune,Cereals,Jowar(Sorghum),20-12-2021,40.0,Metric Tonnes,4150.0,Rs./Quintal
Maharashtra,Pune,Cereals,Maize,20-12-2021,87.0,Metric Tonnes,1736.15,Rs./Quintal
Maharashtra,Pune,Cereals,Wheat,20-12-2021,102.0,Metric Tonnes,2496.37,Rs./Quintal
Maharashtra,Pune,Cereals,Bajra(Pearl Millet/Cumbu),21-12-2021,26.0,Metric Tonnes,2915.38,Rs./Quintal
Maharashtra,Pune,Cereals,Jowar(Sorghum),21-12-2021,40.0,Metric Tonnes,4250.0,Rs./Quintal
Maharashtra,Pune,Cereals,Wheat,21-12-2021,24.0,Metric Tonnes,4131.25,Rs./Quintal
Maharashtra,Pune,Cereals,Bajra(Pearl Millet/Cumbu),22-12-2021,27.0,Metric Tonnes,2904.67,Rs./Quintal
Maharashtra,Pune,Cereals,Jowar(Sorghum),22-12-2021,41.0,Metric Tonnes,4149.07,Rs./Quintal
Maharashtra,Pune,Cereals,Wheat,22-12-2021,25.0,Metric Tonnes,4086.0,Rs./Quintal
Maharashtra,Pune,Cereals,Bajra(Pearl Millet/Cumbu),23-12-2021,25.0,Metric Tonnes,3008.0,Rs./Quintal
Maharashtra,Pune,Cereals,Jowar(Sorghum),23-12-2021,41.0,Metric Tonnes,4136.59,Rs./Quintal
Maharashtra,Pune,Cereals,Maize,23-12-2021,113.0,Metric Tonnes,1885.31,Rs./Quintal
Maharashtra,Pune,Cereals,Wheat,23-12-2021,117.0,Metric Tonnes,2388.38,Rs./Quintal
Maharashtra,Pune,Cereals,Bajra(Pearl Millet/Cumbu),24-12-2021,24.0,Metric Tonnes,3050.0,Rs./Quintal
Maharashtra,Pune,Cereals,Jowar(Sorghum),24-12-2021,41.0,Metric Tonnes,4100.0,Rs./Quintal
Maharashtra,Pune,Cereals,Wheat,24-12-2021,23.0,Metric Tonnes,4200.0,Rs./Quintal
Maharashtra,Pune,Cereals,Bajra(Pearl Millet/Cumbu),25-12-2021,26.0,Metric Tonnes,2996.15,Rs./Quintal
Maharashtra,Pune,Cereals,Jowar(Sorghum),25-12-2021,41.0,Metric Tonnes,4100.0,Rs./Quintal
Maharashtra,Pune,Cereals,Wheat,25-12-2021,23.0,Metric Tonnes,4200.0,Rs./Quintal
Maharashtra,Pune,Cereals,Jowar(Sorghum),26-12-2021,1.0,Metric Tonnes,1450.0,Rs./Quintal
Maharashtra,Pune,Cereals,Maize,26-12-2021,66.0,Metric Tonnes,1731.29,Rs./Quintal
Maharashtra,Pune,Cereals,Wheat,26-12-2021,12.0,Metric Tonnes,1850.0,Rs./Quintal
Maharashtra,Pune,Cereals,Bajra(Pearl Millet/Cumbu),27-12-2021,25.0,Metric Tonnes,2950.0,Rs./Quintal
Maharashtra,Pune,Cereals,Jowar(Sorghum),27-12-2021,41.0,Metric Tonnes,4250.0,Rs./Quintal
Maharashtra,Pune,Cereals,Maize,27-12-2021,70.0,Metric Tonnes,1773.78,Rs./Quintal
Maharashtra,Pune,Cereals,Wheat,27-12-2021,86.0,Metric Tonnes,2623.49,Rs./Quintal
Maharashtra,Pune,Cereals,Bajra(Pearl Millet/Cumbu),28-12-2021,29.0,Metric Tonnes,2836.0,Rs./Quintal
Maharashtra,Pune,Cereals,Jowar(Sorghum),28-12-2021,41.0,Metric Tonnes,4250.0,Rs./Quintal
Maharashtra,Pune,Cereals,Maize,28-12-2021,1.0,Metric Tonnes,1600.0,Rs./Quintal
Maharashtra,Pune,Cereals,Wheat,28-12-2021,26.0,Metric Tonnes,4053.85,Rs./Quintal
Maharashtra,Pune,Cereals,Bajra(Pearl Millet/Cumbu),29-12-2021,42.0,Metric Tonnes,2685.71,Rs./Quintal
Maharashtra,Pune,Cereals,Jowar(Sorghum),29-12-2021,53.0,Metric Tonnes,3808.49,Rs./Quintal
Maharashtra,Pune,Cereals,Wheat,29-12-2021,40.0,Metric Tonnes,3420.0,Rs./Quintal
Maharashtra,Pune,Cereals,Bajra(Pearl Millet/Cumbu),30-12-2021,26.0,Metric Tonnes,3111.96,Rs./Quintal
Maharashtra,Pune,Cereals,Jowar(Sorghum),30-12-2021,42.0,Metric Tonnes,4281.55,Rs./Quintal
Maharashtra,Pune,Cereals,Maize,30-12-2021,91.0,Metric Tonnes,1702.2,Rs./Quintal
Maharashtra,Pune,Cereals,Wheat,30-12-2021,122.0,Metric Tonnes,2488.36,Rs./Quintal
Maharashtra,Pune,Cereals,Bajra(Pearl Millet/Cumbu),31-12-2021,26.0,Metric Tonnes,3092.35,Rs./Quintal
Maharashtra,Pune,Cereals,Jowar(Sorghum),31-12-2021,42.0,Metric Tonnes,4150.0,Rs./Quintal
Maharashtra,Pune,Cereals,Wheat,31-12-2021,25.0,Metric Tonnes,4160.0,Rs./Quintal
Maharashtra,Pune,Cereals,Bajra(Pearl Millet/Cumbu),01-01-2022,27.0,Metric Tonnes,3111.11,Rs./Quintal
Maharashtra,Pune,Cereals,Jowar(Sorghum),01-01-2022,42.0,Metric Tonnes,4250.0,Rs./Quintal
Maharashtra,Pune,Cereals,Maize,01-01-2022,1.0,Metric Tonnes,2000.0,Rs./Quintal
Maharashtra,Pune,Cereals,Wheat,01-01-2022,24.0,Metric Tonnes,4095.83,Rs./Quintal
Maharashtra,Pune,Cereals,Bajra(Pearl Millet/Cumbu),02-01-2022,3.0,Metric Tonnes,1800.0,Rs./Quintal
Maharashtra,Pune,Cereals,Jowar(Sorghum),02-01-2022,1.0,Metric Tonnes,1450.0,Rs./Quintal
Maharashtra,Pune,Cereals,Maize,02-01-2022,67.0,Metric Tonnes,1710.67,Rs./Quintal
Maharashtra,Pune,Cereals,Wheat,02-01-2022,18.0,Metric Tonnes,1838.89,Rs./Quintal
Maharashtra,Pune,Cereals,Bajra(Pearl Millet/Cumbu),03-01-2022,25.0,Metric Tonnes,3100.0,Rs./Quintal
Maharashtra,Pune,Cereals,Jowar(Sorghum),03-01-2022,42.0,Metric Tonnes,4200.0,Rs./Quintal
Maharashtra,Pune,Cereals,Maize,03-01-2022,61.0,Metric Tonnes,1770.0,Rs./Quintal
Maharashtra,Pune,Cereals,Wheat,03-01-2022,225.0,Metric Tonnes,3536.33,Rs./Quintal
Maharashtra,Pune,Cereals,Bajra(Pearl Millet/Cumbu),04-01-2022,29.0,Metric Tonnes,3055.17,Rs./Quintal
Maharashtra,Pune,Cereals,Jowar(Sorghum),04-01-2022,42.0,Metric Tonnes,4250.0,Rs./Quintal
Maharashtra,Pune,Cereals,Wheat,04-01-2022,25.0,Metric Tonnes,4098.0,Rs./Quintal
Maharashtra,Pune,Cereals,Bajra(Pearl Millet/Cumbu),05-01-2022,45.0,Metric Tonnes,2617.22,Rs./Quintal
Maharashtra,Pune,Cereals,Jowar(Sorghum),05-01-2022,51.0,Metric Tonnes,4002.94,Rs./Quintal
Maharashtra,Pune,Cereals,Wheat,05-01-2022,37.0,Metric Tonnes,3529.73,Rs./Quintal
Maharashtra,Pune,Cereals,Maize,06-01-2022,41.0,Metric Tonnes,1845.5,Rs./Quintal
Maharashtra,Pune,Cereals,Wheat,06-01-2022,79.0,Metric Tonnes,2080.0,Rs./Quintal
Maharashtra,Pune,Cereals,Bajra(Pearl Millet/Cumbu),07-01-2022,27.0,Metric Tonnes,2857.41,Rs./Quintal
Maharashtra,Pune,Cereals,Jowar(Sorghum),07-01-2022,41.0,Metric Tonnes,4400.0,Rs./Quintal
Maharashtra,Pune,Cereals,Maize,07-01-2022,1.0,Metric Tonnes,2000.0,Rs./Quintal
Maharashtra,Pune,Cereals,Wheat,07-01-2022,26.0,Metric Tonnes,4288.46,Rs./Quintal
Maharashtra,Pune,Cereals,Bajra(Pearl Millet/Cumbu),08-01-2022,26.0,Metric Tonnes,2900.0,Rs./Quintal
Maharashtra,Pune,Cereals,Jowar(Sorghum),08-01-2022,42.0,Metric Tonnes,4400.0,Rs./Quintal
Maharashtra,Pune,Cereals,Wheat,08-01-2022,25.0,Metric Tonnes,4388.44,Rs./Quintal
Maharashtra,Pune,Cereals,Bajra(Pearl Millet/Cumbu),09-01-2022,1.0,Metric Tonnes,1850.0,Rs./Quintal
Maharashtra,Pune,Cereals,Jowar(Sorghum),09-01-2022,1.0,Metric Tonnes,1450.0,Rs./Quintal
Maharashtra,Pune,Cereals,Maize,09-01-2022,41.0,Metric Tonnes,1741.0,Rs./Quintal
Maharashtra,Pune,Cereals,Wheat,09-01-2022,1.0,Metric Tonnes,1900.0,Rs./Quintal
Maharashtra,Pune,Cereals,Bajra(Pearl Millet/Cumbu),10-01-2022,28.0,Metric Tonnes,2825.0,Rs./Quintal
Maharashtra,Pune,Cereals,Jowar(Sorghum),10-01-2022,42.0,Metric Tonnes,4200.0,Rs./Quintal
Maharashtra,Pune,Cereals,Maize,10-01-2022,38.0,Metric Tonnes,1720.75,Rs./Quintal
Maharashtra,Pune,Cereals,Wheat,10-01-2022,90.0,Metric Tonnes,2675.0,Rs./Quintal
Maharashtra,Pune,Cereals,Bajra(Pearl Millet/Cumbu),11-01-2022,27.0,Metric Tonnes,2859.26,Rs./Quintal
Maharashtra,Pune,Cereals,Jowar(Sorghum),11-01-2022,42.0,Metric Tonnes,4000.0,Rs./Quintal
Maharashtra,Pune,Cereals,Wheat,11-01-2022,26.0,Metric Tonnes,4023.08,Rs./Quintal
Maharashtra,Pune,Cereals,Jowar(Sorghum),12-01-2022,42.0,Metric Tonnes,4200.0,Rs./Quintal
Maharashtra,Pune,Cereals,Wheat,12-01-2022,24.0,Metric Tonnes,4200.0,Rs./Quintal
Maharashtra,Pune,Cereals,Maize,13-01-2022,41.0,Metric Tonnes,1950.0,Rs./Quintal
Maharashtra,Pune,Cereals,Wheat,13-01-2022,42.0,Metric Tonnes,2035.0,Rs./Quintal
Maharashtra,Pune,Cereals,Bajra(Pearl Millet/Cumbu),14-01-2022,27.0,Metric Tonnes,2811.11,Rs./Quintal
Maharashtra,Pune,Cereals,Jowar(Sorghum),14-01-2022,42.0,Metric Tonnes,4000.0,Rs./Quintal
Maharashtra,Pune,Cereals,Maize,14-01-2022,1.0,Metric Tonnes,1600.0,Rs./Quintal
Maharashtra,Pune,Cereals,Wheat,14-01-2022,25.0,Metric Tonnes,4000.0,Rs./Quintal
Maharashtra,Pune,Cereals,Bajra(Pearl Millet/Cumbu),15-01-2022,28.0,Metric Tonnes,2858.04,Rs./Quintal
Maharashtra,Pune,Cereals,Jowar(Sorghum),15-01-2022,43.0,Metric Tonnes,3900.0,Rs./Quintal
Maharashtra,Pune,Cereals,Wheat,15-01-2022,24.0,Metric Tonnes,4100.0,Rs./Quintal
Maharashtra,Pune,Cereals,Bajra(Pearl Millet/Cumbu),16-01-2022,2.0,Metric Tonnes,1950.0,Rs./Quintal
Maharashtra,Pune,Cereals,Jowar(Sorghum),16-01-2022,1.0,Metric Tonnes,1475.0,Rs./Quintal
Maharashtra,Pune,Cereals,Maize,16-01-2022,28.0,Metric Tonnes,1750.0,Rs./Quintal
Maharashtra,Pune,Cereals,Wheat,16-01-2022,6.0,Metric Tonnes,1850.0,Rs./Quintal
Maharashtra,Pune,Cereals,Bajra(Pearl Millet/Cumbu),17-01-2022,32.0,Metric Tonnes,2709.38,Rs./Quintal
Maharashtra,Pune,Cereals,Jowar(Sorghum),17-01-2022,43.0,Metric Tonnes,3850.0,Rs./Quintal
Maharashtra,Pune,Cereals,Maize,17-01-2022,129.0,Metric Tonnes,1853.5,Rs./Quintal
Maharashtra,Pune,Cereals,Wheat,17-01-2022,56.0,Metric Tonnes,2995.54,Rs./Quintal
Maharashtra,Pune,Cereals,Bajra(Pearl Millet/Cumbu),18-01-2022,30.0,Metric Tonnes,2790.0,Rs./Quintal
Maharashtra,Pune,Cereals,Jowar(Sorghum),18-01-2022,43.0,Metric Tonnes,3900.0,Rs./Quintal
Maharashtra,Pune,Cereals,Maize,18-01-2022,1.0,Metric Tonnes,1700.0,Rs./Quintal
Maharashtra,Pune,Cereals,Wheat,18-01-2022,26.0,Metric Tonnes,3951.92,Rs./Quintal
Maharashtra,Pune,Cereals,Bajra(Pearl Millet/Cumbu),19-01-2022,27.0,Metric Tonnes,3000.0,Rs./Quintal
Maharashtra,Pune,Cereals,Jowar(Sorghum),19-01-2022,43.0,Metric Tonnes,4000.0,Rs./Quintal
Maharashtra,Pune,Cereals,Wheat,19-01-2022,25.0,Metric Tonnes,3900.0,Rs./Quintal
Maharashtra,Pune,Cereals,Bajra(Pearl Millet/Cumbu),20-01-2022,30.0,Metric Tonnes,2945.0,Rs./Quintal
Maharashtra,Pune,Cereals,Jowar(Sorghum),20-01-2022,43.0,Metric Tonnes,4100.0,Rs./Quintal
Maharashtra,Pune,Cereals,Maize,20-01-2022,1.0,Metric Tonnes,2100.0,Rs./Quintal
Maharashtra,Pune,Cereals,Wheat,20-01-2022,85.0,Metric Tonnes,2625.47,Rs./Quintal
Maharashtra,Pune,Cereals,Bajra(Pearl Millet/Cumbu),21-01-2022,29.0,Metric Tonnes,3051.72,Rs./Quintal
Maharashtra,Pune,Cereals,Jowar(Sorghum),21-01-2022,43.0,Metric Tonnes,4100.0,Rs./Quintal
Maharashtra,Pune,Cereals,Maize,21-01-2022,2.0,Metric Tonnes,1500.0,Rs./Quintal
Maharashtra,Pune,Cereals,Wheat,21-01-2022,26.0,Metric Tonnes,3911.54,Rs./Quintal
Maharashtra,Pune,Cereals,Bajra(Pearl Millet/Cumbu),22-01-2022,29.0,Metric Tonnes,3104.31,Rs./Quintal
Maharashtra,Pune,Cereals,Jowar(Sorghum),22-01-2022,43.0,Metric Tonnes,4150.0,Rs./Quintal
Maharashtra,Pune,Cereals,Wheat,22-01-2022,26.0,Metric Tonnes,3903.85,Rs./Quintal
Maharashtra,Pune,Cereals,Bajra(Pearl Millet/Cumbu),23-01-2022,3.0,Metric Tonnes,1866.67,Rs./Quintal
Maharashtra,Pune,Cereals,Jowar(Sorghum),23-01-2022,1.0,Metric Tonnes,1560.0,Rs./Quintal
Maharashtra,Pune,Cereals,Maize,23-01-2022,32.0,Metric Tonnes,1900.0,Rs./Quintal
Maharashtra,Pune,Cereals,Wheat,23-01-2022,9.0,Metric Tonnes,1901.11,Rs./Quintal
Maharashtra,Pune,Cereals,Bajra(Pearl Millet/Cumbu),24-01-2022,29.0,Metric Tonnes,2906.9,Rs./Quintal
Maharashtra,Pune,Cereals,Jowar(Sorghum),24-01-2022,43.0,Metric Tonnes,4300.0,Rs./Quintal
Maharashtra,Pune,Cereals,Maize,24-01-2022,55.0,Metric Tonnes,1913.45,Rs./Quintal
Maharashtra,Pune,Cereals,Wheat,24-01-2022,94.0,Metric Tonnes,2635.11,Rs./Quintal
Maharashtra,Pune,Cereals,Bajra(Pearl Millet/Cumbu),25-01-2022,28.0,Metric Tonnes,2850.0,Rs./Quintal
Maharashtra,Pune,Cereals,Jowar(Sorghum),25-01-2022,44.0,Metric Tonnes,4189.77,Rs./Quintal
Maharashtra,Pune,Cereals,Wheat,25-01-2022,26.0,Metric Tonnes,3917.31,Rs./Quintal
Maharashtra,Pune,Cereals,Bajra(Pearl Millet/Cumbu),27-01-2022,31.0,Metric Tonnes,2977.42,Rs./Quintal
Maharashtra,Pune,Cereals,Jowar(Sorghum),27-01-2022,44.0,Metric Tonnes,4045.45,Rs./Quintal
Maharashtra,Pune,Cereals,Maize,27-01-2022,34.0,Metric Tonnes,1951.0,Rs./Quintal
Maharashtra,Pune,Cereals,Wheat,27-01-2022,100.0,Metric Tonnes,2563.5,Rs./Quintal
Maharashtra,Pune,Cereals,Bajra(Pearl Millet/Cumbu),28-01-2022,29.0,Metric Tonnes,2957.28,Rs./Quintal
Maharashtra,Pune,Cereals,Jowar(Sorghum),28-01-2022,43.0,Metric Tonnes,3900.0,Rs./Quintal
Maharashtra,Pune,Cereals,Wheat,28-01-2022,26.0,Metric Tonnes,3811.54,Rs./Quintal
Maharashtra,Pune,Cereals,Bajra(Pearl Millet/Cumbu),29-01-2022,28.0,Metric Tonnes,2900.0,Rs./Quintal
Maharashtra,Pune,Cereals,Jowar(Sorghum),29-01-2022,43.0,Metric Tonnes,4100.0,Rs./Quintal
Maharashtra,Pune,Cereals,Wheat,29-01-2022,25.0,Metric Tonnes,4000.0,Rs./Quintal
Maharashtra,Pune,Cereals,Bajra(Pearl Millet/Cumbu),30-01-2022,1.0,Metric Tonnes,1550.0,Rs./Quintal
Maharashtra,Pune,Cereals,Jowar(Sorghum),30-01-2022,2.0,Metric Tonnes,1600.0,Rs./Quintal
Maharashtra,Pune,Cereals,Wheat,30-01-2022,11.0,Metric Tonnes,1872.73,Rs./Quintal
Maharashtra,Pune,Cereals,Bajra(Pearl Millet/Cumbu),31-01-2022,29.0,Metric Tonnes,2863.79,Rs./Quintal
Maharashtra,Pune,Cereals,Jowar(Sorghum),31-01-2022,44.0,Metric Tonnes,4239.34,Rs./Quintal
Maharashtra,Pune,Cereals,Maize,31-01-2022,54.0,Metric Tonnes,2040.0,Rs./Quintal
Maharashtra,Pune,Cereals,Wheat,31-01-2022,108.0,Metric Tonnes,2491.78,Rs./Quintal
Maharashtra,Pune,Cereals,Bajra(Pearl Millet/Cumbu),01-02-2022,31.0,Metric Tonnes,2916.13,Rs./Quintal
Maharashtra,Pune,Cereals,Jowar(Sorghum),01-02-2022,44.0,Metric Tonnes,4086.36,Rs./Quintal
Maharashtra,Pune,Cereals,Wheat,01-02-2022,26.0,Metric Tonnes,3863.46,Rs./Quintal
Maharashtra,Pune,Cereals,Bajra(Pearl Millet/Cumbu),02-02-2022,29.0,Metric Tonnes,2950.0,Rs./Quintal
Maharashtra,Pune,Cereals,Jowar(Sorghum),02-02-2022,57.0,Metric Tonnes,3771.05,Rs./Quintal
Maharashtra,Pune,Cereals,Wheat,02-02-2022,25.0,Metric Tonnes,4000.0,Rs./Quintal
Maharashtra,Pune,Cereals,Bajra(Pearl Millet/Cumbu),03-02-2022,31.0,Metric Tonnes,2875.81,Rs./Quintal
Maharashtra,Pune,Cereals,Jowar(Sorghum),03-02-2022,45.0,Metric Tonnes,4133.33,Rs./Quintal
Maharashtra,Pune,Cereals,Maize,03-02-2022,87.0,Metric Tonnes,2095.0,Rs./Quintal
Maharashtra,Pune,Cereals,Wheat,03-02-2022,114.0,Metric Tonnes,2450.88,Rs./Quintal
Maharashtra,Pune,Cereals,Bajra(Pearl Millet/Cumbu),04-02-2022,30.0,Metric Tonnes,2956.67,Rs./Quintal
Maharashtra,Pune,Cereals,Jowar(Sorghum),04-02-2022,43.0,Metric Tonnes,4250.0,Rs./Quintal
Maharashtra,Pune,Cereals,Wheat,04-02-2022,26.0,Metric Tonnes,3800.0,Rs./Quintal
Maharashtra,Pune,Cereals,Bajra(Pearl Millet/Cumbu),05-02-2022,29.0,Metric Tonnes,3050.0,Rs./Quintal
Maharashtra,Pune,Cereals,Jowar(Sorghum),05-02-2022,44.0,Metric Tonnes,4234.09,Rs./Quintal
Maharashtra,Pune,Cereals,Wheat,05-02-2022,158.0,Metric Tonnes,2900.0,Rs./Quintal
Maharashtra,Pune,Cereals,Bajra(Pearl Millet/Cumbu),06-02-2022,2.0,Metric Tonnes,1912.5,Rs./Quintal
Maharashtra,Pune,Cereals,Jowar(Sorghum),06-02-2022,1.0,Metric Tonnes,1550.0,Rs./Quintal
Maharashtra,Pune,Cereals,Maize,06-02-2022,32.0,Metric Tonnes,1900.0,Rs./Quintal
Maharashtra,Pune,Cereals,Wheat,06-02-2022,6.0,Metric Tonnes,1900.0,Rs./Quintal
Maharashtra,Pune,Cereals,Bajra(Pearl Millet/Cumbu),07-02-2022,29.0,Metric Tonnes,3050.0,Rs./Quintal
Maharashtra,Pune,Cereals,Jowar(Sorghum),07-02-2022,43.0,Metric Tonnes,4300.0,Rs./Quintal
Maharashtra,Pune,Cereals,Maize,07-02-2022,87.0,Metric Tonnes,1912.5,Rs./Quintal
Maharashtra,Pune,Cereals,Wheat,07-02-2022,89.0,Metric Tonnes,2546.66,Rs./Quintal
Maharashtra,Pune,Cereals,Bajra(Pearl Millet/Cumbu),08-02-2022,31.0,Metric Tonnes,2935.48,Rs./Quintal
Maharashtra,Pune,Cereals,Jowar(Sorghum),08-02-2022,43.0,Metric Tonnes,4250.0,Rs./Quintal
Maharashtra,Pune,Cereals,Maize,08-02-2022,1.0,Metric Tonnes,2200.0,Rs./Quintal
Maharashtra,Pune,Cereals,Wheat,08-02-2022,27.0,Metric Tonnes,4009.26,Rs./Quintal
Maharashtra,Pune,Cereals,Bajra(Pearl Millet/Cumbu),09-02-2022,43.0,Metric Tonnes,2723.26,Rs./Quintal
Maharashtra,Pune,Cereals,Jowar(Sorghum),09-02-2022,51.0,Metric Tonnes,3848.04,Rs./Quintal
Maharashtra,Pune,Cereals,Wheat,09-02-2022,169.0,Metric Tonnes,2810.95,Rs./Quintal
Maharashtra,Pune,Cereals,Bajra(Pearl Millet/Cumbu),10-02-2022,30.0,Metric Tonnes,2960.0,Rs./Quintal
Maharashtra,Pune,Cereals,Jowar(Sorghum),10-02-2022,44.0,Metric Tonnes,4089.77,Rs./Quintal
Maharashtra,Pune,Cereals,Maize,10-02-2022,118.0,Metric Tonnes,1915.53,Rs./Quintal
Maharashtra,Pune,Cereals,Wheat,10-02-2022,219.0,Metric Tonnes,2611.2,Rs./Quintal
Maharashtra,Pune,Cereals,Bajra(Pearl Millet/Cumbu),11-02-2022,30.0,Metric Tonnes,2960.0,Rs./Quintal
Maharashtra,Pune,Cereals,Jowar(Sorghum),11-02-2022,44.0,Metric Tonnes,4187.5,Rs./Quintal
Maharashtra,Pune,Cereals,Wheat,11-02-2022,26.0,Metric Tonnes,4100.0,Rs./Quintal
Maharashtra,Pune,Cereals,Bajra(Pearl Millet/Cumbu),12-02-2022,29.0,Metric Tonnes,3000.0,Rs./Quintal
Maharashtra,Pune,Cereals,Jowar(Sorghum),12-02-2022,44.0,Metric Tonnes,4250.0,Rs./Quintal
Maharashtra,Pune,Cereals,Wheat,12-02-2022,26.0,Metric Tonnes,4100.0,Rs./Quintal
Maharashtra,Pune,Cereals,Bajra(Pearl Millet/Cumbu),13-02-2022,2.0,Metric Tonnes,1850.0,Rs./Quintal
Maharashtra,Pune,Cereals,Maize,13-02-2022,23.0,Metric Tonnes,1871.0,Rs./Quintal
Maharashtra,Pune,Cereals,Wheat,13-02-2022,12.0,Metric Tonnes,1905.42,Rs./Quintal
Maharashtra,Pune,Cereals,Bajra(Pearl Millet/Cumbu),14-02-2022,30.0,Metric Tonnes,2961.67,Rs./Quintal
Maharashtra,Pune,Cereals,Jowar(Sorghum),14-02-2022,44.0,Metric Tonnes,4200.0,Rs./Quintal
Maharashtra,Pune,Cereals,Maize,14-02-2022,141.0,Metric Tonnes,1900.0,Rs./Quintal
Maharashtra,Pune,Cereals,Wheat,14-02-2022,82.0,Metric Tonnes,2623.9,Rs./Quintal
Maharashtra,Pune,Cereals,Bajra(Pearl Millet/Cumbu),15-02-2022,29.0,Metric Tonnes,3100.0,Rs./Quintal
Maharashtra,Pune,Cereals,Jowar(Sorghum),15-02-2022,44.0,Metric Tonnes,4100.0,Rs./Quintal
Maharashtra,Pune,Cereals,Wheat,15-02-2022,27.0,Metric Tonnes,3914.81,Rs./Quintal
Maharashtra,Pune,Cereals,Bajra(Pearl Millet/Cumbu),16-02-2022,41.0,Metric Tonnes,2765.85,Rs./Quintal
Maharashtra,Pune,Cereals,Jowar(Sorghum),16-02-2022,48.0,Metric Tonnes,4041.67,Rs./Quintal
Maharashtra,Pune,Cereals,Wheat,16-02-2022,35.0,Metric Tonnes,3519.29,Rs./Quintal
Maharashtra,Pune,Cereals,Bajra(Pearl Millet/Cumbu),17-02-2022,29.0,Metric Tonnes,3050.0,Rs./Quintal
Maharashtra,Pune,Cereals,Jowar(Sorghum),17-02-2022,46.0,Metric Tonnes,4297.83,Rs./Quintal
Maharashtra,Pune,Cereals,Maize,17-02-2022,72.0,Metric Tonnes,1936.79,Rs./Quintal
Maharashtra,Pune,Cereals,Wheat,17-02-2022,76.0,Metric Tonnes,2699.01,Rs./Quintal
Maharashtra,Pune,Cereals,Bajra(Pearl Millet/Cumbu),18-02-2022,29.0,Metric Tonnes,3000.0,Rs./Quintal
Maharashtra,Pune,Cereals,Jowar(Sorghum),18-02-2022,45.0,Metric Tonnes,4250.0,Rs./Quintal
Maharashtra,Pune,Cereals,Maize,18-02-2022,1.0,Metric Tonnes,2200.0,Rs./Quintal
Maharashtra,Pune,Cereals,Wheat,18-02-2022,26.0,Metric Tonnes,4000.0,Rs./Quintal
Maharashtra,Pune,Cereals,Jowar(Sorghum),19-02-2022,1.0,Metric Tonnes,1800.0,Rs./Quintal
Maharashtra,Pune,Cereals,Bajra(Pearl Millet/Cumbu),20-02-2022,1.0,Metric Tonnes,1900.0,Rs./Quintal
Maharashtra,Pune,Cereals,Jowar(Sorghum),20-02-2022,2.0,Metric Tonnes,1612.5,Rs./Quintal
Maharashtra,Pune,Cereals,Maize,20-02-2022,20.0,Metric Tonnes,1890.0,Rs./Quintal
Maharashtra,Pune,Cereals,Wheat,20-02-2022,9.0,Metric Tonnes,1920.0,Rs./Quintal
Maharashtra,Pune,Cereals,Bajra(Pearl Millet/Cumbu),21-02-2022,31.0,Metric Tonnes,2959.68,Rs./Quintal
Maharashtra,Pune,Cereals,Jowar(Sorghum),21-02-2022,45.0,Metric Tonnes,4250.0,Rs./Quintal
Maharashtra,Pune,Cereals,Maize,21-02-2022,55.0,Metric Tonnes,1925.09,Rs./Quintal
Maharashtra,Pune,Cereals,Wheat,21-02-2022,81.0,Metric Tonnes,2625.0,Rs./Quintal
Maharashtra,Pune,Cereals,Bajra(Pearl Millet/Cumbu),22-02-2022,31.0,Metric Tonnes,2861.29,Rs./Quintal
Maharashtra,Pune,Cereals,Jowar(Sorghum),22-02-2022,46.0,Metric Tonnes,4290.22,Rs./Quintal
Maharashtra,Pune,Cereals,Wheat,22-02-2022,27.0,Metric Tonnes,4112.04,Rs./Quintal
Maharashtra,Pune,Cereals,Bajra(Pearl Millet/Cumbu),23-02-2022,37.0,Metric Tonnes,2798.65,Rs./Quintal
Maharashtra,Pune,Cereals,Jowar(Sorghum),23-02-2022,49.0,Metric Tonnes,4083.67,Rs./Quintal
Maharashtra,Pune,Cereals,Maize,23-02-2022,1.0,Metric Tonnes,2150.0,Rs./Quintal
Maharashtra,Pune,Cereals,Wheat,23-02-2022,33.0,Metric Tonnes,3788.91,Rs./Quintal
Maharashtra,Pune,Cereals,Bajra(Pearl Millet/Cumbu),24-02-2022,30.0,Metric Tonnes,3000.0,Rs./Quintal
Maharashtra,Pune,Cereals,Jowar(Sorghum),24-02-2022,45.0,Metric Tonnes,4350.0,Rs./Quintal
Maharashtra,Pune,Cereals,Maize,24-02-2022,42.0,Metric Tonnes,1943.62,Rs./Quintal
Maharashtra,Pune,Cereals,Wheat,24-02-2022,93.0,Metric Tonnes,2580.65,Rs./Quintal
Maharashtra,Pune,Cereals,Bajra(Pearl Millet/Cumbu),25-02-2022,31.0,Metric Tonnes,3003.23,Rs./Quintal
Maharashtra,Pune,Cereals,Jowar(Sorghum),25-02-2022,46.0,Metric Tonnes,4194.57,Rs./Quintal
Maharashtra,Pune,Cereals,Wheat,25-02-2022,29.0,Metric Tonnes,3967.24,Rs./Quintal
Maharashtra,Pune,Cereals,Bajra(Pearl Millet/Cumbu),26-02-2022,31.0,Metric Tonnes,3050.0,Rs./Quintal
Maharashtra,Pune,Cereals,Jowar(Sorghum),26-02-2022,46.0,Metric Tonnes,4185.87,Rs./Quintal
Maharashtra,Pune,Cereals,Wheat,26-02-2022,28.0,Metric Tonnes,4066.07,Rs./Quintal
Maharashtra,Pune,Cereals,Bajra(Pearl Millet/Cumbu),27-02-2022,1.0,Metric Tonnes,2101.0,Rs./Quintal
Maharashtra,Pune,Cereals,Jowar(Sorghum),27-02-2022,1.0,Metric Tonnes,1600.0,Rs./Quintal
Maharashtra,Pune,Cereals,Maize,27-02-2022,18.0,Metric Tonnes,1931.0,Rs./Quintal
Maharashtra,Pune,Cereals,Wheat,27-02-2022,13.0,Metric Tonnes,1900.0,Rs./Quintal
Maharashtra,Pune,Cereals,Bajra(Pearl Millet/Cumbu),28-02-2022,31.0,Metric Tonnes,3150.0,Rs./Quintal
Maharashtra,Pune,Cereals,Jowar(Sorghum),28-02-2022,46.0,Metric Tonnes,4350.0,Rs./Quintal
Maharashtra,Pune,Cereals,Maize,28-02-2022,41.0,Metric Tonnes,1964.9,Rs./Quintal
Maharashtra,Pune,Cereals,Wheat,28-02-2022,115.0,Metric Tonnes,2555.04,Rs./Quintal
Maharashtra,Pune,Cereals,Bajra(Pearl Millet/Cumbu),01-03-2022,32.0,Metric Tonnes,3105.47,Rs./Quintal
Maharashtra,Pune,Cereals,Jowar(Sorghum),01-03-2022,46.0,Metric Tonnes,4350.0,Rs./Quintal
Maharashtra,Pune,Cereals,Wheat,01-03-2022,27.0,Metric Tonnes,4250.0,Rs./Quintal
Maharashtra,Pune,Cereals,Bajra(Pearl Millet/Cumbu),02-03-2022,37.0,Metric Tonnes,2937.84,Rs./Quintal
Maharashtra,Pune,Cereals,Jowar(Sorghum),02-03-2022,50.0,Metric Tonnes,4083.0,Rs./Quintal
Maharashtra,Pune,Cereals,Wheat,02-03-2022,33.0,Metric Tonnes,3668.18,Rs./Quintal
Maharashtra,Pune,Cereals,Bajra(Pearl Millet/Cumbu),03-03-2022,32.0,Metric Tonnes,2960.94,Rs./Quintal
Maharashtra,Pune,Cereals,Jowar(Sorghum),03-03-2022,60.0,Metric Tonnes,3916.47,Rs./Quintal
Maharashtra,Pune,Cereals,Maize,03-03-2022,55.0,Metric Tonnes,1988.2,Rs./Quintal
Maharashtra,Pune,Cereals,Wheat,03-03-2022,257.0,Metric Tonnes,2532.1,Rs./Quintal
Maharashtra,Pune,Cereals,Bajra(Pearl Millet/Cumbu),04-03-2022,32.0,Metric Tonnes,2912.5,Rs./Quintal
Maharashtra,Pune,Cereals,Jowar(Sorghum),04-03-2022,48.0,Metric Tonnes,4439.58,Rs./Quintal
Maharashtra,Pune,Cereals,Wheat,04-03-2022,27.0,Metric Tonnes,4250.0,Rs./Quintal
Maharashtra,Pune,Cereals,Bajra(Pearl Millet/Cumbu),05-03-2022,31.0,Metric Tonnes,2950.0,Rs./Quintal
Maharashtra,Pune,Cereals,Jowar(Sorghum),05-03-2022,47.0,Metric Tonnes,4550.0,Rs./Quintal
Maharashtra,Pune,Cereals,Wheat,05-03-2022,27.0,Metric Tonnes,4150.0,Rs./Quintal
Maharashtra,Pune,Cereals,Bajra(Pearl Millet/Cumbu),06-03-2022,4.0,Metric Tonnes,1950.0,Rs./Quintal
Maharashtra,Pune,Cereals,Jowar(Sorghum),06-03-2022,4.0,Metric Tonnes,1700.0,Rs./Quintal
Maharashtra,Pune,Cereals,Maize,06-03-2022,17.0,Metric Tonnes,2051.0,Rs./Quintal
Maharashtra,Pune,Cereals,Wheat,06-03-2022,14.0,Metric Tonnes,1975.0,Rs./Quintal
Maharashtra,Pune,Cereals,Bajra(Pearl Millet/Cumbu),07-03-2022,32.0,Metric Tonnes,2868.75,Rs./Quintal
Maharashtra,Pune,Cereals,Jowar(Sorghum),07-03-2022,72.0,Metric Tonnes,3641.58,Rs./Quintal
Maharashtra,Pune,Cereals,Maize,07-03-2022,51.0,Metric Tonnes,2135.29,Rs./Quintal
Maharashtra,Pune,Cereals,Wheat,07-03-2022,99.0,Metric Tonnes,2678.86,Rs./Quintal
Maharashtra,Pune,Cereals,Bajra(Pearl Millet/Cumbu),08-03-2022,31.0,Metric Tonnes,3050.0,Rs./Quintal
Maharashtra,Pune,Cereals,Jowar(Sorghum),08-03-2022,49.0,Metric Tonnes,4285.71,Rs./Quintal
Maharashtra,Pune,Cereals,Maize,08-03-2022,1.0,Metric Tonnes,2450.0,Rs./Quintal
Maharashtra,Pune,Cereals,Wheat,08-03-2022,28.0,Metric Tonnes,4303.57,Rs./Quintal
Maharashtra,Pune,Cereals,Bajra(Pearl Millet/Cumbu),09-03-2022,40.0,Metric Tonnes,2950.0,Rs./Quintal
Maharashtra,Pune,Cereals,Jowar(Sorghum),09-03-2022,50.0,Metric Tonnes,4365.0,Rs./Quintal
Maharashtra,Pune,Cereals,Wheat,09-03-2022,36.0,Metric Tonnes,3800.0,Rs./Quintal
Maharashtra,Pune,Cereals,Bajra(Pearl Millet/Cumbu),10-03-2022,33.0,Metric Tonnes,3118.18,Rs./Quintal
Maharashtra,Pune,Cereals,Jowar(Sorghum),10-03-2022,94.0,Metric Tonnes,3357.91,Rs./Quintal
Maharashtra,Pune,Cereals,Maize,10-03-2022,61.0,Metric Tonnes,2221.62,Rs./Quintal
Maharashtra,Pune,Cereals,Wheat,10-03-2022,118.0,Metric Tonnes,2659.7,Rs./Quintal
Maharashtra,Pune,Cereals,Bajra(Pearl Millet/Cumbu),11-03-2022,34.0,Metric Tonnes,3023.53,Rs./Quintal
Maharashtra,Pune,Cereals,Jowar(Sorghum),11-03-2022,49.0,Metric Tonnes,4247.96,Rs./Quintal
Maharashtra,Pune,Cereals,Maize,11-03-2022,1.0,Metric Tonnes,2450.0,Rs./Quintal
Maharashtra,Pune,Cereals,Wheat,11-03-2022,30.0,Metric Tonnes,4330.0,Rs./Quintal
Maharashtra,Pune,Cereals,Bajra(Pearl Millet/Cumbu),12-03-2022,32.0,Metric Tonnes,3100.0,Rs./Quintal
Maharashtra,Pune,Cereals,Jowar(Sorghum),12-03-2022,47.0,Metric Tonnes,4300.0,Rs./Quintal
Maharashtra,Pune,Cereals,Wheat,12-03-2022,28.0,Metric Tonnes,4600.0,Rs./Quintal
Maharashtra,Pune,Cereals,Bajra(Pearl Millet/Cumbu),13-03-2022,1.0,Metric Tonnes,2200.0,Rs./Quintal
Maharashtra,Pune,Cereals,Jowar(Sorghum),13-03-2022,1.0,Metric Tonnes,1850.0,Rs./Quintal
Maharashtra,Pune,Cereals,Wheat,13-03-2022,8.0,Metric Tonnes,2100.0,Rs./Quintal
Maharashtra,Pune,Cereals,Bajra(Pearl Millet/Cumbu),14-03-2022,33.0,Metric Tonnes,2918.18,Rs./Quintal
Maharashtra,Pune,Cereals,Jowar(Sorghum),14-03-2022,131.0,Metric Tonnes,3087.02,Rs./Quintal
Maharashtra,Pune,Cereals,Maize,14-03-2022,55.0,Metric Tonnes,2324.95,Rs./Quintal
Maharashtra,Pune,Cereals,Wheat,14-03-2022,132.0,Metric Tonnes,2793.84,Rs./Quintal
Maharashtra,Pune,Cereals,Bajra(Pearl Millet/Cumbu),15-03-2022,34.0,Metric Tonnes,2870.59,Rs./Quintal
Maharashtra,Pune,Cereals,Jowar(Sorghum),15-03-2022,48.0,Metric Tonnes,4350.0,Rs./Quintal
Maharashtra,Pune,Cereals,Wheat,15-03-2022,28.0,Metric Tonnes,4600.0,Rs./Quintal
Maharashtra,Pune,Cereals,Bajra(Pearl Millet/Cumbu),16-03-2022,42.0,Metric Tonnes,2946.43,Rs./Quintal
Maharashtra,Pune,Cereals,Jowar(Sorghum),16-03-2022,61.0,Metric Tonnes,4048.36,Rs./Quintal
Maharashtra,Pune,Cereals,Maize,16-03-2022,1.0,Metric Tonnes,2500.0,Rs./Quintal
Maharashtra,Pune,Cereals,Wheat,16-03-2022,41.0,Metric Tonnes,3786.59,Rs./Quintal
Maharashtra,Pune,Cereals,Bajra(Pearl Millet/Cumbu),17-03-2022,34.0,Metric Tonnes,3066.18,Rs./Quintal
Maharashtra,Pune,Cereals,Jowar(Sorghum),17-03-2022,153.0,Metric Tonnes,2737.25,Rs./Quintal
Maharashtra,Pune,Cereals,Maize,17-03-2022,38.0,Metric Tonnes,2263.0,Rs./Quintal
Maharashtra,Pune,Cereals,Wheat,17-03-2022,141.0,Metric Tonnes,2693.79,Rs./Quintal
Maharashtra,Pune,Cereals,Bajra(Pearl Millet/Cumbu),18-03-2022,33.0,Metric Tonnes,3100.0,Rs./Quintal
Maharashtra,Pune,Cereals,Jowar(Sorghum),18-03-2022,48.0,Metric Tonnes,4350.0,Rs./Quintal
Maharashtra,Pune,Cereals,Wheat,18-03-2022,28.0,Metric Tonnes,4700.0,Rs./Quintal
Maharashtra,Pune,Cereals,Bajra(Pearl Millet/Cumbu),19-03-2022,34.0,Metric Tonnes,2870.59,Rs./Quintal
Maharashtra,Pune,Cereals,Jowar(Sorghum),19-03-2022,49.0,Metric Tonnes,4450.0,Rs./Quintal
Maharashtra,Pune,Cereals,Maize,19-03-2022,1.0,Metric Tonnes,2500.0,Rs./Quintal
Maharashtra,Pune,Cereals,Wheat,19-03-2022,28.0,Metric Tonnes,4700.0,Rs./Quintal
Maharashtra,Pune,Cereals,Jowar(Sorghum),20-03-2022,4.0,Metric Tonnes,2087.5,Rs./Quintal
Maharashtra,Pune,Cereals,Wheat,20-03-2022,7.0,Metric Tonnes,2100.0,Rs./Quintal
Maharashtra,Pune,Cereals,Bajra(Pearl Millet/Cumbu),21-03-2022,35.0,Metric Tonnes,2895.71,Rs./Quintal
Maharashtra,Pune,Cereals,Jowar(Sorghum),21-03-2022,185.0,Metric Tonnes,2742.97,Rs./Quintal
Maharashtra,Pune,Cereals,Maize,21-03-2022,94.0,Metric Tonnes,2211.0,Rs./Quintal
Maharashtra,Pune,Cereals,Wheat,21-03-2022,127.0,Metric Tonnes,2645.6,Rs./Quintal
Maharashtra,Pune,Cereals,Bajra(Pearl Millet/Cumbu),22-03-2022,34.0,Metric Tonnes,2967.65,Rs./Quintal
Maharashtra,Pune,Cereals,Jowar(Sorghum),22-03-2022,49.0,Metric Tonnes,4200.0,Rs./Quintal
Maharashtra,Pune,Cereals,Wheat,22-03-2022,29.0,Metric Tonnes,4351.72,Rs./Quintal
Maharashtra,Pune,Cereals,Bajra(Pearl Millet/Cumbu),23-03-2022,34.0,Metric Tonnes,3000.0,Rs./Quintal
Maharashtra,Pune,Cereals,Jowar(Sorghum),23-03-2022,49.0,Metric Tonnes,4400.0,Rs./Quintal
Maharashtra,Pune,Cereals,Wheat,23-03-2022,28.0,Metric Tonnes,4650.0,Rs./Quintal
Maharashtra,Pune,Cereals,Bajra(Pearl Millet/Cumbu),24-03-2022,36.0,Metric Tonnes,2891.67,Rs./Quintal
Maharashtra,Pune,Cereals,Jowar(Sorghum),24-03-2022,50.0,Metric Tonnes,4400.0,Rs./Quintal
Maharashtra,Pune,Cereals,Maize,24-03-2022,54.0,Metric Tonnes,2172.62,Rs./Quintal
Maharashtra,Pune,Cereals,Wheat,24-03-2022,194.0,Metric Tonnes,2565.67,Rs./Quintal
Maharashtra,Pune,Cereals,Bajra(Pearl Millet/Cumbu),25-03-2022,34.0,Metric Tonnes,3000.0,Rs./Quintal
Maharashtra,Pune,Cereals,Jowar(Sorghum),25-03-2022,50.0,Metric Tonnes,4600.0,Rs./Quintal
Maharashtra,Pune,Cereals,Wheat,25-03-2022,162.0,Metric Tonnes,3040.0,Rs./Quintal
Maharashtra,Pune,Cereals,Bajra(Pearl Millet/Cumbu),26-03-2022,34.0,Metric Tonnes,2950.0,Rs./Quintal
Maharashtra,Pune,Cereals,Jowar(Sorghum),26-03-2022,53.0,Metric Tonnes,4200.0,Rs./Quintal
Maharashtra,Pune,Cereals,Wheat,26-03-2022,30.0,Metric Tonnes,4606.67,Rs./Quintal
Maharashtra,Pune,Cereals,Bajra(Pearl Millet/Cumbu),27-03-2022,5.0,Metric Tonnes,1740.0,Rs./Quintal
Maharashtra,Pune,Cereals,Wheat,27-03-2022,26.0,Metric Tonnes,2039.23,Rs./Quintal
Maharashtra,Pune,Cereals,Bajra(Pearl Millet/Cumbu),28-03-2022,34.0,Metric Tonnes,3000.0,Rs./Quintal
Maharashtra,Pune,Cereals,Jowar(Sorghum),28-03-2022,50.0,Metric Tonnes,4600.0,Rs./Quintal
Maharashtra,Pune,Cereals,Wheat,28-03-2022,29.0,Metric Tonnes,5000.0,Rs./Quintal
Maharashtra,Pune,Cereals,Bajra(Pearl Millet/Cumbu),29-03-2022,35.0,Metric Tonnes,3017.14,Rs./Quintal
Maharashtra,Pune,Cereals,Jowar(Sorghum),29-03-2022,51.0,Metric Tonnes,4733.33,Rs./Quintal
Maharashtra,Pune,Cereals,Wheat,29-03-2022,29.0,Metric Tonnes,5100.0,Rs./Quintal
Maharashtra,Pune,Cereals,Bajra(Pearl Millet/Cumbu),30-03-2022,48.0,Metric Tonnes,2958.33,Rs./Quintal
Maharashtra,Pune,Cereals,Jowar(Sorghum),30-03-2022,60.0,Metric Tonnes,4375.0,Rs./Quintal
Maharashtra,Pune,Cereals,Wheat,30-03-2022,43.0,Metric Tonnes,4186.05,Rs./Quintal
Maharashtra,Pune,Cereals,Bajra(Pearl Millet/Cumbu),31-03-2022,38.0,Metric Tonnes,3167.11,Rs./Quintal
Maharashtra,Pune,Cereals,Jowar(Sorghum),31-03-2022,50.0,Metric Tonnes,4700.0,Rs./Quintal
Maharashtra,Pune,Cereals,Maize,31-03-2022,1.0,Metric Tonnes,2450.0,Rs./Quintal
Maharashtra,Pune,Cereals,Wheat,31-03-2022,46.0,Metric Tonnes,3946.74,Rs./Quintal
Maharashtra,Pune,Cereals,Bajra(Pearl Millet/Cumbu),01-04-2022,39.0,Metric Tonnes,3073.08,Rs./Quintal
Maharashtra,Pune,Cereals,Jowar(Sorghum),01-04-2022,50.0,Metric Tonnes,4900.0,Rs./Quintal
Maharashtra,Pune,Cereals,Maize,01-04-2022,1.0,Metric Tonnes,2450.0,Rs./Quintal
Maharashtra,Pune,Cereals,Wheat,01-04-2022,29.0,Metric Tonnes,5000.0,Rs./Quintal
Maharashtra,Pune,Cereals,Bajra(Pearl Millet/Cumbu),02-04-2022,36.0,Metric Tonnes,3069.44,Rs./Quintal
Maharashtra,Pune,Cereals,Jowar(Sorghum),02-04-2022,50.0,Metric Tonnes,4900.0,Rs./Quintal
Maharashtra,Pune,Cereals,Maize,02-04-2022,1.0,Metric Tonnes,2450.0,Rs./Quintal
Maharashtra,Pune,Cereals,Wheat,02-04-2022,30.0,Metric Tonnes,4883.33,Rs./Quintal
Maharashtra,Pune,Cereals,Bajra(Pearl Millet/Cumbu),03-04-2022,4.0,Metric Tonnes,2500.0,Rs./Quintal
Maharashtra,Pune,Cereals,Jowar(Sorghum),03-04-2022,1.0,Metric Tonnes,1700.0,Rs./Quintal
Maharashtra,Pune,Cereals,Maize,03-04-2022,55.0,Metric Tonnes,2200.0,Rs./Quintal
Maharashtra,Pune,Cereals,Wheat,03-04-2022,21.0,Metric Tonnes,2250.0,Rs./Quintal
Maharashtra,Pune,Cereals,Bajra(Pearl Millet/Cumbu),04-04-2022,36.0,Metric Tonnes,3166.67,Rs./Quintal
Maharashtra,Pune,Cereals,Jowar(Sorghum),04-04-2022,50.0,Metric Tonnes,4750.0,Rs./Quintal
Maharashtra,Pune,Cereals,Maize,04-04-2022,63.0,Metric Tonnes,2086.19,Rs./Quintal
Maharashtra,Pune,Cereals,Wheat,04-04-2022,227.0,Metric Tonnes,2517.38,Rs./Quintal
Maharashtra,Pune,Cereals,Bajra(Pearl Millet/Cumbu),05-04-2022,35.0,Metric Tonnes,3150.0,Rs./Quintal
Maharashtra,Pune,Cereals,Jowar(Sorghum),05-04-2022,51.0,Metric Tonnes,4550.0,Rs./Quintal
Maharashtra,Pune,Cereals,Maize,05-04-2022,1.0,Metric Tonnes,2400.0,Rs./Quintal
Maharashtra,Pune,Cereals,Wheat,05-04-2022,31.0,Metric Tonnes,4509.68,Rs./Quintal
Maharashtra,Pune,Cereals,Bajra(Pearl Millet/Cumbu),06-04-2022,35.0,Metric Tonnes,3150.0,Rs./Quintal
Maharashtra,Pune,Cereals,Jowar(Sorghum),06-04-2022,51.0,Metric Tonnes,4550.0,Rs./Quintal
Maharashtra,Pune,Cereals,Maize,06-04-2022,48.0,Metric Tonnes,2251.0,Rs./Quintal
Maharashtra,Pune,Cereals,Wheat,06-04-2022,32.0,Metric Tonnes,4437.5,Rs./Quintal
Maharashtra,Pune,Cereals,Bajra(Pearl Millet/Cumbu),07-04-2022,36.0,Metric Tonnes,3050.0,Rs./Quintal
Maharashtra,Pune,Cereals,Jowar(Sorghum),07-04-2022,102.0,Metric Tonnes,2817.65,Rs./Quintal
Maharashtra,Pune,Cereals,Maize,07-04-2022,156.0,Metric Tonnes,2234.46,Rs./Quintal
Maharashtra,Pune,Cereals,Wheat,07-04-2022,176.0,Metric Tonnes,2498.01,Rs./Quintal
Maharashtra,Pune,Cereals,Bajra(Pearl Millet/Cumbu),08-04-2022,35.0,Metric Tonnes,3100.0,Rs./Quintal
Maharashtra,Pune,Cereals,Jowar(Sorghum),08-04-2022,51.0,Metric Tonnes,4500.0,Rs./Quintal
Maharashtra,Pune,Cereals,Wheat,08-04-2022,30.0,Metric Tonnes,4400.0,Rs./Quintal
Maharashtra,Pune,Cereals,Bajra(Pearl Millet/Cumbu),09-04-2022,99.0,Metric Tonnes,3100.0,Rs./Quintal
Maharashtra,Pune,Cereals,Jowar(Sorghum),09-04-2022,153.0,Metric Tonnes,4500.0,Rs./Quintal
Maharashtra,Pune,Cereals,Maize,09-04-2022,1.0,Metric Tonnes,2450.0,Rs./Quintal
Maharashtra,Pune,Cereals,Wheat,09-04-2022,90.0,Metric Tonnes,4400.0,Rs./Quintal
Maharashtra,Pune,Cereals,Bajra(Pearl Millet/Cumbu),10-04-2022,3.0,Metric Tonnes,2183.33,Rs./Quintal
Maharashtra,Pune,Cereals,Maize,10-04-2022,52.0,Metric Tonnes,2250.0,Rs./Quintal
Maharashtra,Pune,Cereals,Wheat,10-04-2022,15.0,Metric Tonnes,2200.0,Rs./Quintal
Maharashtra,Pune,Cereals,Bajra(Pearl Millet/Cumbu),11-04-2022,31.0,Metric Tonnes,3100.0,Rs./Quintal
Maharashtra,Pune,Cereals,Jowar(Sorghum),11-04-2022,138.0,Metric Tonnes,3059.42,Rs./Quintal
Maharashtra,Pune,Cereals,Maize,11-04-2022,168.0,Metric Tonnes,2340.98,Rs./Quintal
Maharashtra,Pune,Cereals,Wheat,11-04-2022,266.0,Metric Tonnes,2655.26,Rs./Quintal
Maharashtra,Pune,Cereals,Bajra(Pearl Millet/Cumbu),12-04-2022,33.0,Metric Tonnes,3100.0,Rs./Quintal
Maharashtra,Pune,Cereals,Jowar(Sorghum),12-04-2022,51.0,Metric Tonnes,4500.0,Rs./Quintal
Maharashtra,Pune,Cereals,Wheat,12-04-2022,172.0,Metric Tonnes,3000.0,Rs./Quintal
Maharashtra,Pune,Cereals,Bajra(Pearl Millet/Cumbu),13-04-2022,41.0,Metric Tonnes,2964.63,Rs./Quintal
Maharashtra,Pune,Cereals,Jowar(Sorghum),13-04-2022,59.0,Metric Tonnes,4122.03,Rs./Quintal
Maharashtra,Pune,Cereals,Maize,13-04-2022,1.0,Metric Tonnes,2550.0,Rs./Quintal
Maharashtra,Pune,Cereals,Wheat,13-04-2022,40.0,Metric Tonnes,4050.0,Rs./Quintal
Maharashtra,Pune,Cereals,Bajra(Pearl Millet/Cumbu),14-04-2022,33.0,Metric Tonnes,3150.0,Rs./Quintal
Maharashtra,Pune,Cereals,Jowar(Sorghum),14-04-2022,122.0,Metric Tonnes,3162.04,Rs./Quintal
Maharashtra,Pune,Cereals,Wheat,14-04-2022,52.0,Metric Tonnes,3653.85,Rs./Quintal
Maharashtra,Pune,Cereals,Bajra(Pearl Millet/Cumbu),15-04-2022,34.0,Metric Tonnes,3113.24,Rs./Quintal
Maharashtra,Pune,Cereals,Jowar(Sorghum),15-04-2022,51.0,Metric Tonnes,4400.0,Rs./Quintal
Maharashtra,Pune,Cereals,Wheat,15-04-2022,31.0,Metric Tonnes,4600.0,Rs./Quintal
Maharashtra,Pune,Cereals,Bajra(Pearl Millet/Cumbu),16-04-2022,33.0,Metric Tonnes,3250.0,Rs./Quintal
Maharashtra,Pune,Cereals,Jowar(Sorghum),16-04-2022,52.0,Metric Tonnes,4500.0,Rs./Quintal
Maharashtra,Pune,Cereals,Wheat,16-04-2022,32.0,Metric Tonnes,4615.63,Rs./Quintal
Maharashtra,Pune,Cereals,Bajra(Pearl Millet/Cumbu),17-04-2022,3.0,Metric Tonnes,2100.0,Rs./Quintal
Maharashtra,Pune,Cereals,Jowar(Sorghum),17-04-2022,39.0,Metric Tonnes,2200.0,Rs./Quintal
Maharashtra,Pune,Cereals,Maize,17-04-2022,38.0,Metric Tonnes,2400.0,Rs./Quintal
Maharashtra,Pune,Cereals,Wheat,17-04-2022,36.0,Metric Tonnes,2167.33,Rs./Quintal
Maharashtra,Pune,Cereals,Bajra(Pearl Millet/Cumbu),18-04-2022,33.0,Metric Tonnes,3100.0,Rs./Quintal
Maharashtra,Pune,Cereals,Jowar(Sorghum),18-04-2022,107.0,Metric Tonnes,3407.99,Rs./Quintal
Maharashtra,Pune,Cereals,Maize,18-04-2022,145.0,Metric Tonnes,2380.98,Rs./Quintal
Maharashtra,Pune,Cereals,Wheat,18-04-2022,154.0,Metric Tonnes,2911.69,Rs./Quintal
Maharashtra,Pune,Cereals,Bajra(Pearl Millet/Cumbu),19-04-2022,33.0,Metric Tonnes,3000.0,Rs./Quintal
Maharashtra,Pune,Cereals,Jowar(Sorghum),19-04-2022,52.0,Metric Tonnes,4400.0,Rs./Quintal
Maharashtra,Pune,Cereals,Maize,19-04-2022,2.0,Metric Tonnes,2350.0,Rs./Quintal
Maharashtra,Pune,Cereals,Wheat,19-04-2022,31.0,Metric Tonnes,5050.0,Rs./Quintal
Maharashtra,Pune,Cereals,Bajra(Pearl Millet/Cumbu),20-04-2022,43.0,Metric Tonnes,2863.95,Rs./Quintal
Maharashtra,Pune,Cereals,Jowar(Sorghum),20-04-2022,58.0,Metric Tonnes,4239.66,Rs./Quintal
Maharashtra,Pune,Cereals,Wheat,20-04-2022,37.0,Metric Tonnes,4620.27,Rs./Quintal
Maharashtra,Pune,Cereals,Bajra(Pearl Millet/Cumbu),21-04-2022,33.0,Metric Tonnes,3150.0,Rs./Quintal
Maharashtra,Pune,Cereals,Jowar(Sorghum),21-04-2022,84.0,Metric Tonnes,3493.45,Rs./Quintal
Maharashtra,Pune,Cereals,Maize,21-04-2022,106.0,Metric Tonnes,2329.42,Rs./Quintal
Maharashtra,Pune,Cereals,Wheat,21-04-2022,120.0,Metric Tonnes,2900.53,Rs./Quintal
Maharashtra,Pune,Cereals,Bajra(Pearl Millet/Cumbu),22-04-2022,33.0,Metric Tonnes,3050.0,Rs./Quintal
Maharashtra,Pune,Cereals,Jowar(Sorghum),22-04-2022,53.0,Metric Tonnes,4500.0,Rs./Quintal
Maharashtra,Pune,Cereals,Wheat,22-04-2022,31.0,Metric Tonnes,5000.0,Rs./Quintal
Maharashtra,Pune,Cereals,Bajra(Pearl Millet/Cumbu),23-04-2022,34.0,Metric Tonnes,3050.0,Rs./Quintal
Maharashtra,Pune,Cereals,Jowar(Sorghum),23-04-2022,53.0,Metric Tonnes,4500.0,Rs./Quintal
Maharashtra,Pune,Cereals,Maize,23-04-2022,1.0,Metric Tonnes,2200.0,Rs./Quintal
Maharashtra,Pune,Cereals,Wheat,23-04-2022,32.0,Metric Tonnes,5000.0,Rs./Quintal
Maharashtra,Pune,Cereals,Jowar(Sorghum),24-04-2022,22.0,Metric Tonnes,2120.45,Rs./Quintal
Maharashtra,Pune,Cereals,Wheat,24-04-2022,19.0,Metric Tonnes,2178.95,Rs./Quintal
Maharashtra,Pune,Cereals,Bajra(Pearl Millet/Cumbu),25-04-2022,33.0,Metric Tonnes,3050.0,Rs./Quintal
Maharashtra,Pune,Cereals,Jowar(Sorghum),25-04-2022,88.0,Metric Tonnes,3625.0,Rs./Quintal
Maharashtra,Pune,Cereals,Maize,25-04-2022,92.0,Metric Tonnes,2353.26,Rs./Quintal
Maharashtra,Pune,Cereals,Wheat,25-04-2022,110.0,Metric Tonnes,3029.05,Rs./Quintal
Maharashtra,Pune,Cereals,Bajra(Pearl Millet/Cumbu),26-04-2022,33.0,Metric Tonnes,3100.0,Rs./Quintal
Maharashtra,Pune,Cereals,Jowar(Sorghum),26-04-2022,55.0,Metric Tonnes,4648.18,Rs./Quintal
Maharashtra,Pune,Cereals,Wheat,26-04-2022,32.0,Metric Tonnes,5250.0,Rs./Quintal
Maharashtra,Pune,Cereals,Bajra(Pearl Millet/Cumbu),27-04-2022,45.0,Metric Tonnes,2850.0,Rs./Quintal
Maharashtra,Pune,Cereals,Jowar(Sorghum),27-04-2022,67.0,Metric Tonnes,4121.64,Rs./Quintal
Maharashtra,Pune,Cereals,Wheat,27-04-2022,49.0,Metric Tonnes,4113.27,Rs./Quintal
Maharashtra,Pune,Cereals,Maize,28-04-2022,22.0,Metric Tonnes,2297.73,Rs./Quintal
Maharashtra,Pune,Cereals,Wheat,28-04-2022,128.0,Metric Tonnes,2263.59,Rs./Quintal
Maharashtra,Pune,Cereals,Bajra(Pearl Millet/Cumbu),29-04-2022,33.0,Metric Tonnes,3050.0,Rs./Quintal
Maharashtra,Pune,Cereals,Jowar(Sorghum),29-04-2022,55.0,Metric Tonnes,4450.91,Rs./Quintal
Maharashtra,Pune,Cereals,Wheat,29-04-2022,174.0,Metric Tonnes,3150.0,Rs./Quintal
Maharashtra,Pune,Cereals,Bajra(Pearl Millet/Cumbu),30-04-2022,34.0,Metric Tonnes,3200.0,Rs./Quintal
Maharashtra,Pune,Cereals,Jowar(Sorghum),30-04-2022,55.0,Metric Tonnes,4449.09,Rs./Quintal
Maharashtra,Pune,Cereals,Wheat,30-04-2022,32.0,Metric Tonnes,5000.0,Rs./Quintal
Maharashtra,Pune,Cereals,Bajra(Pearl Millet/Cumbu),01-05-2022,1.0,Metric Tonnes,2300.0,Rs./Quintal
Maharashtra,Pune,Cereals,Wheat,01-05-2022,11.0,Metric Tonnes,2200.0,Rs./Quintal
Maharashtra,Pune,Cereals,Bajra(Pearl Millet/Cumbu),02-05-2022,33.0,Metric Tonnes,3100.0,Rs./Quintal
Maharashtra,Pune,Cereals,Jowar(Sorghum),02-05-2022,55.0,Metric Tonnes,4500.0,Rs./Quintal
Maharashtra,Pune,Cereals,Maize,02-05-2022,18.0,Metric Tonnes,2216.67,Rs./Quintal
Maharashtra,Pune,Cereals,Wheat,02-05-2022,135.0,Metric Tonnes,2875.38,Rs./Quintal
Maharashtra,Pune,Cereals,Bajra(Pearl Millet/Cumbu),03-05-2022,32.0,Metric Tonnes,3100.0,Rs./Quintal
Maharashtra,Pune,Cereals,Jowar(Sorghum),03-05-2022,55.0,Metric Tonnes,4500.0,Rs./Quintal
Maharashtra,Pune,Cereals,Wheat,03-05-2022,34.0,Metric Tonnes,4897.06,Rs./Quintal
Maharashtra,Pune,Cereals,Bajra(Pearl Millet/Cumbu),04-05-2022,32.0,Metric Tonnes,3100.0,Rs./Quintal
Maharashtra,Pune,Cereals,Jowar(Sorghum),04-05-2022,55.0,Metric Tonnes,4500.0,Rs./Quintal
Maharashtra,Pune,Cereals,Wheat,04-05-2022,33.0,Metric Tonnes,5100.0,Rs./Quintal
Maharashtra,Pune,Cereals,Bajra(Pearl Millet/Cumbu),05-05-2022,32.0,Metric Tonnes,3250.0,Rs./Quintal
Maharashtra,Pune,Cereals,Jowar(Sorghum),05-05-2022,56.0,Metric Tonnes,4551.79,Rs./Quintal
Maharashtra,Pune,Cereals,Maize,05-05-2022,20.0,Metric Tonnes,2310.0,Rs./Quintal
Maharashtra,Pune,Cereals,Wheat,05-05-2022,120.0,Metric Tonnes,3003.13,Rs./Quintal
Maharashtra,Pune,Cereals,Bajra(Pearl Millet/Cumbu),06-05-2022,32.0,Metric Tonnes,3250.0,Rs./Quintal
Maharashtra,Pune,Cereals,Jowar(Sorghum),06-05-2022,56.0,Metric Tonnes,4600.0,Rs./Quintal
Maharashtra,Pune,Cereals,Wheat,06-05-2022,33.0,Metric Tonnes,5150.0,Rs./Quintal
Maharashtra,Pune,Cereals,Bajra(Pearl Millet/Cumbu),07-05-2022,1.0,Metric Tonnes,2000.0,Rs./Quintal
Maharashtra,Pune,Cereals,Maize,07-05-2022,1.0,Metric Tonnes,2325.0,Rs./Quintal
Maharashtra,Pune,Cereals,Wheat,07-05-2022,2.0,Metric Tonnes,1800.0,Rs./Quintal
Maharashtra,Pune,Cereals,Bajra(Pearl Millet/Cumbu),08-05-2022,6.0,Metric Tonnes,2200.0,Rs./Quintal
Maharashtra,Pune,Cereals,Jowar(Sorghum),08-05-2022,25.0,Metric Tonnes,2088.0,Rs./Quintal
Maharashtra,Pune,Cereals,Maize,08-05-2022,50.0,Metric Tonnes,2300.0,Rs./Quintal
Maharashtra,Pune,Cereals,Wheat,08-05-2022,53.0,Metric Tonnes,2179.06,Rs./Quintal
Maharashtra,Pune,Cereals,Bajra(Pearl Millet/Cumbu),09-05-2022,32.0,Metric Tonnes,3150.0,Rs./Quintal
Maharashtra,Pune,Cereals,Jowar(Sorghum),09-05-2022,56.0,Metric Tonnes,4600.0,Rs./Quintal
Maharashtra,Pune,Cereals,Wheat,09-05-2022,94.0,Metric Tonnes,3254.26,Rs./Quintal
Maharashtra,Pune,Cereals,Bajra(Pearl Millet/Cumbu),10-05-2022,31.0,Metric Tonnes,3150.0,Rs./Quintal
Maharashtra,Pune,Cereals,Jowar(Sorghum),10-05-2022,53.0,Metric Tonnes,4500.0,Rs./Quintal
Maharashtra,Pune,Cereals,Maize,10-05-2022,1.0,Metric Tonnes,2450.0,Rs./Quintal
Maharashtra,Pune,Cereals,Wheat,10-05-2022,30.0,Metric Tonnes,5050.0,Rs./Quintal
Maharashtra,Pune,Cereals,Bajra(Pearl Millet/Cumbu),11-05-2022,41.0,Metric Tonnes,2885.37,Rs./Quintal
Maharashtra,Pune,Cereals,Jowar(Sorghum),11-05-2022,62.0,Metric Tonnes,4153.23,Rs./Quintal
Maharashtra,Pune,Cereals,Wheat,11-05-2022,44.0,Metric Tonnes,4222.73,Rs./Quintal
Maharashtra,Pune,Cereals,Bajra(Pearl Millet/Cumbu),14-05-2022,32.0,Metric Tonnes,3000.0,Rs./Quintal
Maharashtra,Pune,Cereals,Jowar(Sorghum),14-05-2022,53.0,Metric Tonnes,4500.0,Rs./Quintal
Maharashtra,Pune,Cereals,Wheat,14-05-2022,32.0,Metric Tonnes,4950.0,Rs./Quintal
Maharashtra,Pune,Cereals,Bajra(Pearl Millet/Cumbu),15-05-2022,1.0,Metric Tonnes,2300.0,Rs./Quintal
Maharashtra,Pune,Cereals,Wheat,15-05-2022,6.0,Metric Tonnes,2168.5,Rs./Quintal
Maharashtra,Pune,Cereals,Bajra(Pearl Millet/Cumbu),16-05-2022,32.0,Metric Tonnes,3000.0,Rs./Quintal
Maharashtra,Pune,Cereals,Jowar(Sorghum),16-05-2022,54.0,Metric Tonnes,4500.0,Rs./Quintal
Maharashtra,Pune,Cereals,Maize,16-05-2022,38.0,Metric Tonnes,2251.0,Rs./Quintal
Maharashtra,Pune,Cereals,Wheat,16-05-2022,71.0,Metric Tonnes,3500.99,Rs./Quintal
Maharashtra,Pune,Cereals,Bajra(Pearl Millet/Cumbu),17-05-2022,32.0,Metric Tonnes,2900.0,Rs./Quintal
Maharashtra,Pune,Cereals,Jowar(Sorghum),17-05-2022,56.0,Metric Tonnes,4314.29,Rs./Quintal
Maharashtra,Pune,Cereals,Wheat,17-05-2022,31.0,Metric Tonnes,4850.0,Rs./Quintal
Maharashtra,Pune,Cereals,Bajra(Pearl Millet/Cumbu),18-05-2022,42.0,Metric Tonnes,2822.62,Rs./Quintal
Maharashtra,Pune,Cereals,Jowar(Sorghum),18-05-2022,63.0,Metric Tonnes,4090.48,Rs./Quintal
Maharashtra,Pune,Cereals,Wheat,18-05-2022,41.0,Metric Tonnes,4152.93,Rs./Quintal
Maharashtra,Pune,Cereals,Bajra(Pearl Millet/Cumbu),19-05-2022,32.0,Metric Tonnes,2850.0,Rs./Quintal
Maharashtra,Pune,Cereals,Jowar(Sorghum),19-05-2022,56.0,Metric Tonnes,4155.8,Rs./Quintal
Maharashtra,Pune,Cereals,Maize,19-05-2022,36.0,Metric Tonnes,2385.5,Rs./Quintal
Maharashtra,Pune,Cereals,Wheat,19-05-2022,85.0,Metric Tonnes,3116.88,Rs./Quintal
Maharashtra,Pune,Cereals,Bajra(Pearl Millet/Cumbu),20-05-2022,33.0,Metric Tonnes,2978.79,Rs./Quintal
Maharashtra,Pune,Cereals,Jowar(Sorghum),20-05-2022,55.0,Metric Tonnes,4150.0,Rs./Quintal
Maharashtra,Pune,Cereals,Wheat,20-05-2022,31.0,Metric Tonnes,4300.0,Rs./Quintal
Maharashtra,Pune,Cereals,Bajra(Pearl Millet/Cumbu),21-05-2022,32.0,Metric Tonnes,2950.0,Rs./Quintal
Maharashtra,Pune,Cereals,Jowar(Sorghum),21-05-2022,55.0,Metric Tonnes,4350.0,Rs./Quintal
Maharashtra,Pune,Cereals,Maize,21-05-2022,1.0,Metric Tonnes,2500.0,Rs./Quintal
Maharashtra,Pune,Cereals,Wheat,21-05-2022,32.0,Metric Tonnes,4300.0,Rs./Quintal
Maharashtra,Pune,Cereals,Jowar(Sorghum),22-05-2022,2.0,Metric Tonnes,1650.0,Rs./Quintal
Maharashtra,Pune,Cereals,Maize,22-05-2022,2.0,Metric Tonnes,2299.0,Rs./Quintal
Maharashtra,Pune,Cereals,Wheat,22-05-2022,7.0,Metric Tonnes,2100.0,Rs./Quintal
Maharashtra,Pune,Cereals,Bajra(Pearl Millet/Cumbu),23-05-2022,33.0,Metric Tonnes,2969.7,Rs./Quintal
Maharashtra,Pune,Cereals,Jowar(Sorghum),23-05-2022,55.0,Metric Tonnes,4500.0,Rs./Quintal
Maharashtra,Pune,Cereals,Maize,23-05-2022,24.0,Metric Tonnes,2070.0,Rs./Quintal
Maharashtra,Pune,Cereals,Wheat,23-05-2022,69.0,Metric Tonnes,3240.58,Rs./Quintal
Maharashtra,Pune,Cereals,Bajra(Pearl Millet/Cumbu),24-05-2022,32.0,Metric Tonnes,3100.0,Rs./Quintal
Maharashtra,Pune,Cereals,Jowar(Sorghum),24-05-2022,56.0,Metric Tonnes,4500.0,Rs./Quintal
Maharashtra,Pune,Cereals,Maize,24-05-2022,1.0,Metric Tonnes,2200.0,Rs./Quintal
Maharashtra,Pune,Cereals,Wheat,24-05-2022,31.0,Metric Tonnes,4500.0,Rs./Quintal
Maharashtra,Pune,Cereals,Bajra(Pearl Millet/Cumbu),25-05-2022,32.0,Metric Tonnes,3050.0,Rs./Quintal
Maharashtra,Pune,Cereals,Jowar(Sorghum),25-05-2022,56.0,Metric Tonnes,4600.0,Rs./Quintal
Maharashtra,Pune,Cereals,Maize,25-05-2022,1.0,Metric Tonnes,2500.0,Rs./Quintal
Maharashtra,Pune,Cereals,Wheat,25-05-2022,31.0,Metric Tonnes,4600.0,Rs./Quintal
Maharashtra,Pune,Cereals,Bajra(Pearl Millet/Cumbu),26-05-2022,33.0,Metric Tonnes,3060.61,Rs./Quintal
Maharashtra,Pune,Cereals,Jowar(Sorghum),26-05-2022,56.0,Metric Tonnes,4400.0,Rs./Quintal
Maharashtra,Pune,Cereals,Maize,26-05-2022,35.0,Metric Tonnes,2175.5,Rs./Quintal
Maharashtra,Pune,Cereals,Wheat,26-05-2022,87.0,Metric Tonnes,3191.95,Rs./Quintal
Maharashtra,Pune,Cereals,Bajra(Pearl Millet/Cumbu),27-05-2022,33.0,Metric Tonnes,3069.7,Rs./Quintal
Maharashtra,Pune,Cereals,Jowar(Sorghum),27-05-2022,56.0,Metric Tonnes,4400.0,Rs./Quintal
Maharashtra,Pune,Cereals,Maize,27-05-2022,1.0,Metric Tonnes,2500.0,Rs./Quintal
Maharashtra,Pune,Cereals,Wheat,27-05-2022,193.0,Metric Tonnes,2950.0,Rs./Quintal
Maharashtra,Pune,Cereals,Bajra(Pearl Millet/Cumbu),28-05-2022,38.0,Metric Tonnes,2650.0,Rs./Quintal
Maharashtra,Pune,Cereals,Maize,28-05-2022,17.0,Metric Tonnes,2200.0,Rs./Quintal
Maharashtra,Pune,Cereals,Wheat,28-05-2022,194.0,Metric Tonnes,2945.88,Rs./Quintal
Maharashtra,Pune,Cereals,Bajra(Pearl Millet/Cumbu),30-05-2022,32.0,Metric Tonnes,3000.0,Rs./Quintal
Maharashtra,Pune,Cereals,Jowar(Sorghum),30-05-2022,56.0,Metric Tonnes,4350.0,Rs./Quintal
Maharashtra,Pune,Cereals,Maize,30-05-2022,65.0,Metric Tonnes,2075.5,Rs./Quintal
Maharashtra,Pune,Cereals,Wheat,30-05-2022,106.0,Metric Tonnes,3052.61,Rs./Quintal
Maharashtra,Pune,Cereals,Bajra(Pearl Millet/Cumbu),31-05-2022,33.0,Metric Tonnes,2963.64,Rs./Quintal
Maharashtra,Pune,Cereals,Jowar(Sorghum),31-05-2022,56.0,Metric Tonnes,4350.0,Rs./Quintal
Maharashtra,Pune,Cereals,Wheat,31-05-2022,32.0,Metric Tonnes,5000.0,Rs./Quintal
Maharashtra,Pune,Cereals,Bajra(Pearl Millet/Cumbu),01-06-2022,35.0,Metric Tonnes,3040.0,Rs./Quintal
Maharashtra,Pune,Cereals,Jowar(Sorghum),01-06-2022,62.0,Metric Tonnes,4226.61,Rs./Quintal
Maharashtra,Pune,Cereals,Maize,01-06-2022,17.0,Metric Tonnes,2121.0,Rs./Quintal
Maharashtra,Pune,Cereals,Wheat,01-06-2022,36.0,Metric Tonnes,4538.89,Rs./Quintal
Maharashtra,Pune,Cereals,Bajra(Pearl Millet/Cumbu),02-06-2022,31.0,Metric Tonnes,3025.81,Rs./Quintal
Maharashtra,Pune,Cereals,Jowar(Sorghum),02-06-2022,59.0,Metric Tonnes,4303.39,Rs./Quintal
Maharashtra,Pune,Cereals,Wheat,02-06-2022,37.0,Metric Tonnes,4529.73,Rs./Quintal
Maharashtra,Pune,Cereals,Bajra(Pearl Millet/Cumbu),04-06-2022,32.0,Metric Tonnes,3000.0,Rs./Quintal
Maharashtra,Pune,Cereals,Jowar(Sorghum),04-06-2022,57.0,Metric Tonnes,4400.0,Rs./Quintal
Maharashtra,Pune,Cereals,Maize,04-06-2022,19.0,Metric Tonnes,2097.37,Rs./Quintal
Maharashtra,Pune,Cereals,Wheat,04-06-2022,33.0,Metric Tonnes,4722.85,Rs./Quintal
Maharashtra,Pune,Cereals,Jowar(Sorghum),05-06-2022,2.0,Metric Tonnes,1600.0,Rs./Quintal
Maharashtra,Pune,Cereals,Maize,05-06-2022,15.0,Metric Tonnes,2100.0,Rs./Quintal
Maharashtra,Pune,Cereals,Wheat,05-06-2022,5.0,Metric Tonnes,2150.0,Rs./Quintal
Maharashtra,Pune,Cereals,Bajra(Pearl Millet/Cumbu),06-06-2022,1.0,Metric Tonnes,2000.0,Rs./Quintal
Maharashtra,Pune,Cereals,Maize,06-06-2022,22.0,Metric Tonnes,2360.0,Rs./Quintal
Maharashtra,Pune,Cereals,Wheat,06-06-2022,37.0,Metric Tonnes,2162.5,Rs./Quintal
Maharashtra,Pune,Cereals,Bajra(Pearl Millet/Cumbu),07-06-2022,32.0,Metric Tonnes,3050.0,Rs./Quintal
Maharashtra,Pune,Cereals,Jowar(Sorghum),07-06-2022,58.0,Metric Tonnes,4600.0,Rs./Quintal
Maharashtra,Pune,Cereals,Wheat,07-06-2022,32.0,Metric Tonnes,4950.0,Rs./Quintal
Maharashtra,Pune,Cereals,Bajra(Pearl Millet/Cumbu),08-06-2022,38.0,Metric Tonnes,2907.89,Rs./Quintal
Maharashtra,Pune,Cereals,Jowar(Sorghum),08-06-2022,62.0,Metric Tonnes,4319.35,Rs./Quintal
Maharashtra,Pune,Cereals,Maize,08-06-2022,4.0,Metric Tonnes,2080.0,Rs./Quintal
Maharashtra,Pune,Cereals,Wheat,08-06-2022,38.0,Metric Tonnes,4607.89,Rs./Quintal
Maharashtra,Pune,Cereals,Bajra(Pearl Millet/Cumbu),09-06-2022,33.0,Metric Tonnes,3000.0,Rs./Quintal
Maharashtra,Pune,Cereals,Jowar(Sorghum),09-06-2022,58.0,Metric Tonnes,4400.0,Rs./Quintal
Maharashtra,Pune,Cereals,Maize,09-06-2022,20.0,Metric Tonnes,2200.0,Rs./Quintal
Maharashtra,Pune,Cereals,Wheat,09-06-2022,68.0,Metric Tonnes,3516.54,Rs./Quintal
Maharashtra,Pune,Cereals,Bajra(Pearl Millet/Cumbu),10-06-2022,33.0,Metric Tonnes,3000.0,Rs./Quintal
Maharashtra,Pune,Cereals,Jowar(Sorghum),10-06-2022,58.0,Metric Tonnes,4450.0,Rs./Quintal
Maharashtra,Pune,Cereals,Wheat,10-06-2022,33.0,Metric Tonnes,5150.0,Rs./Quintal
Maharashtra,Pune,Cereals,Bajra(Pearl Millet/Cumbu),11-06-2022,34.0,Metric Tonnes,2974.12,Rs./Quintal
Maharashtra,Pune,Cereals,Jowar(Sorghum),11-06-2022,59.0,Metric Tonnes,4450.0,Rs./Quintal
Maharashtra,Pune,Cereals,Maize,11-06-2022,12.0,Metric Tonnes,2131.0,Rs./Quintal
Maharashtra,Pune,Cereals,Wheat,11-06-2022,34.0,Metric Tonnes,4955.94,Rs./Quintal
Maharashtra,Pune,Cereals,Jowar(Sorghum),12-06-2022,4.0,Metric Tonnes,1500.0,Rs./Quintal
Maharashtra,Pune,Cereals,Maize,12-06-2022,16.0,Metric Tonnes,2231.0,Rs./Quintal
Maharashtra,Pune,Cereals,Wheat,12-06-2022,2.0,Metric Tonnes,2100.0,Rs./Quintal
Maharashtra,Pune,Cereals,Bajra(Pearl Millet/Cumbu),13-06-2022,33.0,Metric Tonnes,2950.0,Rs./Quintal
Maharashtra,Pune,Cereals,Jowar(Sorghum),13-06-2022,59.0,Metric Tonnes,4500.0,Rs./Quintal
Maharashtra,Pune,Cereals,Maize,13-06-2022,8.0,Metric Tonnes,2260.69,Rs./Quintal
Maharashtra,Pune,Cereals,Wheat,13-06-2022,62.0,Metric Tonnes,3697.82,Rs./Quintal
Maharashtra,Pune,Cereals,Bajra(Pearl Millet/Cumbu),14-06-2022,33.0,Metric Tonnes,2950.0,Rs./Quintal
Maharashtra,Pune,Cereals,Jowar(Sorghum),14-06-2022,59.0,Metric Tonnes,4500.0,Rs./Quintal
Maharashtra,Pune,Cereals,Wheat,14-06-2022,33.0,Metric Tonnes,5200.0,Rs./Quintal
Maharashtra,Pune,Cereals,Bajra(Pearl Millet/Cumbu),15-06-2022,38.0,Metric Tonnes,2864.47,Rs./Quintal
Maharashtra,Pune,Cereals,Jowar(Sorghum),15-06-2022,63.0,Metric Tonnes,4342.06,Rs./Quintal
Maharashtra,Pune,Cereals,Maize,15-06-2022,6.0,Metric Tonnes,2135.0,Rs./Quintal
Maharashtra,Pune,Cereals,Wheat,15-06-2022,41.0,Metric Tonnes,4673.17,Rs./Quintal
Maharashtra,Pune,Cereals,Bajra(Pearl Millet/Cumbu),16-06-2022,35.0,Metric Tonnes,2932.06,Rs./Quintal
Maharashtra,Pune,Cereals,Jowar(Sorghum),16-06-2022,62.0,Metric Tonnes,4155.65,Rs./Quintal
Maharashtra,Pune,Cereals,Maize,16-06-2022,27.0,Metric Tonnes,2209.17,Rs./Quintal
Maharashtra,Pune,Cereals,Wheat,16-06-2022,63.0,Metric Tonnes,3677.24,Rs./Quintal
Maharashtra,Pune,Cereals,Bajra(Pearl Millet/Cumbu),17-06-2022,33.0,Metric Tonnes,2900.0,Rs./Quintal
Maharashtra,Pune,Cereals,Jowar(Sorghum),17-06-2022,59.0,Metric Tonnes,4250.0,Rs./Quintal
Maharashtra,Pune,Cereals,Wheat,17-06-2022,32.0,Metric Tonnes,5100.0,Rs./Quintal
Maharashtra,Pune,Cereals,Bajra(Pearl Millet/Cumbu),18-06-2022,33.0,Metric Tonnes,2850.0,Rs./Quintal
Maharashtra,Pune,Cereals,Jowar(Sorghum),18-06-2022,60.0,Metric Tonnes,4200.0,Rs./Quintal
Maharashtra,Pune,Cereals,Maize,18-06-2022,4.0,Metric Tonnes,2151.0,Rs./Quintal
Maharashtra,Pune,Cereals,Wheat,18-06-2022,32.0,Metric Tonnes,4900.0,Rs./Quintal
Maharashtra,Pune,Cereals,Bajra(Pearl Millet/Cumbu),19-06-2022,2.0,Metric Tonnes,2000.0,Rs./Quintal
Maharashtra,Pune,Cereals,Maize,19-06-2022,12.0,Metric Tonnes,2260.0,Rs./Quintal
Maharashtra,Pune,Cereals,Wheat,19-06-2022,4.0,Metric Tonnes,2050.0,Rs./Quintal
Maharashtra,Pune,Cereals,Bajra(Pearl Millet/Cumbu),20-06-2022,33.0,Metric Tonnes,2850.0,Rs./Quintal
Maharashtra,Pune,Cereals,Jowar(Sorghum),20-06-2022,60.0,Metric Tonnes,4300.0,Rs./Quintal
Maharashtra,Pune,Cereals,Maize,20-06-2022,8.0,Metric Tonnes,2351.0,Rs./Quintal
Maharashtra,Pune,Cereals,Wheat,20-06-2022,61.0,Metric Tonnes,3697.43,Rs./Quintal
Maharashtra,Pune,Cereals,Bajra(Pearl Millet/Cumbu),21-06-2022,34.0,Metric Tonnes,2950.0,Rs./Quintal
Maharashtra,Pune,Cereals,Jowar(Sorghum),21-06-2022,60.0,Metric Tonnes,4350.0,Rs./Quintal
Maharashtra,Pune,Cereals,Wheat,21-06-2022,33.0,Metric Tonnes,5100.0,Rs./Quintal
Maharashtra,Pune,Cereals,Bajra(Pearl Millet/Cumbu),22-06-2022,42.0,Metric Tonnes,2845.24,Rs./Quintal
Maharashtra,Pune,Cereals,Jowar(Sorghum),22-06-2022,67.0,Metric Tonnes,4215.67,Rs./Quintal
Maharashtra,Pune,Cereals,Wheat,22-06-2022,205.0,Metric Tonnes,2740.63,Rs./Quintal
Maharashtra,Pune,Cereals,Bajra(Pearl Millet/Cumbu),23-06-2022,35.0,Metric Tonnes,3034.29,Rs./Quintal
Maharashtra,Pune,Cereals,Jowar(Sorghum),23-06-2022,60.0,Metric Tonnes,4350.0,Rs./Quintal
Maharashtra,Pune,Cereals,Maize,23-06-2022,4.0,Metric Tonnes,2393.0,Rs./Quintal
Maharashtra,Pune,Cereals,Wheat,23-06-2022,232.0,Metric Tonnes,2654.16,Rs./Quintal
Maharashtra,Pune,Cereals,Jowar(Sorghum),24-06-2022,60.0,Metric Tonnes,4300.0,Rs./Quintal
Maharashtra,Pune,Cereals,Wheat,24-06-2022,34.0,Metric Tonnes,4817.65,Rs./Quintal
Maharashtra,Pune,Cereals,Bajra(Pearl Millet/Cumbu),25-06-2022,34.0,Metric Tonnes,3000.0,Rs./Quintal
Maharashtra,Pune,Cereals,Jowar(Sorghum),25-06-2022,60.0,Metric Tonnes,4300.0,Rs./Quintal
Maharashtra,Pune,Cereals,Maize,25-06-2022,6.0,Metric Tonnes,2315.0,Rs./Quintal
Maharashtra,Pune,Cereals,Wheat,25-06-2022,33.0,Metric Tonnes,4900.0,Rs./Quintal
Maharashtra,Pune,Cereals,Bajra(Pearl Millet/Cumbu),26-06-2022,1.0,Metric Tonnes,2400.0,Rs./Quintal
Maharashtra,Pune,Cereals,Jowar(Sorghum),26-06-2022,7.0,Metric Tonnes,1600.0,Rs./Quintal
Maharashtra,Pune,Cereals,Maize,26-06-2022,6.0,Metric Tonnes,2500.0,Rs./Quintal
Maharashtra,Pune,Cereals,Wheat,26-06-2022,9.0,Metric Tonnes,2166.67,Rs./Quintal
Maharashtra,Pune,Cereals,Bajra(Pearl Millet/Cumbu),27-06-2022,34.0,Metric Tonnes,3000.0,Rs./Quintal
Maharashtra,Pune,Cereals,Jowar(Sorghum),27-06-2022,60.0,Metric Tonnes,4400.0,Rs./Quintal
Maharashtra,Pune,Cereals,Maize,27-06-2022,3.0,Metric Tonnes,2225.0,Rs./Quintal
Maharashtra,Pune,Cereals,Wheat,27-06-2022,58.0,Metric Tonnes,3732.33,Rs./Quintal
Maharashtra,Pune,Cereals,Bajra(Pearl Millet/Cumbu),28-06-2022,35.0,Metric Tonnes,3028.57,Rs./Quintal
Maharashtra,Pune,Cereals,Jowar(Sorghum),28-06-2022,61.0,Metric Tonnes,4300.0,Rs./Quintal
Maharashtra,Pune,Cereals,Wheat,28-06-2022,33.0,Metric Tonnes,4750.0,Rs./Quintal
Maharashtra,Pune,Cereals,Bajra(Pearl Millet/Cumbu),29-06-2022,36.0,Metric Tonnes,3001.67,Rs./Quintal
Maharashtra,Pune,Cereals,Jowar(Sorghum),29-06-2022,62.0,Metric Tonnes,4374.19,Rs./Quintal
Maharashtra,Pune,Cereals,Wheat,29-06-2022,199.0,Metric Tonnes,2746.98,Rs./Quintal
Maharashtra,Pune,Cereals,Bajra(Pearl Millet/Cumbu),30-06-2022,24.0,Metric Tonnes,3100.0,Rs./Quintal
Maharashtra,Pune,Cereals,Jowar(Sorghum),30-06-2022,63.0,Metric Tonnes,4453.97,Rs./Quintal
Maharashtra,Pune,Cereals,Wheat,30-06-2022,70.0,Metric Tonnes,3393.93,Rs./Quintal
Maharashtra,Pune,Cereals,Bajra(Pearl Millet/Cumbu),01-07-2022,34.0,Metric Tonnes,3050.0,Rs./Quintal
Maharashtra,Pune,Cereals,Jowar(Sorghum),01-07-2022,62.0,Metric Tonnes,4400.0,Rs./Quintal
Maharashtra,Pune,Cereals,Wheat,01-07-2022,33.0,Metric Tonnes,4750.0,Rs./Quintal
Maharashtra,Pune,Cereals,Maize,02-07-2022,2.0,Metric Tonnes,2361.0,Rs./Quintal
Maharashtra,Pune,Cereals,Wheat,02-07-2022,2.0,Metric Tonnes,1800.0,Rs./Quintal
Maharashtra,Pune,Cereals,Bajra(Pearl Millet/Cumbu),03-07-2022,3.0,Metric Tonnes,1816.67,Rs./Quintal
Maharashtra,Pune,Cereals,Jowar(Sorghum),03-07-2022,3.0,Metric Tonnes,1600.0,Rs./Quintal
Maharashtra,Pune,Cereals,Maize,03-07-2022,6.0,Metric Tonnes,2551.0,Rs./Quintal
Maharashtra,Pune,Cereals,Wheat,03-07-2022,4.0,Metric Tonnes,2100.0,Rs./Quintal
Maharashtra,Pune,Cereals,Bajra(Pearl Millet/Cumbu),04-07-2022,34.0,Metric Tonnes,3050.0,Rs./Quintal
Maharashtra,Pune,Cereals,Jowar(Sorghum),04-07-2022,63.0,Metric Tonnes,4406.35,Rs./Quintal
Maharashtra,Pune,Cereals,Maize,04-07-2022,7.0,Metric Tonnes,2225.5,Rs./Quintal
Maharashtra,Pune,Cereals,Wheat,04-07-2022,240.0,Metric Tonnes,2696.31,Rs./Quintal
Maharashtra,Pune,Cereals,Bajra(Pearl Millet/Cumbu),05-07-2022,35.0,Metric Tonnes,3050.0,Rs./Quintal
Maharashtra,Pune,Cereals,Jowar(Sorghum),05-07-2022,62.0,Metric Tonnes,4450.0,Rs./Quintal
Maharashtra,Pune,Cereals,Wheat,05-07-2022,198.0,Metric Tonnes,2800.0,Rs./Quintal
Maharashtra,Pune,Cereals,Bajra(Pearl Millet/Cumbu),06-07-2022,37.0,Metric Tonnes,3066.22,Rs./Quintal
Maharashtra,Pune,Cereals,Jowar(Sorghum),06-07-2022,64.0,Metric Tonnes,4568.91,Rs./Quintal
Maharashtra,Pune,Cereals,Wheat,06-07-2022,39.0,Metric Tonnes,4626.28,Rs./Quintal
Maharashtra,Pune,Cereals,Bajra(Pearl Millet/Cumbu),07-07-2022,38.0,Metric Tonnes,2957.89,Rs./Quintal
Maharashtra,Pune,Cereals,Jowar(Sorghum),07-07-2022,64.0,Metric Tonnes,4504.3,Rs./Quintal
Maharashtra,Pune,Cereals,Maize,07-07-2022,5.0,Metric Tonnes,2425.0,Rs./Quintal
Maharashtra,Pune,Cereals,Wheat,07-07-2022,76.0,Metric Tonnes,3408.21,Rs./Quintal
Maharashtra,Pune,Cereals,Bajra(Pearl Millet/Cumbu),08-07-2022,35.0,Metric Tonnes,3100.0,Rs./Quintal
Maharashtra,Pune,Cereals,Jowar(Sorghum),08-07-2022,63.0,Metric Tonnes,4350.0,Rs./Quintal
Maharashtra,Pune,Cereals,Wheat,08-07-2022,33.0,Metric Tonnes,5000.0,Rs./Quintal
Maharashtra,Pune,Cereals,Bajra(Pearl Millet/Cumbu),09-07-2022,35.0,Metric Tonnes,3100.0,Rs./Quintal
Maharashtra,Pune,Cereals,Jowar(Sorghum),09-07-2022,63.0,Metric Tonnes,4350.0,Rs./Quintal
Maharashtra,Pune,Cereals,Maize,09-07-2022,6.0,Metric Tonnes,2441.0,Rs./Quintal
Maharashtra,Pune,Cereals,Wheat,09-07-2022,35.0,Metric Tonnes,4848.31,Rs./Quintal
Maharashtra,Pune,Cereals,Jowar(Sorghum),10-07-2022,1.0,Metric Tonnes,1625.0,Rs./Quintal
Maharashtra,Pune,Cereals,Maize,10-07-2022,4.0,Metric Tonnes,2451.0,Rs./Quintal
Maharashtra,Pune,Cereals,Wheat,10-07-2022,11.0,Metric Tonnes,2177.0,Rs./Quintal
Maharashtra,Pune,Cereals,Bajra(Pearl Millet/Cumbu),11-07-2022,38.0,Metric Tonnes,2915.79,Rs./Quintal
Maharashtra,Pune,Cereals,Jowar(Sorghum),11-07-2022,63.0,Metric Tonnes,4550.0,Rs./Quintal
Maharashtra,Pune,Cereals,Maize,11-07-2022,5.0,Metric Tonnes,2400.0,Rs./Quintal
Maharashtra,Pune,Cereals,Wheat,11-07-2022,53.0,Metric Tonnes,3966.98,Rs./Quintal
Maharashtra,Pune,Cereals,Bajra(Pearl Millet/Cumbu),12-07-2022,35.0,Metric Tonnes,3000.0,Rs./Quintal
Maharashtra,Pune,Cereals,Jowar(Sorghum),12-07-2022,63.0,Metric Tonnes,4500.0,Rs./Quintal
Maharashtra,Pune,Cereals,Maize,12-07-2022,1.0,Metric Tonnes,2100.0,Rs./Quintal
Maharashtra,Pune,Cereals,Wheat,12-07-2022,33.0,Metric Tonnes,5050.0,Rs./Quintal
Maharashtra,Pune,Cereals,Bajra(Pearl Millet/Cumbu),13-07-2022,35.0,Metric Tonnes,3000.0,Rs./Quintal
Maharashtra,Pune,Cereals,Jowar(Sorghum),13-07-2022,63.0,Metric Tonnes,4400.0,Rs./Quintal
Maharashtra,Pune,Cereals,Wheat,13-07-2022,33.0,Metric Tonnes,4950.0,Rs./Quintal
Maharashtra,Pune,Cereals,Bajra(Pearl Millet/Cumbu),14-07-2022,37.0,Metric Tonnes,2927.03,Rs./Quintal
Maharashtra,Pune,Cereals,Jowar(Sorghum),14-07-2022,64.0,Metric Tonnes,4400.0,Rs./Quintal
Maharashtra,Pune,Cereals,Maize,14-07-2022,2.0,Metric Tonnes,2451.0,Rs./Quintal
Maharashtra,Pune,Cereals,Wheat,14-07-2022,53.0,Metric Tonnes,3959.08,Rs./Quintal
Maharashtra,Pune,Cereals,Bajra(Pearl Millet/Cumbu),15-07-2022,35.0,Metric Tonnes,2950.0,Rs./Quintal
Maharashtra,Pune,Cereals,Jowar(Sorghum),15-07-2022,63.0,Metric Tonnes,4450.0,Rs./Quintal
Maharashtra,Pune,Cereals,Wheat,15-07-2022,34.0,Metric Tonnes,5000.0,Rs./Quintal
Maharashtra,Pune,Cereals,Bajra(Pearl Millet/Cumbu),16-07-2022,35.0,Metric Tonnes,2975.0,Rs./Quintal
Maharashtra,Pune,Cereals,Jowar(Sorghum),16-07-2022,64.0,Metric Tonnes,4500.0,Rs./Quintal
Maharashtra,Pune,Cereals,Maize,16-07-2022,7.0,Metric Tonnes,2444.0,Rs./Quintal
Maharashtra,Pune,Cereals,Wheat,16-07-2022,35.0,Metric Tonnes,4965.71,Rs./Quintal
Maharashtra,Pune,Cereals,Maize,17-07-2022,5.0,Metric Tonnes,2500.0,Rs./Quintal
Maharashtra,Pune,Cereals,Wheat,17-07-2022,2.0,Metric Tonnes,1700.0,Rs./Quintal
Maharashtra,Pune,Cereals,Bajra(Pearl Millet/Cumbu),18-07-2022,1.0,Metric Tonnes,2400.0,Rs./Quintal
Maharashtra,Pune,Cereals,Maize,18-07-2022,3.0,Metric Tonnes,2450.0,Rs./Quintal
Maharashtra,Pune,Cereals,Wheat,18-07-2022,15.0,Metric Tonnes,2300.0,Rs./Quintal
Maharashtra,Pune,Cereals,Bajra(Pearl Millet/Cumbu),19-07-2022,35.0,Metric Tonnes,2850.0,Rs./Quintal
Maharashtra,Pune,Cereals,Jowar(Sorghum),19-07-2022,65.0,Metric Tonnes,4260.0,Rs./Quintal
Maharashtra,Pune,Cereals,Wheat,19-07-2022,34.0,Metric Tonnes,4950.0,Rs./Quintal
Maharashtra,Pune,Cereals,Bajra(Pearl Millet/Cumbu),20-07-2022,37.0,Metric Tonnes,2983.89,Rs./Quintal
Maharashtra,Pune,Cereals,Jowar(Sorghum),20-07-2022,66.0,Metric Tonnes,4286.06,Rs./Quintal
Maharashtra,Pune,Cereals,Wheat,20-07-2022,36.0,Metric Tonnes,4957.78,Rs./Quintal
Maharashtra,Pune,Cereals,Bajra(Pearl Millet/Cumbu),21-07-2022,36.0,Metric Tonnes,3000.0,Rs./Quintal
Maharashtra,Pune,Cereals,Jowar(Sorghum),21-07-2022,70.0,Metric Tonnes,4166.43,Rs./Quintal
Maharashtra,Pune,Cereals,Maize,21-07-2022,48.0,Metric Tonnes,2212.5,Rs./Quintal
Maharashtra,Pune,Cereals,Wheat,21-07-2022,79.0,Metric Tonnes,3457.97,Rs./Quintal
Maharashtra,Pune,Cereals,Bajra(Pearl Millet/Cumbu),22-07-2022,36.0,Metric Tonnes,3050.0,Rs./Quintal
Maharashtra,Pune,Cereals,Jowar(Sorghum),22-07-2022,65.0,Metric Tonnes,4400.0,Rs./Quintal
Maharashtra,Pune,Cereals,Wheat,22-07-2022,35.0,Metric Tonnes,5008.57,Rs./Quintal
Maharashtra,Pune,Cereals,Bajra(Pearl Millet/Cumbu),23-07-2022,37.0,Metric Tonnes,3012.16,Rs./Quintal
Maharashtra,Pune,Cereals,Jowar(Sorghum),23-07-2022,65.0,Metric Tonnes,4400.0,Rs./Quintal
Maharashtra,Pune,Cereals,Maize,23-07-2022,5.0,Metric Tonnes,2450.0,Rs./Quintal
Maharashtra,Pune,Cereals,Wheat,23-07-2022,34.0,Metric Tonnes,5100.0,Rs./Quintal
Maharashtra,Pune,Cereals,Bajra(Pearl Millet/Cumbu),24-07-2022,1.0,Metric Tonnes,2551.0,Rs./Quintal
Maharashtra,Pune,Cereals,Jowar(Sorghum),24-07-2022,1.0,Metric Tonnes,1650.0,Rs./Quintal
Maharashtra,Pune,Cereals,Maize,24-07-2022,4.0,Metric Tonnes,2500.0,Rs./Quintal
Maharashtra,Pune,Cereals,Wheat,24-07-2022,23.0,Metric Tonnes,2282.61,Rs./Quintal
Maharashtra,Pune,Cereals,Bajra(Pearl Millet/Cumbu),25-07-2022,37.0,Metric Tonnes,2962.16,Rs./Quintal
Maharashtra,Pune,Cereals,Jowar(Sorghum),25-07-2022,101.0,Metric Tonnes,3704.95,Rs./Quintal
Maharashtra,Pune,Cereals,Maize,25-07-2022,3.0,Metric Tonnes,2400.0,Rs./Quintal
Maharashtra,Pune,Cereals,Wheat,25-07-2022,59.0,Metric Tonnes,3819.92,Rs./Quintal
Maharashtra,Pune,Cereals,Bajra(Pearl Millet/Cumbu),26-07-2022,35.0,Metric Tonnes,3000.0,Rs./Quintal
Maharashtra,Pune,Cereals,Jowar(Sorghum),26-07-2022,64.0,Metric Tonnes,4400.0,Rs./Quintal
Maharashtra,Pune,Cereals,Wheat,26-07-2022,35.0,Metric Tonnes,4800.0,Rs./Quintal
Maharashtra,Pune,Cereals,Bajra(Pearl Millet/Cumbu),27-07-2022,36.0,Metric Tonnes,3079.31,Rs./Quintal
Maharashtra,Pune,Cereals,Jowar(Sorghum),27-07-2022,66.0,Metric Tonnes,4267.12,Rs./Quintal
Maharashtra,Pune,Cereals,Wheat,27-07-2022,38.0,Metric Tonnes,4811.55,Rs./Quintal
Maharashtra,Pune,Cereals,Bajra(Pearl Millet/Cumbu),28-07-2022,36.0,Metric Tonnes,3100.0,Rs./Quintal
Maharashtra,Pune,Cereals,Jowar(Sorghum),28-07-2022,67.0,Metric Tonnes,4220.9,Rs./Quintal
Maharashtra,Pune,Cereals,Wheat,28-07-2022,205.0,Metric Tonnes,4959.39,Rs./Quintal
Maharashtra,Pune,Cereals,Bajra(Pearl Millet/Cumbu),29-07-2022,36.0,Metric Tonnes,3031.94,Rs./Quintal
Maharashtra,Pune,Cereals,Jowar(Sorghum),29-07-2022,66.0,Metric Tonnes,4217.42,Rs./Quintal
Maharashtra,Pune,Cereals,Wheat,29-07-2022,35.0,Metric Tonnes,5150.0,Rs./Quintal
Maharashtra,Pune,Cereals,Bajra(Pearl Millet/Cumbu),30-07-2022,36.0,Metric Tonnes,2950.0,Rs./Quintal
Maharashtra,Pune,Cereals,Jowar(Sorghum),30-07-2022,66.0,Metric Tonnes,4173.5,Rs./Quintal
Maharashtra,Pune,Cereals,Maize,30-07-2022,3.0,Metric Tonnes,2451.0,Rs./Quintal
Maharashtra,Pune,Cereals,Wheat,30-07-2022,36.0,Metric Tonnes,5026.42,Rs./Quintal
Maharashtra,Pune,Cereals,Bajra(Pearl Millet/Cumbu),31-07-2022,6.0,Metric Tonnes,2416.67,Rs./Quintal
Maharashtra,Pune,Cereals,Jowar(Sorghum),31-07-2022,7.0,Metric Tonnes,1937.14,Rs./Quintal
Maharashtra,Pune,Cereals,Maize,31-07-2022,5.0,Metric Tonnes,2421.0,Rs./Quintal
Maharashtra,Pune,Cereals,Wheat,31-07-2022,30.0,Metric Tonnes,2356.77,Rs./Quintal
Maharashtra,Pune,Cereals,Jowar(Sorghum),01-08-2022,6.0,Metric Tonnes,2351.0,Rs./Quintal
Maharashtra,Pune,Cereals,Maize,01-08-2022,14.0,Metric Tonnes,2375.0,Rs./Quintal
Maharashtra,Pune,Cereals,Wheat,01-08-2022,3.0,Metric Tonnes,2066.67,Rs./Quintal
Maharashtra,Pune,Cereals,Bajra(Pearl Millet/Cumbu),02-08-2022,27.0,Metric Tonnes,3155.56,Rs./Quintal
Maharashtra,Pune,Cereals,Jowar(Sorghum),02-08-2022,116.0,Metric Tonnes,3608.62,Rs./Quintal
Maharashtra,Pune,Cereals,Maize,02-08-2022,27.0,Metric Tonnes,2425.0,Rs./Quintal
Maharashtra,Pune,Cereals,Wheat,02-08-2022,104.0,Metric Tonnes,3356.0,Rs./Quintal
Maharashtra,Pune,Cereals,Bajra(Pearl Millet/Cumbu),03-08-2022,27.0,Metric Tonnes,3169.44,Rs./Quintal
Maharashtra,Pune,Cereals,Jowar(Sorghum),03-08-2022,67.0,Metric Tonnes,4339.58,Rs./Quintal
Maharashtra,Pune,Cereals,Wheat,03-08-2022,205.0,Metric Tonnes,3093.66,Rs./Quintal
Maharashtra,Pune,Cereals,Bajra(Pearl Millet/Cumbu),04-08-2022,38.0,Metric Tonnes,3155.26,Rs./Quintal
Maharashtra,Pune,Cereals,Jowar(Sorghum),04-08-2022,69.0,Metric Tonnes,4221.22,Rs./Quintal
Maharashtra,Pune,Cereals,Maize,04-08-2022,9.0,Metric Tonnes,2450.44,Rs./Quintal
Maharashtra,Pune,Cereals,Wheat,04-08-2022,69.0,Metric Tonnes,3695.67,Rs./Quintal
Maharashtra,Pune,Cereals,Bajra(Pearl Millet/Cumbu),05-08-2022,38.0,Metric Tonnes,2923.68,Rs./Quintal
Maharashtra,Pune,Cereals,Jowar(Sorghum),05-08-2022,65.0,Metric Tonnes,4400.0,Rs./Quintal
Maharashtra,Pune,Cereals,Wheat,05-08-2022,35.0,Metric Tonnes,5100.0,Rs./Quintal
Maharashtra,Pune,Cereals,Jowar(Sorghum),06-08-2022,1.0,Metric Tonnes,2651.0,Rs./Quintal
Maharashtra,Pune,Cereals,Maize,06-08-2022,3.0,Metric Tonnes,2441.0,Rs./Quintal
Maharashtra,Pune,Cereals,Wheat,06-08-2022,1.0,Metric Tonnes,2451.0,Rs./Quintal
Maharashtra,Pune,Cereals,Bajra(Pearl Millet/Cumbu),07-08-2022,6.0,Metric Tonnes,2216.67,Rs./Quintal
Maharashtra,Pune,Cereals,Jowar(Sorghum),07-08-2022,3.0,Metric Tonnes,2200.0,Rs./Quintal
Maharashtra,Pune,Cereals,Maize,07-08-2022,4.0,Metric Tonnes,2300.0,Rs./Quintal
Maharashtra,Pune,Cereals,Wheat,07-08-2022,19.0,Metric Tonnes,2300.0,Rs./Quintal
Maharashtra,Pune,Cereals,Bajra(Pearl Millet/Cumbu),08-08-2022,36.0,Metric Tonnes,3200.0,Rs./Quintal
Maharashtra,Pune,Cereals,Jowar(Sorghum),08-08-2022,66.0,Metric Tonnes,4268.18,Rs./Quintal
Maharashtra,Pune,Cereals,Maize,08-08-2022,35.0,Metric Tonnes,2296.2,Rs./Quintal
Maharashtra,Pune,Cereals,Wheat,08-08-2022,56.0,Metric Tonnes,3970.55,Rs./Quintal
Maharashtra,Pune,Cereals,Bajra(Pearl Millet/Cumbu),09-08-2022,40.0,Metric Tonnes,3200.0,Rs./Quintal
Maharashtra,Pune,Cereals,Jowar(Sorghum),09-08-2022,55.0,Metric Tonnes,4300.0,Rs./Quintal
Maharashtra,Pune,Cereals,Maize,09-08-2022,1.0,Metric Tonnes,2750.0,Rs./Quintal
Maharashtra,Pune,Cereals,Wheat,09-08-2022,30.0,Metric Tonnes,4900.0,Rs./Quintal
Maharashtra,Pune,Cereals,Bajra(Pearl Millet/Cumbu),10-08-2022,36.0,Metric Tonnes,2950.0,Rs./Quintal
Maharashtra,Pune,Cereals,Jowar(Sorghum),10-08-2022,65.0,Metric Tonnes,4200.0,Rs./Quintal
Maharashtra,Pune,Cereals,Wheat,10-08-2022,35.0,Metric Tonnes,5100.0,Rs./Quintal
Maharashtra,Pune,Cereals,Bajra(Pearl Millet/Cumbu),11-08-2022,35.0,Metric Tonnes,2950.0,Rs./Quintal
Maharashtra,Pune,Cereals,Jowar(Sorghum),11-08-2022,171.0,Metric Tonnes,4104.7,Rs./Quintal
Maharashtra,Pune,Cereals,Maize,11-08-2022,6.0,Metric Tonnes,2491.83,Rs./Quintal
Maharashtra,Pune,Cereals,Wheat,11-08-2022,18.0,Metric Tonnes,2273.83,Rs./Quintal
Maharashtra,Pune,Cereals,Bajra(Pearl Millet/Cumbu),12-08-2022,38.0,Metric Tonnes,2910.53,Rs./Quintal
Maharashtra,Pune,Cereals,Jowar(Sorghum),12-08-2022,65.0,Metric Tonnes,4400.0,Rs./Quintal
Maharashtra,Pune,Cereals,Wheat,12-08-2022,35.0,Metric Tonnes,5100.0,Rs./Quintal
Maharashtra,Pune,Cereals,Bajra(Pearl Millet/Cumbu),13-08-2022,38.0,Metric Tonnes,2950.0,Rs./Quintal
Maharashtra,Pune,Cereals,Jowar(Sorghum),13-08-2022,1.0,Metric Tonnes,2751.0,Rs./Quintal
Maharashtra,Pune,Cereals,Maize,13-08-2022,1.0,Metric Tonnes,2451.0,Rs./Quintal
Maharashtra,Pune,Cereals,Wheat,13-08-2022,229.0,Metric Tonnes,3975.0,Rs./Quintal
Maharashtra,Pune,Cereals,Bajra(Pearl Millet/Cumbu),14-08-2022,3.0,Metric Tonnes,2300.0,Rs./Quintal
Maharashtra,Pune,Cereals,Jowar(Sorghum),14-08-2022,2.0,Metric Tonnes,1950.0,Rs./Quintal
Maharashtra,Pune,Cereals,Wheat,14-08-2022,3.0,Metric Tonnes,2200.0,Rs./Quintal
Maharashtra,Pune,Cereals,Bajra(Pearl Millet/Cumbu),16-08-2022,40.0,Metric Tonnes,2959.38,Rs./Quintal
Maharashtra,Pune,Cereals,Jowar(Sorghum),16-08-2022,60.0,Metric Tonnes,4400.0,Rs./Quintal
Maharashtra,Pune,Cereals,Maize,16-08-2022,1.0,Metric Tonnes,2750.0,Rs./Quintal
Maharashtra,Pune,Cereals,Wheat,16-08-2022,42.0,Metric Tonnes,5100.0,Rs./Quintal
Maharashtra,Pune,Cereals,Bajra(Pearl Millet/Cumbu),17-08-2022,35.0,Metric Tonnes,2950.0,Rs./Quintal
Maharashtra,Pune,Cereals,Jowar(Sorghum),17-08-2022,65.0,Metric Tonnes,4470.77,Rs./Quintal
Maharashtra,Pune,Cereals,Wheat,17-08-2022,37.0,Metric Tonnes,4864.32,Rs./Quintal
Maharashtra,Pune,Cereals,Bajra(Pearl Millet/Cumbu),18-08-2022,36.0,Metric Tonnes,3118.06,Rs./Quintal
Maharashtra,Pune,Cereals,Jowar(Sorghum),18-08-2022,69.0,Metric Tonnes,4414.49,Rs./Quintal
Maharashtra,Pune,Cereals,Maize,18-08-2022,25.0,Metric Tonnes,2512.0,Rs./Quintal
Maharashtra,Pune,Cereals,Wheat,18-08-2022,85.0,Metric Tonnes,3510.48,Rs./Quintal
Maharashtra,Pune,Cereals,Bajra(Pearl Millet/Cumbu),19-08-2022,34.0,Metric Tonnes,3250.0,Rs./Quintal
Maharashtra,Pune,Cereals,Jowar(Sorghum),19-08-2022,65.0,Metric Tonnes,4550.0,Rs./Quintal
Maharashtra,Pune,Cereals,Wheat,19-08-2022,36.0,Metric Tonnes,4900.0,Rs./Quintal
Maharashtra,Pune,Cereals,Bajra(Pearl Millet/Cumbu),20-08-2022,34.0,Metric Tonnes,3250.0,Rs./Quintal
Maharashtra,Pune,Cereals,Jowar(Sorghum),20-08-2022,66.0,Metric Tonnes,4418.94,Rs./Quintal
Maharashtra,Pune,Cereals,Maize,20-08-2022,2.0,Metric Tonnes,2500.0,Rs./Quintal
Maharashtra,Pune,Cereals,Wheat,20-08-2022,37.0,Metric Tonnes,4919.59,Rs./Quintal
Maharashtra,Pune,Cereals,Bajra(Pearl Millet/Cumbu),21-08-2022,1.0,Metric Tonnes,2500.0,Rs./Quintal
Maharashtra,Pune,Cereals,Jowar(Sorghum),21-08-2022,1.0,Metric Tonnes,1665.0,Rs./Quintal
Maharashtra,Pune,Cereals,Maize,21-08-2022,8.0,Metric Tonnes,2500.0,Rs./Quintal
Maharashtra,Pune,Cereals,Wheat,21-08-2022,3.0,Metric Tonnes,2300.0,Rs./Quintal
Maharashtra,Pune,Cereals,Bajra(Pearl Millet/Cumbu),22-08-2022,35.0,Metric Tonnes,3192.86,Rs./Quintal
Maharashtra,Pune,Cereals,Jowar(Sorghum),22-08-2022,168.0,Metric Tonnes,4391.96,Rs./Quintal
Maharashtra,Pune,Cereals,Maize,22-08-2022,34.0,Metric Tonnes,2619.59,Rs./Quintal
Maharashtra,Pune,Cereals,Wheat,22-08-2022,74.0,Metric Tonnes,3721.03,Rs./Quintal
Maharashtra,Pune,Cereals,Bajra(Pearl Millet/Cumbu),23-08-2022,37.0,Metric Tonnes,3172.97,Rs./Quintal
Maharashtra,Pune,Cereals,Jowar(Sorghum),23-08-2022,65.0,Metric Tonnes,4450.0,Rs./Quintal
Maharashtra,Pune,Cereals,Wheat,23-08-2022,36.0,Metric Tonnes,5100.0,Rs./Quintal
Maharashtra,Pune,Cereals,Bajra(Pearl Millet/Cumbu),24-08-2022,34.0,Metric Tonnes,3250.0,Rs./Quintal
Maharashtra,Pune,Cereals,Jowar(Sorghum),24-08-2022,65.0,Metric Tonnes,4450.0,Rs./Quintal
Maharashtra,Pune,Cereals,Wheat,24-08-2022,36.0,Metric Tonnes,5100.0,Rs./Quintal
Maharashtra,Pune,Cereals,Bajra(Pearl Millet/Cumbu),25-08-2022,38.0,Metric Tonnes,3165.79,Rs./Quintal
Maharashtra,Pune,Cereals,Jowar(Sorghum),25-08-2022,69.0,Metric Tonnes,4350.06,Rs./Quintal
Maharashtra,Pune,Cereals,Maize,25-08-2022,17.0,Metric Tonnes,2561.82,Rs./Quintal
Maharashtra,Pune,Cereals,Wheat,25-08-2022,77.0,Metric Tonnes,3668.83,Rs./Quintal
Maharashtra,Pune,Cereals,Bajra(Pearl Millet/Cumbu),26-08-2022,35.0,Metric Tonnes,3270.0,Rs./Quintal
Maharashtra,Pune,Cereals,Jowar(Sorghum),26-08-2022,65.0,Metric Tonnes,4350.0,Rs./Quintal
Maharashtra,Pune,Cereals,Wheat,26-08-2022,37.0,Metric Tonnes,5024.32,Rs./Quintal
Maharashtra,Pune,Cereals,Bajra(Pearl Millet/Cumbu),27-08-2022,35.0,Metric Tonnes,3268.57,Rs./Quintal
Maharashtra,Pune,Cereals,Jowar(Sorghum),27-08-2022,65.0,Metric Tonnes,4350.0,Rs./Quintal
Maharashtra,Pune,Cereals,Wheat,27-08-2022,36.0,Metric Tonnes,5100.0,Rs./Quintal
Maharashtra,Pune,Cereals,Bajra(Pearl Millet/Cumbu),28-08-2022,2.0,Metric Tonnes,2325.0,Rs./Quintal
Maharashtra,Pune,Cereals,Jowar(Sorghum),28-08-2022,1.0,Metric Tonnes,1675.0,Rs./Quintal
Maharashtra,Pune,Cereals,Maize,28-08-2022,2.0,Metric Tonnes,2400.0,Rs./Quintal
Maharashtra,Pune,Cereals,Wheat,28-08-2022,4.0,Metric Tonnes,2250.0,Rs./Quintal
Maharashtra,Pune,Cereals,Bajra(Pearl Millet/Cumbu),29-08-2022,1.0,Metric Tonnes,2300.0,Rs./Quintal
Maharashtra,Pune,Cereals,Maize,29-08-2022,1.0,Metric Tonnes,2581.0,Rs./Quintal
Maharashtra,Pune,Cereals,Wheat,29-08-2022,27.0,Metric Tonnes,2474.5,Rs./Quintal
Maharashtra,Pune,Cereals,Bajra(Pearl Millet/Cumbu),30-08-2022,37.0,Metric Tonnes,3243.24,Rs./Quintal
Maharashtra,Pune,Cereals,Jowar(Sorghum),30-08-2022,65.0,Metric Tonnes,4300.0,Rs./Quintal
Maharashtra,Pune,Cereals,Wheat,30-08-2022,37.0,Metric Tonnes,5050.0,Rs./Quintal
Maharashtra,Pune,Cereals,Bajra(Pearl Millet/Cumbu),31-08-2022,36.0,Metric Tonnes,3277.28,Rs./Quintal
Maharashtra,Pune,Cereals,Jowar(Sorghum),31-08-2022,68.0,Metric Tonnes,4239.71,Rs./Quintal
Maharashtra,Pune,Cereals,Wheat,31-08-2022,39.0,Metric Tonnes,4915.38,Rs./Quintal
Maharashtra,Pune,Cereals,Jowar(Sorghum),01-09-2022,1.0,Metric Tonnes,2000.0,Rs./Quintal
Maharashtra,Pune,Cereals,Maize,01-09-2022,27.0,Metric Tonnes,2495.28,Rs./Quintal
Maharashtra,Pune,Cereals,Wheat,01-09-2022,39.0,Metric Tonnes,2348.54,Rs./Quintal
Maharashtra,Pune,Cereals,Bajra(Pearl Millet/Cumbu),02-09-2022,36.0,Metric Tonnes,3238.89,Rs./Quintal
Maharashtra,Pune,Cereals,Jowar(Sorghum),02-09-2022,66.0,Metric Tonnes,4300.0,Rs./Quintal
Maharashtra,Pune,Cereals,Wheat,02-09-2022,37.0,Metric Tonnes,4700.0,Rs./Quintal
Maharashtra,Pune,Cereals,Bajra(Pearl Millet/Cumbu),03-09-2022,36.0,Metric Tonnes,3233.33,Rs./Quintal
Maharashtra,Pune,Cereals,Jowar(Sorghum),03-09-2022,67.0,Metric Tonnes,4269.57,Rs./Quintal
Maharashtra,Pune,Cereals,Maize,03-09-2022,5.0,Metric Tonnes,2551.0,Rs./Quintal
Maharashtra,Pune,Cereals,Wheat,03-09-2022,37.0,Metric Tonnes,4680.03,Rs./Quintal
Maharashtra,Pune,Cereals,Jowar(Sorghum),05-09-2022,67.0,Metric Tonnes,4260.45,Rs./Quintal
Maharashtra,Pune,Cereals,Maize,05-09-2022,9.0,Metric Tonnes,2516.67,Rs./Quintal
Maharashtra,Pune,Cereals,Wheat,05-09-2022,58.0,Metric Tonnes,3860.34,Rs./Quintal
Maharashtra,Pune,Cereals,Bajra(Pearl Millet/Cumbu),06-09-2022,1.0,Metric Tonnes,1900.0,Rs./Quintal
Maharashtra,Pune,Cereals,Bajra(Pearl Millet/Cumbu),07-09-2022,35.0,Metric Tonnes,3161.43,Rs./Quintal
Maharashtra,Pune,Cereals,Jowar(Sorghum),07-09-2022,66.0,Metric Tonnes,4221.97,Rs./Quintal
Maharashtra,Pune,Cereals,Wheat,07-09-2022,39.0,Metric Tonnes,4575.92,Rs./Quintal
Maharashtra,Pune,Cereals,Bajra(Pearl Millet/Cumbu),08-09-2022,35.0,Metric Tonnes,3045.71,Rs./Quintal
Maharashtra,Pune,Cereals,Jowar(Sorghum),08-09-2022,68.0,Metric Tonnes,4407.35,Rs./Quintal
Maharashtra,Pune,Cereals,Maize,08-09-2022,13.0,Metric Tonnes,2500.0,Rs./Quintal
Maharashtra,Pune,Cereals,Wheat,08-09-2022,37.0,Metric Tonnes,4732.43,Rs./Quintal
Maharashtra,Pune,Cereals,Bajra(Pearl Millet/Cumbu),09-09-2022,33.0,Metric Tonnes,3100.0,Rs./Quintal
Maharashtra,Pune,Cereals,Jowar(Sorghum),09-09-2022,66.0,Metric Tonnes,4450.0,Rs./Quintal
Maharashtra,Pune,Cereals,Wheat,09-09-2022,37.0,Metric Tonnes,4664.86,Rs./Quintal
Maharashtra,Pune,Cereals,Bajra(Pearl Millet/Cumbu),10-09-2022,32.0,Metric Tonnes,3162.5,Rs./Quintal
Maharashtra,Pune,Cereals,Jowar(Sorghum),10-09-2022,61.0,Metric Tonnes,4218.87,Rs./Quintal
Maharashtra,Pune,Cereals,Maize,10-09-2022,4.0,Metric Tonnes,2525.0,Rs./Quintal
Maharashtra,Pune,Cereals,Wheat,10-09-2022,34.0,Metric Tonnes,4628.85,Rs./Quintal
Maharashtra,Pune,Cereals,Bajra(Pearl Millet/Cumbu),11-09-2022,2.0,Metric Tonnes,2300.0,Rs./Quintal
Maharashtra,Pune,Cereals,Wheat,11-09-2022,4.0,Metric Tonnes,2238.25,Rs./Quintal
Maharashtra,Pune,Cereals,Bajra(Pearl Millet/Cumbu),12-09-2022,1.0,Metric Tonnes,2075.0,Rs./Quintal
Maharashtra,Pune,Cereals,Maize,12-09-2022,2.0,Metric Tonnes,2481.0,Rs./Quintal
Maharashtra,Pune,Cereals,Wheat,12-09-2022,13.0,Metric Tonnes,2425.0,Rs./Quintal
Maharashtra,Pune,Cereals,Bajra(Pearl Millet/Cumbu),13-09-2022,32.0,Metric Tonnes,3114.06,Rs./Quintal
Maharashtra,Pune,Cereals,Jowar(Sorghum),13-09-2022,62.0,Metric Tonnes,4500.0,Rs./Quintal
Maharashtra,Pune,Cereals,Wheat,13-09-2022,33.0,Metric Tonnes,4850.0,Rs./Quintal
Maharashtra,Pune,Cereals,Wheat,14-09-2022,3.0,Metric Tonnes,2537.0,Rs./Quintal
Maharashtra,Pune,Cereals,Bajra(Pearl Millet/Cumbu),15-09-2022,32.0,Metric Tonnes,3065.63,Rs./Quintal
Maharashtra,Pune,Cereals,Jowar(Sorghum),15-09-2022,63.0,Metric Tonnes,4500.0,Rs./Quintal
Maharashtra,Pune,Cereals,Maize,15-09-2022,2.0,Metric Tonnes,2491.0,Rs./Quintal
Maharashtra,Pune,Cereals,Wheat,15-09-2022,59.0,Metric Tonnes,3904.87,Rs./Quintal
Maharashtra,Pune,Cereals,Bajra(Pearl Millet/Cumbu),17-09-2022,33.0,Metric Tonnes,3050.36,Rs./Quintal
Maharashtra,Pune,Cereals,Jowar(Sorghum),17-09-2022,64.0,Metric Tonnes,4418.14,Rs./Quintal
Maharashtra,Pune,Cereals,Maize,17-09-2022,4.0,Metric Tonnes,2400.0,Rs./Quintal
Maharashtra,Pune,Cereals,Wheat,17-09-2022,35.0,Metric Tonnes,4922.86,Rs./Quintal
Maharashtra,Pune,Cereals,Bajra(Pearl Millet/Cumbu),18-09-2022,7.0,Metric Tonnes,2200.0,Rs./Quintal
Maharashtra,Pune,Cereals,Jowar(Sorghum),18-09-2022,4.0,Metric Tonnes,1900.0,Rs./Quintal
Maharashtra,Pune,Cereals,Wheat,18-09-2022,13.0,Metric Tonnes,2211.54,Rs./Quintal
Maharashtra,Pune,Cereals,Bajra(Pearl Millet/Cumbu),19-09-2022,31.0,Metric Tonnes,3200.0,Rs./Quintal
Maharashtra,Pune,Cereals,Jowar(Sorghum),19-09-2022,63.0,Metric Tonnes,4250.0,Rs./Quintal
Maharashtra,Pune,Cereals,Maize,19-09-2022,4.0,Metric Tonnes,2500.0,Rs./Quintal
Maharashtra,Pune,Cereals,Wheat,19-09-2022,58.0,Metric Tonnes,3791.38,Rs./Quintal
Maharashtra,Pune,Cereals,Bajra(Pearl Millet/Cumbu),20-09-2022,32.0,Metric Tonnes,3150.0,Rs./Quintal
Maharashtra,Pune,Cereals,Jowar(Sorghum),20-09-2022,64.0,Metric Tonnes,4300.0,Rs./Quintal
Maharashtra,Pune,Cereals,Wheat,20-09-2022,35.0,Metric Tonnes,4750.0,Rs./Quintal
Maharashtra,Pune,Cereals,Bajra(Pearl Millet/Cumbu),21-09-2022,2.0,Metric Tonnes,2400.0,Rs./Quintal
Maharashtra,Pune,Cereals,Jowar(Sorghum),21-09-2022,1.0,Metric Tonnes,2300.0,Rs./Quintal
Maharashtra,Pune,Cereals,Wheat,21-09-2022,2.0,Metric Tonnes,2560.0,Rs./Quintal
Maharashtra,Pune,Cereals,Bajra(Pearl Millet/Cumbu),22-09-2022,33.0,Metric Tonnes,3166.67,Rs./Quintal
Maharashtra,Pune,Cereals,Jowar(Sorghum),22-09-2022,64.0,Metric Tonnes,4400.0,Rs./Quintal
Maharashtra,Pune,Cereals,Maize,22-09-2022,12.0,Metric Tonnes,2491.0,Rs./Quintal
Maharashtra,Pune,Cereals,Wheat,22-09-2022,72.0,Metric Tonnes,3638.17,Rs./Quintal
Maharashtra,Pune,Cereals,Bajra(Pearl Millet/Cumbu),23-09-2022,34.0,Metric Tonnes,3164.71,Rs./Quintal
Maharashtra,Pune,Cereals,Jowar(Sorghum),23-09-2022,64.0,Metric Tonnes,4500.0,Rs./Quintal
Maharashtra,Pune,Cereals,Maize,23-09-2022,1.0,Metric Tonnes,2500.0,Rs./Quintal
Maharashtra,Pune,Cereals,Wheat,23-09-2022,34.0,Metric Tonnes,5000.0,Rs./Quintal
Maharashtra,Pune,Cereals,Bajra(Pearl Millet/Cumbu),24-09-2022,34.0,Metric Tonnes,3161.76,Rs./Quintal
Maharashtra,Pune,Cereals,Jowar(Sorghum),24-09-2022,64.0,Metric Tonnes,4500.0,Rs./Quintal
Maharashtra,Pune,Cereals,Wheat,24-09-2022,35.0,Metric Tonnes,5000.0,Rs./Quintal
Maharashtra,Pune,Cereals,Bajra(Pearl Millet/Cumbu),25-09-2022,21.0,Metric Tonnes,2204.76,Rs./Quintal
Maharashtra,Pune,Cereals,Jowar(Sorghum),25-09-2022,7.0,Metric Tonnes,1607.14,Rs./Quintal
Maharashtra,Pune,Cereals,Maize,25-09-2022,26.0,Metric Tonnes,2400.96,Rs./Quintal
Maharashtra,Pune,Cereals,Wheat,25-09-2022,14.0,Metric Tonnes,2283.93,Rs./Quintal
Maharashtra,Pune,Cereals,Bajra(Pearl Millet/Cumbu),26-09-2022,32.0,Metric Tonnes,3200.0,Rs./Quintal
Maharashtra,Pune,Cereals,Jowar(Sorghum),26-09-2022,65.0,Metric Tonnes,4373.85,Rs./Quintal
Maharashtra,Pune,Cereals,Maize,26-09-2022,42.0,Metric Tonnes,2349.79,Rs./Quintal
Maharashtra,Pune,Cereals,Wheat,26-09-2022,36.0,Metric Tonnes,4870.83,Rs./Quintal
Maharashtra,Pune,Cereals,Bajra(Pearl Millet/Cumbu),28-09-2022,35.0,Metric Tonnes,3062.11,Rs./Quintal
Maharashtra,Pune,Cereals,Jowar(Sorghum),28-09-2022,66.0,Metric Tonnes,4468.18,Rs./Quintal
Maharashtra,Pune,Cereals,Wheat,28-09-2022,36.0,Metric Tonnes,4736.44,Rs./Quintal
Maharashtra,Pune,Cereals,Bajra(Pearl Millet/Cumbu),29-09-2022,36.0,Metric Tonnes,3033.33,Rs./Quintal
Maharashtra,Pune,Cereals,Jowar(Sorghum),29-09-2022,67.0,Metric Tonnes,4444.81,Rs./Quintal
Maharashtra,Pune,Cereals,Maize,29-09-2022,31.0,Metric Tonnes,2313.0,Rs./Quintal
Maharashtra,Pune,Cereals,Wheat,29-09-2022,75.0,Metric Tonnes,3562.0,Rs./Quintal
Maharashtra,Pune,Cereals,Bajra(Pearl Millet/Cumbu),30-09-2022,34.0,Metric Tonnes,3150.0,Rs./Quintal
Maharashtra,Pune,Cereals,Jowar(Sorghum),30-09-2022,66.0,Metric Tonnes,4500.0,Rs./Quintal
Maharashtra,Pune,Cereals,Wheat,30-09-2022,35.0,Metric Tonnes,4900.0,Rs./Quintal
Maharashtra,Pune,Cereals,Bajra(Pearl Millet/Cumbu),01-10-2022,34.0,Metric Tonnes,3150.0,Rs./Quintal
Maharashtra,Pune,Cereals,Jowar(Sorghum),01-10-2022,66.0,Metric Tonnes,4500.0,Rs./Quintal
Maharashtra,Pune,Cereals,Maize,01-10-2022,29.0,Metric Tonnes,2150.0,Rs./Quintal
Maharashtra,Pune,Cereals,Wheat,01-10-2022,37.0,Metric Tonnes,4817.59,Rs./Quintal
Maharashtra,Pune,Cereals,Bajra(Pearl Millet/Cumbu),02-10-2022,25.0,Metric Tonnes,2000.0,Rs./Quintal
Maharashtra,Pune,Cereals,Jowar(Sorghum),02-10-2022,2.0,Metric Tonnes,2100.0,Rs./Quintal
Maharashtra,Pune,Cereals,Maize,02-10-2022,37.0,Metric Tonnes,2097.3,Rs./Quintal
Maharashtra,Pune,Cereals,Wheat,02-10-2022,18.0,Metric Tonnes,2250.0,Rs./Quintal
Maharashtra,Pune,Cereals,Bajra(Pearl Millet/Cumbu),03-10-2022,33.0,Metric Tonnes,3100.0,Rs./Quintal
Maharashtra,Pune,Cereals,Jowar(Sorghum),03-10-2022,69.0,Metric Tonnes,4419.57,Rs./Quintal
Maharashtra,Pune,Cereals,Maize,03-10-2022,140.0,Metric Tonnes,2160.07,Rs./Quintal
Maharashtra,Pune,Cereals,Wheat,03-10-2022,73.0,Metric Tonnes,3558.32,Rs./Quintal
Maharashtra,Pune,Cereals,Bajra(Pearl Millet/Cumbu),04-10-2022,33.0,Metric Tonnes,3150.0,Rs./Quintal
Maharashtra,Pune,Cereals,Jowar(Sorghum),04-10-2022,66.0,Metric Tonnes,4500.0,Rs./Quintal
Maharashtra,Pune,Cereals,Wheat,04-10-2022,201.0,Metric Tonnes,3000.0,Rs./Quintal
Maharashtra,Pune,Cereals,Bajra(Pearl Millet/Cumbu),05-10-2022,33.0,Metric Tonnes,3150.0,Rs./Quintal
Maharashtra,Pune,Cereals,Jowar(Sorghum),05-10-2022,66.0,Metric Tonnes,4500.0,Rs./Quintal
Maharashtra,Pune,Cereals,Wheat,05-10-2022,36.0,Metric Tonnes,4900.0,Rs./Quintal
Maharashtra,Pune,Cereals,Bajra(Pearl Millet/Cumbu),06-10-2022,36.0,Metric Tonnes,2981.97,Rs./Quintal
Maharashtra,Pune,Cereals,Jowar(Sorghum),06-10-2022,75.0,Metric Tonnes,4234.67,Rs./Quintal
Maharashtra,Pune,Cereals,Maize,06-10-2022,189.0,Metric Tonnes,2138.89,Rs./Quintal
Maharashtra,Pune,Cereals,Wheat,06-10-2022,67.0,Metric Tonnes,3645.16,Rs./Quintal
Maharashtra,Pune,Cereals,Bajra(Pearl Millet/Cumbu),07-10-2022,34.0,Metric Tonnes,3000.0,Rs./Quintal
Maharashtra,Pune,Cereals,Jowar(Sorghum),07-10-2022,66.0,Metric Tonnes,4400.0,Rs./Quintal
Maharashtra,Pune,Cereals,Maize,07-10-2022,1.0,Metric Tonnes,2150.0,Rs./Quintal
Maharashtra,Pune,Cereals,Wheat,07-10-2022,36.0,Metric Tonnes,4950.0,Rs./Quintal
Maharashtra,Pune,Cereals,Bajra(Pearl Millet/Cumbu),08-10-2022,34.0,Metric Tonnes,3000.0,Rs./Quintal
Maharashtra,Pune,Cereals,Jowar(Sorghum),08-10-2022,66.0,Metric Tonnes,4400.0,Rs./Quintal
Maharashtra,Pune,Cereals,Maize,08-10-2022,23.0,Metric Tonnes,2136.74,Rs./Quintal
Maharashtra,Pune,Cereals,Wheat,08-10-2022,202.0,Metric Tonnes,3100.0,Rs./Quintal
Maharashtra,Pune,Cereals,Bajra(Pearl Millet/Cumbu),09-10-2022,13.0,Metric Tonnes,2100.0,Rs./Quintal
Maharashtra,Pune,Cereals,Jowar(Sorghum),09-10-2022,2.0,Metric Tonnes,2200.0,Rs./Quintal
Maharashtra,Pune,Cereals,Maize,09-10-2022,54.0,Metric Tonnes,2081.0,Rs./Quintal
Maharashtra,Pune,Cereals,Wheat,09-10-2022,19.0,Metric Tonnes,2311.58,Rs./Quintal
Maharashtra,Pune,Cereals,Bajra(Pearl Millet/Cumbu),10-10-2022,35.0,Metric Tonnes,3050.0,Rs./Quintal
Maharashtra,Pune,Cereals,Jowar(Sorghum),10-10-2022,67.0,Metric Tonnes,4500.0,Rs./Quintal
Maharashtra,Pune,Cereals,Maize,10-10-2022,141.0,Metric Tonnes,2215.45,Rs./Quintal
Maharashtra,Pune,Cereals,Wheat,10-10-2022,61.0,Metric Tonnes,3868.63,Rs./Quintal
Maharashtra,Pune,Cereals,Bajra(Pearl Millet/Cumbu),12-10-2022,37.0,Metric Tonnes,3069.57,Rs./Quintal
Maharashtra,Pune,Cereals,Jowar(Sorghum),12-10-2022,69.0,Metric Tonnes,4440.58,Rs./Quintal
Maharashtra,Pune,Cereals,Wheat,12-10-2022,38.0,Metric Tonnes,4583.79,Rs./Quintal
Maharashtra,Pune,Cereals,Bajra(Pearl Millet/Cumbu),13-10-2022,36.0,Metric Tonnes,3072.22,Rs./Quintal
Maharashtra,Pune,Cereals,Jowar(Sorghum),13-10-2022,67.0,Metric Tonnes,4600.0,Rs./Quintal
Maharashtra,Pune,Cereals,Maize,13-10-2022,115.0,Metric Tonnes,2263.8,Rs./Quintal
Maharashtra,Pune,Cereals,Wheat,13-10-2022,59.0,Metric Tonnes,3716.53,Rs./Quintal
Maharashtra,Pune,Cereals,Bajra(Pearl Millet/Cumbu),14-10-2022,35.0,Metric Tonnes,3100.0,Rs./Quintal
Maharashtra,Pune,Cereals,Jowar(Sorghum),14-10-2022,66.0,Metric Tonnes,4500.0,Rs./Quintal
Maharashtra,Pune,Cereals,Wheat,14-10-2022,37.0,Metric Tonnes,4700.0,Rs./Quintal
Maharashtra,Pune,Cereals,Bajra(Pearl Millet/Cumbu),15-10-2022,34.0,Metric Tonnes,3050.0,Rs./Quintal
Maharashtra,Pune,Cereals,Jowar(Sorghum),15-10-2022,67.0,Metric Tonnes,4470.15,Rs./Quintal
Maharashtra,Pune,Cereals,Maize,15-10-2022,11.0,Metric Tonnes,2251.0,Rs./Quintal
Maharashtra,Pune,Cereals,Wheat,15-10-2022,37.0,Metric Tonnes,4900.0,Rs./Quintal
Maharashtra,Pune,Cereals,Bajra(Pearl Millet/Cumbu),16-10-2022,17.0,Metric Tonnes,2211.76,Rs./Quintal
Maharashtra,Pune,Cereals,Jowar(Sorghum),16-10-2022,1.0,Metric Tonnes,2601.0,Rs./Quintal
Maharashtra,Pune,Cereals,Maize,16-10-2022,52.0,Metric Tonnes,2303.85,Rs./Quintal
Maharashtra,Pune,Cereals,Wheat,16-10-2022,20.0,Metric Tonnes,2390.0,Rs./Quintal
Maharashtra,Pune,Cereals,Bajra(Pearl Millet/Cumbu),17-10-2022,34.0,Metric Tonnes,3000.0,Rs./Quintal
Maharashtra,Pune,Cereals,Jowar(Sorghum),17-10-2022,69.0,Metric Tonnes,4359.42,Rs./Quintal
Maharashtra,Pune,Cereals,Maize,17-10-2022,118.0,Metric Tonnes,2323.11,Rs./Quintal
Maharashtra,Pune,Cereals,Wheat,17-10-2022,53.0,Metric Tonnes,4197.58,Rs./Quintal
Maharashtra,Pune,Cereals,Bajra(Pearl Millet/Cumbu),18-10-2022,34.0,Metric Tonnes,3000.0,Rs./Quintal
Maharashtra,Pune,Cereals,Jowar(Sorghum),18-10-2022,66.0,Metric Tonnes,4400.0,Rs./Quintal
Maharashtra,Pune,Cereals,Wheat,18-10-2022,37.0,Metric Tonnes,5000.0,Rs./Quintal
Maharashtra,Pune,Cereals,Bajra(Pearl Millet/Cumbu),19-10-2022,34.0,Metric Tonnes,3000.0,Rs./Quintal
Maharashtra,Pune,Cereals,Jowar(Sorghum),19-10-2022,66.0,Metric Tonnes,4500.0,Rs./Quintal
Maharashtra,Pune,Cereals,Wheat,19-10-2022,37.0,Metric Tonnes,4900.0,Rs./Quintal
Maharashtra,Pune,Cereals,Bajra(Pearl Millet/Cumbu),20-10-2022,46.0,Metric Tonnes,2645.22,Rs./Quintal
Maharashtra,Pune,Cereals,Jowar(Sorghum),20-10-2022,40.0,Metric Tonnes,4546.63,Rs./Quintal
Maharashtra,Pune,Cereals,Maize,20-10-2022,229.0,Metric Tonnes,2416.91,Rs./Quintal
Maharashtra,Pune,Cereals,Wheat,20-10-2022,62.0,Metric Tonnes,3789.19,Rs./Quintal
Maharashtra,Pune,Cereals,Bajra(Pearl Millet/Cumbu),21-10-2022,35.0,Metric Tonnes,3074.29,Rs./Quintal
Maharashtra,Pune,Cereals,Jowar(Sorghum),21-10-2022,36.0,Metric Tonnes,4600.0,Rs./Quintal
Maharashtra,Pune,Cereals,Wheat,21-10-2022,37.0,Metric Tonnes,4500.0,Rs./Quintal
Maharashtra,Pune,Cereals,Bajra(Pearl Millet/Cumbu),22-10-2022,35.0,Metric Tonnes,3100.0,Rs./Quintal
Maharashtra,Pune,Cereals,Jowar(Sorghum),22-10-2022,36.0,Metric Tonnes,4600.0,Rs./Quintal
Maharashtra,Pune,Cereals,Maize,22-10-2022,33.0,Metric Tonnes,2391.0,Rs./Quintal
Maharashtra,Pune,Cereals,Wheat,22-10-2022,37.0,Metric Tonnes,4500.0,Rs./Quintal
Maharashtra,Pune,Cereals,Maize,23-10-2022,4.0,Metric Tonnes,2262.5,Rs./Quintal
Maharashtra,Pune,Cereals,Wheat,23-10-2022,4.0,Metric Tonnes,2350.0,Rs./Quintal
Maharashtra,Pune,Cereals,Bajra(Pearl Millet/Cumbu),24-10-2022,35.0,Metric Tonnes,3100.0,Rs./Quintal
Maharashtra,Pune,Cereals,Jowar(Sorghum),24-10-2022,38.0,Metric Tonnes,4600.0,Rs./Quintal
Maharashtra,Pune,Cereals,Maize,24-10-2022,1.0,Metric Tonnes,2700.0,Rs./Quintal
Maharashtra,Pune,Cereals,Wheat,24-10-2022,37.0,Metric Tonnes,4500.0,Rs./Quintal
Maharashtra,Pune,Cereals,Bajra(Pearl Millet/Cumbu),25-10-2022,35.0,Metric Tonnes,3100.0,Rs./Quintal
Maharashtra,Pune,Cereals,Jowar(Sorghum),25-10-2022,67.0,Metric Tonnes,4350.0,Rs./Quintal
Maharashtra,Pune,Cereals,Maize,25-10-2022,4.0,Metric Tonnes,2350.0,Rs./Quintal
Maharashtra,Pune,Cereals,Wheat,25-10-2022,37.0,Metric Tonnes,5000.0,Rs./Quintal
Maharashtra,Pune,Cereals,Bajra(Pearl Millet/Cumbu),27-10-2022,41.0,Metric Tonnes,2914.02,Rs./Quintal
Maharashtra,Pune,Cereals,Jowar(Sorghum),27-10-2022,49.0,Metric Tonnes,4350.0,Rs./Quintal
Maharashtra,Pune,Cereals,Maize,27-10-2022,6.0,Metric Tonnes,2250.0,Rs./Quintal
Maharashtra,Pune,Cereals,Wheat,27-10-2022,40.0,Metric Tonnes,4935.63,Rs./Quintal
Maharashtra,Pune,Cereals,Bajra(Pearl Millet/Cumbu),28-10-2022,48.0,Metric Tonnes,2700.0,Rs./Quintal
Maharashtra,Pune,Cereals,Jowar(Sorghum),28-10-2022,50.0,Metric Tonnes,4350.0,Rs./Quintal
Maharashtra,Pune,Cereals,Maize,28-10-2022,3.0,Metric Tonnes,2433.33,Rs./Quintal
Maharashtra,Pune,Cereals,Wheat,28-10-2022,39.0,Metric Tonnes,5000.0,Rs./Quintal
Maharashtra,Pune,Cereals,Bajra(Pearl Millet/Cumbu),29-10-2022,36.0,Metric Tonnes,3100.0,Rs./Quintal
Maharashtra,Pune,Cereals,Jowar(Sorghum),29-10-2022,50.0,Metric Tonnes,4600.0,Rs./Quintal
Maharashtra,Pune,Cereals,Maize,29-10-2022,116.0,Metric Tonnes,2062.21,Rs./Quintal
Maharashtra,Pune,Cereals,Wheat,29-10-2022,40.0,Metric Tonnes,4500.0,Rs./Quintal
Maharashtra,Pune,Cereals,Bajra(Pearl Millet/Cumbu),30-10-2022,40.0,Metric Tonnes,2007.5,Rs./Quintal
Maharashtra,Pune,Cereals,Jowar(Sorghum),30-10-2022,1.0,Metric Tonnes,2100.0,Rs./Quintal
Maharashtra,Pune,Cereals,Maize,30-10-2022,219.0,Metric Tonnes,2016.08,Rs./Quintal
Maharashtra,Pune,Cereals,Wheat,30-10-2022,13.0,Metric Tonnes,2450.0,Rs./Quintal
Maharashtra,Pune,Cereals,Bajra(Pearl Millet/Cumbu),31-10-2022,2.0,Metric Tonnes,2400.0,Rs./Quintal
Maharashtra,Pune,Cereals,Jowar(Sorghum),31-10-2022,1.0,Metric Tonnes,3000.0,Rs./Quintal
Maharashtra,Pune,Cereals,Maize,31-10-2022,735.0,Metric Tonnes,2051.02,Rs./Quintal
Maharashtra,Pune,Cereals,Wheat,31-10-2022,41.0,Metric Tonnes,2484.41,Rs./Quintal
Maharashtra,Pune,Cereals,Bajra(Pearl Millet/Cumbu),01-11-2022,35.0,Metric Tonnes,3100.0,Rs./Quintal
Maharashtra,Pune,Cereals,Jowar(Sorghum),01-11-2022,49.0,Metric Tonnes,4700.0,Rs./Quintal
Maharashtra,Pune,Cereals,Wheat,01-11-2022,39.0,Metric Tonnes,4700.0,Rs./Quintal
Maharashtra,Pune,Cereals,Bajra(Pearl Millet/Cumbu),02-11-2022,36.0,Metric Tonnes,3150.0,Rs./Quintal
Maharashtra,Pune,Cereals,Jowar(Sorghum),02-11-2022,50.0,Metric Tonnes,4700.0,Rs./Quintal
Maharashtra,Pune,Cereals,Maize,02-11-2022,56.0,Metric Tonnes,2061.0,Rs./Quintal
Maharashtra,Pune,Cereals,Wheat,02-11-2022,39.0,Metric Tonnes,4600.0,Rs./Quintal
Maharashtra,Pune,Cereals,Bajra(Pearl Millet/Cumbu),03-11-2022,37.0,Metric Tonnes,3121.62,Rs./Quintal
Maharashtra,Pune,Cereals,Jowar(Sorghum),03-11-2022,50.0,Metric Tonnes,4700.0,Rs./Quintal
Maharashtra,Pune,Cereals,Maize,03-11-2022,492.0,Metric Tonnes,2028.51,Rs./Quintal
Maharashtra,Pune,Cereals,Wheat,03-11-2022,73.0,Metric Tonnes,3659.93,Rs./Quintal
Maharashtra,Pune,Cereals,Bajra(Pearl Millet/Cumbu),04-11-2022,36.0,Metric Tonnes,3300.0,Rs./Quintal
Maharashtra,Pune,Cereals,Jowar(Sorghum),04-11-2022,50.0,Metric Tonnes,4750.0,Rs./Quintal
Maharashtra,Pune,Cereals,Wheat,04-11-2022,40.0,Metric Tonnes,4750.0,Rs./Quintal
Maharashtra,Pune,Cereals,Bajra(Pearl Millet/Cumbu),05-11-2022,36.0,Metric Tonnes,3350.0,Rs./Quintal
Maharashtra,Pune,Cereals,Jowar(Sorghum),05-11-2022,50.0,Metric Tonnes,4750.0,Rs./Quintal
Maharashtra,Pune,Cereals,Maize,05-11-2022,165.0,Metric Tonnes,2130.88,Rs./Quintal
Maharashtra,Pune,Cereals,Wheat,05-11-2022,40.0,Metric Tonnes,4790.63,Rs./Quintal
Maharashtra,Pune,Cereals,Bajra(Pearl Millet/Cumbu),06-11-2022,20.0,Metric Tonnes,2670.0,Rs./Quintal
Maharashtra,Pune,Cereals,Jowar(Sorghum),06-11-2022,2.0,Metric Tonnes,2900.0,Rs./Quintal
Maharashtra,Pune,Cereals,Maize,06-11-2022,198.0,Metric Tonnes,2062.36,Rs./Quintal
Maharashtra,Pune,Cereals,Wheat,06-11-2022,14.0,Metric Tonnes,2485.71,Rs./Quintal
Maharashtra,Pune,Cereals,Bajra(Pearl Millet/Cumbu),07-11-2022,37.0,Metric Tonnes,3267.57,Rs./Quintal
Maharashtra,Pune,Cereals,Jowar(Sorghum),07-11-2022,51.0,Metric Tonnes,4750.0,Rs./Quintal
Maharashtra,Pune,Cereals,Maize,07-11-2022,527.0,Metric Tonnes,2272.24,Rs./Quintal
Maharashtra,Pune,Cereals,Wheat,07-11-2022,56.0,Metric Tonnes,4249.11,Rs./Quintal
Maharashtra,Pune,Cereals,Bajra(Pearl Millet/Cumbu),08-11-2022,37.0,Metric Tonnes,3300.0,Rs./Quintal
Maharashtra,Pune,Cereals,Jowar(Sorghum),08-11-2022,51.0,Metric Tonnes,4750.0,Rs./Quintal
Maharashtra,Pune,Cereals,Wheat,08-11-2022,39.0,Metric Tonnes,4900.0,Rs./Quintal
Maharashtra,Pune,Cereals,Bajra(Pearl Millet/Cumbu),09-11-2022,36.0,Metric Tonnes,3300.0,Rs./Quintal
Maharashtra,Pune,Cereals,Jowar(Sorghum),09-11-2022,51.0,Metric Tonnes,4850.0,Rs./Quintal
Maharashtra,Pune,Cereals,Maize,09-11-2022,122.0,Metric Tonnes,2141.0,Rs./Quintal
Maharashtra,Pune,Cereals,Wheat,09-11-2022,39.0,Metric Tonnes,4900.0,Rs./Quintal
Maharashtra,Pune,Cereals,Bajra(Pearl Millet/Cumbu),10-11-2022,36.0,Metric Tonnes,3400.0,Rs./Quintal
Maharashtra,Pune,Cereals,Jowar(Sorghum),10-11-2022,51.0,Metric Tonnes,5000.0,Rs./Quintal
Maharashtra,Pune,Cereals,Maize,10-11-2022,533.0,Metric Tonnes,2104.58,Rs./Quintal
Maharashtra,Pune,Cereals,Wheat,10-11-2022,82.0,Metric Tonnes,3737.8,Rs./Quintal
Maharashtra,Pune,Cereals,Bajra(Pearl Millet/Cumbu),11-11-2022,38.0,Metric Tonnes,3278.95,Rs./Quintal
Maharashtra,Pune,Cereals,Jowar(Sorghum),11-11-2022,51.0,Metric Tonnes,5200.0,Rs./Quintal
Maharashtra,Pune,Cereals,Maize,11-11-2022,7.0,Metric Tonnes,2100.0,Rs./Quintal
Maharashtra,Pune,Cereals,Wheat,11-11-2022,39.0,Metric Tonnes,4950.0,Rs./Quintal
Maharashtra,Pune,Cereals,Bajra(Pearl Millet/Cumbu),12-11-2022,36.0,Metric Tonnes,3300.0,Rs./Quintal
Maharashtra,Pune,Cereals,Jowar(Sorghum),12-11-2022,52.0,Metric Tonnes,5200.0,Rs./Quintal
Maharashtra,Pune,Cereals,Maize,12-11-2022,265.0,Metric Tonnes,2089.92,Rs./Quintal
Maharashtra,Pune,Cereals,Wheat,12-11-2022,39.0,Metric Tonnes,4884.62,Rs./Quintal
Maharashtra,Pune,Cereals,Bajra(Pearl Millet/Cumbu),13-11-2022,19.0,Metric Tonnes,2700.0,Rs./Quintal
Maharashtra,Pune,Cereals,Jowar(Sorghum),13-11-2022,2.0,Metric Tonnes,3000.0,Rs./Quintal
Maharashtra,Pune,Cereals,Maize,13-11-2022,345.0,Metric Tonnes,2050.0,Rs./Quintal
Maharashtra,Pune,Cereals,Wheat,13-11-2022,14.0,Metric Tonnes,2750.0,Rs./Quintal
Maharashtra,Pune,Cereals,Bajra(Pearl Millet/Cumbu),14-11-2022,1.0,Metric Tonnes,2551.0,Rs./Quintal
Maharashtra,Pune,Cereals,Jowar(Sorghum),14-11-2022,5.0,Metric Tonnes,4200.0,Rs./Quintal
Maharashtra,Pune,Cereals,Maize,14-11-2022,525.0,Metric Tonnes,2075.0,Rs./Quintal
Maharashtra,Pune,Cereals,Wheat,14-11-2022,1.0,Metric Tonnes,2251.0,Rs./Quintal
Maharashtra,Pune,Cereals,Bajra(Pearl Millet/Cumbu),15-11-2022,37.0,Metric Tonnes,3400.0,Rs./Quintal
Maharashtra,Pune,Cereals,Jowar(Sorghum),15-11-2022,52.0,Metric Tonnes,5300.0,Rs./Quintal
Maharashtra,Pune,Cereals,Wheat,15-11-2022,39.0,Metric Tonnes,4950.0,Rs./Quintal
Maharashtra,Pune,Cereals,Bajra(Pearl Millet/Cumbu),16-11-2022,40.0,Metric Tonnes,3158.75,Rs./Quintal
Maharashtra,Pune,Cereals,Jowar(Sorghum),16-11-2022,56.0,Metric Tonnes,5139.29,Rs./Quintal
Maharashtra,Pune,Cereals,Wheat,16-11-2022,47.0,Metric Tonnes,4468.09,Rs./Quintal
Maharashtra,Pune,Cereals,Bajra(Pearl Millet/Cumbu),17-11-2022,42.0,Metric Tonnes,3011.9,Rs./Quintal
Maharashtra,Pune,Cereals,Jowar(Sorghum),17-11-2022,54.0,Metric Tonnes,5278.72,Rs./Quintal
Maharashtra,Pune,Cereals,Maize,17-11-2022,621.0,Metric Tonnes,1988.58,Rs./Quintal
Maharashtra,Pune,Cereals,Wheat,17-11-2022,79.0,Metric Tonnes,3758.95,Rs./Quintal
Maharashtra,Pune,Cereals,Bajra(Pearl Millet/Cumbu),18-11-2022,37.0,Metric Tonnes,3400.0,Rs./Quintal
Maharashtra,Pune,Cereals,Jowar(Sorghum),18-11-2022,53.0,Metric Tonnes,5300.0,Rs./Quintal
Maharashtra,Pune,Cereals,Maize,18-11-2022,3.0,Metric Tonnes,2000.0,Rs./Quintal
Maharashtra,Pune,Cereals,Wheat,18-11-2022,40.0,Metric Tonnes,5000.0,Rs./Quintal
Maharashtra,Pune,Cereals,Bajra(Pearl Millet/Cumbu),19-11-2022,37.0,Metric Tonnes,3300.0,Rs./Quintal
Maharashtra,Pune,Cereals,Jowar(Sorghum),19-11-2022,53.0,Metric Tonnes,5250.0,Rs./Quintal
Maharashtra,Pune,Cereals,Maize,19-11-2022,4.0,Metric Tonnes,2020.0,Rs./Quintal
Maharashtra,Pune,Cereals,Wheat,19-11-2022,40.0,Metric Tonnes,4850.0,Rs./Quintal
Maharashtra,Pune,Cereals,Bajra(Pearl Millet/Cumbu),20-11-2022,2.0,Metric Tonnes,2800.0,Rs./Quintal
Maharashtra,Pune,Cereals,Maize,20-11-2022,5.0,Metric Tonnes,2200.0,Rs./Quintal
Maharashtra,Pune,Cereals,Wheat,20-11-2022,4.0,Metric Tonnes,2600.0,Rs./Quintal
Maharashtra,Pune,Cereals,Bajra(Pearl Millet/Cumbu),21-11-2022,38.0,Metric Tonnes,3325.0,Rs./Quintal
Maharashtra,Pune,Cereals,Jowar(Sorghum),21-11-2022,54.0,Metric Tonnes,5117.59,Rs./Quintal
Maharashtra,Pune,Cereals,Maize,21-11-2022,382.0,Metric Tonnes,2051.51,Rs./Quintal
Maharashtra,Pune,Cereals,Wheat,21-11-2022,72.0,Metric Tonnes,3817.88,Rs./Quintal
Maharashtra,Pune,Cereals,Bajra(Pearl Millet/Cumbu),22-11-2022,38.0,Metric Tonnes,3278.95,Rs./Quintal
Maharashtra,Pune,Cereals,Jowar(Sorghum),22-11-2022,54.0,Metric Tonnes,5350.0,Rs./Quintal
Maharashtra,Pune,Cereals,Wheat,22-11-2022,41.0,Metric Tonnes,4700.0,Rs./Quintal
Maharashtra,Pune,Cereals,Bajra(Pearl Millet/Cumbu),23-11-2022,37.0,Metric Tonnes,3300.0,Rs./Quintal
Maharashtra,Pune,Cereals,Jowar(Sorghum),23-11-2022,54.0,Metric Tonnes,5350.0,Rs./Quintal
Maharashtra,Pune,Cereals,Wheat,23-11-2022,40.0,Metric Tonnes,4700.0,Rs./Quintal
Maharashtra,Pune,Cereals,Bajra(Pearl Millet/Cumbu),24-11-2022,47.0,Metric Tonnes,2844.68,Rs./Quintal
Maharashtra,Pune,Cereals,Jowar(Sorghum),24-11-2022,54.0,Metric Tonnes,5250.0,Rs./Quintal
Maharashtra,Pune,Cereals,Maize,24-11-2022,5.0,Metric Tonnes,2110.2,Rs./Quintal
Maharashtra,Pune,Cereals,Wheat,24-11-2022,48.0,Metric Tonnes,4557.29,Rs./Quintal
Maharashtra,Pune,Cereals,Bajra(Pearl Millet/Cumbu),25-11-2022,1.0,Metric Tonnes,2400.0,Rs./Quintal
Maharashtra,Pune,Cereals,Maize,25-11-2022,4.0,Metric Tonnes,2000.0,Rs./Quintal
Maharashtra,Pune,Cereals,Wheat,25-11-2022,1.0,Metric Tonnes,2600.0,Rs./Quintal
Maharashtra,Pune,Cereals,Bajra(Pearl Millet/Cumbu),26-11-2022,38.0,Metric Tonnes,3100.0,Rs./Quintal
Maharashtra,Pune,Cereals,Jowar(Sorghum),26-11-2022,54.0,Metric Tonnes,5250.0,Rs./Quintal
Maharashtra,Pune,Cereals,Wheat,26-11-2022,41.0,Metric Tonnes,4900.0,Rs./Quintal
Maharashtra,Pune,Cereals,Bajra(Pearl Millet/Cumbu),27-11-2022,4.0,Metric Tonnes,2751.0,Rs./Quintal
Maharashtra,Pune,Cereals,Maize,27-11-2022,10.0,Metric Tonnes,2085.3,Rs./Quintal
Maharashtra,Pune,Cereals,Wheat,27-11-2022,6.0,Metric Tonnes,2560.0,Rs./Quintal
Maharashtra,Pune,Cereals,Bajra(Pearl Millet/Cumbu),28-11-2022,38.0,Metric Tonnes,3100.0,Rs./Quintal
Maharashtra,Pune,Cereals,Jowar(Sorghum),28-11-2022,54.0,Metric Tonnes,5100.0,Rs./Quintal
Maharashtra,Pune,Cereals,Wheat,28-11-2022,41.0,Metric Tonnes,4800.0,Rs./Quintal
Maharashtra,Pune,Cereals,Maize,29-11-2022,4.0,Metric Tonnes,2050.0,Rs./Quintal
Maharashtra,Pune,Cereals,Bajra(Pearl Millet/Cumbu),30-11-2022,38.0,Metric Tonnes,3300.0,Rs./Quintal
Maharashtra,Pune,Cereals,Jowar(Sorghum),30-11-2022,54.0,Metric Tonnes,5250.0,Rs./Quintal
Maharashtra,Pune,Cereals,Maize,30-11-2022,1.0,Metric Tonnes,2100.0,Rs./Quintal
Maharashtra,Pune,Cereals,Wheat,30-11-2022,41.0,Metric Tonnes,4650.0,Rs./Quintal
Maharashtra,Pune,Cereals,Bajra(Pearl Millet/Cumbu),01-12-2022,1.0,Metric Tonnes,2300.0,Rs./Quintal
Maharashtra,Pune,Cereals,Maize,01-12-2022,185.0,Metric Tonnes,2234.23,Rs./Quintal
Maharashtra,Pune,Cereals,Wheat,01-12-2022,36.0,Metric Tonnes,2716.33,Rs./Quintal
Maharashtra,Pune,Cereals,Bajra(Pearl Millet/Cumbu),02-12-2022,38.0,Metric Tonnes,3300.0,Rs./Quintal
Maharashtra,Pune,Cereals,Jowar(Sorghum),02-12-2022,55.0,Metric Tonnes,5450.0,Rs./Quintal
Maharashtra,Pune,Cereals,Wheat,02-12-2022,41.0,Metric Tonnes,4850.0,Rs./Quintal
Maharashtra,Pune,Cereals,Bajra(Pearl Millet/Cumbu),03-12-2022,37.0,Metric Tonnes,3200.0,Rs./Quintal
Maharashtra,Pune,Cereals,Jowar(Sorghum),03-12-2022,54.0,Metric Tonnes,5500.0,Rs./Quintal
Maharashtra,Pune,Cereals,Wheat,03-12-2022,41.0,Metric Tonnes,4800.0,Rs./Quintal
Maharashtra,Pune,Cereals,Bajra(Pearl Millet/Cumbu),04-12-2022,8.0,Metric Tonnes,1727.63,Rs./Quintal
Maharashtra,Pune,Cereals,Jowar(Sorghum),04-12-2022,3.0,Metric Tonnes,3000.0,Rs./Quintal
Maharashtra,Pune,Cereals,Maize,04-12-2022,1.0,Metric Tonnes,2151.0,Rs./Quintal
Maharashtra,Pune,Cereals,Wheat,04-12-2022,4.0,Metric Tonnes,2560.0,Rs./Quintal
Maharashtra,Pune,Cereals,Bajra(Pearl Millet/Cumbu),05-12-2022,1.0,Metric Tonnes,2300.0,Rs./Quintal
Maharashtra,Pune,Cereals,Maize,05-12-2022,212.0,Metric Tonnes,2217.5,Rs./Quintal
Maharashtra,Pune,Cereals,Wheat,05-12-2022,27.0,Metric Tonnes,2765.5,Rs./Quintal
Maharashtra,Pune,Cereals,Bajra(Pearl Millet/Cumbu),07-12-2022,5.0,Metric Tonnes,2500.0,Rs./Quintal
Maharashtra,Pune,Cereals,Jowar(Sorghum),07-12-2022,4.0,Metric Tonnes,3200.0,Rs./Quintal
Maharashtra,Pune,Cereals,Maize,07-12-2022,172.0,Metric Tonnes,2111.0,Rs./Quintal
Maharashtra,Pune,Cereals,Wheat,07-12-2022,9.0,Metric Tonnes,2850.0,Rs./Quintal
Maharashtra,Pune,Cereals,Bajra(Pearl Millet/Cumbu),08-12-2022,42.0,Metric Tonnes,2961.9,Rs./Quintal
Maharashtra,Pune,Cereals,Jowar(Sorghum),08-12-2022,56.0,Metric Tonnes,5155.36,Rs./Quintal
Maharashtra,Pune,Cereals,Maize,08-12-2022,527.0,Metric Tonnes,2116.91,Rs./Quintal
Maharashtra,Pune,Cereals,Wheat,08-12-2022,76.0,Metric Tonnes,3698.42,Rs./Quintal
Maharashtra,Pune,Cereals,Bajra(Pearl Millet/Cumbu),09-12-2022,39.0,Metric Tonnes,3131.05,Rs./Quintal
Maharashtra,Pune,Cereals,Jowar(Sorghum),09-12-2022,55.0,Metric Tonnes,5250.0,Rs./Quintal
Maharashtra,Pune,Cereals,Maize,09-12-2022,4.0,Metric Tonnes,2000.0,Rs./Quintal
Maharashtra,Pune,Cereals,Wheat,09-12-2022,40.0,Metric Tonnes,4500.0,Rs./Quintal
Maharashtra,Pune,Cereals,Bajra(Pearl Millet/Cumbu),10-12-2022,39.0,Metric Tonnes,3125.64,Rs./Quintal
Maharashtra,Pune,Cereals,Jowar(Sorghum),10-12-2022,56.0,Metric Tonnes,5218.75,Rs./Quintal
Maharashtra,Pune,Cereals,Maize,10-12-2022,252.0,Metric Tonnes,2125.0,Rs./Quintal
Maharashtra,Pune,Cereals,Wheat,10-12-2022,41.0,Metric Tonnes,4451.22,Rs./Quintal
Maharashtra,Pune,Cereals,Bajra(Pearl Millet/Cumbu),11-12-2022,10.0,Metric Tonnes,2500.0,Rs./Quintal
Maharashtra,Pune,Cereals,Jowar(Sorghum),11-12-2022,2.0,Metric Tonnes,2200.0,Rs./Quintal
Maharashtra,Pune,Cereals,Maize,11-12-2022,306.0,Metric Tonnes,2134.72,Rs./Quintal
Maharashtra,Pune,Cereals,Wheat,11-12-2022,10.0,Metric Tonnes,2675.0,Rs./Quintal
Maharashtra,Pune,Cereals,Bajra(Pearl Millet/Cumbu),12-12-2022,39.0,Metric Tonnes,3133.97,Rs./Quintal
Maharashtra,Pune,Cereals,Jowar(Sorghum),12-12-2022,55.0,Metric Tonnes,5250.0,Rs./Quintal
Maharashtra,Pune,Cereals,Maize,12-12-2022,156.0,Metric Tonnes,2224.2,Rs./Quintal
Maharashtra,Pune,Cereals,Wheat,12-12-2022,56.0,Metric Tonnes,4161.74,Rs./Quintal
Maharashtra,Pune,Cereals,Maize,13-12-2022,1.0,Metric Tonnes,2100.0,Rs./Quintal
Maharashtra,Pune,Cereals,Bajra(Pearl Millet/Cumbu),14-12-2022,46.0,Metric Tonnes,3104.35,Rs./Quintal
Maharashtra,Pune,Cereals,Jowar(Sorghum),14-12-2022,63.0,Metric Tonnes,4899.21,Rs./Quintal
Maharashtra,Pune,Cereals,Maize,14-12-2022,116.0,Metric Tonnes,2071.0,Rs./Quintal
Maharashtra,Pune,Cereals,Wheat,14-12-2022,49.0,Metric Tonnes,4431.63,Rs./Quintal
Maharashtra,Pune,Cereals,Bajra(Pearl Millet/Cumbu),15-12-2022,42.0,Metric Tonnes,3114.88,Rs./Quintal
Maharashtra,Pune,Cereals,Jowar(Sorghum),15-12-2022,56.0,Metric Tonnes,5050.0,Rs./Quintal
Maharashtra,Pune,Cereals,Maize,15-12-2022,228.0,Metric Tonnes,2162.33,Rs./Quintal
Maharashtra,Pune,Cereals,Wheat,15-12-2022,76.0,Metric Tonnes,3792.53,Rs./Quintal
Maharashtra,Pune,Cereals,Bajra(Pearl Millet/Cumbu),17-12-2022,38.0,Metric Tonnes,3450.0,Rs./Quintal
Maharashtra,Pune,Cereals,Jowar(Sorghum),17-12-2022,56.0,Metric Tonnes,5150.0,Rs./Quintal
Maharashtra,Pune,Cereals,Maize,17-12-2022,157.0,Metric Tonnes,2100.0,Rs./Quintal
Maharashtra,Pune,Cereals,Wheat,17-12-2022,41.0,Metric Tonnes,4850.0,Rs./Quintal
Maharashtra,Pune,Cereals,Bajra(Pearl Millet/Cumbu),18-12-2022,6.0,Metric Tonnes,1685.0,Rs./Quintal
Maharashtra,Pune,Cereals,Maize,18-12-2022,1.0,Metric Tonnes,2111.0,Rs./Quintal
Maharashtra,Pune,Cereals,Wheat,18-12-2022,4.0,Metric Tonnes,2500.0,Rs./Quintal
Maharashtra,Pune,Cereals,Bajra(Pearl Millet/Cumbu),19-12-2022,39.0,Metric Tonnes,3300.0,Rs./Quintal
Maharashtra,Pune,Cereals,Jowar(Sorghum),19-12-2022,56.0,Metric Tonnes,5200.0,Rs./Quintal
Maharashtra,Pune,Cereals,Maize,19-12-2022,66.0,Metric Tonnes,2200.0,Rs./Quintal
Maharashtra,Pune,Cereals,Wheat,19-12-2022,57.0,Metric Tonnes,4232.46,Rs./Quintal
Maharashtra,Pune,Cereals,Bajra(Pearl Millet/Cumbu),20-12-2022,39.0,Metric Tonnes,3250.0,Rs./Quintal
Maharashtra,Pune,Cereals,Jowar(Sorghum),20-12-2022,56.0,Metric Tonnes,5250.0,Rs./Quintal
Maharashtra,Pune,Cereals,Maize,20-12-2022,1.0,Metric Tonnes,2100.0,Rs./Quintal
Maharashtra,Pune,Cereals,Wheat,20-12-2022,41.0,Metric Tonnes,4900.0,Rs./Quintal
Maharashtra,Pune,Cereals,Bajra(Pearl Millet/Cumbu),21-12-2022,45.0,Metric Tonnes,3190.0,Rs./Quintal
Maharashtra,Pune,Cereals,Jowar(Sorghum),21-12-2022,58.0,Metric Tonnes,5184.48,Rs./Quintal
Maharashtra,Pune,Cereals,Maize,21-12-2022,53.0,Metric Tonnes,2191.0,Rs./Quintal
Maharashtra,Pune,Cereals,Wheat,21-12-2022,48.0,Metric Tonnes,4652.08,Rs./Quintal
Maharashtra,Pune,Cereals,Maize,22-12-2022,140.0,Metric Tonnes,2400.0,Rs./Quintal
Maharashtra,Pune,Cereals,Wheat,22-12-2022,19.0,Metric Tonnes,2765.5,Rs./Quintal
Maharashtra,Pune,Cereals,Bajra(Pearl Millet/Cumbu),23-12-2022,39.0,Metric Tonnes,3150.0,Rs./Quintal
Maharashtra,Pune,Cereals,Jowar(Sorghum),23-12-2022,56.0,Metric Tonnes,5200.0,Rs./Quintal
Maharashtra,Pune,Cereals,Wheat,23-12-2022,40.0,Metric Tonnes,4700.0,Rs./Quintal
Maharashtra,Pune,Cereals,Bajra(Pearl Millet/Cumbu),24-12-2022,39.0,Metric Tonnes,3150.0,Rs./Quintal
Maharashtra,Pune,Cereals,Jowar(Sorghum),24-12-2022,57.0,Metric Tonnes,5200.0,Rs./Quintal
Maharashtra,Pune,Cereals,Wheat,24-12-2022,40.0,Metric Tonnes,4700.0,Rs./Quintal
Maharashtra,Pune,Cereals,Bajra(Pearl Millet/Cumbu),26-12-2022,38.0,Metric Tonnes,3200.0,Rs./Quintal
Maharashtra,Pune,Cereals,Jowar(Sorghum),26-12-2022,57.0,Metric Tonnes,5250.0,Rs./Quintal
Maharashtra,Pune,Cereals,Wheat,26-12-2022,40.0,Metric Tonnes,4750.0,Rs./Quintal
Maharashtra,Pune,Cereals,Bajra(Pearl Millet/Cumbu),28-12-2022,46.0,Metric Tonnes,3065.22,Rs./Quintal
Maharashtra,Pune,Cereals,Jowar(Sorghum),28-12-2022,60.0,Metric Tonnes,5290.0,Rs./Quintal
Maharashtra,Pune,Cereals,Maize,28-12-2022,86.0,Metric Tonnes,2211.0,Rs./Quintal
Maharashtra,Pune,Cereals,Wheat,28-12-2022,48.0,Metric Tonnes,4425.0,Rs./Quintal
Maharashtra,Pune,Cereals,Bajra(Pearl Millet/Cumbu),29-12-2022,38.0,Metric Tonnes,3050.0,Rs./Quintal
Maharashtra,Pune,Cereals,Jowar(Sorghum),29-12-2022,57.0,Metric Tonnes,5400.0,Rs./Quintal
Maharashtra,Pune,Cereals,Maize,29-12-2022,60.0,Metric Tonnes,2141.45,Rs./Quintal
Maharashtra,Pune,Cereals,Wheat,29-12-2022,73.0,Metric Tonnes,3742.31,Rs./Quintal
Maharashtra,Pune,Cereals,Bajra(Pearl Millet/Cumbu),30-12-2022,41.0,Metric Tonnes,3020.73,Rs./Quintal
Maharashtra,Pune,Cereals,Jowar(Sorghum),30-12-2022,57.0,Metric Tonnes,5400.0,Rs./Quintal
Maharashtra,Pune,Cereals,Wheat,30-12-2022,40.0,Metric Tonnes,4600.0,Rs./Quintal
Maharashtra,Pune,Cereals,Bajra(Pearl Millet/Cumbu),31-12-2022,38.0,Metric Tonnes,3200.0,Rs./Quintal
Maharashtra,Pune,Cereals,Jowar(Sorghum),31-12-2022,58.0,Metric Tonnes,5250.0,Rs./Quintal
Maharashtra,Pune,Cereals,Maize,31-12-2022,182.0,Metric Tonnes,2215.0,Rs./Quintal
Maharashtra,Pune,Cereals,Wheat,31-12-2022,41.0,Metric Tonnes,4651.22,Rs./Quintal
Maharashtra,Pune,Cereals,Bajra(Pearl Millet/Cumbu),01-01-2023,2.0,Metric Tonnes,2300.0,Rs./Quintal
Maharashtra,Pune,Cereals,Wheat,01-01-2023,2.0,Metric Tonnes,2600.0,Rs./Quintal
Maharashtra,Pune,Cereals,Bajra(Pearl Millet/Cumbu),02-01-2023,39.0,Metric Tonnes,3250.0,Rs./Quintal
Maharashtra,Pune,Cereals,Jowar(Sorghum),02-01-2023,58.0,Metric Tonnes,5100.0,Rs./Quintal
Maharashtra,Pune,Cereals,Maize,02-01-2023,67.0,Metric Tonnes,2240.5,Rs./Quintal
Maharashtra,Pune,Cereals,Wheat,02-01-2023,69.0,Metric Tonnes,4003.39,Rs./Quintal
Maharashtra,Pune,Cereals,Bajra(Pearl Millet/Cumbu),03-01-2023,39.0,Metric Tonnes,3250.0,Rs./Quintal
Maharashtra,Pune,Cereals,Jowar(Sorghum),03-01-2023,58.0,Metric Tonnes,5150.0,Rs./Quintal
Maharashtra,Pune,Cereals,Wheat,03-01-2023,40.0,Metric Tonnes,4700.0,Rs./Quintal
Maharashtra,Pune,Cereals,Bajra(Pearl Millet/Cumbu),04-01-2023,38.0,Metric Tonnes,3250.0,Rs./Quintal
Maharashtra,Pune,Cereals,Jowar(Sorghum),04-01-2023,59.0,Metric Tonnes,5150.0,Rs./Quintal
Maharashtra,Pune,Cereals,Maize,04-01-2023,79.0,Metric Tonnes,2211.0,Rs./Quintal
Maharashtra,Pune,Cereals,Wheat,04-01-2023,40.0,Metric Tonnes,4700.0,Rs./Quintal
Maharashtra,Pune,Cereals,Bajra(Pearl Millet/Cumbu),07-01-2023,38.0,Metric Tonnes,3300.0,Rs./Quintal
Maharashtra,Pune,Cereals,Jowar(Sorghum),07-01-2023,59.0,Metric Tonnes,5350.0,Rs./Quintal
Maharashtra,Pune,Cereals,Maize,07-01-2023,93.0,Metric Tonnes,2211.0,Rs./Quintal
Maharashtra,Pune,Cereals,Wheat,07-01-2023,40.0,Metric Tonnes,4900.0,Rs./Quintal
Maharashtra,Pune,Cereals,Bajra(Pearl Millet/Cumbu),08-01-2023,1.0,Metric Tonnes,2100.0,Rs./Quintal
Maharashtra,Pune,Cereals,Maize,08-01-2023,1.0,Metric Tonnes,1825.0,Rs./Quintal
Maharashtra,Pune,Cereals,Wheat,08-01-2023,4.0,Metric Tonnes,2651.0,Rs./Quintal
Maharashtra,Pune,Cereals,Maize,09-01-2023,110.0,Metric Tonnes,2200.0,Rs./Quintal
Maharashtra,Pune,Cereals,Wheat,09-01-2023,39.0,Metric Tonnes,2750.0,Rs./Quintal
Maharashtra,Pune,Cereals,Bajra(Pearl Millet/Cumbu),11-01-2023,48.0,Metric Tonnes,3178.13,Rs./Quintal
Maharashtra,Pune,Cereals,Jowar(Sorghum),11-01-2023,67.0,Metric Tonnes,5378.36,Rs./Quintal
Maharashtra,Pune,Cereals,Wheat,11-01-2023,48.0,Metric Tonnes,4416.67,Rs./Quintal
Maharashtra,Pune,Cereals,Bajra(Pearl Millet/Cumbu),12-01-2023,40.0,Metric Tonnes,3272.5,Rs./Quintal
Maharashtra,Pune,Cereals,Jowar(Sorghum),12-01-2023,59.0,Metric Tonnes,5650.0,Rs./Quintal
Maharashtra,Pune,Cereals,Wheat,12-01-2023,44.0,Metric Tonnes,4572.73,Rs./Quintal
Maharashtra,Pune,Cereals,Bajra(Pearl Millet/Cumbu),14-01-2023,39.0,Metric Tonnes,3350.0,Rs./Quintal
Maharashtra,Pune,Cereals,Jowar(Sorghum),14-01-2023,60.0,Metric Tonnes,5800.0,Rs./Quintal
Maharashtra,Pune,Cereals,Maize,14-01-2023,1.0,Metric Tonnes,2100.0,Rs./Quintal
Maharashtra,Pune,Cereals,Wheat,14-01-2023,41.0,Metric Tonnes,4950.0,Rs./Quintal
Maharashtra,Pune,Cereals,Jowar(Sorghum),15-01-2023,1.0,Metric Tonnes,3300.0,Rs./Quintal
Maharashtra,Pune,Cereals,Maize,15-01-2023,3.0,Metric Tonnes,2151.0,Rs./Quintal
Maharashtra,Pune,Cereals,Wheat,15-01-2023,3.0,Metric Tonnes,2800.0,Rs./Quintal
Maharashtra,Pune,Cereals,Maize,16-01-2023,26.0,Metric Tonnes,2172.5,Rs./Quintal
Maharashtra,Pune,Cereals,Wheat,16-01-2023,14.0,Metric Tonnes,2825.5,Rs./Quintal
Maharashtra,Pune,Cereals,Bajra(Pearl Millet/Cumbu),17-01-2023,39.0,Metric Tonnes,3350.0,Rs./Quintal
Maharashtra,Pune,Cereals,Jowar(Sorghum),17-01-2023,59.0,Metric Tonnes,5400.0,Rs./Quintal
Maharashtra,Pune,Cereals,Wheat,17-01-2023,41.0,Metric Tonnes,4950.0,Rs./Quintal
Maharashtra,Pune,Cereals,Maize,19-01-2023,60.0,Metric Tonnes,2231.0,Rs./Quintal
Maharashtra,Pune,Cereals,Wheat,19-01-2023,3.0,Metric Tonnes,2200.0,Rs./Quintal
Maharashtra,Pune,Cereals,Bajra(Pearl Millet/Cumbu),21-01-2023,38.0,Metric Tonnes,3250.0,Rs./Quintal
Maharashtra,Pune,Cereals,Jowar(Sorghum),21-01-2023,59.0,Metric Tonnes,5100.0,Rs./Quintal
Maharashtra,Pune,Cereals,Maize,21-01-2023,27.0,Metric Tonnes,2211.0,Rs./Quintal
Maharashtra,Pune,Cereals,Wheat,21-01-2023,41.0,Metric Tonnes,5050.0,Rs./Quintal
Maharashtra,Pune,Cereals,Maize,22-01-2023,2.0,Metric Tonnes,2251.0,Rs./Quintal
Maharashtra,Pune,Cereals,Wheat,22-01-2023,2.0,Metric Tonnes,2800.0,Rs./Quintal
Maharashtra,Pune,Cereals,Bajra(Pearl Millet/Cumbu),23-01-2023,38.0,Metric Tonnes,3300.0,Rs./Quintal
Maharashtra,Pune,Cereals,Jowar(Sorghum),23-01-2023,60.0,Metric Tonnes,4981.67,Rs./Quintal
Maharashtra,Pune,Cereals,Maize,23-01-2023,84.0,Metric Tonnes,2185.75,Rs./Quintal
Maharashtra,Pune,Cereals,Wheat,23-01-2023,60.0,Metric Tonnes,4376.81,Rs./Quintal
Maharashtra,Pune,Cereals,Bajra(Pearl Millet/Cumbu),24-01-2023,38.0,Metric Tonnes,3300.0,Rs./Quintal
Maharashtra,Pune,Cereals,Jowar(Sorghum),24-01-2023,59.0,Metric Tonnes,5000.0,Rs./Quintal
Maharashtra,Pune,Cereals,Wheat,24-01-2023,41.0,Metric Tonnes,5050.0,Rs./Quintal
Maharashtra,Pune,Cereals,Bajra(Pearl Millet/Cumbu),25-01-2023,46.0,Metric Tonnes,3206.52,Rs./Quintal
Maharashtra,Pune,Cereals,Jowar(Sorghum),25-01-2023,65.0,Metric Tonnes,4870.77,Rs./Quintal
Maharashtra,Pune,Cereals,Maize,25-01-2023,21.0,Metric Tonnes,2225.0,Rs./Quintal
Maharashtra,Pune,Cereals,Wheat,25-01-2023,49.0,Metric Tonnes,4678.57,Rs./Quintal
Maharashtra,Pune,Cereals,Bajra(Pearl Millet/Cumbu),26-01-2023,1.0,Metric Tonnes,2300.0,Rs./Quintal
Maharashtra,Pune,Cereals,Wheat,26-01-2023,3.0,Metric Tonnes,2600.0,Rs./Quintal
Maharashtra,Pune,Cereals,Bajra(Pearl Millet/Cumbu),27-01-2023,39.0,Metric Tonnes,3130.77,Rs./Quintal
Maharashtra,Pune,Cereals,Jowar(Sorghum),27-01-2023,60.0,Metric Tonnes,5100.0,Rs./Quintal
Maharashtra,Pune,Cereals,Wheat,27-01-2023,40.0,Metric Tonnes,4850.0,Rs./Quintal
Maharashtra,Pune,Cereals,Bajra(Pearl Millet/Cumbu),28-01-2023,40.0,Metric Tonnes,3136.25,Rs./Quintal
Maharashtra,Pune,Cereals,Jowar(Sorghum),28-01-2023,60.0,Metric Tonnes,5100.0,Rs./Quintal
Maharashtra,Pune,Cereals,Maize,28-01-2023,52.0,Metric Tonnes,2211.0,Rs./Quintal
Maharashtra,Pune,Cereals,Wheat,28-01-2023,40.0,Metric Tonnes,4850.0,Rs./Quintal
Maharashtra,Pune,Cereals,Bajra(Pearl Millet/Cumbu),29-01-2023,4.0,Metric Tonnes,1902.5,Rs./Quintal
Maharashtra,Pune,Cereals,Wheat,29-01-2023,3.0,Metric Tonnes,2625.0,Rs./Quintal
Maharashtra,Pune,Cereals,Bajra(Pearl Millet/Cumbu),30-01-2023,39.0,Metric Tonnes,3200.0,Rs./Quintal
Maharashtra,Pune,Cereals,Jowar(Sorghum),30-01-2023,60.0,Metric Tonnes,5100.0,Rs./Quintal
Maharashtra,Pune,Cereals,Maize,30-01-2023,66.0,Metric Tonnes,2141.0,Rs./Quintal
Maharashtra,Pune,Cereals,Wheat,30-01-2023,63.0,Metric Tonnes,4064.56,Rs./Quintal
Maharashtra,Pune,Cereals,Bajra(Pearl Millet/Cumbu),31-01-2023,39.0,Metric Tonnes,3200.0,Rs./Quintal
Maharashtra,Pune,Cereals,Jowar(Sorghum),31-01-2023,61.0,Metric Tonnes,5100.0,Rs./Quintal
Maharashtra,Pune,Cereals,Wheat,31-01-2023,41.0,Metric Tonnes,4697.56,Rs./Quintal
Maharashtra,Pune,Cereals,Bajra(Pearl Millet/Cumbu),01-02-2023,44.0,Metric Tonnes,3210.23,Rs./Quintal
Maharashtra,Pune,Cereals,Jowar(Sorghum),01-02-2023,66.0,Metric Tonnes,5071.21,Rs./Quintal
Maharashtra,Pune,Cereals,Wheat,01-02-2023,49.0,Metric Tonnes,4429.59,Rs./Quintal
Maharashtra,Pune,Cereals,Bajra(Pearl Millet/Cumbu),02-02-2023,42.0,Metric Tonnes,3121.43,Rs./Quintal
Maharashtra,Pune,Cereals,Jowar(Sorghum),02-02-2023,61.0,Metric Tonnes,5250.0,Rs./Quintal
Maharashtra,Pune,Cereals,Maize,02-02-2023,90.0,Metric Tonnes,2190.6,Rs./Quintal
Maharashtra,Pune,Cereals,Wheat,02-02-2023,70.0,Metric Tonnes,3929.29,Rs./Quintal
Maharashtra,Pune,Cereals,Bajra(Pearl Millet/Cumbu),03-02-2023,39.0,Metric Tonnes,3200.0,Rs./Quintal
Maharashtra,Pune,Cereals,Jowar(Sorghum),03-02-2023,61.0,Metric Tonnes,5250.0,Rs./Quintal
Maharashtra,Pune,Cereals,Wheat,03-02-2023,41.0,Metric Tonnes,4750.0,Rs./Quintal
Maharashtra,Pune,Cereals,Bajra(Pearl Millet/Cumbu),04-02-2023,40.0,Metric Tonnes,3250.0,Rs./Quintal
Maharashtra,Pune,Cereals,Jowar(Sorghum),04-02-2023,62.0,Metric Tonnes,5150.0,Rs./Quintal
Maharashtra,Pune,Cereals,Maize,04-02-2023,30.0,Metric Tonnes,2200.0,Rs./Quintal
Maharashtra,Pune,Cereals,Wheat,04-02-2023,41.0,Metric Tonnes,4750.0,Rs./Quintal
Maharashtra,Pune,Cereals,Bajra(Pearl Millet/Cumbu),05-02-2023,8.0,Metric Tonnes,2668.75,Rs./Quintal
Maharashtra,Pune,Cereals,Jowar(Sorghum),05-02-2023,5.0,Metric Tonnes,3500.0,Rs./Quintal
Maharashtra,Pune,Cereals,Maize,05-02-2023,34.0,Metric Tonnes,2100.0,Rs./Quintal
Maharashtra,Pune,Cereals,Wheat,05-02-2023,11.0,Metric Tonnes,2641.73,Rs./Quintal
Maharashtra,Pune,Cereals,Bajra(Pearl Millet/Cumbu),06-02-2023,40.0,Metric Tonnes,3200.0,Rs./Quintal
Maharashtra,Pune,Cereals,Jowar(Sorghum),06-02-2023,62.0,Metric Tonnes,5150.0,Rs./Quintal
Maharashtra,Pune,Cereals,Maize,06-02-2023,41.0,Metric Tonnes,2043.0,Rs./Quintal
Maharashtra,Pune,Cereals,Wheat,06-02-2023,63.0,Metric Tonnes,4154.44,Rs./Quintal
Maharashtra,Pune,Cereals,Bajra(Pearl Millet/Cumbu),07-02-2023,40.0,Metric Tonnes,3200.0,Rs./Quintal
Maharashtra,Pune,Cereals,Jowar(Sorghum),07-02-2023,63.0,Metric Tonnes,4980.95,Rs./Quintal
Maharashtra,Pune,Cereals,Wheat,07-02-2023,42.0,Metric Tonnes,4950.0,Rs./Quintal
Maharashtra,Pune,Cereals,Bajra(Pearl Millet/Cumbu),08-02-2023,40.0,Metric Tonnes,3200.0,Rs./Quintal
Maharashtra,Pune,Cereals,Jowar(Sorghum),08-02-2023,62.0,Metric Tonnes,5000.0,Rs./Quintal
Maharashtra,Pune,Cereals,Maize,08-02-2023,14.0,Metric Tonnes,2200.0,Rs./Quintal
Maharashtra,Pune,Cereals,Wheat,08-02-2023,42.0,Metric Tonnes,4950.0,Rs./Quintal
Maharashtra,Pune,Cereals,Bajra(Pearl Millet/Cumbu),09-02-2023,40.0,Metric Tonnes,3100.0,Rs./Quintal
Maharashtra,Pune,Cereals,Jowar(Sorghum),09-02-2023,66.0,Metric Tonnes,5027.27,Rs./Quintal
Maharashtra,Pune,Cereals,Maize,09-02-2023,116.0,Metric Tonnes,2158.02,Rs./Quintal
Maharashtra,Pune,Cereals,Wheat,09-02-2023,66.0,Metric Tonnes,4163.94,Rs./Quintal
Maharashtra,Pune,Cereals,Bajra(Pearl Millet/Cumbu),10-02-2023,40.0,Metric Tonnes,3200.0,Rs./Quintal
Maharashtra,Pune,Cereals,Jowar(Sorghum),10-02-2023,63.0,Metric Tonnes,5050.0,Rs./Quintal
Maharashtra,Pune,Cereals,Wheat,10-02-2023,42.0,Metric Tonnes,4850.0,Rs./Quintal
Maharashtra,Pune,Cereals,Bajra(Pearl Millet/Cumbu),11-02-2023,41.0,Metric Tonnes,3200.0,Rs./Quintal
Maharashtra,Pune,Cereals,Jowar(Sorghum),11-02-2023,63.0,Metric Tonnes,5050.0,Rs./Quintal
Maharashtra,Pune,Cereals,Maize,11-02-2023,36.0,Metric Tonnes,2211.0,Rs./Quintal
Maharashtra,Pune,Cereals,Wheat,11-02-2023,42.0,Metric Tonnes,4850.0,Rs./Quintal
Maharashtra,Pune,Cereals,Bajra(Pearl Millet/Cumbu),12-02-2023,6.0,Metric Tonnes,2283.33,Rs./Quintal
Maharashtra,Pune,Cereals,Jowar(Sorghum),12-02-2023,4.0,Metric Tonnes,3200.0,Rs./Quintal
Maharashtra,Pune,Cereals,Maize,12-02-2023,31.0,Metric Tonnes,2200.0,Rs./Quintal
Maharashtra,Pune,Cereals,Wheat,12-02-2023,10.0,Metric Tonnes,2340.0,Rs./Quintal
Maharashtra,Pune,Cereals,Bajra(Pearl Millet/Cumbu),13-02-2023,41.0,Metric Tonnes,3200.0,Rs./Quintal
Maharashtra,Pune,Cereals,Jowar(Sorghum),13-02-2023,63.0,Metric Tonnes,5000.0,Rs./Quintal
Maharashtra,Pune,Cereals,Maize,13-02-2023,67.0,Metric Tonnes,2164.36,Rs./Quintal
Maharashtra,Pune,Cereals,Wheat,13-02-2023,57.0,Metric Tonnes,4368.77,Rs./Quintal
Maharashtra,Pune,Cereals,Bajra(Pearl Millet/Cumbu),14-02-2023,41.0,Metric Tonnes,3250.0,Rs./Quintal
Maharashtra,Pune,Cereals,Jowar(Sorghum),14-02-2023,64.0,Metric Tonnes,5000.0,Rs./Quintal
Maharashtra,Pune,Cereals,Maize,14-02-2023,1.0,Metric Tonnes,2100.0,Rs./Quintal
Maharashtra,Pune,Cereals,Wheat,14-02-2023,43.0,Metric Tonnes,5050.0,Rs./Quintal
Maharashtra,Pune,Cereals,Bajra(Pearl Millet/Cumbu),15-02-2023,46.0,Metric Tonnes,3232.61,Rs./Quintal
Maharashtra,Pune,Cereals,Jowar(Sorghum),15-02-2023,65.0,Metric Tonnes,4977.31,Rs./Quintal
Maharashtra,Pune,Cereals,Maize,15-02-2023,18.0,Metric Tonnes,2211.0,Rs./Quintal
Maharashtra,Pune,Cereals,Wheat,15-02-2023,48.0,Metric Tonnes,4862.5,Rs./Quintal
Maharashtra,Pune,Cereals,Bajra(Pearl Millet/Cumbu),16-02-2023,41.0,Metric Tonnes,3200.0,Rs./Quintal
Maharashtra,Pune,Cereals,Jowar(Sorghum),16-02-2023,66.0,Metric Tonnes,5153.05,Rs./Quintal
Maharashtra,Pune,Cereals,Maize,16-02-2023,25.0,Metric Tonnes,2112.5,Rs./Quintal
Maharashtra,Pune,Cereals,Wheat,16-02-2023,70.0,Metric Tonnes,3932.53,Rs./Quintal
Maharashtra,Pune,Cereals,Bajra(Pearl Millet/Cumbu),17-02-2023,42.0,Metric Tonnes,3183.33,Rs./Quintal
Maharashtra,Pune,Cereals,Jowar(Sorghum),17-02-2023,64.0,Metric Tonnes,5200.0,Rs./Quintal
Maharashtra,Pune,Cereals,Wheat,17-02-2023,44.0,Metric Tonnes,4788.64,Rs./Quintal
Maharashtra,Pune,Cereals,Bajra(Pearl Millet/Cumbu),18-02-2023,41.0,Metric Tonnes,3250.0,Rs./Quintal
Maharashtra,Pune,Cereals,Jowar(Sorghum),18-02-2023,63.0,Metric Tonnes,5000.0,Rs./Quintal
Maharashtra,Pune,Cereals,Maize,18-02-2023,18.0,Metric Tonnes,2211.0,Rs./Quintal
Maharashtra,Pune,Cereals,Wheat,18-02-2023,43.0,Metric Tonnes,5050.0,Rs./Quintal
Maharashtra,Pune,Cereals,Bajra(Pearl Millet/Cumbu),19-02-2023,5.0,Metric Tonnes,2200.0,Rs./Quintal
Maharashtra,Pune,Cereals,Jowar(Sorghum),19-02-2023,14.0,Metric Tonnes,3235.71,Rs./Quintal
Maharashtra,Pune,Cereals,Maize,19-02-2023,20.0,Metric Tonnes,2151.0,Rs./Quintal
Maharashtra,Pune,Cereals,Wheat,19-02-2023,14.0,Metric Tonnes,2282.14,Rs./Quintal
Maharashtra,Pune,Cereals,Bajra(Pearl Millet/Cumbu),20-02-2023,41.0,Metric Tonnes,3200.0,Rs./Quintal
Maharashtra,Pune,Cereals,Jowar(Sorghum),20-02-2023,67.0,Metric Tonnes,5165.12,Rs./Quintal
Maharashtra,Pune,Cereals,Maize,20-02-2023,46.0,Metric Tonnes,2207.52,Rs./Quintal
Maharashtra,Pune,Cereals,Wheat,20-02-2023,101.0,Metric Tonnes,3527.79,Rs./Quintal
Maharashtra,Pune,Cereals,Bajra(Pearl Millet/Cumbu),21-02-2023,42.0,Metric Tonnes,3200.0,Rs./Quintal
Maharashtra,Pune,Cereals,Jowar(Sorghum),21-02-2023,63.0,Metric Tonnes,5200.0,Rs./Quintal
Maharashtra,Pune,Cereals,Wheat,21-02-2023,43.0,Metric Tonnes,4850.0,Rs./Quintal
Maharashtra,Pune,Cereals,Bajra(Pearl Millet/Cumbu),22-02-2023,49.0,Metric Tonnes,3221.43,Rs./Quintal
Maharashtra,Pune,Cereals,Jowar(Sorghum),22-02-2023,70.0,Metric Tonnes,5262.86,Rs./Quintal
Maharashtra,Pune,Cereals,Maize,22-02-2023,10.0,Metric Tonnes,2211.0,Rs./Quintal
Maharashtra,Pune,Cereals,Wheat,22-02-2023,48.0,Metric Tonnes,4504.17,Rs./Quintal
Maharashtra,Pune,Cereals,Bajra(Pearl Millet/Cumbu),23-02-2023,139.0,Metric Tonnes,3200.0,Rs./Quintal
Maharashtra,Pune,Cereals,Jowar(Sorghum),23-02-2023,197.0,Metric Tonnes,5294.42,Rs./Quintal
Maharashtra,Pune,Cereals,Maize,23-02-2023,44.0,Metric Tonnes,2202.45,Rs./Quintal
Maharashtra,Pune,Cereals,Wheat,23-02-2023,416.0,Metric Tonnes,3442.19,Rs./Quintal
Maharashtra,Pune,Cereals,Bajra(Pearl Millet/Cumbu),24-02-2023,41.0,Metric Tonnes,3200.0,Rs./Quintal
Maharashtra,Pune,Cereals,Jowar(Sorghum),24-02-2023,64.0,Metric Tonnes,5200.0,Rs./Quintal
Maharashtra,Pune,Cereals,Wheat,24-02-2023,44.0,Metric Tonnes,4798.86,Rs./Quintal
Maharashtra,Pune,Cereals,Bajra(Pearl Millet/Cumbu),25-02-2023,143.0,Metric Tonnes,3126.22,Rs./Quintal
Maharashtra,Pune,Cereals,Jowar(Sorghum),25-02-2023,204.0,Metric Tonnes,5105.88,Rs./Quintal
Maharashtra,Pune,Cereals,Maize,25-02-2023,52.0,Metric Tonnes,2181.25,Rs./Quintal
Maharashtra,Pune,Cereals,Wheat,25-02-2023,391.0,Metric Tonnes,3413.55,Rs./Quintal
Maharashtra,Pune,Cereals,Bajra(Pearl Millet/Cumbu),26-02-2023,2.0,Metric Tonnes,1925.0,Rs./Quintal
Maharashtra,Pune,Cereals,Wheat,26-02-2023,5.0,Metric Tonnes,2480.0,Rs./Quintal
Maharashtra,Pune,Cereals,Bajra(Pearl Millet/Cumbu),27-02-2023,42.0,Metric Tonnes,3200.0,Rs./Quintal
Maharashtra,Pune,Cereals,Jowar(Sorghum),27-02-2023,63.0,Metric Tonnes,5200.0,Rs./Quintal
Maharashtra,Pune,Cereals,Maize,27-02-2023,48.0,Metric Tonnes,2445.5,Rs./Quintal
Maharashtra,Pune,Cereals,Wheat,27-02-2023,83.0,Metric Tonnes,3602.92,Rs./Quintal
Maharashtra,Pune,Cereals,Bajra(Pearl Millet/Cumbu),28-02-2023,42.0,Metric Tonnes,3250.0,Rs./Quintal
Maharashtra,Pune,Cereals,Jowar(Sorghum),28-02-2023,63.0,Metric Tonnes,5400.0,Rs./Quintal
Maharashtra,Pune,Cereals,Wheat,28-02-2023,42.0,Metric Tonnes,4650.0,Rs./Quintal
Maharashtra,Pune,Cereals,Bajra(Pearl Millet/Cumbu),01-03-2023,49.0,Metric Tonnes,3142.86,Rs./Quintal
Maharashtra,Pune,Cereals,Jowar(Sorghum),01-03-2023,70.0,Metric Tonnes,4945.71,Rs./Quintal
Maharashtra,Pune,Cereals,Maize,01-03-2023,4.0,Metric Tonnes,2221.0,Rs./Quintal
Maharashtra,Pune,Cereals,Wheat,01-03-2023,52.0,Metric Tonnes,4382.69,Rs./Quintal
Maharashtra,Pune,Cereals,Bajra(Pearl Millet/Cumbu),02-03-2023,66.0,Metric Tonnes,3162.12,Rs./Quintal
Maharashtra,Pune,Cereals,Jowar(Sorghum),02-03-2023,84.0,Metric Tonnes,4754.76,Rs./Quintal
Maharashtra,Pune,Cereals,Maize,02-03-2023,59.0,Metric Tonnes,2310.58,Rs./Quintal
Maharashtra,Pune,Cereals,Wheat,02-03-2023,121.0,Metric Tonnes,3179.17,Rs./Quintal
Maharashtra,Pune,Cereals,Bajra(Pearl Millet/Cumbu),03-03-2023,42.0,Metric Tonnes,3250.0,Rs./Quintal
Maharashtra,Pune,Cereals,Jowar(Sorghum),03-03-2023,63.0,Metric Tonnes,5150.0,Rs./Quintal
Maharashtra,Pune,Cereals,Wheat,03-03-2023,43.0,Metric Tonnes,4602.33,Rs./Quintal
Maharashtra,Pune,Cereals,Bajra(Pearl Millet/Cumbu),04-03-2023,42.0,Metric Tonnes,3200.0,Rs./Quintal
Maharashtra,Pune,Cereals,Jowar(Sorghum),04-03-2023,63.0,Metric Tonnes,5050.0,Rs./Quintal
Maharashtra,Pune,Cereals,Maize,04-03-2023,27.0,Metric Tonnes,2221.0,Rs./Quintal
Maharashtra,Pune,Cereals,Wheat,04-03-2023,44.0,Metric Tonnes,4694.8,Rs./Quintal
Maharashtra,Pune,Cereals,Bajra(Pearl Millet/Cumbu),05-03-2023,6.0,Metric Tonnes,2375.0,Rs./Quintal
Maharashtra,Pune,Cereals,Jowar(Sorghum),05-03-2023,8.0,Metric Tonnes,4000.0,Rs./Quintal
Maharashtra,Pune,Cereals,Maize,05-03-2023,23.0,Metric Tonnes,2163.04,Rs./Quintal
Maharashtra,Pune,Cereals,Wheat,05-03-2023,53.0,Metric Tonnes,2177.36,Rs./Quintal
Maharashtra,Pune,Cereals,Bajra(Pearl Millet/Cumbu),06-03-2023,42.0,Metric Tonnes,3250.0,Rs./Quintal
Maharashtra,Pune,Cereals,Jowar(Sorghum),06-03-2023,78.0,Metric Tonnes,4792.31,Rs./Quintal
Maharashtra,Pune,Cereals,Maize,06-03-2023,49.0,Metric Tonnes,2254.84,Rs./Quintal
Maharashtra,Pune,Cereals,Wheat,06-03-2023,85.0,Metric Tonnes,3599.52,Rs./Quintal
Maharashtra,Pune,Cereals,Bajra(Pearl Millet/Cumbu),07-03-2023,42.0,Metric Tonnes,3250.0,Rs./Quintal
Maharashtra,Pune,Cereals,Jowar(Sorghum),07-03-2023,65.0,Metric Tonnes,4969.23,Rs./Quintal
Maharashtra,Pune,Cereals,Wheat,07-03-2023,44.0,Metric Tonnes,4647.73,Rs./Quintal
Maharashtra,Pune,Cereals,Bajra(Pearl Millet/Cumbu),08-03-2023,49.0,Metric Tonnes,3128.57,Rs./Quintal
Maharashtra,Pune,Cereals,Jowar(Sorghum),08-03-2023,68.0,Metric Tonnes,4967.65,Rs./Quintal
Maharashtra,Pune,Cereals,Maize,08-03-2023,7.0,Metric Tonnes,2221.0,Rs./Quintal
Maharashtra,Pune,Cereals,Wheat,08-03-2023,53.0,Metric Tonnes,4449.53,Rs./Quintal
Maharashtra,Pune,Cereals,Bajra(Pearl Millet/Cumbu),09-03-2023,43.0,Metric Tonnes,3130.23,Rs./Quintal
Maharashtra,Pune,Cereals,Jowar(Sorghum),09-03-2023,74.0,Metric Tonnes,4888.5,Rs./Quintal
Maharashtra,Pune,Cereals,Maize,09-03-2023,77.0,Metric Tonnes,2175.57,Rs./Quintal
Maharashtra,Pune,Cereals,Wheat,09-03-2023,145.0,Metric Tonnes,3110.62,Rs./Quintal
Maharashtra,Pune,Cereals,Bajra(Pearl Millet/Cumbu),10-03-2023,41.0,Metric Tonnes,3250.0,Rs./Quintal
Maharashtra,Pune,Cereals,Jowar(Sorghum),10-03-2023,64.0,Metric Tonnes,5027.34,Rs./Quintal
Maharashtra,Pune,Cereals,Wheat,10-03-2023,45.0,Metric Tonnes,4700.0,Rs./Quintal
Maharashtra,Pune,Cereals,Bajra(Pearl Millet/Cumbu),11-03-2023,41.0,Metric Tonnes,3250.0,Rs./Quintal
Maharashtra,Pune,Cereals,Jowar(Sorghum),11-03-2023,64.0,Metric Tonnes,5050.0,Rs./Quintal
Maharashtra,Pune,Cereals,Maize,11-03-2023,15.0,Metric Tonnes,2221.0,Rs./Quintal
Maharashtra,Pune,Cereals,Wheat,11-03-2023,47.0,Metric Tonnes,4596.87,Rs./Quintal
Maharashtra,Pune,Cereals,Bajra(Pearl Millet/Cumbu),12-03-2023,6.0,Metric Tonnes,2200.0,Rs./Quintal
Maharashtra,Pune,Cereals,Jowar(Sorghum),12-03-2023,15.0,Metric Tonnes,3500.0,Rs./Quintal
Maharashtra,Pune,Cereals,Maize,12-03-2023,6.0,Metric Tonnes,4200.0,Rs./Quintal
Maharashtra,Pune,Cereals,Wheat,12-03-2023,55.0,Metric Tonnes,2300.0,Rs./Quintal
Maharashtra,Pune,Cereals,Bajra(Pearl Millet/Cumbu),13-03-2023,42.0,Metric Tonnes,3200.0,Rs./Quintal
Maharashtra,Pune,Cereals,Jowar(Sorghum),13-03-2023,88.0,Metric Tonnes,4712.78,Rs./Quintal
Maharashtra,Pune,Cereals,Maize,13-03-2023,47.0,Metric Tonnes,2206.19,Rs./Quintal
Maharashtra,Pune,Cereals,Wheat,13-03-2023,180.0,Metric Tonnes,2995.23,Rs./Quintal
Maharashtra,Pune,Cereals,Bajra(Pearl Millet/Cumbu),14-03-2023,42.0,Metric Tonnes,3200.0,Rs./Quintal
Maharashtra,Pune,Cereals,Jowar(Sorghum),14-03-2023,65.0,Metric Tonnes,5132.31,Rs./Quintal
Maharashtra,Pune,Cereals,Maize,14-03-2023,1.0,Metric Tonnes,2050.0,Rs./Quintal
Maharashtra,Pune,Cereals,Wheat,14-03-2023,45.0,Metric Tonnes,4684.44,Rs./Quintal
Maharashtra,Pune,Cereals,Bajra(Pearl Millet/Cumbu),15-03-2023,49.0,Metric Tonnes,3107.14,Rs./Quintal
Maharashtra,Pune,Cereals,Jowar(Sorghum),15-03-2023,72.0,Metric Tonnes,4883.0,Rs./Quintal
Maharashtra,Pune,Cereals,Maize,15-03-2023,9.0,Metric Tonnes,2221.0,Rs./Quintal
Maharashtra,Pune,Cereals,Wheat,15-03-2023,53.0,Metric Tonnes,4260.38,Rs./Quintal
Maharashtra,Pune,Cereals,Bajra(Pearl Millet/Cumbu),16-03-2023,42.0,Metric Tonnes,3150.0,Rs./Quintal
Maharashtra,Pune,Cereals,Jowar(Sorghum),16-03-2023,97.0,Metric Tonnes,4522.68,Rs./Quintal
Maharashtra,Pune,Cereals,Maize,16-03-2023,36.0,Metric Tonnes,2188.19,Rs./Quintal
Maharashtra,Pune,Cereals,Wheat,16-03-2023,244.0,Metric Tonnes,2808.61,Rs./Quintal
Maharashtra,Pune,Cereals,Bajra(Pearl Millet/Cumbu),17-03-2023,42.0,Metric Tonnes,3200.0,Rs./Quintal
Maharashtra,Pune,Cereals,Jowar(Sorghum),17-03-2023,64.0,Metric Tonnes,5000.0,Rs./Quintal
Maharashtra,Pune,Cereals,Maize,17-03-2023,1.0,Metric Tonnes,1500.0,Rs./Quintal
Maharashtra,Pune,Cereals,Wheat,17-03-2023,48.0,Metric Tonnes,4453.13,Rs./Quintal
Maharashtra,Pune,Cereals,Bajra(Pearl Millet/Cumbu),18-03-2023,42.0,Metric Tonnes,3150.0,Rs./Quintal
Maharashtra,Pune,Cereals,Jowar(Sorghum),18-03-2023,64.0,Metric Tonnes,4950.0,Rs./Quintal
Maharashtra,Pune,Cereals,Maize,18-03-2023,14.0,Metric Tonnes,2237.36,Rs./Quintal
Maharashtra,Pune,Cereals,Wheat,18-03-2023,46.0,Metric Tonnes,4451.76,Rs./Quintal
Maharashtra,Pune,Cereals,Bajra(Pearl Millet/Cumbu),19-03-2023,3.0,Metric Tonnes,2300.0,Rs./Quintal
Maharashtra,Pune,Cereals,Jowar(Sorghum),19-03-2023,1.0,Metric Tonnes,4000.0,Rs./Quintal
Maharashtra,Pune,Cereals,Wheat,19-03-2023,21.0,Metric Tonnes,2214.29,Rs./Quintal
Maharashtra,Pune,Cereals,Bajra(Pearl Millet/Cumbu),20-03-2023,42.0,Metric Tonnes,3000.0,Rs./Quintal
Maharashtra,Pune,Cereals,Jowar(Sorghum),20-03-2023,64.0,Metric Tonnes,4800.0,Rs./Quintal
Maharashtra,Pune,Cereals,Maize,20-03-2023,66.0,Metric Tonnes,2201.0,Rs./Quintal
Maharashtra,Pune,Cereals,Wheat,20-03-2023,167.0,Metric Tonnes,2938.91,Rs./Quintal
Maharashtra,Pune,Cereals,Bajra(Pearl Millet/Cumbu),21-03-2023,42.0,Metric Tonnes,2900.0,Rs./Quintal
Maharashtra,Pune,Cereals,Jowar(Sorghum),21-03-2023,64.0,Metric Tonnes,4700.0,Rs./Quintal
Maharashtra,Pune,Cereals,Maize,21-03-2023,2.0,Metric Tonnes,2150.0,Rs./Quintal
Maharashtra,Pune,Cereals,Wheat,21-03-2023,47.0,Metric Tonnes,4123.4,Rs./Quintal
Maharashtra,Pune,Cereals,Bajra(Pearl Millet/Cumbu),22-03-2023,48.0,Metric Tonnes,2893.75,Rs./Quintal
Maharashtra,Pune,Cereals,Jowar(Sorghum),22-03-2023,71.0,Metric Tonnes,4591.55,Rs./Quintal
Maharashtra,Pune,Cereals,Wheat,22-03-2023,53.0,Metric Tonnes,3966.04,Rs./Quintal
Maharashtra,Pune,Cereals,Bajra(Pearl Millet/Cumbu),23-03-2023,45.0,Metric Tonnes,3040.0,Rs./Quintal
Maharashtra,Pune,Cereals,Jowar(Sorghum),23-03-2023,64.0,Metric Tonnes,4850.0,Rs./Quintal
Maharashtra,Pune,Cereals,Maize,23-03-2023,36.0,Metric Tonnes,2175.5,Rs./Quintal
Maharashtra,Pune,Cereals,Wheat,23-03-2023,205.0,Metric Tonnes,2885.0,Rs./Quintal
Maharashtra,Pune,Cereals,Bajra(Pearl Millet/Cumbu),24-03-2023,44.0,Metric Tonnes,3087.5,Rs./Quintal
Maharashtra,Pune,Cereals,Jowar(Sorghum),24-03-2023,65.0,Metric Tonnes,4750.0,Rs./Quintal
Maharashtra,Pune,Cereals,Wheat,24-03-2023,45.0,Metric Tonnes,4250.0,Rs./Quintal
Maharashtra,Pune,Cereals,Bajra(Pearl Millet/Cumbu),25-03-2023,43.0,Metric Tonnes,3100.0,Rs./Quintal
Maharashtra,Pune,Cereals,Jowar(Sorghum),25-03-2023,65.0,Metric Tonnes,4750.0,Rs./Quintal
Maharashtra,Pune,Cereals,Wheat,25-03-2023,45.0,Metric Tonnes,4211.11,Rs./Quintal
Maharashtra,Pune,Cereals,Bajra(Pearl Millet/Cumbu),26-03-2023,1.0,Metric Tonnes,2500.0,Rs./Quintal
Maharashtra,Pune,Cereals,Maize,26-03-2023,30.0,Metric Tonnes,2211.0,Rs./Quintal
Maharashtra,Pune,Cereals,Wheat,26-03-2023,59.0,Metric Tonnes,2303.39,Rs./Quintal
Maharashtra,Pune,Cereals,Bajra(Pearl Millet/Cumbu),27-03-2023,43.0,Metric Tonnes,3138.37,Rs./Quintal
Maharashtra,Pune,Cereals,Jowar(Sorghum),27-03-2023,65.0,Metric Tonnes,4900.0,Rs./Quintal
Maharashtra,Pune,Cereals,Wheat,27-03-2023,45.0,Metric Tonnes,4306.67,Rs./Quintal
Maharashtra,Pune,Cereals,Bajra(Pearl Millet/Cumbu),28-03-2023,43.0,Metric Tonnes,3134.88,Rs./Quintal
Maharashtra,Pune,Cereals,Jowar(Sorghum),28-03-2023,65.0,Metric Tonnes,4900.0,Rs./Quintal
Maharashtra,Pune,Cereals,Wheat,28-03-2023,45.0,Metric Tonnes,4306.67,Rs./Quintal
Maharashtra,Pune,Cereals,Bajra(Pearl Millet/Cumbu),29-03-2023,42.0,Metric Tonnes,3200.0,Rs./Quintal
Maharashtra,Pune,Cereals,Jowar(Sorghum),29-03-2023,65.0,Metric Tonnes,4850.0,Rs./Quintal
Maharashtra,Pune,Cereals,Wheat,29-03-2023,44.0,Metric Tonnes,4250.0,Rs./Quintal
Maharashtra,Pune,Cereals,Bajra(Pearl Millet/Cumbu),30-03-2023,34.0,Metric Tonnes,3151.47,Rs./Quintal
Maharashtra,Pune,Cereals,Jowar(Sorghum),30-03-2023,65.0,Metric Tonnes,4850.0,Rs./Quintal
Maharashtra,Pune,Cereals,Wheat,30-03-2023,102.0,Metric Tonnes,3084.31,Rs./Quintal
Maharashtra,Pune,Cereals,Bajra(Pearl Millet/Cumbu),31-03-2023,41.0,Metric Tonnes,3100.0,Rs./Quintal
Maharashtra,Pune,Cereals,Jowar(Sorghum),31-03-2023,65.0,Metric Tonnes,4950.0,Rs./Quintal
Maharashtra,Pune,Cereals,Wheat,31-03-2023,44.0,Metric Tonnes,4300.0,Rs./Quintal
Maharashtra,Pune,Cereals,Bajra(Pearl Millet/Cumbu),01-04-2023,43.0,Metric Tonnes,3086.05,Rs./Quintal
Maharashtra,Pune,Cereals,Jowar(Sorghum),01-04-2023,65.0,Metric Tonnes,4950.0,Rs./Quintal
Maharashtra,Pune,Cereals,Wheat,01-04-2023,44.0,Metric Tonnes,4300.0,Rs./Quintal
Maharashtra,Pune,Cereals,Bajra(Pearl Millet/Cumbu),02-04-2023,3.0,Metric Tonnes,2300.0,Rs./Quintal
Maharashtra,Pune,Cereals,Maize,02-04-2023,38.0,Metric Tonnes,2180.0,Rs./Quintal
Maharashtra,Pune,Cereals,Wheat,02-04-2023,40.0,Metric Tonnes,2300.0,Rs./Quintal
Maharashtra,Pune,Cereals,Bajra(Pearl Millet/Cumbu),03-04-2023,42.0,Metric Tonnes,3050.0,Rs./Quintal
Maharashtra,Pune,Cereals,Jowar(Sorghum),03-04-2023,65.0,Metric Tonnes,4800.0,Rs./Quintal
Maharashtra,Pune,Cereals,Maize,03-04-2023,66.0,Metric Tonnes,2180.0,Rs./Quintal
Maharashtra,Pune,Cereals,Wheat,03-04-2023,294.0,Metric Tonnes,2889.46,Rs./Quintal
Maharashtra,Pune,Cereals,Bajra(Pearl Millet/Cumbu),04-04-2023,42.0,Metric Tonnes,3050.0,Rs./Quintal
Maharashtra,Pune,Cereals,Jowar(Sorghum),04-04-2023,64.0,Metric Tonnes,4800.0,Rs./Quintal
Maharashtra,Pune,Cereals,Wheat,04-04-2023,44.0,Metric Tonnes,4250.0,Rs./Quintal
Maharashtra,Pune,Cereals,Bajra(Pearl Millet/Cumbu),05-04-2023,42.0,Metric Tonnes,3200.0,Rs./Quintal
Maharashtra,Pune,Cereals,Jowar(Sorghum),05-04-2023,64.0,Metric Tonnes,4950.0,Rs./Quintal
Maharashtra,Pune,Cereals,Maize,05-04-2023,31.0,Metric Tonnes,2225.0,Rs./Quintal
Maharashtra,Pune,Cereals,Wheat,05-04-2023,43.0,Metric Tonnes,4400.0,Rs./Quintal
Maharashtra,Pune,Cereals,Bajra(Pearl Millet/Cumbu),06-04-2023,62.0,Metric Tonnes,2790.32,Rs./Quintal
Maharashtra,Pune,Cereals,Jowar(Sorghum),06-04-2023,64.0,Metric Tonnes,5000.0,Rs./Quintal
Maharashtra,Pune,Cereals,Maize,06-04-2023,94.0,Metric Tonnes,2100.0,Rs./Quintal
Maharashtra,Pune,Cereals,Wheat,06-04-2023,284.0,Metric Tonnes,2820.95,Rs./Quintal
Maharashtra,Pune,Cereals,Bajra(Pearl Millet/Cumbu),07-04-2023,42.0,Metric Tonnes,3200.0,Rs./Quintal
Maharashtra,Pune,Cereals,Jowar(Sorghum),07-04-2023,64.0,Metric Tonnes,4950.0,Rs./Quintal
Maharashtra,Pune,Cereals,Wheat,07-04-2023,43.0,Metric Tonnes,4400.0,Rs./Quintal
Maharashtra,Pune,Cereals,Bajra(Pearl Millet/Cumbu),08-04-2023,41.0,Metric Tonnes,3050.0,Rs./Quintal
Maharashtra,Pune,Cereals,Jowar(Sorghum),08-04-2023,65.0,Metric Tonnes,4963.86,Rs./Quintal
Maharashtra,Pune,Cereals,Maize,08-04-2023,90.0,Metric Tonnes,2200.0,Rs./Quintal
Maharashtra,Pune,Cereals,Wheat,08-04-2023,45.0,Metric Tonnes,4260.02,Rs./Quintal
Maharashtra,Pune,Cereals,Maize,09-04-2023,38.0,Metric Tonnes,2141.0,Rs./Quintal
Maharashtra,Pune,Cereals,Wheat,09-04-2023,44.0,Metric Tonnes,2300.0,Rs./Quintal
Maharashtra,Pune,Cereals,Bajra(Pearl Millet/Cumbu),10-04-2023,41.0,Metric Tonnes,3100.0,Rs./Quintal
Maharashtra,Pune,Cereals,Jowar(Sorghum),10-04-2023,65.0,Metric Tonnes,4850.0,Rs./Quintal
Maharashtra,Pune,Cereals,Maize,10-04-2023,83.0,Metric Tonnes,2125.5,Rs./Quintal
Maharashtra,Pune,Cereals,Wheat,10-04-2023,169.0,Metric Tonnes,3105.62,Rs./Quintal
Maharashtra,Pune,Cereals,Bajra(Pearl Millet/Cumbu),11-04-2023,132.0,Metric Tonnes,2750.0,Rs./Quintal
Maharashtra,Pune,Cereals,Jowar(Sorghum),11-04-2023,193.0,Metric Tonnes,4850.0,Rs./Quintal
Maharashtra,Pune,Cereals,Wheat,11-04-2023,376.0,Metric Tonnes,2800.0,Rs./Quintal
Maharashtra,Pune,Cereals,Bajra(Pearl Millet/Cumbu),12-04-2023,41.0,Metric Tonnes,3150.0,Rs./Quintal
Maharashtra,Pune,Cereals,Jowar(Sorghum),12-04-2023,64.0,Metric Tonnes,5000.0,Rs./Quintal
Maharashtra,Pune,Cereals,Maize,12-04-2023,42.0,Metric Tonnes,2121.0,Rs./Quintal
Maharashtra,Pune,Cereals,Wheat,12-04-2023,45.0,Metric Tonnes,4546.67,Rs./Quintal
Maharashtra,Pune,Cereals,Bajra(Pearl Millet/Cumbu),13-04-2023,42.0,Metric Tonnes,3100.0,Rs./Quintal
Maharashtra,Pune,Cereals,Jowar(Sorghum),13-04-2023,64.0,Metric Tonnes,4850.0,Rs./Quintal
Maharashtra,Pune,Cereals,Maize,13-04-2023,48.0,Metric Tonnes,2060.0,Rs./Quintal
Maharashtra,Pune,Cereals,Wheat,13-04-2023,194.0,Metric Tonnes,3103.43,Rs./Quintal
Maharashtra,Pune,Cereals,Bajra(Pearl Millet/Cumbu),14-04-2023,42.0,Metric Tonnes,3100.0,Rs./Quintal
Maharashtra,Pune,Cereals,Jowar(Sorghum),14-04-2023,65.0,Metric Tonnes,4850.0,Rs./Quintal
Maharashtra,Pune,Cereals,Wheat,14-04-2023,44.0,Metric Tonnes,4650.0,Rs./Quintal
Maharashtra,Pune,Cereals,Bajra(Pearl Millet/Cumbu),15-04-2023,41.0,Metric Tonnes,3050.0,Rs./Quintal
Maharashtra,Pune,Cereals,Jowar(Sorghum),15-04-2023,65.0,Metric Tonnes,5000.0,Rs./Quintal
Maharashtra,Pune,Cereals,Wheat,15-04-2023,45.0,Metric Tonnes,4750.0,Rs./Quintal
Maharashtra,Pune,Cereals,Bajra(Pearl Millet/Cumbu),16-04-2023,1.0,Metric Tonnes,2200.0,Rs./Quintal
Maharashtra,Pune,Cereals,Maize,16-04-2023,1.0,Metric Tonnes,2900.0,Rs./Quintal
Maharashtra,Pune,Cereals,Wheat,16-04-2023,26.0,Metric Tonnes,2350.0,Rs./Quintal
Maharashtra,Pune,Cereals,Bajra(Pearl Millet/Cumbu),17-04-2023,42.0,Metric Tonnes,2950.0,Rs./Quintal
Maharashtra,Pune,Cereals,Jowar(Sorghum),17-04-2023,65.0,Metric Tonnes,4850.0,Rs./Quintal
Maharashtra,Pune,Cereals,Maize,17-04-2023,73.0,Metric Tonnes,2090.5,Rs./Quintal
Maharashtra,Pune,Cereals,Wheat,17-04-2023,157.0,Metric Tonnes,3291.08,Rs./Quintal
Maharashtra,Pune,Cereals,Bajra(Pearl Millet/Cumbu),18-04-2023,42.0,Metric Tonnes,3150.0,Rs./Quintal
Maharashtra,Pune,Cereals,Jowar(Sorghum),18-04-2023,65.0,Metric Tonnes,4800.0,Rs./Quintal
Maharashtra,Pune,Cereals,Wheat,18-04-2023,45.0,Metric Tonnes,4700.0,Rs./Quintal
Maharashtra,Pune,Cereals,Bajra(Pearl Millet/Cumbu),19-04-2023,42.0,Metric Tonnes,3150.0,Rs./Quintal
Maharashtra,Pune,Cereals,Jowar(Sorghum),19-04-2023,65.0,Metric Tonnes,4800.0,Rs./Quintal
Maharashtra,Pune,Cereals,Wheat,19-04-2023,44.0,Metric Tonnes,4700.0,Rs./Quintal
Maharashtra,Pune,Cereals,Bajra(Pearl Millet/Cumbu),20-04-2023,48.0,Metric Tonnes,2981.25,Rs./Quintal
Maharashtra,Pune,Cereals,Jowar(Sorghum),20-04-2023,65.0,Metric Tonnes,4950.0,Rs./Quintal
Maharashtra,Pune,Cereals,Maize,20-04-2023,90.0,Metric Tonnes,2125.0,Rs./Quintal
Maharashtra,Pune,Cereals,Wheat,20-04-2023,174.0,Metric Tonnes,3047.13,Rs./Quintal
Maharashtra,Pune,Cereals,Bajra(Pearl Millet/Cumbu),21-04-2023,42.0,Metric Tonnes,3100.0,Rs./Quintal
Maharashtra,Pune,Cereals,Jowar(Sorghum),21-04-2023,65.0,Metric Tonnes,4950.0,Rs./Quintal
Maharashtra,Pune,Cereals,Wheat,21-04-2023,44.0,Metric Tonnes,4800.0,Rs./Quintal
Maharashtra,Pune,Cereals,Bajra(Pearl Millet/Cumbu),22-04-2023,41.0,Metric Tonnes,3100.0,Rs./Quintal
Maharashtra,Pune,Cereals,Jowar(Sorghum),22-04-2023,64.0,Metric Tonnes,4950.0,Rs./Quintal
Maharashtra,Pune,Cereals,Maize,22-04-2023,3.0,Metric Tonnes,2000.0,Rs./Quintal
Maharashtra,Pune,Cereals,Wheat,22-04-2023,44.0,Metric Tonnes,4800.0,Rs./Quintal
Maharashtra,Pune,Cereals,Bajra(Pearl Millet/Cumbu),23-04-2023,1.0,Metric Tonnes,2100.0,Rs./Quintal
Maharashtra,Pune,Cereals,Maize,23-04-2023,1.0,Metric Tonnes,2150.0,Rs./Quintal
Maharashtra,Pune,Cereals,Wheat,23-04-2023,38.0,Metric Tonnes,2300.0,Rs./Quintal
Maharashtra,Pune,Cereals,Bajra(Pearl Millet/Cumbu),24-04-2023,42.0,Metric Tonnes,3050.0,Rs./Quintal
Maharashtra,Pune,Cereals,Jowar(Sorghum),24-04-2023,67.0,Metric Tonnes,4846.27,Rs./Quintal
Maharashtra,Pune,Cereals,Maize,24-04-2023,54.0,Metric Tonnes,2000.0,Rs./Quintal
Maharashtra,Pune,Cereals,Wheat,24-04-2023,118.0,Metric Tonnes,3134.11,Rs./Quintal
Maharashtra,Pune,Cereals,Bajra(Pearl Millet/Cumbu),25-04-2023,42.0,Metric Tonnes,3050.0,Rs./Quintal
Maharashtra,Pune,Cereals,Jowar(Sorghum),25-04-2023,64.0,Metric Tonnes,4900.0,Rs./Quintal
Maharashtra,Pune,Cereals,Maize,25-04-2023,1.0,Metric Tonnes,1900.0,Rs./Quintal
Maharashtra,Pune,Cereals,Wheat,25-04-2023,44.0,Metric Tonnes,4250.0,Rs./Quintal
Maharashtra,Pune,Cereals,Bajra(Pearl Millet/Cumbu),26-04-2023,52.0,Metric Tonnes,2978.85,Rs./Quintal
Maharashtra,Pune,Cereals,Jowar(Sorghum),26-04-2023,72.0,Metric Tonnes,4751.39,Rs./Quintal
Maharashtra,Pune,Cereals,Maize,26-04-2023,91.0,Metric Tonnes,1941.0,Rs./Quintal
Maharashtra,Pune,Cereals,Wheat,26-04-2023,53.0,Metric Tonnes,4502.83,Rs./Quintal
Maharashtra,Pune,Cereals,Bajra(Pearl Millet/Cumbu),27-04-2023,43.0,Metric Tonnes,2932.56,Rs./Quintal
Maharashtra,Pune,Cereals,Jowar(Sorghum),27-04-2023,64.0,Metric Tonnes,4850.0,Rs./Quintal
Maharashtra,Pune,Cereals,Maize,27-04-2023,2.0,Metric Tonnes,1925.0,Rs./Quintal
Maharashtra,Pune,Cereals,Wheat,27-04-2023,148.0,Metric Tonnes,3058.78,Rs./Quintal
Maharashtra,Pune,Cereals,Bajra(Pearl Millet/Cumbu),28-04-2023,42.0,Metric Tonnes,3000.0,Rs./Quintal
Maharashtra,Pune,Cereals,Jowar(Sorghum),28-04-2023,65.0,Metric Tonnes,5000.0,Rs./Quintal
Maharashtra,Pune,Cereals,Wheat,28-04-2023,45.0,Metric Tonnes,4702.22,Rs./Quintal
Maharashtra,Pune,Cereals,Bajra(Pearl Millet/Cumbu),29-04-2023,42.0,Metric Tonnes,3000.0,Rs./Quintal
Maharashtra,Pune,Cereals,Jowar(Sorghum),29-04-2023,65.0,Metric Tonnes,5000.0,Rs./Quintal
Maharashtra,Pune,Cereals,Maize,29-04-2023,74.0,Metric Tonnes,1925.0,Rs./Quintal
Maharashtra,Pune,Cereals,Wheat,29-04-2023,44.0,Metric Tonnes,4750.0,Rs./Quintal
Maharashtra,Pune,Cereals,Wheat,30-04-2023,21.0,Metric Tonnes,2314.29,Rs./Quintal
Maharashtra,Pune,Cereals,Bajra(Pearl Millet/Cumbu),02-05-2023,42.0,Metric Tonnes,3100.0,Rs./Quintal
Maharashtra,Pune,Cereals,Jowar(Sorghum),02-05-2023,65.0,Metric Tonnes,5050.0,Rs./Quintal
Maharashtra,Pune,Cereals,Wheat,02-05-2023,43.0,Metric Tonnes,4600.0,Rs./Quintal
Maharashtra,Pune,Cereals,Bajra(Pearl Millet/Cumbu),03-05-2023,52.0,Metric Tonnes,3075.0,Rs./Quintal
Maharashtra,Pune,Cereals,Jowar(Sorghum),03-05-2023,73.0,Metric Tonnes,4956.85,Rs./Quintal
Maharashtra,Pune,Cereals,Maize,03-05-2023,50.0,Metric Tonnes,1911.0,Rs./Quintal
Maharashtra,Pune,Cereals,Wheat,03-05-2023,53.0,Metric Tonnes,4316.98,Rs./Quintal
Maharashtra,Pune,Cereals,Bajra(Pearl Millet/Cumbu),04-05-2023,42.0,Metric Tonnes,3050.0,Rs./Quintal
Maharashtra,Pune,Cereals,Jowar(Sorghum),04-05-2023,65.0,Metric Tonnes,4900.0,Rs./Quintal
Maharashtra,Pune,Cereals,Maize,04-05-2023,105.0,Metric Tonnes,1880.0,Rs./Quintal
Maharashtra,Pune,Cereals,Wheat,04-05-2023,157.0,Metric Tonnes,2895.42,Rs./Quintal
Maharashtra,Pune,Cereals,Bajra(Pearl Millet/Cumbu),05-05-2023,42.0,Metric Tonnes,3050.0,Rs./Quintal
Maharashtra,Pune,Cereals,Jowar(Sorghum),05-05-2023,65.0,Metric Tonnes,4900.0,Rs./Quintal
Maharashtra,Pune,Cereals,Wheat,05-05-2023,43.0,Metric Tonnes,4400.0,Rs./Quintal
Maharashtra,Pune,Cereals,Bajra(Pearl Millet/Cumbu),06-05-2023,41.0,Metric Tonnes,2950.0,Rs./Quintal
Maharashtra,Pune,Cereals,Jowar(Sorghum),06-05-2023,65.0,Metric Tonnes,4750.0,Rs./Quintal
Maharashtra,Pune,Cereals,Maize,06-05-2023,78.0,Metric Tonnes,1911.0,Rs./Quintal
Maharashtra,Pune,Cereals,Wheat,06-05-2023,43.0,Metric Tonnes,4250.0,Rs./Quintal
Maharashtra,Pune,Cereals,Bajra(Pearl Millet/Cumbu),07-05-2023,1.0,Metric Tonnes,2100.0,Rs./Quintal
Maharashtra,Pune,Cereals,Maize,07-05-2023,1.0,Metric Tonnes,1800.0,Rs./Quintal
Maharashtra,Pune,Cereals,Wheat,07-05-2023,16.0,Metric Tonnes,2200.0,Rs./Quintal
Maharashtra,Pune,Cereals,Bajra(Pearl Millet/Cumbu),08-05-2023,62.0,Metric Tonnes,3000.0,Rs./Quintal
Maharashtra,Pune,Cereals,Jowar(Sorghum),08-05-2023,65.0,Metric Tonnes,4600.0,Rs./Quintal
Maharashtra,Pune,Cereals,Maize,08-05-2023,413.0,Metric Tonnes,1930.56,Rs./Quintal
Maharashtra,Pune,Cereals,Wheat,08-05-2023,108.0,Metric Tonnes,3022.69,Rs./Quintal
Maharashtra,Pune,Cereals,Bajra(Pearl Millet/Cumbu),09-05-2023,61.0,Metric Tonnes,2750.0,Rs./Quintal
Maharashtra,Pune,Cereals,Jowar(Sorghum),09-05-2023,66.0,Metric Tonnes,4500.0,Rs./Quintal
Maharashtra,Pune,Cereals,Wheat,09-05-2023,228.0,Metric Tonnes,2800.0,Rs./Quintal
Maharashtra,Pune,Cereals,Bajra(Pearl Millet/Cumbu),10-05-2023,68.0,Metric Tonnes,2862.87,Rs./Quintal
Maharashtra,Pune,Cereals,Jowar(Sorghum),10-05-2023,74.0,Metric Tonnes,4545.27,Rs./Quintal
Maharashtra,Pune,Cereals,Maize,10-05-2023,55.0,Metric Tonnes,1911.0,Rs./Quintal
Maharashtra,Pune,Cereals,Wheat,10-05-2023,239.0,Metric Tonnes,2914.64,Rs./Quintal
Maharashtra,Pune,Cereals,Bajra(Pearl Millet/Cumbu),11-05-2023,43.0,Metric Tonnes,3074.42,Rs./Quintal
Maharashtra,Pune,Cereals,Jowar(Sorghum),11-05-2023,66.0,Metric Tonnes,4469.7,Rs./Quintal
Maharashtra,Pune,Cereals,Maize,11-05-2023,270.0,Metric Tonnes,1916.8,Rs./Quintal
Maharashtra,Pune,Cereals,Wheat,11-05-2023,120.0,Metric Tonnes,2914.04,Rs./Quintal
Maharashtra,Pune,Cereals,Bajra(Pearl Millet/Cumbu),12-05-2023,41.0,Metric Tonnes,3050.0,Rs./Quintal
Maharashtra,Pune,Cereals,Jowar(Sorghum),12-05-2023,66.0,Metric Tonnes,4575.76,Rs./Quintal
Maharashtra,Pune,Cereals,Maize,12-05-2023,2.0,Metric Tonnes,1900.0,Rs./Quintal
Maharashtra,Pune,Cereals,Wheat,12-05-2023,43.0,Metric Tonnes,4250.0,Rs./Quintal
Maharashtra,Pune,Cereals,Bajra(Pearl Millet/Cumbu),13-05-2023,41.0,Metric Tonnes,3100.0,Rs./Quintal
Maharashtra,Pune,Cereals,Jowar(Sorghum),13-05-2023,66.0,Metric Tonnes,4500.0,Rs./Quintal
Maharashtra,Pune,Cereals,Maize,13-05-2023,97.0,Metric Tonnes,1900.0,Rs./Quintal
Maharashtra,Pune,Cereals,Wheat,13-05-2023,43.0,Metric Tonnes,4200.0,Rs./Quintal
Maharashtra,Pune,Cereals,Maize,14-05-2023,88.0,Metric Tonnes,1866.14,Rs./Quintal
Maharashtra,Pune,Cereals,Bajra(Pearl Millet/Cumbu),15-05-2023,42.0,Metric Tonnes,2890.48,Rs./Quintal
Maharashtra,Pune,Cereals,Jowar(Sorghum),15-05-2023,66.0,Metric Tonnes,4600.0,Rs./Quintal
Maharashtra,Pune,Cereals,Maize,15-05-2023,238.0,Metric Tonnes,1911.0,Rs./Quintal
Maharashtra,Pune,Cereals,Wheat,15-05-2023,105.0,Metric Tonnes,3104.29,Rs./Quintal
Maharashtra,Pune,Cereals,Bajra(Pearl Millet/Cumbu),16-05-2023,41.0,Metric Tonnes,2950.0,Rs./Quintal
Maharashtra,Pune,Cereals,Jowar(Sorghum),16-05-2023,66.0,Metric Tonnes,4600.0,Rs./Quintal
Maharashtra,Pune,Cereals,Maize,16-05-2023,1.0,Metric Tonnes,1500.0,Rs./Quintal
Maharashtra,Pune,Cereals,Wheat,16-05-2023,43.0,Metric Tonnes,4200.0,Rs./Quintal
Maharashtra,Pune,Cereals,Bajra(Pearl Millet/Cumbu),17-05-2023,50.0,Metric Tonnes,3082.0,Rs./Quintal
Maharashtra,Pune,Cereals,Jowar(Sorghum),17-05-2023,79.0,Metric Tonnes,4417.72,Rs./Quintal
Maharashtra,Pune,Cereals,Maize,17-05-2023,48.0,Metric Tonnes,1910.77,Rs./Quintal
Maharashtra,Pune,Cereals,Wheat,17-05-2023,52.0,Metric Tonnes,4092.31,Rs./Quintal
Maharashtra,Pune,Cereals,Bajra(Pearl Millet/Cumbu),18-05-2023,41.0,Metric Tonnes,3100.0,Rs./Quintal
Maharashtra,Pune,Cereals,Jowar(Sorghum),18-05-2023,67.0,Metric Tonnes,4391.04,Rs./Quintal
Maharashtra,Pune,Cereals,Maize,18-05-2023,435.0,Metric Tonnes,1881.07,Rs./Quintal
Maharashtra,Pune,Cereals,Wheat,18-05-2023,132.0,Metric Tonnes,2958.33,Rs./Quintal
Maharashtra,Pune,Cereals,Bajra(Pearl Millet/Cumbu),19-05-2023,731.0,Metric Tonnes,2344.87,Rs./Quintal
Maharashtra,Pune,Cereals,Jowar(Sorghum),19-05-2023,66.0,Metric Tonnes,4400.0,Rs./Quintal
Maharashtra,Pune,Cereals,Wheat,19-05-2023,43.0,Metric Tonnes,4346.51,Rs./Quintal
Maharashtra,Pune,Cereals,Bajra(Pearl Millet/Cumbu),20-05-2023,42.0,Metric Tonnes,3084.55,Rs./Quintal
Maharashtra,Pune,Cereals,Jowar(Sorghum),20-05-2023,66.0,Metric Tonnes,4500.0,Rs./Quintal
Maharashtra,Pune,Cereals,Maize,20-05-2023,80.0,Metric Tonnes,1900.0,Rs./Quintal
Maharashtra,Pune,Cereals,Wheat,20-05-2023,43.0,Metric Tonnes,4253.49,Rs./Quintal
Maharashtra,Pune,Cereals,Bajra(Pearl Millet/Cumbu),21-05-2023,5.0,Metric Tonnes,2280.0,Rs./Quintal
Maharashtra,Pune,Cereals,Jowar(Sorghum),21-05-2023,7.0,Metric Tonnes,3600.0,Rs./Quintal
Maharashtra,Pune,Cereals,Maize,21-05-2023,112.0,Metric Tonnes,1861.0,Rs./Quintal
Maharashtra,Pune,Cereals,Wheat,21-05-2023,33.0,Metric Tonnes,2318.18,Rs./Quintal
Maharashtra,Pune,Cereals,Bajra(Pearl Millet/Cumbu),22-05-2023,40.0,Metric Tonnes,3050.0,Rs./Quintal
Maharashtra,Pune,Cereals,Jowar(Sorghum),22-05-2023,67.0,Metric Tonnes,4400.0,Rs./Quintal
Maharashtra,Pune,Cereals,Maize,22-05-2023,336.0,Metric Tonnes,1921.0,Rs./Quintal
Maharashtra,Pune,Cereals,Wheat,22-05-2023,44.0,Metric Tonnes,4109.09,Rs./Quintal
Maharashtra,Pune,Cereals,Bajra(Pearl Millet/Cumbu),23-05-2023,40.0,Metric Tonnes,3100.0,Rs./Quintal
Maharashtra,Pune,Cereals,Jowar(Sorghum),23-05-2023,67.0,Metric Tonnes,4500.0,Rs./Quintal
Maharashtra,Pune,Cereals,Wheat,23-05-2023,42.0,Metric Tonnes,4150.0,Rs./Quintal
Maharashtra,Pune,Cereals,Bajra(Pearl Millet/Cumbu),24-05-2023,40.0,Metric Tonnes,3100.0,Rs./Quintal
Maharashtra,Pune,Cereals,Jowar(Sorghum),24-05-2023,66.0,Metric Tonnes,4500.0,Rs./Quintal
Maharashtra,Pune,Cereals,Maize,24-05-2023,43.0,Metric Tonnes,1911.0,Rs./Quintal
Maharashtra,Pune,Cereals,Wheat,24-05-2023,41.0,Metric Tonnes,4150.0,Rs./Quintal
Maharashtra,Pune,Cereals,Bajra(Pearl Millet/Cumbu),25-05-2023,41.0,Metric Tonnes,3173.17,Rs./Quintal
Maharashtra,Pune,Cereals,Jowar(Sorghum),25-05-2023,68.0,Metric Tonnes,4489.71,Rs./Quintal
Maharashtra,Pune,Cereals,Maize,25-05-2023,85.0,Metric Tonnes,1982.82,Rs./Quintal
Maharashtra,Pune,Cereals,Wheat,25-05-2023,92.0,Metric Tonnes,3133.37,Rs./Quintal
Maharashtra,Pune,Cereals,Bajra(Pearl Millet/Cumbu),26-05-2023,40.0,Metric Tonnes,3100.0,Rs./Quintal
Maharashtra,Pune,Cereals,Jowar(Sorghum),26-05-2023,67.0,Metric Tonnes,4700.0,Rs./Quintal
Maharashtra,Pune,Cereals,Maize,26-05-2023,2.0,Metric Tonnes,1900.0,Rs./Quintal
Maharashtra,Pune,Cereals,Wheat,26-05-2023,43.0,Metric Tonnes,4346.51,Rs./Quintal
Maharashtra,Pune,Cereals,Bajra(Pearl Millet/Cumbu),27-05-2023,40.0,Metric Tonnes,3100.0,Rs./Quintal
Maharashtra,Pune,Cereals,Jowar(Sorghum),27-05-2023,68.0,Metric Tonnes,4488.99,Rs./Quintal
Maharashtra,Pune,Cereals,Maize,27-05-2023,128.0,Metric Tonnes,1911.0,Rs./Quintal
Maharashtra,Pune,Cereals,Wheat,27-05-2023,42.0,Metric Tonnes,4300.0,Rs./Quintal
Maharashtra,Pune,Cereals,Bajra(Pearl Millet/Cumbu),28-05-2023,3.0,Metric Tonnes,2311.0,Rs./Quintal
Maharashtra,Pune,Cereals,Jowar(Sorghum),28-05-2023,1.0,Metric Tonnes,3200.0,Rs./Quintal
Maharashtra,Pune,Cereals,Wheat,28-05-2023,6.0,Metric Tonnes,2300.0,Rs./Quintal
Maharashtra,Pune,Cereals,Bajra(Pearl Millet/Cumbu),29-05-2023,39.0,Metric Tonnes,3050.0,Rs./Quintal
Maharashtra,Pune,Cereals,Jowar(Sorghum),29-05-2023,66.0,Metric Tonnes,4600.0,Rs./Quintal
Maharashtra,Pune,Cereals,Maize,29-05-2023,56.0,Metric Tonnes,1932.5,Rs./Quintal
Maharashtra,Pune,Cereals,Wheat,29-05-2023,103.0,Metric Tonnes,3018.01,Rs./Quintal
Maharashtra,Pune,Cereals,Bajra(Pearl Millet/Cumbu),30-05-2023,39.0,Metric Tonnes,3100.0,Rs./Quintal
Maharashtra,Pune,Cereals,Jowar(Sorghum),30-05-2023,66.0,Metric Tonnes,4700.0,Rs./Quintal
Maharashtra,Pune,Cereals,Wheat,30-05-2023,42.0,Metric Tonnes,4250.0,Rs./Quintal
Maharashtra,Pune,Cereals,Bajra(Pearl Millet/Cumbu),31-05-2023,46.0,Metric Tonnes,3123.37,Rs./Quintal
Maharashtra,Pune,Cereals,Jowar(Sorghum),31-05-2023,75.0,Metric Tonnes,4810.0,Rs./Quintal
Maharashtra,Pune,Cereals,Maize,31-05-2023,51.0,Metric Tonnes,1900.0,Rs./Quintal
Maharashtra,Pune,Cereals,Wheat,31-05-2023,50.0,Metric Tonnes,4216.0,Rs./Quintal
Maharashtra,Pune,Cereals,Bajra(Pearl Millet/Cumbu),01-06-2023,39.0,Metric Tonnes,3100.0,Rs./Quintal
Maharashtra,Pune,Cereals,Jowar(Sorghum),01-06-2023,68.0,Metric Tonnes,4713.24,Rs./Quintal
Maharashtra,Pune,Cereals,Maize,01-06-2023,68.0,Metric Tonnes,1825.13,Rs./Quintal
Maharashtra,Pune,Cereals,Wheat,01-06-2023,82.0,Metric Tonnes,3374.63,Rs./Quintal
Maharashtra,Pune,Cereals,Bajra(Pearl Millet/Cumbu),02-06-2023,39.0,Metric Tonnes,3100.0,Rs./Quintal
Maharashtra,Pune,Cereals,Jowar(Sorghum),02-06-2023,67.0,Metric Tonnes,4450.0,Rs./Quintal
Maharashtra,Pune,Cereals,Maize,02-06-2023,1.0,Metric Tonnes,1800.0,Rs./Quintal
Maharashtra,Pune,Cereals,Wheat,02-06-2023,43.0,Metric Tonnes,4441.86,Rs./Quintal
Maharashtra,Pune,Cereals,Bajra(Pearl Millet/Cumbu),03-06-2023,38.0,Metric Tonnes,3100.0,Rs./Quintal
Maharashtra,Pune,Cereals,Jowar(Sorghum),03-06-2023,68.0,Metric Tonnes,4723.54,Rs./Quintal
Maharashtra,Pune,Cereals,Maize,03-06-2023,56.0,Metric Tonnes,1878.66,Rs./Quintal
Maharashtra,Pune,Cereals,Wheat,03-06-2023,42.0,Metric Tonnes,4350.0,Rs./Quintal
Maharashtra,Pune,Cereals,Bajra(Pearl Millet/Cumbu),04-06-2023,5.0,Metric Tonnes,2190.0,Rs./Quintal
Maharashtra,Pune,Cereals,Jowar(Sorghum),04-06-2023,8.0,Metric Tonnes,3300.0,Rs./Quintal
Maharashtra,Pune,Cereals,Maize,04-06-2023,127.0,Metric Tonnes,1838.19,Rs./Quintal
Maharashtra,Pune,Cereals,Wheat,04-06-2023,46.0,Metric Tonnes,2300.0,Rs./Quintal
Maharashtra,Pune,Cereals,Bajra(Pearl Millet/Cumbu),05-06-2023,39.0,Metric Tonnes,3100.0,Rs./Quintal
Maharashtra,Pune,Cereals,Jowar(Sorghum),05-06-2023,66.0,Metric Tonnes,4900.0,Rs./Quintal
Maharashtra,Pune,Cereals,Maize,05-06-2023,49.0,Metric Tonnes,1853.06,Rs./Quintal
Maharashtra,Pune,Cereals,Wheat,05-06-2023,110.0,Metric Tonnes,3069.55,Rs./Quintal
Maharashtra,Pune,Cereals,Bajra(Pearl Millet/Cumbu),06-06-2023,39.0,Metric Tonnes,3150.0,Rs./Quintal
Maharashtra,Pune,Cereals,Jowar(Sorghum),06-06-2023,66.0,Metric Tonnes,4950.0,Rs./Quintal
Maharashtra,Pune,Cereals,Wheat,06-06-2023,42.0,Metric Tonnes,4500.0,Rs./Quintal
Maharashtra,Pune,Cereals,Bajra(Pearl Millet/Cumbu),07-06-2023,47.0,Metric Tonnes,3050.0,Rs./Quintal
Maharashtra,Pune,Cereals,Jowar(Sorghum),07-06-2023,74.0,Metric Tonnes,4901.35,Rs./Quintal
Maharashtra,Pune,Cereals,Wheat,07-06-2023,50.0,Metric Tonnes,4352.0,Rs./Quintal
Maharashtra,Pune,Cereals,Bajra(Pearl Millet/Cumbu),08-06-2023,39.0,Metric Tonnes,3150.0,Rs./Quintal
Maharashtra,Pune,Cereals,Jowar(Sorghum),08-06-2023,66.0,Metric Tonnes,4876.52,Rs./Quintal
Maharashtra,Pune,Cereals,Maize,08-06-2023,49.0,Metric Tonnes,2106.37,Rs./Quintal
Maharashtra,Pune,Cereals,Wheat,08-06-2023,105.0,Metric Tonnes,3145.0,Rs./Quintal
Maharashtra,Pune,Cereals,Bajra(Pearl Millet/Cumbu),09-06-2023,40.0,Metric Tonnes,3132.5,Rs./Quintal
Maharashtra,Pune,Cereals,Jowar(Sorghum),09-06-2023,66.0,Metric Tonnes,4950.0,Rs./Quintal
Maharashtra,Pune,Cereals,Wheat,09-06-2023,41.0,Metric Tonnes,4500.0,Rs./Quintal
Maharashtra,Pune,Cereals,Bajra(Pearl Millet/Cumbu),10-06-2023,38.0,Metric Tonnes,3150.0,Rs./Quintal
Maharashtra,Pune,Cereals,Jowar(Sorghum),10-06-2023,66.0,Metric Tonnes,4950.0,Rs./Quintal
Maharashtra,Pune,Cereals,Maize,10-06-2023,1.0,Metric Tonnes,1700.0,Rs./Quintal
Maharashtra,Pune,Cereals,Wheat,10-06-2023,42.0,Metric Tonnes,4500.0,Rs./Quintal
Maharashtra,Pune,Cereals,Jowar(Sorghum),11-06-2023,3.0,Metric Tonnes,3116.67,Rs./Quintal
Maharashtra,Pune,Cereals,Maize,11-06-2023,1.0,Metric Tonnes,2060.0,Rs./Quintal
Maharashtra,Pune,Cereals,Wheat,11-06-2023,7.0,Metric Tonnes,2300.0,Rs./Quintal
Maharashtra,Pune,Cereals,Bajra(Pearl Millet/Cumbu),12-06-2023,39.0,Metric Tonnes,3150.0,Rs./Quintal
Maharashtra,Pune,Cereals,Jowar(Sorghum),12-06-2023,67.0,Metric Tonnes,4950.0,Rs./Quintal
Maharashtra,Pune,Cereals,Maize,12-06-2023,65.0,Metric Tonnes,1975.5,Rs./Quintal
Maharashtra,Pune,Cereals,Wheat,12-06-2023,89.0,Metric Tonnes,3290.56,Rs./Quintal
Maharashtra,Pune,Cereals,Bajra(Pearl Millet/Cumbu),13-06-2023,39.0,Metric Tonnes,3050.0,Rs./Quintal
Maharashtra,Pune,Cereals,Jowar(Sorghum),13-06-2023,66.0,Metric Tonnes,5000.0,Rs./Quintal
Maharashtra,Pune,Cereals,Wheat,13-06-2023,42.0,Metric Tonnes,4600.0,Rs./Quintal
Maharashtra,Pune,Cereals,Bajra(Pearl Millet/Cumbu),14-06-2023,38.0,Metric Tonnes,3050.0,Rs./Quintal
Maharashtra,Pune,Cereals,Jowar(Sorghum),14-06-2023,66.0,Metric Tonnes,5000.0,Rs./Quintal
Maharashtra,Pune,Cereals,Wheat,14-06-2023,42.0,Metric Tonnes,4545.24,Rs./Quintal
Maharashtra,Pune,Cereals,Bajra(Pearl Millet/Cumbu),15-06-2023,40.0,Metric Tonnes,3097.5,Rs./Quintal
Maharashtra,Pune,Cereals,Jowar(Sorghum),15-06-2023,67.0,Metric Tonnes,5076.12,Rs./Quintal
Maharashtra,Pune,Cereals,Maize,15-06-2023,109.0,Metric Tonnes,2082.88,Rs./Quintal
Maharashtra,Pune,Cereals,Wheat,15-06-2023,109.0,Metric Tonnes,3098.62,Rs./Quintal
Maharashtra,Pune,Cereals,Bajra(Pearl Millet/Cumbu),16-06-2023,38.0,Metric Tonnes,3100.0,Rs./Quintal
Maharashtra,Pune,Cereals,Jowar(Sorghum),16-06-2023,67.0,Metric Tonnes,5120.9,Rs./Quintal
Maharashtra,Pune,Cereals,Maize,16-06-2023,1.0,Metric Tonnes,1850.0,Rs./Quintal
Maharashtra,Pune,Cereals,Wheat,16-06-2023,41.0,Metric Tonnes,4600.0,Rs./Quintal
Maharashtra,Pune,Cereals,Bajra(Pearl Millet/Cumbu),17-06-2023,38.0,Metric Tonnes,2950.0,Rs./Quintal
Maharashtra,Pune,Cereals,Jowar(Sorghum),17-06-2023,65.0,Metric Tonnes,5150.0,Rs./Quintal
Maharashtra,Pune,Cereals,Wheat,17-06-2023,42.0,Metric Tonnes,4500.0,Rs./Quintal
Maharashtra,Pune,Cereals,Jowar(Sorghum),18-06-2023,1.0,Metric Tonnes,3500.0,Rs./Quintal
Maharashtra,Pune,Cereals,Maize,18-06-2023,5.0,Metric Tonnes,1970.0,Rs./Quintal
Maharashtra,Pune,Cereals,Wheat,18-06-2023,7.0,Metric Tonnes,2400.0,Rs./Quintal
Maharashtra,Pune,Cereals,Bajra(Pearl Millet/Cumbu),19-06-2023,37.0,Metric Tonnes,3100.0,Rs./Quintal
Maharashtra,Pune,Cereals,Jowar(Sorghum),19-06-2023,65.0,Metric Tonnes,5200.0,Rs./Quintal
Maharashtra,Pune,Cereals,Maize,19-06-2023,19.0,Metric Tonnes,1990.0,Rs./Quintal
Maharashtra,Pune,Cereals,Wheat,19-06-2023,73.0,Metric Tonnes,3598.63,Rs./Quintal
Maharashtra,Pune,Cereals,Bajra(Pearl Millet/Cumbu),20-06-2023,37.0,Metric Tonnes,3100.0,Rs./Quintal
Maharashtra,Pune,Cereals,Jowar(Sorghum),20-06-2023,65.0,Metric Tonnes,4550.0,Rs./Quintal
Maharashtra,Pune,Cereals,Wheat,20-06-2023,42.0,Metric Tonnes,4500.0,Rs./Quintal
Maharashtra,Pune,Cereals,Bajra(Pearl Millet/Cumbu),21-06-2023,44.0,Metric Tonnes,3007.95,Rs./Quintal
Maharashtra,Pune,Cereals,Jowar(Sorghum),21-06-2023,71.0,Metric Tonnes,4897.18,Rs./Quintal
Maharashtra,Pune,Cereals,Wheat,21-06-2023,50.0,Metric Tonnes,4200.0,Rs./Quintal
Maharashtra,Pune,Cereals,Bajra(Pearl Millet/Cumbu),22-06-2023,37.0,Metric Tonnes,3200.0,Rs./Quintal
Maharashtra,Pune,Cereals,Jowar(Sorghum),22-06-2023,65.0,Metric Tonnes,4935.38,Rs./Quintal
Maharashtra,Pune,Cereals,Maize,22-06-2023,49.0,Metric Tonnes,2058.45,Rs./Quintal
Maharashtra,Pune,Cereals,Wheat,22-06-2023,84.0,Metric Tonnes,3429.87,Rs./Quintal
Maharashtra,Pune,Cereals,Bajra(Pearl Millet/Cumbu),23-06-2023,36.0,Metric Tonnes,3150.0,Rs./Quintal
Maharashtra,Pune,Cereals,Jowar(Sorghum),23-06-2023,66.0,Metric Tonnes,4987.88,Rs./Quintal
Maharashtra,Pune,Cereals,Wheat,23-06-2023,42.0,Metric Tonnes,4500.0,Rs./Quintal
Maharashtra,Pune,Cereals,Bajra(Pearl Millet/Cumbu),24-06-2023,36.0,Metric Tonnes,3000.0,Rs./Quintal
Maharashtra,Pune,Cereals,Jowar(Sorghum),24-06-2023,64.0,Metric Tonnes,4950.0,Rs./Quintal
Maharashtra,Pune,Cereals,Maize,24-06-2023,25.0,Metric Tonnes,1923.0,Rs./Quintal
Maharashtra,Pune,Cereals,Wheat,24-06-2023,44.0,Metric Tonnes,4351.16,Rs./Quintal
Maharashtra,Pune,Cereals,Maize,25-06-2023,3.0,Metric Tonnes,1950.0,Rs./Quintal
Maharashtra,Pune,Cereals,Wheat,25-06-2023,5.0,Metric Tonnes,2300.0,Rs./Quintal
Maharashtra,Pune,Cereals,Bajra(Pearl Millet/Cumbu),26-06-2023,36.0,Metric Tonnes,3100.0,Rs./Quintal
Maharashtra,Pune,Cereals,Jowar(Sorghum),26-06-2023,64.0,Metric Tonnes,5050.0,Rs./Quintal
Maharashtra,Pune,Cereals,Maize,26-06-2023,44.0,Metric Tonnes,2138.0,Rs./Quintal
Maharashtra,Pune,Cereals,Wheat,26-06-2023,95.0,Metric Tonnes,3276.63,Rs./Quintal
Maharashtra,Pune,Cereals,Bajra(Pearl Millet/Cumbu),27-06-2023,36.0,Metric Tonnes,3100.0,Rs./Quintal
Maharashtra,Pune,Cereals,Jowar(Sorghum),27-06-2023,63.0,Metric Tonnes,5000.0,Rs./Quintal
Maharashtra,Pune,Cereals,Wheat,27-06-2023,43.0,Metric Tonnes,4600.0,Rs./Quintal
Maharashtra,Pune,Cereals,Bajra(Pearl Millet/Cumbu),28-06-2023,41.0,Metric Tonnes,3037.8,Rs./Quintal
Maharashtra,Pune,Cereals,Jowar(Sorghum),28-06-2023,65.0,Metric Tonnes,5061.69,Rs./Quintal
Maharashtra,Pune,Cereals,Maize,28-06-2023,12.0,Metric Tonnes,2021.0,Rs./Quintal
Maharashtra,Pune,Cereals,Wheat,28-06-2023,46.0,Metric Tonnes,4393.17,Rs./Quintal
Maharashtra,Pune,Cereals,Bajra(Pearl Millet/Cumbu),29-06-2023,37.0,Metric Tonnes,3000.0,Rs./Quintal
Maharashtra,Pune,Cereals,Jowar(Sorghum),29-06-2023,64.0,Metric Tonnes,4950.0,Rs./Quintal
Maharashtra,Pune,Cereals,Maize,29-06-2023,22.0,Metric Tonnes,2001.57,Rs./Quintal
Maharashtra,Pune,Cereals,Wheat,29-06-2023,84.0,Metric Tonnes,3381.68,Rs./Quintal
Maharashtra,Pune,Cereals,Bajra(Pearl Millet/Cumbu),30-06-2023,37.0,Metric Tonnes,3075.68,Rs./Quintal
Maharashtra,Pune,Cereals,Jowar(Sorghum),30-06-2023,64.0,Metric Tonnes,5050.0,Rs./Quintal
Maharashtra,Pune,Cereals,Maize,30-06-2023,1.0,Metric Tonnes,2000.0,Rs./Quintal
Maharashtra,Pune,Cereals,Wheat,30-06-2023,43.0,Metric Tonnes,4500.0,Rs./Quintal
Maharashtra,Pune,Cereals,Bajra(Pearl Millet/Cumbu),01-07-2023,36.0,Metric Tonnes,3250.0,Rs./Quintal
Maharashtra,Pune,Cereals,Jowar(Sorghum),01-07-2023,64.0,Metric Tonnes,5100.0,Rs./Quintal
Maharashtra,Pune,Cereals,Wheat,01-07-2023,43.0,Metric Tonnes,4600.0,Rs./Quintal
Maharashtra,Pune,Cereals,Bajra(Pearl Millet/Cumbu),02-07-2023,2.0,Metric Tonnes,2000.0,Rs./Quintal
Maharashtra,Pune,Cereals,Wheat,02-07-2023,5.0,Metric Tonnes,2250.0,Rs./Quintal
Maharashtra,Pune,Cereals,Bajra(Pearl Millet/Cumbu),03-07-2023,36.0,Metric Tonnes,3100.0,Rs./Quintal
Maharashtra,Pune,Cereals,Jowar(Sorghum),03-07-2023,64.0,Metric Tonnes,5150.0,Rs./Quintal
Maharashtra,Pune,Cereals,Maize,03-07-2023,13.0,Metric Tonnes,2137.5,Rs./Quintal
Maharashtra,Pune,Cereals,Wheat,03-07-2023,90.0,Metric Tonnes,3325.26,Rs./Quintal
Maharashtra,Pune,Cereals,Bajra(Pearl Millet/Cumbu),04-07-2023,36.0,Metric Tonnes,3150.0,Rs./Quintal
Maharashtra,Pune,Cereals,Jowar(Sorghum),04-07-2023,64.0,Metric Tonnes,5250.0,Rs./Quintal
Maharashtra,Pune,Cereals,Wheat,04-07-2023,43.0,Metric Tonnes,4600.0,Rs./Quintal
Maharashtra,Pune,Cereals,Bajra(Pearl Millet/Cumbu),05-07-2023,40.0,Metric Tonnes,3188.1,Rs./Quintal
Maharashtra,Pune,Cereals,Jowar(Sorghum),05-07-2023,66.0,Metric Tonnes,5068.18,Rs./Quintal
Maharashtra,Pune,Cereals,Wheat,05-07-2023,47.0,Metric Tonnes,4453.19,Rs./Quintal
Maharashtra,Pune,Cereals,Bajra(Pearl Millet/Cumbu),06-07-2023,36.0,Metric Tonnes,3100.0,Rs./Quintal
Maharashtra,Pune,Cereals,Jowar(Sorghum),06-07-2023,65.0,Metric Tonnes,5150.0,Rs./Quintal
Maharashtra,Pune,Cereals,Maize,06-07-2023,40.0,Metric Tonnes,2066.88,Rs./Quintal
Maharashtra,Pune,Cereals,Wheat,06-07-2023,98.0,Metric Tonnes,3254.64,Rs./Quintal
Maharashtra,Pune,Cereals,Bajra(Pearl Millet/Cumbu),07-07-2023,36.0,Metric Tonnes,3100.0,Rs./Quintal
Maharashtra,Pune,Cereals,Jowar(Sorghum),07-07-2023,64.0,Metric Tonnes,5050.0,Rs./Quintal
Maharashtra,Pune,Cereals,Wheat,07-07-2023,43.0,Metric Tonnes,4500.0,Rs./Quintal
Maharashtra,Pune,Cereals,Bajra(Pearl Millet/Cumbu),08-07-2023,37.0,Metric Tonnes,3250.0,Rs./Quintal
Maharashtra,Pune,Cereals,Jowar(Sorghum),08-07-2023,64.0,Metric Tonnes,5100.0,Rs./Quintal
Maharashtra,Pune,Cereals,Wheat,08-07-2023,43.0,Metric Tonnes,4600.0,Rs./Quintal
Maharashtra,Pune,Cereals,Bajra(Pearl Millet/Cumbu),09-07-2023,1.0,Metric Tonnes,2100.0,Rs./Quintal
Maharashtra,Pune,Cereals,Maize,09-07-2023,83.0,Metric Tonnes,1891.33,Rs./Quintal
Maharashtra,Pune,Cereals,Wheat,09-07-2023,9.0,Metric Tonnes,2300.0,Rs./Quintal
Maharashtra,Pune,Cereals,Bajra(Pearl Millet/Cumbu),10-07-2023,37.0,Metric Tonnes,3350.0,Rs./Quintal
Maharashtra,Pune,Cereals,Jowar(Sorghum),10-07-2023,64.0,Metric Tonnes,5150.0,Rs./Quintal
Maharashtra,Pune,Cereals,Maize,10-07-2023,17.0,Metric Tonnes,2113.0,Rs./Quintal
Maharashtra,Pune,Cereals,Wheat,10-07-2023,80.0,Metric Tonnes,3624.69,Rs./Quintal
Maharashtra,Pune,Cereals,Bajra(Pearl Millet/Cumbu),11-07-2023,37.0,Metric Tonnes,3300.0,Rs./Quintal
Maharashtra,Pune,Cereals,Jowar(Sorghum),11-07-2023,65.0,Metric Tonnes,5100.0,Rs./Quintal
Maharashtra,Pune,Cereals,Wheat,11-07-2023,42.0,Metric Tonnes,4500.0,Rs./Quintal
Maharashtra,Pune,Cereals,Bajra(Pearl Millet/Cumbu),12-07-2023,41.0,Metric Tonnes,3156.1,Rs./Quintal
Maharashtra,Pune,Cereals,Jowar(Sorghum),12-07-2023,66.0,Metric Tonnes,4973.48,Rs./Quintal
Maharashtra,Pune,Cereals,Wheat,12-07-2023,47.0,Metric Tonnes,4240.43,Rs./Quintal
Maharashtra,Pune,Cereals,Bajra(Pearl Millet/Cumbu),13-07-2023,37.0,Metric Tonnes,3200.0,Rs./Quintal
Maharashtra,Pune,Cereals,Jowar(Sorghum),13-07-2023,64.0,Metric Tonnes,5050.0,Rs./Quintal
Maharashtra,Pune,Cereals,Maize,13-07-2023,12.0,Metric Tonnes,2171.0,Rs./Quintal
Maharashtra,Pune,Cereals,Wheat,13-07-2023,97.0,Metric Tonnes,3195.88,Rs./Quintal
Maharashtra,Pune,Cereals,Bajra(Pearl Millet/Cumbu),14-07-2023,36.0,Metric Tonnes,3250.0,Rs./Quintal
Maharashtra,Pune,Cereals,Jowar(Sorghum),14-07-2023,65.0,Metric Tonnes,5050.0,Rs./Quintal
Maharashtra,Pune,Cereals,Maize,14-07-2023,1.0,Metric Tonnes,1700.0,Rs./Quintal
Maharashtra,Pune,Cereals,Wheat,14-07-2023,42.0,Metric Tonnes,4600.0,Rs./Quintal
Maharashtra,Pune,Cereals,Bajra(Pearl Millet/Cumbu),15-07-2023,37.0,Metric Tonnes,3200.0,Rs./Quintal
Maharashtra,Pune,Cereals,Jowar(Sorghum),15-07-2023,65.0,Metric Tonnes,5000.0,Rs./Quintal
Maharashtra,Pune,Cereals,Maize,15-07-2023,1.0,Metric Tonnes,2000.0,Rs./Quintal
Maharashtra,Pune,Cereals,Wheat,15-07-2023,42.0,Metric Tonnes,4400.0,Rs./Quintal
Maharashtra,Pune,Cereals,Maize,16-07-2023,30.0,Metric Tonnes,2164.0,Rs./Quintal
Maharashtra,Pune,Cereals,Wheat,16-07-2023,9.0,Metric Tonnes,2350.0,Rs./Quintal
Maharashtra,Pune,Cereals,Bajra(Pearl Millet/Cumbu),17-07-2023,37.0,Metric Tonnes,3200.0,Rs./Quintal
Maharashtra,Pune,Cereals,Jowar(Sorghum),17-07-2023,65.0,Metric Tonnes,5100.0,Rs./Quintal
Maharashtra,Pune,Cereals,Maize,17-07-2023,8.0,Metric Tonnes,2083.0,Rs./Quintal
Maharashtra,Pune,Cereals,Wheat,17-07-2023,66.0,Metric Tonnes,3691.09,Rs./Quintal
Maharashtra,Pune,Cereals,Bajra(Pearl Millet/Cumbu),18-07-2023,37.0,Metric Tonnes,3082.43,Rs./Quintal
Maharashtra,Pune,Cereals,Jowar(Sorghum),18-07-2023,66.0,Metric Tonnes,5050.0,Rs./Quintal
Maharashtra,Pune,Cereals,Maize,18-07-2023,1.0,Metric Tonnes,2000.0,Rs./Quintal
Maharashtra,Pune,Cereals,Wheat,18-07-2023,42.0,Metric Tonnes,4450.0,Rs./Quintal
Maharashtra,Pune,Cereals,Bajra(Pearl Millet/Cumbu),19-07-2023,40.0,Metric Tonnes,3120.0,Rs./Quintal
Maharashtra,Pune,Cereals,Jowar(Sorghum),19-07-2023,69.0,Metric Tonnes,4971.96,Rs./Quintal
Maharashtra,Pune,Cereals,Maize,19-07-2023,9.0,Metric Tonnes,2181.0,Rs./Quintal
Maharashtra,Pune,Cereals,Wheat,19-07-2023,45.0,Metric Tonnes,4400.0,Rs./Quintal
Maharashtra,Pune,Cereals,Bajra(Pearl Millet/Cumbu),20-07-2023,36.0,Metric Tonnes,3200.0,Rs./Quintal
Maharashtra,Pune,Cereals,Jowar(Sorghum),20-07-2023,66.0,Metric Tonnes,5100.0,Rs./Quintal
Maharashtra,Pune,Cereals,Wheat,20-07-2023,51.0,Metric Tonnes,4120.59,Rs./Quintal
Maharashtra,Pune,Cereals,Bajra(Pearl Millet/Cumbu),21-07-2023,35.0,Metric Tonnes,3150.0,Rs./Quintal
Maharashtra,Pune,Cereals,Jowar(Sorghum),21-07-2023,65.0,Metric Tonnes,5150.0,Rs./Quintal
Maharashtra,Pune,Cereals,Wheat,21-07-2023,41.0,Metric Tonnes,4600.0,Rs./Quintal
Maharashtra,Pune,Cereals,Bajra(Pearl Millet/Cumbu),22-07-2023,35.0,Metric Tonnes,3100.0,Rs./Quintal
Maharashtra,Pune,Cereals,Jowar(Sorghum),22-07-2023,66.0,Metric Tonnes,5027.27,Rs./Quintal
Maharashtra,Pune,Cereals,Maize,22-07-2023,23.0,Metric Tonnes,2150.0,Rs./Quintal
Maharashtra,Pune,Cereals,Wheat,22-07-2023,42.0,Metric Tonnes,4406.21,Rs./Quintal
Maharashtra,Pune,Cereals,Maize,23-07-2023,1.0,Metric Tonnes,2000.0,Rs./Quintal
Maharashtra,Pune,Cereals,Wheat,23-07-2023,12.0,Metric Tonnes,2445.75,Rs./Quintal
Maharashtra,Pune,Cereals,Bajra(Pearl Millet/Cumbu),24-07-2023,35.0,Metric Tonnes,3150.0,Rs./Quintal
Maharashtra,Pune,Cereals,Jowar(Sorghum),24-07-2023,65.0,Metric Tonnes,5150.0,Rs./Quintal
Maharashtra,Pune,Cereals,Maize,24-07-2023,83.0,Metric Tonnes,2207.96,Rs./Quintal
Maharashtra,Pune,Cereals,Wheat,24-07-2023,42.0,Metric Tonnes,4600.0,Rs./Quintal
Maharashtra,Pune,Cereals,Bajra(Pearl Millet/Cumbu),25-07-2023,35.0,Metric Tonnes,3200.0,Rs./Quintal
Maharashtra,Pune,Cereals,Jowar(Sorghum),25-07-2023,65.0,Metric Tonnes,5200.0,Rs./Quintal
Maharashtra,Pune,Cereals,Maize,25-07-2023,1.0,Metric Tonnes,2000.0,Rs./Quintal
Maharashtra,Pune,Cereals,Wheat,25-07-2023,42.0,Metric Tonnes,4500.0,Rs./Quintal
Maharashtra,Pune,Cereals,Bajra(Pearl Millet/Cumbu),26-07-2023,37.0,Metric Tonnes,3141.89,Rs./Quintal
Maharashtra,Pune,Cereals,Jowar(Sorghum),26-07-2023,68.0,Metric Tonnes,5150.22,Rs./Quintal
Maharashtra,Pune,Cereals,Maize,26-07-2023,3.0,Metric Tonnes,2221.67,Rs./Quintal
Maharashtra,Pune,Cereals,Wheat,26-07-2023,50.0,Metric Tonnes,4176.0,Rs./Quintal
Maharashtra,Pune,Cereals,Bajra(Pearl Millet/Cumbu),27-07-2023,35.0,Metric Tonnes,3200.0,Rs./Quintal
Maharashtra,Pune,Cereals,Jowar(Sorghum),27-07-2023,65.0,Metric Tonnes,5200.0,Rs./Quintal
Maharashtra,Pune,Cereals,Wheat,27-07-2023,108.0,Metric Tonnes,3121.06,Rs./Quintal
Maharashtra,Pune,Cereals,Bajra(Pearl Millet/Cumbu),28-07-2023,34.0,Metric Tonnes,3250.0,Rs./Quintal
Maharashtra,Pune,Cereals,Jowar(Sorghum),28-07-2023,65.0,Metric Tonnes,5250.0,Rs./Quintal
Maharashtra,Pune,Cereals,Wheat,28-07-2023,42.0,Metric Tonnes,4500.0,Rs./Quintal
Maharashtra,Pune,Cereals,Bajra(Pearl Millet/Cumbu),29-07-2023,35.0,Metric Tonnes,3150.0,Rs./Quintal
Maharashtra,Pune,Cereals,Jowar(Sorghum),29-07-2023,65.0,Metric Tonnes,5150.0,Rs./Quintal
Maharashtra,Pune,Cereals,Maize,29-07-2023,36.0,Metric Tonnes,2241.0,Rs./Quintal
Maharashtra,Pune,Cereals,Wheat,29-07-2023,42.0,Metric Tonnes,4353.6,Rs./Quintal
Maharashtra,Pune,Cereals,Bajra(Pearl Millet/Cumbu),30-07-2023,1.0,Metric Tonnes,2400.0,Rs./Quintal
Maharashtra,Pune,Cereals,Maize,30-07-2023,2.0,Metric Tonnes,1950.0,Rs./Quintal
Maharashtra,Pune,Cereals,Wheat,30-07-2023,7.0,Metric Tonnes,2400.0,Rs./Quintal
Maharashtra,Pune,Cereals,Bajra(Pearl Millet/Cumbu),31-07-2023,35.0,Metric Tonnes,3174.29,Rs./Quintal
Maharashtra,Pune,Cereals,Jowar(Sorghum),31-07-2023,65.0,Metric Tonnes,5250.0,Rs./Quintal
Maharashtra,Pune,Cereals,Maize,31-07-2023,48.0,Metric Tonnes,2165.0,Rs./Quintal
Maharashtra,Pune,Cereals,Wheat,31-07-2023,95.0,Metric Tonnes,3335.67,Rs./Quintal
Maharashtra,Pune,Cereals,Bajra(Pearl Millet/Cumbu),01-08-2023,35.0,Metric Tonnes,3200.0,Rs./Quintal
Maharashtra,Pune,Cereals,Jowar(Sorghum),01-08-2023,65.0,Metric Tonnes,5200.0,Rs./Quintal
Maharashtra,Pune,Cereals,Wheat,01-08-2023,42.0,Metric Tonnes,4600.0,Rs./Quintal
Maharashtra,Pune,Cereals,Bajra(Pearl Millet/Cumbu),02-08-2023,36.0,Metric Tonnes,3190.56,Rs./Quintal
Maharashtra,Pune,Cereals,Jowar(Sorghum),02-08-2023,68.0,Metric Tonnes,5261.4,Rs./Quintal
Maharashtra,Pune,Cereals,Wheat,02-08-2023,48.0,Metric Tonnes,4462.5,Rs./Quintal
Maharashtra,Pune,Cereals,Bajra(Pearl Millet/Cumbu),03-08-2023,34.0,Metric Tonnes,3200.0,Rs./Quintal
Maharashtra,Pune,Cereals,Jowar(Sorghum),03-08-2023,64.0,Metric Tonnes,5400.0,Rs./Quintal
Maharashtra,Pune,Cereals,Maize,03-08-2023,14.0,Metric Tonnes,2175.0,Rs./Quintal
Maharashtra,Pune,Cereals,Wheat,03-08-2023,121.0,Metric Tonnes,3196.69,Rs./Quintal
Maharashtra,Pune,Cereals,Bajra(Pearl Millet/Cumbu),04-08-2023,34.0,Metric Tonnes,3200.0,Rs./Quintal
Maharashtra,Pune,Cereals,Jowar(Sorghum),04-08-2023,64.0,Metric Tonnes,5275.0,Rs./Quintal
Maharashtra,Pune,Cereals,Maize,04-08-2023,1.0,Metric Tonnes,1750.0,Rs./Quintal
Maharashtra,Pune,Cereals,Wheat,04-08-2023,42.0,Metric Tonnes,4900.0,Rs./Quintal
Maharashtra,Pune,Cereals,Bajra(Pearl Millet/Cumbu),05-08-2023,34.0,Metric Tonnes,3200.0,Rs./Quintal
Maharashtra,Pune,Cereals,Jowar(Sorghum),05-08-2023,63.0,Metric Tonnes,5400.0,Rs./Quintal
Maharashtra,Pune,Cereals,Wheat,05-08-2023,42.0,Metric Tonnes,5000.0,Rs./Quintal
Maharashtra,Pune,Cereals,Wheat,06-08-2023,12.0,Metric Tonnes,2500.0,Rs./Quintal
Maharashtra,Pune,Cereals,Bajra(Pearl Millet/Cumbu),07-08-2023,34.0,Metric Tonnes,3300.0,Rs./Quintal
Maharashtra,Pune,Cereals,Jowar(Sorghum),07-08-2023,63.0,Metric Tonnes,5300.0,Rs./Quintal
Maharashtra,Pune,Cereals,Maize,07-08-2023,36.0,Metric Tonnes,2081.0,Rs./Quintal
Maharashtra,Pune,Cereals,Wheat,07-08-2023,96.0,Metric Tonnes,3551.56,Rs./Quintal
Maharashtra,Pune,Cereals,Bajra(Pearl Millet/Cumbu),08-08-2023,33.0,Metric Tonnes,3200.0,Rs./Quintal
Maharashtra,Pune,Cereals,Jowar(Sorghum),08-08-2023,63.0,Metric Tonnes,5400.0,Rs./Quintal
Maharashtra,Pune,Cereals,Wheat,08-08-2023,42.0,Metric Tonnes,4900.0,Rs./Quintal
Maharashtra,Pune,Cereals,Bajra(Pearl Millet/Cumbu),09-08-2023,33.0,Metric Tonnes,3350.0,Rs./Quintal
Maharashtra,Pune,Cereals,Jowar(Sorghum),09-08-2023,63.0,Metric Tonnes,5600.0,Rs./Quintal
Maharashtra,Pune,Cereals,Wheat,09-08-2023,42.0,Metric Tonnes,5050.0,Rs./Quintal
Maharashtra,Pune,Cereals,Bajra(Pearl Millet/Cumbu),10-08-2023,33.0,Metric Tonnes,3250.0,Rs./Quintal
Maharashtra,Pune,Cereals,Jowar(Sorghum),10-08-2023,63.0,Metric Tonnes,5700.0,Rs./Quintal
Maharashtra,Pune,Cereals,Maize,10-08-2023,44.0,Metric Tonnes,2141.0,Rs./Quintal
Maharashtra,Pune,Cereals,Wheat,10-08-2023,109.0,Metric Tonnes,3372.02,Rs./Quintal
Maharashtra,Pune,Cereals,Bajra(Pearl Millet/Cumbu),11-08-2023,33.0,Metric Tonnes,3300.0,Rs./Quintal
Maharashtra,Pune,Cereals,Jowar(Sorghum),11-08-2023,63.0,Metric Tonnes,5750.0,Rs./Quintal
Maharashtra,Pune,Cereals,Wheat,11-08-2023,43.0,Metric Tonnes,4900.0,Rs./Quintal
Maharashtra,Pune,Cereals,Bajra(Pearl Millet/Cumbu),12-08-2023,33.0,Metric Tonnes,3350.0,Rs./Quintal
Maharashtra,Pune,Cereals,Jowar(Sorghum),12-08-2023,63.0,Metric Tonnes,5600.0,Rs./Quintal
Maharashtra,Pune,Cereals,Wheat,12-08-2023,42.0,Metric Tonnes,5050.0,Rs./Quintal
Maharashtra,Pune,Cereals,Wheat,13-08-2023,8.0,Metric Tonnes,2400.0,Rs./Quintal
Maharashtra,Pune,Cereals,Bajra(Pearl Millet/Cumbu),14-08-2023,33.0,Metric Tonnes,3300.0,Rs./Quintal
Maharashtra,Pune,Cereals,Jowar(Sorghum),14-08-2023,63.0,Metric Tonnes,5700.0,Rs./Quintal
Maharashtra,Pune,Cereals,Maize,14-08-2023,34.0,Metric Tonnes,2110.5,Rs./Quintal
Maharashtra,Pune,Cereals,Wheat,14-08-2023,101.0,Metric Tonnes,3616.04,Rs./Quintal
Maharashtra,Pune,Cereals,Bajra(Pearl Millet/Cumbu),17-08-2023,34.0,Metric Tonnes,3358.82,Rs./Quintal
Maharashtra,Pune,Cereals,Jowar(Sorghum),17-08-2023,63.0,Metric Tonnes,5850.0,Rs./Quintal
Maharashtra,Pune,Cereals,Maize,17-08-2023,84.0,Metric Tonnes,2185.48,Rs./Quintal
Maharashtra,Pune,Cereals,Wheat,17-08-2023,115.0,Metric Tonnes,3386.59,Rs./Quintal
Maharashtra,Pune,Cereals,Bajra(Pearl Millet/Cumbu),18-08-2023,34.0,Metric Tonnes,3300.0,Rs./Quintal
Maharashtra,Pune,Cereals,Jowar(Sorghum),18-08-2023,63.0,Metric Tonnes,5750.0,Rs./Quintal
Maharashtra,Pune,Cereals,Wheat,18-08-2023,43.0,Metric Tonnes,4800.0,Rs./Quintal
Maharashtra,Pune,Cereals,Bajra(Pearl Millet/Cumbu),19-08-2023,34.0,Metric Tonnes,3200.0,Rs./Quintal
Maharashtra,Pune,Cereals,Jowar(Sorghum),19-08-2023,63.0,Metric Tonnes,5800.0,Rs./Quintal
Maharashtra,Pune,Cereals,Wheat,19-08-2023,43.0,Metric Tonnes,4850.0,Rs./Quintal
Maharashtra,Pune,Cereals,Bajra(Pearl Millet/Cumbu),20-08-2023,1.0,Metric Tonnes,2200.0,Rs./Quintal
Maharashtra,Pune,Cereals,Wheat,20-08-2023,7.0,Metric Tonnes,2651.0,Rs./Quintal
Maharashtra,Pune,Cereals,Bajra(Pearl Millet/Cumbu),21-08-2023,34.0,Metric Tonnes,3250.0,Rs./Quintal
Maharashtra,Pune,Cereals,Jowar(Sorghum),21-08-2023,63.0,Metric Tonnes,5750.0,Rs./Quintal
Maharashtra,Pune,Cereals,Maize,21-08-2023,52.0,Metric Tonnes,2395.5,Rs./Quintal
Maharashtra,Pune,Cereals,Wheat,21-08-2023,89.0,Metric Tonnes,3518.09,Rs./Quintal
Maharashtra,Pune,Cereals,Bajra(Pearl Millet/Cumbu),22-08-2023,33.0,Metric Tonnes,3200.0,Rs./Quintal
Maharashtra,Pune,Cereals,Jowar(Sorghum),22-08-2023,63.0,Metric Tonnes,5900.0,Rs./Quintal
Maharashtra,Pune,Cereals,Wheat,22-08-2023,43.0,Metric Tonnes,4750.0,Rs./Quintal
Maharashtra,Pune,Cereals,Bajra(Pearl Millet/Cumbu),23-08-2023,33.0,Metric Tonnes,3300.0,Rs./Quintal
Maharashtra,Pune,Cereals,Jowar(Sorghum),23-08-2023,63.0,Metric Tonnes,6000.0,Rs./Quintal
Maharashtra,Pune,Cereals,Wheat,23-08-2023,43.0,Metric Tonnes,4850.0,Rs./Quintal
Maharashtra,Pune,Cereals,Bajra(Pearl Millet/Cumbu),24-08-2023,35.0,Metric Tonnes,3363.57,Rs./Quintal
Maharashtra,Pune,Cereals,Jowar(Sorghum),24-08-2023,65.0,Metric Tonnes,5767.69,Rs./Quintal
Maharashtra,Pune,Cereals,Maize,24-08-2023,18.0,Metric Tonnes,2165.5,Rs./Quintal
Maharashtra,Pune,Cereals,Wheat,24-08-2023,94.0,Metric Tonnes,3564.36,Rs./Quintal
Maharashtra,Pune,Cereals,Bajra(Pearl Millet/Cumbu),25-08-2023,34.0,Metric Tonnes,3300.0,Rs./Quintal
Maharashtra,Pune,Cereals,Jowar(Sorghum),25-08-2023,64.0,Metric Tonnes,5750.0,Rs./Quintal
Maharashtra,Pune,Cereals,Wheat,25-08-2023,43.0,Metric Tonnes,4850.0,Rs./Quintal
Maharashtra,Pune,Cereals,Bajra(Pearl Millet/Cumbu),26-08-2023,34.0,Metric Tonnes,3200.0,Rs./Quintal
Maharashtra,Pune,Cereals,Jowar(Sorghum),26-08-2023,63.0,Metric Tonnes,5900.0,Rs./Quintal
Maharashtra,Pune,Cereals,Wheat,26-08-2023,42.0,Metric Tonnes,4750.0,Rs./Quintal
Maharashtra,Pune,Cereals,Wheat,27-08-2023,8.0,Metric Tonnes,2400.0,Rs./Quintal
Maharashtra,Pune,Cereals,Bajra(Pearl Millet/Cumbu),28-08-2023,34.0,Metric Tonnes,3200.0,Rs./Quintal
Maharashtra,Pune,Cereals,Jowar(Sorghum),28-08-2023,64.0,Metric Tonnes,5950.0,Rs./Quintal
Maharashtra,Pune,Cereals,Maize,28-08-2023,70.0,Metric Tonnes,2025.0,Rs./Quintal
Maharashtra,Pune,Cereals,Wheat,28-08-2023,86.0,Metric Tonnes,3625.0,Rs./Quintal
Maharashtra,Pune,Cereals,Bajra(Pearl Millet/Cumbu),29-08-2023,33.0,Metric Tonnes,3150.0,Rs./Quintal
Maharashtra,Pune,Cereals,Jowar(Sorghum),29-08-2023,64.0,Metric Tonnes,5950.0,Rs./Quintal
Maharashtra,Pune,Cereals,Wheat,29-08-2023,43.0,Metric Tonnes,4900.0,Rs./Quintal
Maharashtra,Pune,Cereals,Bajra(Pearl Millet/Cumbu),30-08-2023,34.0,Metric Tonnes,3250.0,Rs./Quintal
Maharashtra,Pune,Cereals,Jowar(Sorghum),30-08-2023,63.0,Metric Tonnes,6000.0,Rs./Quintal
Maharashtra,Pune,Cereals,Wheat,30-08-2023,43.0,Metric Tonnes,5000.0,Rs./Quintal
Maharashtra,Pune,Cereals,Bajra(Pearl Millet/Cumbu),31-08-2023,33.0,Metric Tonnes,3300.0,Rs./Quintal
Maharashtra,Pune,Cereals,Jowar(Sorghum),31-08-2023,64.0,Metric Tonnes,5850.0,Rs./Quintal
Maharashtra,Pune,Cereals,Maize,31-08-2023,13.0,Metric Tonnes,2151.0,Rs./Quintal
Maharashtra,Pune,Cereals,Wheat,31-08-2023,75.0,Metric Tonnes,3776.0,Rs./Quintal
Maharashtra,Pune,Cereals,Bajra(Pearl Millet/Cumbu),01-09-2023,34.0,Metric Tonnes,3250.0,Rs./Quintal
Maharashtra,Pune,Cereals,Jowar(Sorghum),01-09-2023,64.0,Metric Tonnes,5900.0,Rs./Quintal
Maharashtra,Pune,Cereals,Wheat,01-09-2023,42.0,Metric Tonnes,4900.0,Rs./Quintal
Maharashtra,Pune,Cereals,Bajra(Pearl Millet/Cumbu),02-09-2023,34.0,Metric Tonnes,3300.0,Rs./Quintal
Maharashtra,Pune,Cereals,Jowar(Sorghum),02-09-2023,64.0,Metric Tonnes,6100.0,Rs./Quintal
Maharashtra,Pune,Cereals,Wheat,02-09-2023,42.0,Metric Tonnes,4900.0,Rs./Quintal
Maharashtra,Pune,Cereals,Bajra(Pearl Millet/Cumbu),03-09-2023,1.0,Metric Tonnes,2351.0,Rs./Quintal
Maharashtra,Pune,Cereals,Wheat,03-09-2023,8.0,Metric Tonnes,2450.0,Rs./Quintal
Maharashtra,Pune,Cereals,Bajra(Pearl Millet/Cumbu),04-09-2023,34.0,Metric Tonnes,3300.0,Rs./Quintal
Maharashtra,Pune,Cereals,Jowar(Sorghum),04-09-2023,64.0,Metric Tonnes,5950.0,Rs./Quintal
Maharashtra,Pune,Cereals,Wheat,04-09-2023,42.0,Metric Tonnes,4900.0,Rs./Quintal
Maharashtra,Pune,Cereals,Bajra(Pearl Millet/Cumbu),05-09-2023,34.0,Metric Tonnes,3350.0,Rs./Quintal
Maharashtra,Pune,Cereals,Jowar(Sorghum),05-09-2023,65.0,Metric Tonnes,6100.0,Rs./Quintal
Maharashtra,Pune,Cereals,Wheat,05-09-2023,42.0,Metric Tonnes,5000.0,Rs./Quintal
Maharashtra,Pune,Cereals,Bajra(Pearl Millet/Cumbu),06-09-2023,34.0,Metric Tonnes,3300.0,Rs./Quintal
Maharashtra,Pune,Cereals,Jowar(Sorghum),06-09-2023,65.0,Metric Tonnes,5900.0,Rs./Quintal
Maharashtra,Pune,Cereals,Wheat,06-09-2023,42.0,Metric Tonnes,4900.0,Rs./Quintal
Maharashtra,Pune,Cereals,Maize,07-09-2023,39.0,Metric Tonnes,2156.0,Rs./Quintal
Maharashtra,Pune,Cereals,Wheat,07-09-2023,58.0,Metric Tonnes,2450.0,Rs./Quintal
Maharashtra,Pune,Cereals,Bajra(Pearl Millet/Cumbu),08-09-2023,35.0,Metric Tonnes,3300.0,Rs./Quintal
Maharashtra,Pune,Cereals,Jowar(Sorghum),08-09-2023,64.0,Metric Tonnes,5900.0,Rs./Quintal
Maharashtra,Pune,Cereals,Wheat,08-09-2023,43.0,Metric Tonnes,4700.0,Rs./Quintal
Maharashtra,Pune,Cereals,Bajra(Pearl Millet/Cumbu),09-09-2023,35.0,Metric Tonnes,3300.0,Rs./Quintal
Maharashtra,Pune,Cereals,Jowar(Sorghum),09-09-2023,65.0,Metric Tonnes,5950.0,Rs./Quintal
Maharashtra,Pune,Cereals,Wheat,09-09-2023,43.0,Metric Tonnes,4900.0,Rs./Quintal
Maharashtra,Pune,Cereals,Bajra(Pearl Millet/Cumbu),10-09-2023,1.0,Metric Tonnes,2150.0,Rs./Quintal
Maharashtra,Pune,Cereals,Wheat,10-09-2023,6.0,Metric Tonnes,2450.0,Rs./Quintal
Maharashtra,Pune,Cereals,Bajra(Pearl Millet/Cumbu),11-09-2023,35.0,Metric Tonnes,3200.0,Rs./Quintal
Maharashtra,Pune,Cereals,Jowar(Sorghum),11-09-2023,64.0,Metric Tonnes,5900.0,Rs./Quintal
Maharashtra,Pune,Cereals,Maize,11-09-2023,12.0,Metric Tonnes,2017.5,Rs./Quintal
Maharashtra,Pune,Cereals,Wheat,11-09-2023,87.0,Metric Tonnes,3610.34,Rs./Quintal
Maharashtra,Pune,Cereals,Bajra(Pearl Millet/Cumbu),12-09-2023,35.0,Metric Tonnes,3300.0,Rs./Quintal
Maharashtra,Pune,Cereals,Jowar(Sorghum),12-09-2023,65.0,Metric Tonnes,5700.0,Rs./Quintal
Maharashtra,Pune,Cereals,Wheat,12-09-2023,43.0,Metric Tonnes,4850.0,Rs./Quintal
Maharashtra,Pune,Cereals,Bajra(Pearl Millet/Cumbu),13-09-2023,35.0,Metric Tonnes,3200.0,Rs./Quintal
Maharashtra,Pune,Cereals,Jowar(Sorghum),13-09-2023,64.0,Metric Tonnes,5850.0,Rs./Quintal
Maharashtra,Pune,Cereals,Wheat,13-09-2023,42.0,Metric Tonnes,4900.0,Rs./Quintal
Maharashtra,Pune,Cereals,Bajra(Pearl Millet/Cumbu),14-09-2023,36.0,Metric Tonnes,3250.0,Rs./Quintal
Maharashtra,Pune,Cereals,Jowar(Sorghum),14-09-2023,64.0,Metric Tonnes,5950.0,Rs./Quintal
Maharashtra,Pune,Cereals,Maize,14-09-2023,106.0,Metric Tonnes,2209.02,Rs./Quintal
Maharashtra,Pune,Cereals,Wheat,14-09-2023,50.0,Metric Tonnes,4374.0,Rs./Quintal
Maharashtra,Pune,Cereals,Bajra(Pearl Millet/Cumbu),15-09-2023,35.0,Metric Tonnes,3300.0,Rs./Quintal
Maharashtra,Pune,Cereals,Jowar(Sorghum),15-09-2023,64.0,Metric Tonnes,6000.0,Rs./Quintal
Maharashtra,Pune,Cereals,Wheat,15-09-2023,43.0,Metric Tonnes,4900.0,Rs./Quintal
Maharashtra,Pune,Cereals,Bajra(Pearl Millet/Cumbu),16-09-2023,34.0,Metric Tonnes,3350.0,Rs./Quintal
Maharashtra,Pune,Cereals,Jowar(Sorghum),16-09-2023,64.0,Metric Tonnes,6100.0,Rs./Quintal
Maharashtra,Pune,Cereals,Wheat,16-09-2023,43.0,Metric Tonnes,4900.0,Rs./Quintal
Maharashtra,Pune,Cereals,Bajra(Pearl Millet/Cumbu),17-09-2023,2.0,Metric Tonnes,2121.0,Rs./Quintal
Maharashtra,Pune,Cereals,Wheat,17-09-2023,8.0,Metric Tonnes,2350.0,Rs./Quintal
Maharashtra,Pune,Cereals,Bajra(Pearl Millet/Cumbu),18-09-2023,34.0,Metric Tonnes,3300.0,Rs./Quintal
Maharashtra,Pune,Cereals,Jowar(Sorghum),18-09-2023,65.0,Metric Tonnes,6000.0,Rs./Quintal
Maharashtra,Pune,Cereals,Wheat,18-09-2023,43.0,Metric Tonnes,5000.0,Rs./Quintal
Maharashtra,Pune,Cereals,Bajra(Pearl Millet/Cumbu),19-09-2023,35.0,Metric Tonnes,3300.0,Rs./Quintal
Maharashtra,Pune,Cereals,Jowar(Sorghum),19-09-2023,64.0,Metric Tonnes,5950.0,Rs./Quintal
Maharashtra,Pune,Cereals,Wheat,19-09-2023,42.0,Metric Tonnes,4750.0,Rs./Quintal
Maharashtra,Pune,Cereals,Bajra(Pearl Millet/Cumbu),20-09-2023,34.0,Metric Tonnes,3350.0,Rs./Quintal
Maharashtra,Pune,Cereals,Jowar(Sorghum),20-09-2023,64.0,Metric Tonnes,6050.0,Rs./Quintal
Maharashtra,Pune,Cereals,Wheat,20-09-2023,43.0,Metric Tonnes,4850.0,Rs./Quintal
Maharashtra,Pune,Cereals,Bajra(Pearl Millet/Cumbu),21-09-2023,35.0,Metric Tonnes,3266.89,Rs./Quintal
Maharashtra,Pune,Cereals,Jowar(Sorghum),21-09-2023,65.0,Metric Tonnes,6100.0,Rs./Quintal
Maharashtra,Pune,Cereals,Wheat,21-09-2023,48.0,Metric Tonnes,4500.0,Rs./Quintal
Maharashtra,Pune,Cereals,Bajra(Pearl Millet/Cumbu),22-09-2023,35.0,Metric Tonnes,3300.0,Rs./Quintal
Maharashtra,Pune,Cereals,Jowar(Sorghum),22-09-2023,64.0,Metric Tonnes,6000.0,Rs./Quintal
Maharashtra,Pune,Cereals,Wheat,22-09-2023,43.0,Metric Tonnes,4900.0,Rs./Quintal
Maharashtra,Pune,Cereals,Bajra(Pearl Millet/Cumbu),23-09-2023,35.0,Metric Tonnes,3350.0,Rs./Quintal
Maharashtra,Pune,Cereals,Jowar(Sorghum),23-09-2023,65.0,Metric Tonnes,6100.0,Rs./Quintal
Maharashtra,Pune,Cereals,Wheat,23-09-2023,43.0,Metric Tonnes,4900.0,Rs./Quintal
Maharashtra,Pune,Cereals,Bajra(Pearl Millet/Cumbu),24-09-2023,1.0,Metric Tonnes,2200.0,Rs./Quintal
Maharashtra,Pune,Cereals,Wheat,24-09-2023,9.0,Metric Tonnes,2400.0,Rs./Quintal
Maharashtra,Pune,Cereals,Bajra(Pearl Millet/Cumbu),25-09-2023,35.0,Metric Tonnes,3400.0,Rs./Quintal
Maharashtra,Pune,Cereals,Jowar(Sorghum),25-09-2023,64.0,Metric Tonnes,6000.0,Rs./Quintal
Maharashtra,Pune,Cereals,Maize,25-09-2023,96.0,Metric Tonnes,2018.75,Rs./Quintal
Maharashtra,Pune,Cereals,Wheat,25-09-2023,93.0,Metric Tonnes,3642.47,Rs./Quintal
Maharashtra,Pune,Cereals,Bajra(Pearl Millet/Cumbu),26-09-2023,35.0,Metric Tonnes,3300.0,Rs./Quintal
Maharashtra,Pune,Cereals,Jowar(Sorghum),26-09-2023,65.0,Metric Tonnes,6100.0,Rs./Quintal
Maharashtra,Pune,Cereals,Wheat,26-09-2023,43.0,Metric Tonnes,5000.0,Rs./Quintal
Maharashtra,Pune,Cereals,Bajra(Pearl Millet/Cumbu),27-09-2023,35.0,Metric Tonnes,3250.0,Rs./Quintal
Maharashtra,Pune,Cereals,Jowar(Sorghum),27-09-2023,64.0,Metric Tonnes,6000.0,Rs./Quintal
Maharashtra,Pune,Cereals,Wheat,27-09-2023,43.0,Metric Tonnes,4950.0,Rs./Quintal
Maharashtra,Pune,Cereals,Bajra(Pearl Millet/Cumbu),28-09-2023,34.0,Metric Tonnes,3400.0,Rs./Quintal
Maharashtra,Pune,Cereals,Wheat,28-09-2023,43.0,Metric Tonnes,5000.0,Rs./Quintal
Maharashtra,Pune,Cereals,Bajra(Pearl Millet/Cumbu),29-09-2023,34.0,Metric Tonnes,3350.0,Rs./Quintal
Maharashtra,Pune,Cereals,Jowar(Sorghum),29-09-2023,64.0,Metric Tonnes,6100.0,Rs./Quintal
Maharashtra,Pune,Cereals,Wheat,29-09-2023,43.0,Metric Tonnes,4900.0,Rs./Quintal
Maharashtra,Pune,Cereals,Bajra(Pearl Millet/Cumbu),30-09-2023,34.0,Metric Tonnes,3400.0,Rs./Quintal
Maharashtra,Pune,Cereals,Jowar(Sorghum),30-09-2023,64.0,Metric Tonnes,6000.0,Rs./Quintal
Maharashtra,Pune,Cereals,Wheat,30-09-2023,43.0,Metric Tonnes,5000.0,Rs./Quintal
Maharashtra,Pune,Cereals,Wheat,01-10-2023,9.0,Metric Tonnes,2550.0,Rs./Quintal
Maharashtra,Pune,Cereals,Bajra(Pearl Millet/Cumbu),02-10-2023,34.0,Metric Tonnes,3300.0,Rs./Quintal
Maharashtra,Pune,Cereals,Jowar(Sorghum),02-10-2023,64.0,Metric Tonnes,6000.0,Rs./Quintal
Maharashtra,Pune,Cereals,Wheat,02-10-2023,43.0,Metric Tonnes,4900.0,Rs./Quintal
Maharashtra,Pune,Cereals,Bajra(Pearl Millet/Cumbu),03-10-2023,35.0,Metric Tonnes,3250.0,Rs./Quintal
Maharashtra,Pune,Cereals,Jowar(Sorghum),03-10-2023,64.0,Metric Tonnes,6000.0,Rs./Quintal
Maharashtra,Pune,Cereals,Wheat,03-10-2023,43.0,Metric Tonnes,4950.0,Rs./Quintal
Maharashtra,Pune,Cereals,Bajra(Pearl Millet/Cumbu),04-10-2023,35.0,Metric Tonnes,3300.0,Rs./Quintal
Maharashtra,Pune,Cereals,Jowar(Sorghum),04-10-2023,65.0,Metric Tonnes,6000.0,Rs./Quintal
Maharashtra,Pune,Cereals,Wheat,04-10-2023,43.0,Metric Tonnes,5000.0,Rs./Quintal
Maharashtra,Pune,Cereals,Maize,05-10-2023,41.0,Metric Tonnes,2070.0,Rs./Quintal
Maharashtra,Pune,Cereals,Wheat,05-10-2023,92.0,Metric Tonnes,2481.78,Rs./Quintal
Maharashtra,Pune,Cereals,Bajra(Pearl Millet/Cumbu),06-10-2023,35.0,Metric Tonnes,3350.0,Rs./Quintal
Maharashtra,Pune,Cereals,Jowar(Sorghum),06-10-2023,64.0,Metric Tonnes,6100.0,Rs./Quintal
Maharashtra,Pune,Cereals,Wheat,06-10-2023,43.0,Metric Tonnes,5000.0,Rs./Quintal
Maharashtra,Pune,Cereals,Bajra(Pearl Millet/Cumbu),07-10-2023,36.0,Metric Tonnes,3400.0,Rs./Quintal
Maharashtra,Pune,Cereals,Jowar(Sorghum),07-10-2023,64.0,Metric Tonnes,6100.0,Rs./Quintal
Maharashtra,Pune,Cereals,Wheat,07-10-2023,43.0,Metric Tonnes,5000.0,Rs./Quintal
Maharashtra,Pune,Cereals,Bajra(Pearl Millet/Cumbu),08-10-2023,1.0,Metric Tonnes,2400.0,Rs./Quintal
Maharashtra,Pune,Cereals,Wheat,08-10-2023,15.0,Metric Tonnes,2500.0,Rs./Quintal
Maharashtra,Pune,Cereals,Bajra(Pearl Millet/Cumbu),09-10-2023,36.0,Metric Tonnes,3350.0,Rs./Quintal
Maharashtra,Pune,Cereals,Jowar(Sorghum),09-10-2023,64.0,Metric Tonnes,6000.0,Rs./Quintal
Maharashtra,Pune,Cereals,Maize,09-10-2023,48.0,Metric Tonnes,1950.0,Rs./Quintal
Maharashtra,Pune,Cereals,Wheat,09-10-2023,121.0,Metric Tonnes,3388.43,Rs./Quintal
Maharashtra,Pune,Cereals,Bajra(Pearl Millet/Cumbu),10-10-2023,36.0,Metric Tonnes,3400.0,Rs./Quintal
Maharashtra,Pune,Cereals,Jowar(Sorghum),10-10-2023,64.0,Metric Tonnes,6050.0,Rs./Quintal
Maharashtra,Pune,Cereals,Wheat,10-10-2023,43.0,Metric Tonnes,5050.0,Rs./Quintal
Maharashtra,Pune,Cereals,Bajra(Pearl Millet/Cumbu),11-10-2023,36.0,Metric Tonnes,3350.0,Rs./Quintal
Maharashtra,Pune,Cereals,Jowar(Sorghum),11-10-2023,64.0,Metric Tonnes,6000.0,Rs./Quintal
Maharashtra,Pune,Cereals,Wheat,11-10-2023,44.0,Metric Tonnes,5050.0,Rs./Quintal
Maharashtra,Pune,Cereals,Bajra(Pearl Millet/Cumbu),12-10-2023,39.0,Metric Tonnes,3213.46,Rs./Quintal
Maharashtra,Pune,Cereals,Jowar(Sorghum),12-10-2023,64.0,Metric Tonnes,6050.0,Rs./Quintal
Maharashtra,Pune,Cereals,Maize,12-10-2023,50.0,Metric Tonnes,2413.29,Rs./Quintal
Maharashtra,Pune,Cereals,Wheat,12-10-2023,138.0,Metric Tonnes,3236.59,Rs./Quintal
Maharashtra,Pune,Cereals,Bajra(Pearl Millet/Cumbu),13-10-2023,37.0,Metric Tonnes,3400.0,Rs./Quintal
Maharashtra,Pune,Cereals,Jowar(Sorghum),13-10-2023,44.0,Metric Tonnes,4500.0,Rs./Quintal
Maharashtra,Pune,Cereals,Wheat,13-10-2023,44.0,Metric Tonnes,5050.0,Rs./Quintal
Maharashtra,Pune,Cereals,Bajra(Pearl Millet/Cumbu),14-10-2023,36.0,Metric Tonnes,3350.0,Rs./Quintal
Maharashtra,Pune,Cereals,Jowar(Sorghum),14-10-2023,64.0,Metric Tonnes,6000.0,Rs./Quintal
Maharashtra,Pune,Cereals,Wheat,14-10-2023,43.0,Metric Tonnes,5000.0,Rs./Quintal
Maharashtra,Pune,Cereals,Bajra(Pearl Millet/Cumbu),15-10-2023,1.0,Metric Tonnes,2200.0,Rs./Quintal
Maharashtra,Pune,Cereals,Maize,15-10-2023,31.0,Metric Tonnes,2001.0,Rs./Quintal
Maharashtra,Pune,Cereals,Wheat,15-10-2023,14.0,Metric Tonnes,2450.0,Rs./Quintal
Maharashtra,Pune,Cereals,Bajra(Pearl Millet/Cumbu),16-10-2023,36.0,Metric Tonnes,3400.0,Rs./Quintal
Maharashtra,Pune,Cereals,Jowar(Sorghum),16-10-2023,65.0,Metric Tonnes,6100.0,Rs./Quintal
Maharashtra,Pune,Cereals,Maize,16-10-2023,71.0,Metric Tonnes,2325.5,Rs./Quintal
Maharashtra,Pune,Cereals,Wheat,16-10-2023,43.0,Metric Tonnes,5050.0,Rs./Quintal
Maharashtra,Pune,Cereals,Bajra(Pearl Millet/Cumbu),17-10-2023,37.0,Metric Tonnes,3500.0,Rs./Quintal
Maharashtra,Pune,Cereals,Jowar(Sorghum),17-10-2023,65.0,Metric Tonnes,6050.0,Rs./Quintal
Maharashtra,Pune,Cereals,Maize,17-10-2023,1.0,Metric Tonnes,2450.0,Rs./Quintal
Maharashtra,Pune,Cereals,Wheat,17-10-2023,43.0,Metric Tonnes,4850.0,Rs./Quintal
Maharashtra,Pune,Cereals,Bajra(Pearl Millet/Cumbu),18-10-2023,43.0,Metric Tonnes,3230.93,Rs./Quintal
Maharashtra,Pune,Cereals,Jowar(Sorghum),18-10-2023,67.0,Metric Tonnes,6052.33,Rs./Quintal
Maharashtra,Pune,Cereals,Wheat,18-10-2023,50.0,Metric Tonnes,4415.5,Rs./Quintal
Maharashtra,Pune,Cereals,Bajra(Pearl Millet/Cumbu),19-10-2023,38.0,Metric Tonnes,3322.37,Rs./Quintal
Maharashtra,Pune,Cereals,Jowar(Sorghum),19-10-2023,65.0,Metric Tonnes,5900.0,Rs./Quintal
Maharashtra,Pune,Cereals,Maize,19-10-2023,43.0,Metric Tonnes,2155.0,Rs./Quintal
Maharashtra,Pune,Cereals,Wheat,19-10-2023,121.0,Metric Tonnes,3214.05,Rs./Quintal
Maharashtra,Pune,Cereals,Bajra(Pearl Millet/Cumbu),20-10-2023,37.0,Metric Tonnes,3400.0,Rs./Quintal
Maharashtra,Pune,Cereals,Jowar(Sorghum),20-10-2023,65.0,Metric Tonnes,6100.0,Rs./Quintal
Maharashtra,Pune,Cereals,Wheat,20-10-2023,43.0,Metric Tonnes,5050.0,Rs./Quintal
Maharashtra,Pune,Cereals,Bajra(Pearl Millet/Cumbu),21-10-2023,37.0,Metric Tonnes,3400.0,Rs./Quintal
Maharashtra,Pune,Cereals,Jowar(Sorghum),21-10-2023,65.0,Metric Tonnes,5950.0,Rs./Quintal
Maharashtra,Pune,Cereals,Wheat,21-10-2023,43.0,Metric Tonnes,5000.0,Rs./Quintal
Maharashtra,Pune,Cereals,Bajra(Pearl Millet/Cumbu),22-10-2023,2.0,Metric Tonnes,2400.0,Rs./Quintal
Maharashtra,Pune,Cereals,Wheat,22-10-2023,9.0,Metric Tonnes,2650.0,Rs./Quintal
Maharashtra,Pune,Cereals,Bajra(Pearl Millet/Cumbu),23-10-2023,37.0,Metric Tonnes,3300.0,Rs./Quintal
Maharashtra,Pune,Cereals,Jowar(Sorghum),23-10-2023,65.0,Metric Tonnes,6100.0,Rs./Quintal
Maharashtra,Pune,Cereals,Maize,23-10-2023,47.0,Metric Tonnes,2095.0,Rs./Quintal
Maharashtra,Pune,Cereals,Wheat,23-10-2023,43.0,Metric Tonnes,4650.0,Rs./Quintal
Maharashtra,Pune,Cereals,Bajra(Pearl Millet/Cumbu),24-10-2023,37.0,Metric Tonnes,3350.0,Rs./Quintal
Maharashtra,Pune,Cereals,Jowar(Sorghum),24-10-2023,65.0,Metric Tonnes,5900.0,Rs./Quintal
Maharashtra,Pune,Cereals,Wheat,24-10-2023,43.0,Metric Tonnes,4600.0,Rs./Quintal
Maharashtra,Pune,Cereals,Bajra(Pearl Millet/Cumbu),25-10-2023,37.0,Metric Tonnes,3400.0,Rs./Quintal
Maharashtra,Pune,Cereals,Jowar(Sorghum),25-10-2023,65.0,Metric Tonnes,6000.0,Rs./Quintal
Maharashtra,Pune,Cereals,Wheat,25-10-2023,43.0,Metric Tonnes,4500.0,Rs./Quintal
Maharashtra,Pune,Cereals,Bajra(Pearl Millet/Cumbu),26-10-2023,37.0,Metric Tonnes,3300.0,Rs./Quintal
Maharashtra,Pune,Cereals,Jowar(Sorghum),26-10-2023,65.0,Metric Tonnes,6050.0,Rs./Quintal
Maharashtra,Pune,Cereals,Maize,26-10-2023,59.0,Metric Tonnes,2225.5,Rs./Quintal
Maharashtra,Pune,Cereals,Wheat,26-10-2023,81.0,Metric Tonnes,3640.74,Rs./Quintal
Maharashtra,Pune,Cereals,Bajra(Pearl Millet/Cumbu),27-10-2023,37.0,Metric Tonnes,3200.0,Rs./Quintal
Maharashtra,Pune,Cereals,Jowar(Sorghum),27-10-2023,65.0,Metric Tonnes,6000.0,Rs./Quintal
Maharashtra,Pune,Cereals,Wheat,27-10-2023,43.0,Metric Tonnes,4600.0,Rs./Quintal
Maharashtra,Pune,Cereals,Bajra(Pearl Millet/Cumbu),28-10-2023,37.0,Metric Tonnes,3400.0,Rs./Quintal
Maharashtra,Pune,Cereals,Jowar(Sorghum),28-10-2023,65.0,Metric Tonnes,6000.0,Rs./Quintal
Maharashtra,Pune,Cereals,Wheat,28-10-2023,43.0,Metric Tonnes,4500.0,Rs./Quintal
Maharashtra,Pune,Cereals,Maize,29-10-2023,3.0,Metric Tonnes,2100.0,Rs./Quintal
Maharashtra,Pune,Cereals,Wheat,29-10-2023,11.0,Metric Tonnes,2500.0,Rs./Quintal
Maharashtra,Pune,Cereals,Bajra(Pearl Millet/Cumbu),30-10-2023,37.0,Metric Tonnes,3300.0,Rs./Quintal
Maharashtra,Pune,Cereals,Jowar(Sorghum),30-10-2023,65.0,Metric Tonnes,6100.0,Rs./Quintal
Maharashtra,Pune,Cereals,Maize,30-10-2023,31.0,Metric Tonnes,2345.0,Rs./Quintal
Maharashtra,Pune,Cereals,Wheat,30-10-2023,90.0,Metric Tonnes,3590.54,Rs./Quintal
Maharashtra,Pune,Cereals,Bajra(Pearl Millet/Cumbu),31-10-2023,38.0,Metric Tonnes,3300.0,Rs./Quintal
Maharashtra,Pune,Cereals,Jowar(Sorghum),31-10-2023,65.0,Metric Tonnes,6150.0,Rs./Quintal
Maharashtra,Pune,Cereals,Wheat,31-10-2023,43.0,Metric Tonnes,4750.0,Rs./Quintal
Maharashtra,Pune,Cereals,Bajra(Pearl Millet/Cumbu),01-11-2023,37.0,Metric Tonnes,3300.0,Rs./Quintal
Maharashtra,Pune,Cereals,Jowar(Sorghum),01-11-2023,65.0,Metric Tonnes,6050.0,Rs./Quintal
Maharashtra,Pune,Cereals,Wheat,01-11-2023,42.0,Metric Tonnes,4700.0,Rs./Quintal
Maharashtra,Pune,Cereals,Bajra(Pearl Millet/Cumbu),02-11-2023,41.0,Metric Tonnes,3215.85,Rs./Quintal
Maharashtra,Pune,Cereals,Jowar(Sorghum),02-11-2023,65.0,Metric Tonnes,6100.0,Rs./Quintal
Maharashtra,Pune,Cereals,Maize,02-11-2023,71.0,Metric Tonnes,2344.88,Rs./Quintal
Maharashtra,Pune,Cereals,Wheat,02-11-2023,107.0,Metric Tonnes,3389.99,Rs./Quintal
Maharashtra,Pune,Cereals,Bajra(Pearl Millet/Cumbu),03-11-2023,38.0,Metric Tonnes,3300.0,Rs./Quintal
Maharashtra,Pune,Cereals,Jowar(Sorghum),03-11-2023,66.0,Metric Tonnes,6250.0,Rs./Quintal
Maharashtra,Pune,Cereals,Wheat,03-11-2023,42.0,Metric Tonnes,4800.0,Rs./Quintal
Maharashtra,Pune,Cereals,Bajra(Pearl Millet/Cumbu),04-11-2023,38.0,Metric Tonnes,3400.0,Rs./Quintal
Maharashtra,Pune,Cereals,Jowar(Sorghum),04-11-2023,65.0,Metric Tonnes,6100.0,Rs./Quintal
Maharashtra,Pune,Cereals,Wheat,04-11-2023,41.0,Metric Tonnes,4900.0,Rs./Quintal
Maharashtra,Pune,Cereals,Bajra(Pearl Millet/Cumbu),06-11-2023,38.0,Metric Tonnes,3300.0,Rs./Quintal
Maharashtra,Pune,Cereals,Jowar(Sorghum),06-11-2023,65.0,Metric Tonnes,6050.0,Rs./Quintal
Maharashtra,Pune,Cereals,Maize,06-11-2023,162.0,Metric Tonnes,2320.0,Rs./Quintal
Maharashtra,Pune,Cereals,Wheat,06-11-2023,88.0,Metric Tonnes,3624.53,Rs./Quintal
Maharashtra,Pune,Cereals,Bajra(Pearl Millet/Cumbu),07-11-2023,38.0,Metric Tonnes,3450.0,Rs./Quintal
Maharashtra,Pune,Cereals,Jowar(Sorghum),07-11-2023,65.0,Metric Tonnes,6250.0,Rs./Quintal
Maharashtra,Pune,Cereals,Wheat,07-11-2023,41.0,Metric Tonnes,4950.0,Rs./Quintal
Maharashtra,Pune,Cereals,Bajra(Pearl Millet/Cumbu),08-11-2023,39.0,Metric Tonnes,3500.0,Rs./Quintal
Maharashtra,Pune,Cereals,Jowar(Sorghum),08-11-2023,65.0,Metric Tonnes,6300.0,Rs./Quintal
Maharashtra,Pune,Cereals,Wheat,08-11-2023,41.0,Metric Tonnes,5000.0,Rs./Quintal
Maharashtra,Pune,Cereals,Bajra(Pearl Millet/Cumbu),09-11-2023,40.0,Metric Tonnes,3282.5,Rs./Quintal
Maharashtra,Pune,Cereals,Jowar(Sorghum),09-11-2023,66.0,Metric Tonnes,6050.0,Rs./Quintal
Maharashtra,Pune,Cereals,Maize,09-11-2023,4.0,Metric Tonnes,2100.0,Rs./Quintal
Maharashtra,Pune,Cereals,Wheat,09-11-2023,54.0,Metric Tonnes,4400.22,Rs./Quintal
Maharashtra,Pune,Cereals,Bajra(Pearl Millet/Cumbu),10-11-2023,38.0,Metric Tonnes,3400.0,Rs./Quintal
Maharashtra,Pune,Cereals,Jowar(Sorghum),10-11-2023,66.0,Metric Tonnes,6100.0,Rs./Quintal
Maharashtra,Pune,Cereals,Wheat,10-11-2023,42.0,Metric Tonnes,4900.0,Rs./Quintal
Maharashtra,Pune,Cereals,Bajra(Pearl Millet/Cumbu),11-11-2023,38.0,Metric Tonnes,3300.0,Rs./Quintal
Maharashtra,Pune,Cereals,Jowar(Sorghum),11-11-2023,66.0,Metric Tonnes,6050.0,Rs./Quintal
Maharashtra,Pune,Cereals,Wheat,11-11-2023,42.0,Metric Tonnes,4850.0,Rs./Quintal
Maharashtra,Pune,Cereals,Wheat,12-11-2023,2.0,Metric Tonnes,2500.0,Rs./Quintal
Maharashtra,Pune,Cereals,Bajra(Pearl Millet/Cumbu),14-11-2023,39.0,Metric Tonnes,3450.0,Rs./Quintal
Maharashtra,Pune,Cereals,Jowar(Sorghum),14-11-2023,65.0,Metric Tonnes,6250.0,Rs./Quintal
Maharashtra,Pune,Cereals,Wheat,14-11-2023,41.0,Metric Tonnes,4950.0,Rs./Quintal
Maharashtra,Pune,Cereals,Bajra(Pearl Millet/Cumbu),15-11-2023,39.0,Metric Tonnes,3500.0,Rs./Quintal
Maharashtra,Pune,Cereals,Jowar(Sorghum),15-11-2023,66.0,Metric Tonnes,6300.0,Rs./Quintal
Maharashtra,Pune,Cereals,Maize,15-11-2023,1.0,Metric Tonnes,2550.0,Rs./Quintal
Maharashtra,Pune,Cereals,Wheat,15-11-2023,42.0,Metric Tonnes,5000.0,Rs./Quintal
Maharashtra,Pune,Cereals,Bajra(Pearl Millet/Cumbu),16-11-2023,1.0,Metric Tonnes,2125.0,Rs./Quintal
Maharashtra,Pune,Cereals,Maize,16-11-2023,404.0,Metric Tonnes,2213.67,Rs./Quintal
Maharashtra,Pune,Cereals,Wheat,16-11-2023,39.0,Metric Tonnes,2536.31,Rs./Quintal
Maharashtra,Pune,Cereals,Bajra(Pearl Millet/Cumbu),17-11-2023,39.0,Metric Tonnes,3400.0,Rs./Quintal
Maharashtra,Pune,Cereals,Jowar(Sorghum),17-11-2023,65.0,Metric Tonnes,6150.0,Rs./Quintal
Maharashtra,Pune,Cereals,Wheat,17-11-2023,41.0,Metric Tonnes,5050.0,Rs./Quintal
Maharashtra,Pune,Cereals,Bajra(Pearl Millet/Cumbu),18-11-2023,39.0,Metric Tonnes,3450.0,Rs./Quintal
Maharashtra,Pune,Cereals,Jowar(Sorghum),18-11-2023,65.0,Metric Tonnes,6200.0,Rs./Quintal
Maharashtra,Pune,Cereals,Wheat,18-11-2023,41.0,Metric Tonnes,5150.0,Rs./Quintal
Maharashtra,Pune,Cereals,Bajra(Pearl Millet/Cumbu),20-11-2023,39.0,Metric Tonnes,3500.0,Rs./Quintal
Maharashtra,Pune,Cereals,Jowar(Sorghum),20-11-2023,65.0,Metric Tonnes,6200.0,Rs./Quintal
Maharashtra,Pune,Cereals,Maize,20-11-2023,109.0,Metric Tonnes,2370.5,Rs./Quintal
Maharashtra,Pune,Cereals,Wheat,20-11-2023,99.0,Metric Tonnes,3719.44,Rs./Quintal
Maharashtra,Pune,Cereals,Bajra(Pearl Millet/Cumbu),21-11-2023,39.0,Metric Tonnes,3450.0,Rs./Quintal
Maharashtra,Pune,Cereals,Jowar(Sorghum),21-11-2023,65.0,Metric Tonnes,6600.0,Rs./Quintal
Maharashtra,Pune,Cereals,Wheat,21-11-2023,42.0,Metric Tonnes,5150.0,Rs./Quintal
Maharashtra,Pune,Cereals,Bajra(Pearl Millet/Cumbu),22-11-2023,44.0,Metric Tonnes,3438.64,Rs./Quintal
Maharashtra,Pune,Cereals,Jowar(Sorghum),22-11-2023,67.0,Metric Tonnes,6139.55,Rs./Quintal
Maharashtra,Pune,Cereals,Wheat,22-11-2023,49.0,Metric Tonnes,4894.9,Rs./Quintal
Maharashtra,Pune,Cereals,Bajra(Pearl Millet/Cumbu),23-11-2023,39.0,Metric Tonnes,3571.79,Rs./Quintal
Maharashtra,Pune,Cereals,Jowar(Sorghum),23-11-2023,64.0,Metric Tonnes,6400.0,Rs./Quintal
Maharashtra,Pune,Cereals,Maize,23-11-2023,164.0,Metric Tonnes,2407.12,Rs./Quintal
Maharashtra,Pune,Cereals,Wheat,23-11-2023,109.0,Metric Tonnes,3573.39,Rs./Quintal
Maharashtra,Pune,Cereals,Bajra(Pearl Millet/Cumbu),24-11-2023,38.0,Metric Tonnes,3450.0,Rs./Quintal
Maharashtra,Pune,Cereals,Jowar(Sorghum),24-11-2023,64.0,Metric Tonnes,6600.0,Rs./Quintal
Maharashtra,Pune,Cereals,Wheat,24-11-2023,41.0,Metric Tonnes,5050.0,Rs./Quintal
Maharashtra,Pune,Cereals,Bajra(Pearl Millet/Cumbu),25-11-2023,39.0,Metric Tonnes,3500.0,Rs./Quintal
Maharashtra,Pune,Cereals,Jowar(Sorghum),25-11-2023,65.0,Metric Tonnes,6200.0,Rs./Quintal
Maharashtra,Pune,Cereals,Wheat,25-11-2023,41.0,Metric Tonnes,5250.0,Rs./Quintal
Maharashtra,Pune,Cereals,Bajra(Pearl Millet/Cumbu),26-11-2023,1.0,Metric Tonnes,2300.0,Rs./Quintal
Maharashtra,Pune,Cereals,Maize,26-11-2023,1.0,Metric Tonnes,2051.0,Rs./Quintal
Maharashtra,Pune,Cereals,Wheat,26-11-2023,8.0,Metric Tonnes,2700.0,Rs./Quintal
Maharashtra,Pune,Cereals,Bajra(Pearl Millet/Cumbu),27-11-2023,39.0,Metric Tonnes,3450.0,Rs./Quintal
Maharashtra,Pune,Cereals,Jowar(Sorghum),27-11-2023,65.0,Metric Tonnes,6600.0,Rs./Quintal
Maharashtra,Pune,Cereals,Maize,27-11-2023,107.0,Metric Tonnes,2250.0,Rs./Quintal
Maharashtra,Pune,Cereals,Wheat,27-11-2023,79.0,Metric Tonnes,3955.7,Rs./Quintal
Maharashtra,Pune,Cereals,Bajra(Pearl Millet/Cumbu),28-11-2023,38.0,Metric Tonnes,3650.0,Rs./Quintal
Maharashtra,Pune,Cereals,Jowar(Sorghum),28-11-2023,65.0,Metric Tonnes,6250.0,Rs./Quintal
Maharashtra,Pune,Cereals,Wheat,28-11-2023,42.0,Metric Tonnes,5050.0,Rs./Quintal
Maharashtra,Pune,Cereals,Bajra(Pearl Millet/Cumbu),29-11-2023,38.0,Metric Tonnes,3650.0,Rs./Quintal
Maharashtra,Pune,Cereals,Jowar(Sorghum),29-11-2023,65.0,Metric Tonnes,6450.0,Rs./Quintal
Maharashtra,Pune,Cereals,Wheat,29-11-2023,42.0,Metric Tonnes,5000.0,Rs./Quintal
Maharashtra,Pune,Cereals,Bajra(Pearl Millet/Cumbu),30-11-2023,38.0,Metric Tonnes,3550.0,Rs./Quintal
Maharashtra,Pune,Cereals,Jowar(Sorghum),30-11-2023,65.0,Metric Tonnes,6400.0,Rs./Quintal
Maharashtra,Pune,Cereals,Wheat,30-11-2023,42.0,Metric Tonnes,5000.0,Rs./Quintal
Maharashtra,Pune,Cereals,Bajra(Pearl Millet/Cumbu),04-12-2023,39.0,Metric Tonnes,3450.0,Rs./Quintal
Maharashtra,Pune,Cereals,Jowar(Sorghum),04-12-2023,66.0,Metric Tonnes,6600.0,Rs./Quintal
Maharashtra,Pune,Cereals,Maize,04-12-2023,125.0,Metric Tonnes,2150.0,Rs./Quintal
Maharashtra,Pune,Cereals,Wheat,04-12-2023,102.0,Metric Tonnes,3579.41,Rs./Quintal
Maharashtra,Pune,Cereals,Bajra(Pearl Millet/Cumbu),05-12-2023,38.0,Metric Tonnes,3400.0,Rs./Quintal
Maharashtra,Pune,Cereals,Bajra(Pearl Millet/Cumbu),06-12-2023,45.0,Metric Tonnes,3472.22,Rs./Quintal
Maharashtra,Pune,Cereals,Jowar(Sorghum),06-12-2023,2.0,Metric Tonnes,5125.0,Rs./Quintal
Maharashtra,Pune,Cereals,Wheat,06-12-2023,9.0,Metric Tonnes,3025.0,Rs./Quintal
Maharashtra,Pune,Cereals,Bajra(Pearl Millet/Cumbu),07-12-2023,38.0,Metric Tonnes,3500.0,Rs./Quintal
Maharashtra,Pune,Cereals,Maize,07-12-2023,103.0,Metric Tonnes,2275.0,Rs./Quintal
Maharashtra,Pune,Cereals,Wheat,07-12-2023,46.0,Metric Tonnes,2505.27,Rs./Quintal
Maharashtra,Pune,Cereals,Bajra(Pearl Millet/Cumbu),08-12-2023,39.0,Metric Tonnes,3600.0,Rs./Quintal
Maharashtra,Pune,Cereals,Bajra(Pearl Millet/Cumbu),09-12-2023,39.0,Metric Tonnes,3450.0,Rs./Quintal
Maharashtra,Pune,Cereals,Maize,10-12-2023,2.0,Metric Tonnes,2126.0,Rs./Quintal
Maharashtra,Pune,Cereals,Wheat,10-12-2023,7.0,Metric Tonnes,2600.0,Rs./Quintal
Maharashtra,Pune,Cereals,Bajra(Pearl Millet/Cumbu),11-12-2023,39.0,Metric Tonnes,3550.0,Rs./Quintal
Maharashtra,Pune,Cereals,Maize,11-12-2023,61.0,Metric Tonnes,2230.0,Rs./Quintal
Maharashtra,Pune,Cereals,Bajra(Pearl Millet/Cumbu),12-12-2023,39.0,Metric Tonnes,3450.0,Rs./Quintal
Maharashtra,Pune,Cereals,Bajra(Pearl Millet/Cumbu),13-12-2023,39.0,Metric Tonnes,3500.0,Rs./Quintal
Maharashtra,Pune,Cereals,Bajra(Pearl Millet/Cumbu),14-12-2023,1.0,Metric Tonnes,2300.0,Rs./Quintal
Maharashtra,Pune,Cereals,Wheat,14-12-2023,4.0,Metric Tonnes,2750.0,Rs./Quintal
Maharashtra,Pune,Cereals,Bajra(Pearl Millet/Cumbu),15-12-2023,39.0,Metric Tonnes,3400.0,Rs./Quintal
Maharashtra,Pune,Cereals,Jowar(Sorghum),15-12-2023,67.0,Metric Tonnes,6300.0,Rs./Quintal
Maharashtra,Pune,Cereals,Maize,15-12-2023,1.0,Metric Tonnes,2600.0,Rs./Quintal
Maharashtra,Pune,Cereals,Bajra(Pearl Millet/Cumbu),16-12-2023,39.0,Metric Tonnes,3500.0,Rs./Quintal
Maharashtra,Pune,Cereals,Bajra(Pearl Millet/Cumbu),17-12-2023,1.0,Metric Tonnes,2400.0,Rs./Quintal
Maharashtra,Pune,Cereals,Maize,17-12-2023,1.0,Metric Tonnes,2200.0,Rs./Quintal
Maharashtra,Pune,Cereals,Wheat,17-12-2023,6.0,Metric Tonnes,2500.0,Rs./Quintal
Maharashtra,Pune,Cereals,Bajra(Pearl Millet/Cumbu),18-12-2023,39.0,Metric Tonnes,3550.0,Rs./Quintal
Maharashtra,Pune,Cereals,Maize,18-12-2023,215.0,Metric Tonnes,2250.0,Rs./Quintal
Maharashtra,Pune,Cereals,Wheat,18-12-2023,65.0,Metric Tonnes,2475.5,Rs./Quintal
Maharashtra,Pune,Cereals,Bajra(Pearl Millet/Cumbu),19-12-2023,39.0,Metric Tonnes,3600.0,Rs./Quintal
Maharashtra,Pune,Cereals,Bajra(Pearl Millet/Cumbu),20-12-2023,39.0,Metric Tonnes,3550.0,Rs./Quintal
Maharashtra,Pune,Cereals,Bajra(Pearl Millet/Cumbu),21-12-2023,39.0,Metric Tonnes,3621.82,Rs./Quintal
Maharashtra,Pune,Cereals,Jowar(Sorghum),21-12-2023,2.0,Metric Tonnes,5751.0,Rs./Quintal
Maharashtra,Pune,Cereals,Maize,21-12-2023,395.0,Metric Tonnes,2111.34,Rs./Quintal
Maharashtra,Pune,Cereals,Wheat,21-12-2023,36.0,Metric Tonnes,2608.33,Rs./Quintal
Maharashtra,Pune,Cereals,Bajra(Pearl Millet/Cumbu),22-12-2023,39.0,Metric Tonnes,3450.0,Rs./Quintal
Maharashtra,Pune,Cereals,Bajra(Pearl Millet/Cumbu),23-12-2023,39.0,Metric Tonnes,3450.0,Rs./Quintal
Maharashtra,Pune,Cereals,Bajra(Pearl Millet/Cumbu),24-12-2023,2.0,Metric Tonnes,2652.0,Rs./Quintal
Maharashtra,Pune,Cereals,Maize,24-12-2023,1.0,Metric Tonnes,2100.0,Rs./Quintal
Maharashtra,Pune,Cereals,Wheat,24-12-2023,5.0,Metric Tonnes,2600.0,Rs./Quintal
Maharashtra,Pune,Cereals,Bajra(Pearl Millet/Cumbu),25-12-2023,39.0,Metric Tonnes,3500.0,Rs./Quintal
Maharashtra,Pune,Cereals,Maize,25-12-2023,248.0,Metric Tonnes,2135.0,Rs./Quintal
Maharashtra,Pune,Cereals,Wheat,25-12-2023,63.0,Metric Tonnes,2475.0,Rs./Quintal
Maharashtra,Pune,Cereals,Bajra(Pearl Millet/Cumbu),26-12-2023,40.0,Metric Tonnes,3600.0,Rs./Quintal
Maharashtra,Pune,Cereals,Bajra(Pearl Millet/Cumbu),27-12-2023,40.0,Metric Tonnes,3550.0,Rs./Quintal
Maharashtra,Pune,Cereals,Bajra(Pearl Millet/Cumbu),28-12-2023,41.0,Metric Tonnes,3650.0,Rs./Quintal
Maharashtra,Pune,Cereals,Maize,28-12-2023,98.0,Metric Tonnes,2147.53,Rs./Quintal
Maharashtra,Pune,Cereals,Wheat,28-12-2023,54.0,Metric Tonnes,2464.89,Rs./Quintal
Maharashtra,Pune,Cereals,Bajra(Pearl Millet/Cumbu),29-12-2023,41.0,Metric Tonnes,3550.0,Rs./Quintal
Maharashtra,Pune,Cereals,Bajra(Pearl Millet/Cumbu),30-12-2023,41.0,Metric Tonnes,3450.0,Rs./Quintal
Maharashtra,Pune,Cereals,Bajra(Pearl Millet/Cumbu),31-12-2023,2.0,Metric Tonnes,2351.0,Rs./Quintal
Maharashtra,Pune,Cereals,Wheat,31-12-2023,8.0,Metric Tonnes,2500.0,Rs./Quintal
Maharashtra,Pune,Cereals,Bajra(Pearl Millet/Cumbu),01-01-2024,41.0,Metric Tonnes,3450.0,Rs./Quintal
Maharashtra,Pune,Cereals,Maize,01-01-2024,79.0,Metric Tonnes,2200.0,Rs./Quintal
Maharashtra,Pune,Cereals,Wheat,01-01-2024,29.0,Metric Tonnes,2425.5,Rs./Quintal
Maharashtra,Pune,Cereals,Bajra(Pearl Millet/Cumbu),02-01-2024,41.0,Metric Tonnes,3450.0,Rs./Quintal
Maharashtra,Pune,Cereals,Bajra(Pearl Millet/Cumbu),03-01-2024,41.0,Metric Tonnes,3600.0,Rs./Quintal
Maharashtra,Pune,Cereals,Bajra(Pearl Millet/Cumbu),04-01-2024,42.0,Metric Tonnes,3476.19,Rs./Quintal
Maharashtra,Pune,Cereals,Maize,04-01-2024,115.0,Metric Tonnes,2250.5,Rs./Quintal
Maharashtra,Pune,Cereals,Wheat,04-01-2024,44.0,Metric Tonnes,2468.64,Rs./Quintal
Maharashtra,Pune,Cereals,Bajra(Pearl Millet/Cumbu),05-01-2024,41.0,Metric Tonnes,3550.0,Rs./Quintal
Maharashtra,Pune,Cereals,Bajra(Pearl Millet/Cumbu),06-01-2024,40.0,Metric Tonnes,3500.0,Rs./Quintal
Maharashtra,Pune,Cereals,Jowar(Sorghum),06-01-2024,66.0,Metric Tonnes,6300.0,Rs./Quintal
Maharashtra,Pune,Cereals,Wheat,07-01-2024,4.0,Metric Tonnes,2500.0,Rs./Quintal
Maharashtra,Pune,Cereals,Bajra(Pearl Millet/Cumbu),08-01-2024,40.0,Metric Tonnes,3400.0,Rs./Quintal
Maharashtra,Pune,Cereals,Jowar(Sorghum),08-01-2024,67.0,Metric Tonnes,6150.0,Rs./Quintal
Maharashtra,Pune,Cereals,Maize,08-01-2024,138.0,Metric Tonnes,2250.0,Rs./Quintal
Maharashtra,Pune,Cereals,Wheat,08-01-2024,46.0,Metric Tonnes,2525.0,Rs./Quintal
Maharashtra,Pune,Cereals,Bajra(Pearl Millet/Cumbu),09-01-2024,40.0,Metric Tonnes,3550.0,Rs./Quintal
Maharashtra,Pune,Cereals,Jowar(Sorghum),09-01-2024,66.0,Metric Tonnes,6150.0,Rs./Quintal
Maharashtra,Pune,Cereals,Bajra(Pearl Millet/Cumbu),10-01-2024,40.0,Metric Tonnes,3600.0,Rs./Quintal
Maharashtra,Pune,Cereals,Jowar(Sorghum),10-01-2024,66.0,Metric Tonnes,6250.0,Rs./Quintal
Maharashtra,Pune,Cereals,Bajra(Pearl Millet/Cumbu),11-01-2024,42.0,Metric Tonnes,3600.0,Rs./Quintal
Maharashtra,Pune,Cereals,Jowar(Sorghum),11-01-2024,66.0,Metric Tonnes,6100.0,Rs./Quintal
Maharashtra,Pune,Cereals,Maize,11-01-2024,123.0,Metric Tonnes,2298.54,Rs./Quintal
Maharashtra,Pune,Cereals,Wheat,11-01-2024,53.0,Metric Tonnes,2533.49,Rs./Quintal
Maharashtra,Pune,Cereals,Bajra(Pearl Millet/Cumbu),12-01-2024,39.0,Metric Tonnes,3600.0,Rs./Quintal
Maharashtra,Pune,Cereals,Jowar(Sorghum),12-01-2024,67.0,Metric Tonnes,6250.0,Rs./Quintal
Maharashtra,Pune,Cereals,Bajra(Pearl Millet/Cumbu),13-01-2024,39.0,Metric Tonnes,3600.0,Rs./Quintal
Maharashtra,Pune,Cereals,Jowar(Sorghum),13-01-2024,66.0,Metric Tonnes,6250.0,Rs./Quintal
Maharashtra,Pune,Cereals,Wheat,14-01-2024,12.0,Metric Tonnes,2750.0,Rs./Quintal
Maharashtra,Pune,Cereals,Bajra(Pearl Millet/Cumbu),15-01-2024,40.0,Metric Tonnes,3650.0,Rs./Quintal
Maharashtra,Pune,Cereals,Maize,15-01-2024,142.0,Metric Tonnes,2200.0,Rs./Quintal
Maharashtra,Pune,Cereals,Wheat,15-01-2024,23.0,Metric Tonnes,2575.0,Rs./Quintal
Maharashtra,Pune,Cereals,Bajra(Pearl Millet/Cumbu),16-01-2024,40.0,Metric Tonnes,3550.0,Rs./Quintal
Maharashtra,Pune,Cereals,Jowar(Sorghum),16-01-2024,67.0,Metric Tonnes,6300.0,Rs./Quintal
Maharashtra,Pune,Cereals,Maize,16-01-2024,1.0,Metric Tonnes,2600.0,Rs./Quintal
Maharashtra,Pune,Cereals,Bajra(Pearl Millet/Cumbu),17-01-2024,40.0,Metric Tonnes,3500.0,Rs./Quintal
Maharashtra,Pune,Cereals,Bajra(Pearl Millet/Cumbu),18-01-2024,41.0,Metric Tonnes,3380.49,Rs./Quintal
Maharashtra,Pune,Cereals,Jowar(Sorghum),18-01-2024,67.0,Metric Tonnes,6200.0,Rs./Quintal
Maharashtra,Pune,Cereals,Maize,18-01-2024,73.0,Metric Tonnes,2255.5,Rs./Quintal
Maharashtra,Pune,Cereals,Wheat,18-01-2024,62.0,Metric Tonnes,2711.35,Rs./Quintal
Maharashtra,Pune,Cereals,Bajra(Pearl Millet/Cumbu),19-01-2024,40.0,Metric Tonnes,3550.0,Rs./Quintal
Maharashtra,Pune,Cereals,Jowar(Sorghum),19-01-2024,67.0,Metric Tonnes,6250.0,Rs./Quintal
Maharashtra,Pune,Cereals,Bajra(Pearl Millet/Cumbu),20-01-2024,41.0,Metric Tonnes,3450.0,Rs./Quintal
Maharashtra,Pune,Cereals,Wheat,21-01-2024,10.0,Metric Tonnes,2600.0,Rs./Quintal
Maharashtra,Pune,Cereals,Bajra(Pearl Millet/Cumbu),22-01-2024,41.0,Metric Tonnes,3450.0,Rs./Quintal
Maharashtra,Pune,Cereals,Bajra(Pearl Millet/Cumbu),23-01-2024,41.0,Metric Tonnes,3600.0,Rs./Quintal
Maharashtra,Pune,Cereals,Jowar(Sorghum),23-01-2024,68.0,Metric Tonnes,6300.0,Rs./Quintal
Maharashtra,Pune,Cereals,Bajra(Pearl Millet/Cumbu),24-01-2024,41.0,Metric Tonnes,3400.0,Rs./Quintal
Maharashtra,Pune,Cereals,Jowar(Sorghum),24-01-2024,68.0,Metric Tonnes,6200.0,Rs./Quintal
Maharashtra,Pune,Cereals,Bajra(Pearl Millet/Cumbu),25-01-2024,41.0,Metric Tonnes,3500.0,Rs./Quintal
Maharashtra,Pune,Cereals,Jowar(Sorghum),25-01-2024,68.0,Metric Tonnes,6300.0,Rs./Quintal
Maharashtra,Pune,Cereals,Wheat,25-01-2024,12.0,Metric Tonnes,2600.0,Rs./Quintal
Maharashtra,Pune,Cereals,Bajra(Pearl Millet/Cumbu),27-01-2024,41.0,Metric Tonnes,3400.0,Rs./Quintal
Maharashtra,Pune,Cereals,Jowar(Sorghum),27-01-2024,68.0,Metric Tonnes,6200.0,Rs./Quintal
Maharashtra,Pune,Cereals,Wheat,28-01-2024,9.0,Metric Tonnes,2600.0,Rs./Quintal
Maharashtra,Pune,Cereals,Bajra(Pearl Millet/Cumbu),29-01-2024,41.0,Metric Tonnes,3500.0,Rs./Quintal
Maharashtra,Pune,Cereals,Jowar(Sorghum),29-01-2024,68.0,Metric Tonnes,6250.0,Rs./Quintal
Maharashtra,Pune,Cereals,Maize,29-01-2024,73.0,Metric Tonnes,2325.0,Rs./Quintal
Maharashtra,Pune,Cereals,Wheat,29-01-2024,39.0,Metric Tonnes,2537.5,Rs./Quintal
Maharashtra,Pune,Cereals,Bajra(Pearl Millet/Cumbu),30-01-2024,40.0,Metric Tonnes,3550.0,Rs./Quintal
Maharashtra,Pune,Cereals,Jowar(Sorghum),30-01-2024,68.0,Metric Tonnes,6350.0,Rs./Quintal
Maharashtra,Pune,Cereals,Bajra(Pearl Millet/Cumbu),31-01-2024,40.0,Metric Tonnes,3500.0,Rs./Quintal
Maharashtra,Pune,Cereals,Jowar(Sorghum),31-01-2024,67.0,Metric Tonnes,6250.0,Rs./Quintal
Maharashtra,Pune,Cereals,Bajra(Pearl Millet/Cumbu),01-02-2024,42.0,Metric Tonnes,3569.05,Rs./Quintal
Maharashtra,Pune,Cereals,Maize,01-02-2024,125.0,Metric Tonnes,2262.5,Rs./Quintal
Maharashtra,Pune,Cereals,Wheat,01-02-2024,50.0,Metric Tonnes,2595.45,Rs./Quintal
Maharashtra,Pune,Cereals,Bajra(Pearl Millet/Cumbu),02-02-2024,41.0,Metric Tonnes,3500.0,Rs./Quintal
Maharashtra,Pune,Cereals,Jowar(Sorghum),02-02-2024,67.0,Metric Tonnes,6200.0,Rs./Quintal
Maharashtra,Pune,Cereals,Bajra(Pearl Millet/Cumbu),03-02-2024,41.0,Metric Tonnes,3500.0,Rs./Quintal
Maharashtra,Pune,Cereals,Jowar(Sorghum),03-02-2024,67.0,Metric Tonnes,6000.0,Rs./Quintal
Maharashtra,Pune,Cereals,Wheat,04-02-2024,4.0,Metric Tonnes,2600.0,Rs./Quintal
Maharashtra,Pune,Cereals,Bajra(Pearl Millet/Cumbu),05-02-2024,40.0,Metric Tonnes,3600.0,Rs./Quintal
Maharashtra,Pune,Cereals,Jowar(Sorghum),05-02-2024,67.0,Metric Tonnes,5800.0,Rs./Quintal
Maharashtra,Pune,Cereals,Maize,05-02-2024,69.0,Metric Tonnes,2250.0,Rs./Quintal
Maharashtra,Pune,Cereals,Wheat,05-02-2024,42.0,Metric Tonnes,2525.5,Rs./Quintal
Maharashtra,Pune,Cereals,Bajra(Pearl Millet/Cumbu),06-02-2024,41.0,Metric Tonnes,3550.0,Rs./Quintal
Maharashtra,Pune,Cereals,Jowar(Sorghum),06-02-2024,67.0,Metric Tonnes,5700.0,Rs./Quintal
Maharashtra,Pune,Cereals,Bajra(Pearl Millet/Cumbu),07-02-2024,41.0,Metric Tonnes,3450.0,Rs./Quintal
Maharashtra,Pune,Cereals,Jowar(Sorghum),07-02-2024,67.0,Metric Tonnes,5500.0,Rs./Quintal
Maharashtra,Pune,Cereals,Bajra(Pearl Millet/Cumbu),08-02-2024,41.0,Metric Tonnes,3400.0,Rs./Quintal
Maharashtra,Pune,Cereals,Jowar(Sorghum),08-02-2024,67.0,Metric Tonnes,5500.0,Rs./Quintal
Maharashtra,Pune,Cereals,Maize,08-02-2024,56.0,Metric Tonnes,2175.0,Rs./Quintal
Maharashtra,Pune,Cereals,Wheat,08-02-2024,42.0,Metric Tonnes,2525.5,Rs./Quintal
Maharashtra,Pune,Cereals,Bajra(Pearl Millet/Cumbu),09-02-2024,41.0,Metric Tonnes,3500.0,Rs./Quintal
Maharashtra,Pune,Cereals,Jowar(Sorghum),09-02-2024,67.0,Metric Tonnes,5600.0,Rs./Quintal
Maharashtra,Pune,Cereals,Bajra(Pearl Millet/Cumbu),10-02-2024,41.0,Metric Tonnes,3400.0,Rs./Quintal
Maharashtra,Pune,Cereals,Jowar(Sorghum),10-02-2024,67.0,Metric Tonnes,5500.0,Rs./Quintal
Maharashtra,Pune,Cereals,Bajra(Pearl Millet/Cumbu),11-02-2024,1.0,Metric Tonnes,2651.0,Rs./Quintal
Maharashtra,Pune,Cereals,Wheat,11-02-2024,6.0,Metric Tonnes,2600.0,Rs./Quintal
Maharashtra,Pune,Cereals,Bajra(Pearl Millet/Cumbu),12-02-2024,41.0,Metric Tonnes,3500.0,Rs./Quintal
Maharashtra,Pune,Cereals,Jowar(Sorghum),12-02-2024,67.0,Metric Tonnes,5500.0,Rs./Quintal
Maharashtra,Pune,Cereals,Maize,12-02-2024,45.0,Metric Tonnes,2215.0,Rs./Quintal
Maharashtra,Pune,Cereals,Wheat,12-02-2024,29.0,Metric Tonnes,2620.0,Rs./Quintal
Maharashtra,Pune,Cereals,Bajra(Pearl Millet/Cumbu),13-02-2024,41.0,Metric Tonnes,3600.0,Rs./Quintal
Maharashtra,Pune,Cereals,Jowar(Sorghum),13-02-2024,68.0,Metric Tonnes,5700.0,Rs./Quintal
Maharashtra,Pune,Cereals,Bajra(Pearl Millet/Cumbu),14-02-2024,42.0,Metric Tonnes,3450.0,Rs./Quintal
Maharashtra,Pune,Cereals,Jowar(Sorghum),14-02-2024,67.0,Metric Tonnes,5700.0,Rs./Quintal
Maharashtra,Pune,Cereals,Bajra(Pearl Millet/Cumbu),15-02-2024,42.0,Metric Tonnes,3350.0,Rs./Quintal
Maharashtra,Pune,Cereals,Jowar(Sorghum),15-02-2024,67.0,Metric Tonnes,5650.0,Rs./Quintal
Maharashtra,Pune,Cereals,Maize,15-02-2024,42.0,Metric Tonnes,2170.0,Rs./Quintal
Maharashtra,Pune,Cereals,Wheat,15-02-2024,28.0,Metric Tonnes,2639.68,Rs./Quintal
Maharashtra,Pune,Cereals,Bajra(Pearl Millet/Cumbu),16-02-2024,41.0,Metric Tonnes,3400.0,Rs./Quintal
Maharashtra,Pune,Cereals,Jowar(Sorghum),16-02-2024,66.0,Metric Tonnes,5500.0,Rs./Quintal
Maharashtra,Pune,Cereals,Bajra(Pearl Millet/Cumbu),17-02-2024,41.0,Metric Tonnes,3500.0,Rs./Quintal
Maharashtra,Pune,Cereals,Jowar(Sorghum),17-02-2024,66.0,Metric Tonnes,5400.0,Rs./Quintal
Maharashtra,Pune,Cereals,Jowar(Sorghum),19-02-2024,33.0,Metric Tonnes,2800.0,Rs./Quintal
Maharashtra,Pune,Cereals,Maize,19-02-2024,99.0,Metric Tonnes,2201.26,Rs./Quintal
Maharashtra,Pune,Cereals,Wheat,19-02-2024,30.0,Metric Tonnes,2656.67,Rs./Quintal
Maharashtra,Pune,Cereals,Bajra(Pearl Millet/Cumbu),20-02-2024,41.0,Metric Tonnes,3450.0,Rs./Quintal
Maharashtra,Pune,Cereals,Jowar(Sorghum),20-02-2024,66.0,Metric Tonnes,5500.0,Rs./Quintal
Maharashtra,Pune,Cereals,Bajra(Pearl Millet/Cumbu),21-02-2024,41.0,Metric Tonnes,3350.0,Rs./Quintal
Maharashtra,Pune,Cereals,Jowar(Sorghum),21-02-2024,67.0,Metric Tonnes,5500.0,Rs./Quintal
Maharashtra,Pune,Cereals,Bajra(Pearl Millet/Cumbu),22-02-2024,41.0,Metric Tonnes,3450.0,Rs./Quintal
Maharashtra,Pune,Cereals,Jowar(Sorghum),22-02-2024,67.0,Metric Tonnes,5450.0,Rs./Quintal
Maharashtra,Pune,Cereals,Maize,22-02-2024,46.0,Metric Tonnes,2230.0,Rs./Quintal
Maharashtra,Pune,Cereals,Wheat,22-02-2024,53.0,Metric Tonnes,2666.95,Rs./Quintal
Maharashtra,Pune,Cereals,Bajra(Pearl Millet/Cumbu),23-02-2024,41.0,Metric Tonnes,3600.0,Rs./Quintal
Maharashtra,Pune,Cereals,Jowar(Sorghum),23-02-2024,66.0,Metric Tonnes,5000.0,Rs./Quintal
Maharashtra,Pune,Cereals,Bajra(Pearl Millet/Cumbu),24-02-2024,42.0,Metric Tonnes,3350.0,Rs./Quintal
Maharashtra,Pune,Cereals,Jowar(Sorghum),24-02-2024,66.0,Metric Tonnes,5500.0,Rs./Quintal
Maharashtra,Pune,Cereals,Wheat,25-02-2024,3.0,Metric Tonnes,2600.0,Rs./Quintal
Maharashtra,Pune,Cereals,Bajra(Pearl Millet/Cumbu),26-02-2024,41.0,Metric Tonnes,3500.0,Rs./Quintal
Maharashtra,Pune,Cereals,Jowar(Sorghum),26-02-2024,66.0,Metric Tonnes,5300.0,Rs./Quintal
Maharashtra,Pune,Cereals,Bajra(Pearl Millet/Cumbu),27-02-2024,41.0,Metric Tonnes,3500.0,Rs./Quintal
Maharashtra,Pune,Cereals,Jowar(Sorghum),27-02-2024,66.0,Metric Tonnes,5150.0,Rs./Quintal
Maharashtra,Pune,Cereals,Bajra(Pearl Millet/Cumbu),28-02-2024,41.0,Metric Tonnes,3550.0,Rs./Quintal
Maharashtra,Pune,Cereals,Jowar(Sorghum),28-02-2024,66.5,Metric Tonnes,5200.0,Rs./Quintal
Maharashtra,Pune,Cereals,Maize,28-02-2024,0.4,Metric Tonnes,2550.0,Rs./Quintal
Maharashtra,Pune,Cereals,Bajra(Pearl Millet/Cumbu),29-02-2024,41.8,Metric Tonnes,3391.63,Rs./Quintal
Maharashtra,Pune,Cereals,Jowar(Sorghum),29-02-2024,66.7,Metric Tonnes,5276.61,Rs./Quintal
Maharashtra,Pune,Cereals,Maize,29-02-2024,91.4,Metric Tonnes,2118.92,Rs./Quintal
Maharashtra,Pune,Cereals,Wheat,29-02-2024,130.2,Metric Tonnes,2552.69,Rs./Quintal
Maharashtra,Pune,Cereals,Bajra(Pearl Millet/Cumbu),01-03-2024,41.5,Metric Tonnes,3450.0,Rs./Quintal
Maharashtra,Pune,Cereals,Jowar(Sorghum),01-03-2024,66.4,Metric Tonnes,5250.0,Rs./Quintal
Maharashtra,Pune,Cereals,Maize,01-03-2024,0.2,Metric Tonnes,2550.0,Rs./Quintal
Maharashtra,Pune,Cereals,Bajra(Pearl Millet/Cumbu),02-03-2024,41.3,Metric Tonnes,3600.0,Rs./Quintal
Maharashtra,Pune,Cereals,Jowar(Sorghum),02-03-2024,66.2,Metric Tonnes,5350.0,Rs./Quintal
Maharashtra,Pune,Cereals,Maize,02-03-2024,0.2,Metric Tonnes,2650.0,Rs./Quintal
Maharashtra,Pune,Cereals,Maize,03-03-2024,0.5,Metric Tonnes,2361.0,Rs./Quintal
Maharashtra,Pune,Cereals,Wheat,03-03-2024,10.0,Metric Tonnes,2700.0,Rs./Quintal
Maharashtra,Pune,Cereals,Bajra(Pearl Millet/Cumbu),04-03-2024,41.7,Metric Tonnes,3550.0,Rs./Quintal
Maharashtra,Pune,Cereals,Jowar(Sorghum),04-03-2024,66.5,Metric Tonnes,5200.0,Rs./Quintal
Maharashtra,Pune,Cereals,Maize,04-03-2024,58.2,Metric Tonnes,2121.96,Rs./Quintal
Maharashtra,Pune,Cereals,Wheat,04-03-2024,86.2,Metric Tonnes,2700.5,Rs./Quintal
Maharashtra,Pune,Cereals,Bajra(Pearl Millet/Cumbu),05-03-2024,41.9,Metric Tonnes,3450.0,Rs./Quintal
Maharashtra,Pune,Cereals,Jowar(Sorghum),05-03-2024,66.8,Metric Tonnes,5300.0,Rs./Quintal
Maharashtra,Pune,Cereals,Maize,05-03-2024,0.3,Metric Tonnes,2550.0,Rs./Quintal
Maharashtra,Pune,Cereals,Bajra(Pearl Millet/Cumbu),06-03-2024,42.1,Metric Tonnes,3400.0,Rs./Quintal
Maharashtra,Pune,Cereals,Jowar(Sorghum),06-03-2024,67.0,Metric Tonnes,5100.0,Rs./Quintal
Maharashtra,Pune,Cereals,Maize,06-03-2024,0.2,Metric Tonnes,2600.0,Rs./Quintal
Maharashtra,Pune,Cereals,Bajra(Pearl Millet/Cumbu),07-03-2024,42.4,Metric Tonnes,3300.0,Rs./Quintal
Maharashtra,Pune,Cereals,Jowar(Sorghum),07-03-2024,67.3,Metric Tonnes,5000.0,Rs./Quintal
Maharashtra,Pune,Cereals,Maize,07-03-2024,35.9,Metric Tonnes,2244.57,Rs./Quintal
Maharashtra,Pune,Cereals,Wheat,07-03-2024,105.1,Metric Tonnes,2625.5,Rs./Quintal
Maharashtra,Pune,Cereals,Bajra(Pearl Millet/Cumbu),08-03-2024,41.5,Metric Tonnes,3550.0,Rs./Quintal
Maharashtra,Pune,Cereals,Jowar(Sorghum),08-03-2024,66.8,Metric Tonnes,5200.0,Rs./Quintal
Maharashtra,Pune,Cereals,Maize,08-03-2024,0.4,Metric Tonnes,2500.0,Rs./Quintal
Maharashtra,Pune,Cereals,Bajra(Pearl Millet/Cumbu),09-03-2024,41.4,Metric Tonnes,3450.0,Rs./Quintal
Maharashtra,Pune,Cereals,Jowar(Sorghum),09-03-2024,66.7,Metric Tonnes,5250.0,Rs./Quintal
Maharashtra,Pune,Cereals,Maize,09-03-2024,0.2,Metric Tonnes,2550.0,Rs./Quintal
Maharashtra,Pune,Cereals,Bajra(Pearl Millet/Cumbu),10-03-2024,0.8,Metric Tonnes,2400.0,Rs./Quintal
Maharashtra,Pune,Cereals,Jowar(Sorghum),10-03-2024,0.3,Metric Tonnes,2500.0,Rs./Quintal
Maharashtra,Pune,Cereals,Maize,10-03-2024,0.6,Metric Tonnes,2025.0,Rs./Quintal
Maharashtra,Pune,Cereals,Wheat,10-03-2024,24.0,Metric Tonnes,2700.0,Rs./Quintal
Maharashtra,Pune,Cereals,Bajra(Pearl Millet/Cumbu),11-03-2024,41.2,Metric Tonnes,3150.0,Rs./Quintal
Maharashtra,Pune,Cereals,Jowar(Sorghum),11-03-2024,67.0,Metric Tonnes,5050.0,Rs./Quintal
Maharashtra,Pune,Cereals,Maize,11-03-2024,38.0,Metric Tonnes,2248.2,Rs./Quintal
Maharashtra,Pune,Cereals,Wheat,11-03-2024,101.9,Metric Tonnes,2587.5,Rs./Quintal
Maharashtra,Pune,Cereals,Bajra(Pearl Millet/Cumbu),12-03-2024,41.4,Metric Tonnes,3100.0,Rs./Quintal
Maharashtra,Pune,Cereals,Jowar(Sorghum),12-03-2024,67.3,Metric Tonnes,5000.0,Rs./Quintal
Maharashtra,Pune,Cereals,Maize,12-03-2024,0.2,Metric Tonnes,2700.0,Rs./Quintal
Maharashtra,Pune,Cereals,Bajra(Pearl Millet/Cumbu),13-03-2024,41.7,Metric Tonnes,3050.0,Rs./Quintal
Maharashtra,Pune,Cereals,Jowar(Sorghum),13-03-2024,67.6,Metric Tonnes,4850.0,Rs./Quintal
Maharashtra,Pune,Cereals,Maize,13-03-2024,0.2,Metric Tonnes,2650.0,Rs./Quintal
Maharashtra,Pune,Cereals,Bajra(Pearl Millet/Cumbu),14-03-2024,41.8,Metric Tonnes,2943.42,Rs./Quintal
Maharashtra,Pune,Cereals,Jowar(Sorghum),14-03-2024,67.5,Metric Tonnes,4897.04,Rs./Quintal
Maharashtra,Pune,Cereals,Maize,14-03-2024,0.5,Metric Tonnes,2460.0,Rs./Quintal
Maharashtra,Pune,Cereals,Wheat,14-03-2024,30.1,Metric Tonnes,2600.0,Rs./Quintal
Maharashtra,Pune,Cereals,Bajra(Pearl Millet/Cumbu),15-03-2024,41.6,Metric Tonnes,3000.0,Rs./Quintal
Maharashtra,Pune,Cereals,Jowar(Sorghum),15-03-2024,67.1,Metric Tonnes,4800.0,Rs./Quintal
Maharashtra,Pune,Cereals,Maize,15-03-2024,0.3,Metric Tonnes,2500.0,Rs./Quintal
Maharashtra,Pune,Cereals,Bajra(Pearl Millet/Cumbu),16-03-2024,41.5,Metric Tonnes,3100.0,Rs./Quintal
Maharashtra,Pune,Cereals,Jowar(Sorghum),16-03-2024,67.4,Metric Tonnes,4750.0,Rs./Quintal
Maharashtra,Pune,Cereals,Maize,16-03-2024,33.3,Metric Tonnes,2129.77,Rs./Quintal
Maharashtra,Pune,Cereals,Wheat,16-03-2024,167.0,Metric Tonnes,2700.0,Rs./Quintal
Maharashtra,Pune,Cereals,Bajra(Pearl Millet/Cumbu),17-03-2024,0.1,Metric Tonnes,2100.0,Rs./Quintal
Maharashtra,Pune,Cereals,Jowar(Sorghum),17-03-2024,0.9,Metric Tonnes,2800.0,Rs./Quintal
Maharashtra,Pune,Cereals,Maize,17-03-2024,0.4,Metric Tonnes,2125.0,Rs./Quintal
Maharashtra,Pune,Cereals,Wheat,17-03-2024,32.7,Metric Tonnes,2550.0,Rs./Quintal
Maharashtra,Pune,Cereals,Bajra(Pearl Millet/Cumbu),18-03-2024,41.2,Metric Tonnes,3000.0,Rs./Quintal
Maharashtra,Pune,Cereals,Jowar(Sorghum),18-03-2024,67.7,Metric Tonnes,4800.0,Rs./Quintal
Maharashtra,Pune,Cereals,Maize,18-03-2024,32.5,Metric Tonnes,2244.8,Rs./Quintal
Maharashtra,Pune,Cereals,Bajra(Pearl Millet/Cumbu),19-03-2024,41.4,Metric Tonnes,3050.0,Rs./Quintal
Maharashtra,Pune,Cereals,Jowar(Sorghum),19-03-2024,68.0,Metric Tonnes,4600.0,Rs./Quintal
Maharashtra,Pune,Cereals,Maize,19-03-2024,0.2,Metric Tonnes,2650.0,Rs./Quintal
Maharashtra,Pune,Cereals,Bajra(Pearl Millet/Cumbu),20-03-2024,41.7,Metric Tonnes,2950.0,Rs./Quintal
Maharashtra,Pune,Cereals,Jowar(Sorghum),20-03-2024,68.3,Metric Tonnes,4500.0,Rs./Quintal
Maharashtra,Pune,Cereals,Maize,20-03-2024,0.4,Metric Tonnes,2650.0,Rs./Quintal
Maharashtra,Pune,Cereals,Bajra(Pearl Millet/Cumbu),21-03-2024,41.4,Metric Tonnes,2948.67,Rs./Quintal
Maharashtra,Pune,Cereals,Jowar(Sorghum),21-03-2024,67.9,Metric Tonnes,4500.0,Rs./Quintal
Maharashtra,Pune,Cereals,Maize,21-03-2024,29.1,Metric Tonnes,2232.22,Rs./Quintal
Maharashtra,Pune,Cereals,Wheat,21-03-2024,149.0,Metric Tonnes,2688.97,Rs./Quintal
Maharashtra,Pune,Cereals,Bajra(Pearl Millet/Cumbu),22-03-2024,41.9,Metric Tonnes,3000.0,Rs./Quintal
Maharashtra,Pune,Cereals,Jowar(Sorghum),22-03-2024,68.6,Metric Tonnes,4600.0,Rs./Quintal
Maharashtra,Pune,Cereals,Maize,22-03-2024,0.2,Metric Tonnes,2600.0,Rs./Quintal
Maharashtra,Pune,Cereals,Bajra(Pearl Millet/Cumbu),23-03-2024,41.1,Metric Tonnes,3050.0,Rs./Quintal
Maharashtra,Pune,Cereals,Jowar(Sorghum),23-03-2024,67.7,Metric Tonnes,4600.0,Rs./Quintal
Maharashtra,Pune,Cereals,Maize,23-03-2024,0.3,Metric Tonnes,2650.0,Rs./Quintal
Maharashtra,Pune,Cereals,Bajra(Pearl Millet/Cumbu),25-03-2024,42.0,Metric Tonnes,2950.0,Rs./Quintal
Maharashtra,Pune,Cereals,Jowar(Sorghum),25-03-2024,68.5,Metric Tonnes,4500.0,Rs./Quintal
Maharashtra,Pune,Cereals,Maize,25-03-2024,0.4,Metric Tonnes,2650.0,Rs./Quintal
Maharashtra,Pune,Cereals,Bajra(Pearl Millet/Cumbu),26-03-2024,41.7,Metric Tonnes,3050.0,Rs./Quintal
Maharashtra,Pune,Cereals,Jowar(Sorghum),26-03-2024,68.9,Metric Tonnes,4350.0,Rs./Quintal
Maharashtra,Pune,Cereals,Maize,26-03-2024,0.2,Metric Tonnes,2550.0,Rs./Quintal
Maharashtra,Pune,Cereals,Bajra(Pearl Millet/Cumbu),27-03-2024,41.5,Metric Tonnes,3100.0,Rs./Quintal
Maharashtra,Pune,Cereals,Jowar(Sorghum),27-03-2024,69.2,Metric Tonnes,4300.0,Rs./Quintal
Maharashtra,Pune,Cereals,Maize,27-03-2024,0.3,Metric Tonnes,2600.0,Rs./Quintal
Maharashtra,Pune,Cereals,Bajra(Pearl Millet/Cumbu),28-03-2024,42.0,Metric Tonnes,3096.08,Rs./Quintal
Maharashtra,Pune,Cereals,Jowar(Sorghum),28-03-2024,71.8,Metric Tonnes,4217.97,Rs./Quintal
Maharashtra,Pune,Cereals,Maize,28-03-2024,1.4,Metric Tonnes,2292.86,Rs./Quintal
Maharashtra,Pune,Cereals,Wheat,28-03-2024,30.3,Metric Tonnes,2650.0,Rs./Quintal
Maharashtra,Pune,Cereals,Bajra(Pearl Millet/Cumbu),29-03-2024,41.6,Metric Tonnes,3050.0,Rs./Quintal
Maharashtra,Pune,Cereals,Jowar(Sorghum),29-03-2024,67.2,Metric Tonnes,4350.0,Rs./Quintal
Maharashtra,Pune,Cereals,Maize,29-03-2024,0.2,Metric Tonnes,2550.0,Rs./Quintal
Maharashtra,Pune,Cereals,Bajra(Pearl Millet/Cumbu),30-03-2024,41.6,Metric Tonnes,3100.0,Rs./Quintal
Maharashtra,Pune,Cereals,Jowar(Sorghum),30-03-2024,67.5,Metric Tonnes,4300.0,Rs./Quintal
Maharashtra,Pune,Cereals,Maize,30-03-2024,0.4,Metric Tonnes,2600.0,Rs./Quintal
Maharashtra,Pune,Cereals,Bajra(Pearl Millet/Cumbu),31-03-2024,0.5,Metric Tonnes,2400.0,Rs./Quintal
Maharashtra,Pune,Cereals,Jowar(Sorghum),31-03-2024,1.6,Metric Tonnes,3500.0,Rs./Quintal
Maharashtra,Pune,Cereals,Maize,31-03-2024,0.4,Metric Tonnes,2100.0,Rs./Quintal
Maharashtra,Pune,Cereals,Wheat,31-03-2024,36.4,Metric Tonnes,2700.0,Rs./Quintal
Maharashtra,Pune,Cereals,Bajra(Pearl Millet/Cumbu),01-04-2024,41.5,Metric Tonnes,3000.0,Rs./Quintal
Maharashtra,Pune,Cereals,Jowar(Sorghum),01-04-2024,67.8,Metric Tonnes,4150.0,Rs./Quintal
Maharashtra,Pune,Cereals,Maize,01-04-2024,41.7,Metric Tonnes,2039.34,Rs./Quintal
Maharashtra,Pune,Cereals,Wheat,01-04-2024,174.0,Metric Tonnes,2575.5,Rs./Quintal
Maharashtra,Pune,Cereals,Bajra(Pearl Millet/Cumbu),02-04-2024,41.4,Metric Tonnes,3100.0,Rs./Quintal
Maharashtra,Pune,Cereals,Jowar(Sorghum),02-04-2024,68.1,Metric Tonnes,4050.0,Rs./Quintal
Maharashtra,Pune,Cereals,Maize,02-04-2024,0.4,Metric Tonnes,2550.0,Rs./Quintal
Maharashtra,Pune,Cereals,Bajra(Pearl Millet/Cumbu),03-04-2024,41.2,Metric Tonnes,3100.0,Rs./Quintal
Maharashtra,Pune,Cereals,Jowar(Sorghum),03-04-2024,68.3,Metric Tonnes,4200.0,Rs./Quintal
Maharashtra,Pune,Cereals,Maize,03-04-2024,0.2,Metric Tonnes,2600.0,Rs./Quintal
Maharashtra,Pune,Cereals,Bajra(Pearl Millet/Cumbu),04-04-2024,41.8,Metric Tonnes,3189.23,Rs./Quintal
Maharashtra,Pune,Cereals,Jowar(Sorghum),04-04-2024,68.6,Metric Tonnes,4300.0,Rs./Quintal
Maharashtra,Pune,Cereals,Maize,04-04-2024,68.9,Metric Tonnes,2176.38,Rs./Quintal
Maharashtra,Pune,Cereals,Wheat,04-04-2024,181.4,Metric Tonnes,2731.64,Rs./Quintal
Maharashtra,Pune,Cereals,Bajra(Pearl Millet/Cumbu),05-04-2024,41.1,Metric Tonnes,3100.0,Rs./Quintal
Maharashtra,Pune,Cereals,Jowar(Sorghum),05-04-2024,68.9,Metric Tonnes,4150.0,Rs./Quintal
Maharashtra,Pune,Cereals,Maize,05-04-2024,0.2,Metric Tonnes,2500.0,Rs./Quintal
Maharashtra,Pune,Cereals,Bajra(Pearl Millet/Cumbu),06-04-2024,41.4,Metric Tonnes,3150.0,Rs./Quintal
Maharashtra,Pune,Cereals,Jowar(Sorghum),06-04-2024,69.1,Metric Tonnes,4150.0,Rs./Quintal
Maharashtra,Pune,Cereals,Maize,06-04-2024,0.3,Metric Tonnes,2600.0,Rs./Quintal
Maharashtra,Pune,Cereals,Bajra(Pearl Millet/Cumbu),08-04-2024,41.6,Metric Tonnes,3100.0,Rs./Quintal
Maharashtra,Pune,Cereals,Jowar(Sorghum),08-04-2024,68.9,Metric Tonnes,4250.0,Rs./Quintal
Maharashtra,Pune,Cereals,Maize,08-04-2024,30.8,Metric Tonnes,2216.7,Rs./Quintal
Maharashtra,Pune,Cereals,Wheat,08-04-2024,133.6,Metric Tonnes,2600.0,Rs./Quintal
Maharashtra,Pune,Cereals,Bajra(Pearl Millet/Cumbu),09-04-2024,41.2,Metric Tonnes,3150.0,Rs./Quintal
Maharashtra,Pune,Cereals,Jowar(Sorghum),09-04-2024,69.4,Metric Tonnes,4150.0,Rs./Quintal
Maharashtra,Pune,Cereals,Maize,09-04-2024,0.3,Metric Tonnes,2600.0,Rs./Quintal
Maharashtra,Pune,Cereals,Bajra(Pearl Millet/Cumbu),13-04-2024,41.7,Metric Tonnes,3100.0,Rs./Quintal
Maharashtra,Pune,Cereals,Jowar(Sorghum),13-04-2024,69.6,Metric Tonnes,4200.0,Rs./Quintal
Maharashtra,Pune,Cereals,Maize,13-04-2024,0.2,Metric Tonnes,2500.0,Rs./Quintal
Maharashtra,Pune,Cereals,Wheat,13-04-2024,41.7,Metric Tonnes,4500.0,Rs./Quintal
Maharashtra,Pune,Cereals,Bajra(Pearl Millet/Cumbu),15-04-2024,42.0,Metric Tonnes,3000.0,Rs./Quintal
Maharashtra,Pune,Cereals,Jowar(Sorghum),15-04-2024,69.4,Metric Tonnes,4400.0,Rs./Quintal
Maharashtra,Pune,Cereals,Maize,15-04-2024,0.4,Metric Tonnes,2550.0,Rs./Quintal
Maharashtra,Pune,Cereals,Wheat,15-04-2024,41.5,Metric Tonnes,4700.0,Rs./Quintal
Maharashtra,Pune,Cereals,Bajra(Pearl Millet/Cumbu),19-04-2024,41.9,Metric Tonnes,3000.0,Rs./Quintal
Maharashtra,Pune,Cereals,Jowar(Sorghum),19-04-2024,69.2,Metric Tonnes,4400.0,Rs./Quintal
Maharashtra,Pune,Cereals,Maize,19-04-2024,0.5,Metric Tonnes,2550.0,Rs./Quintal
Maharashtra,Pune,Cereals,Wheat,19-04-2024,41.2,Metric Tonnes,4700.0,Rs./Quintal
Maharashtra,Pune,Cereals,Bajra(Pearl Millet/Cumbu),21-04-2024,0.2,Metric Tonnes,3333.0,Rs./Quintal
Maharashtra,Pune,Cereals,Maize,21-04-2024,0.1,Metric Tonnes,2100.0,Rs./Quintal
Maharashtra,Pune,Cereals,Wheat,21-04-2024,17.5,Metric Tonnes,2750.0,Rs./Quintal
Maharashtra,Pune,Cereals,Bajra(Pearl Millet/Cumbu),22-04-2024,42.1,Metric Tonnes,3100.0,Rs./Quintal
Maharashtra,Pune,Cereals,Jowar(Sorghum),22-04-2024,69.8,Metric Tonnes,4400.0,Rs./Quintal
Maharashtra,Pune,Cereals,Maize,22-04-2024,0.4,Metric Tonnes,2500.0,Rs./Quintal
Maharashtra,Pune,Cereals,Wheat,22-04-2024,41.1,Metric Tonnes,4700.0,Rs./Quintal
Maharashtra,Pune,Cereals,Bajra(Pearl Millet/Cumbu),24-04-2024,42.2,Metric Tonnes,3050.0,Rs./Quintal
Maharashtra,Pune,Cereals,Jowar(Sorghum),24-04-2024,69.7,Metric Tonnes,4500.0,Rs./Quintal
Maharashtra,Pune,Cereals,Maize,24-04-2024,0.2,Metric Tonnes,2550.0,Rs./Quintal
Maharashtra,Pune,Cereals,Wheat,24-04-2024,41.0,Metric Tonnes,5000.0,Rs./Quintal
Maharashtra,Pune,Cereals,Bajra(Pearl Millet/Cumbu),25-04-2024,48.3,Metric Tonnes,2940.99,Rs./Quintal
Maharashtra,Pune,Cereals,Jowar(Sorghum),25-04-2024,105.1,Metric Tonnes,3954.33,Rs./Quintal
Maharashtra,Pune,Cereals,Maize,25-04-2024,121.8,Metric Tonnes,2151.73,Rs./Quintal
Maharashtra,Pune,Cereals,Wheat,25-04-2024,18.4,Metric Tonnes,2736.4,Rs./Quintal
Maharashtra,Pune,Cereals,Bajra(Pearl Millet/Cumbu),26-04-2024,42.2,Metric Tonnes,3000.0,Rs./Quintal
Maharashtra,Pune,Cereals,Jowar(Sorghum),26-04-2024,69.1,Metric Tonnes,4650.0,Rs./Quintal
Maharashtra,Pune,Cereals,Maize,26-04-2024,0.2,Metric Tonnes,2550.0,Rs./Quintal
Maharashtra,Pune,Cereals,Bajra(Pearl Millet/Cumbu),27-04-2024,42.6,Metric Tonnes,3050.0,Rs./Quintal
Maharashtra,Pune,Cereals,Jowar(Sorghum),27-04-2024,69.3,Metric Tonnes,4500.0,Rs./Quintal
Maharashtra,Pune,Cereals,Maize,27-04-2024,0.3,Metric Tonnes,2550.0,Rs./Quintal
Maharashtra,Pune,Cereals,Bajra(Pearl Millet/Cumbu),28-04-2024,1.1,Metric Tonnes,2400.0,Rs./Quintal
Maharashtra,Pune,Cereals,Jowar(Sorghum),28-04-2024,2.0,Metric Tonnes,3700.0,Rs./Quintal
Maharashtra,Pune,Cereals,Maize,28-04-2024,0.1,Metric Tonnes,2125.0,Rs./Quintal
Maharashtra,Pune,Cereals,Wheat,28-04-2024,8.3,Metric Tonnes,2800.0,Rs./Quintal
Maharashtra,Pune,Cereals,Bajra(Pearl Millet/Cumbu),29-04-2024,42.5,Metric Tonnes,3000.0,Rs./Quintal
Maharashtra,Pune,Cereals,Jowar(Sorghum),29-04-2024,68.9,Metric Tonnes,4650.0,Rs./Quintal
Maharashtra,Pune,Cereals,Maize,29-04-2024,19.7,Metric Tonnes,2190.56,Rs./Quintal
Maharashtra,Pune,Cereals,Wheat,29-04-2024,40.1,Metric Tonnes,2675.0,Rs./Quintal
Maharashtra,Pune,Cereals,Bajra(Pearl Millet/Cumbu),30-04-2024,42.8,Metric Tonnes,3100.0,Rs./Quintal
Maharashtra,Pune,Cereals,Jowar(Sorghum),30-04-2024,69.1,Metric Tonnes,4800.0,Rs./Quintal
Maharashtra,Pune,Cereals,Maize,30-04-2024,0.2,Metric Tonnes,2600.0,Rs./Quintal
Maharashtra,Pune,Cereals,Bajra(Pearl Millet/Cumbu),02-05-2024,43.2,Metric Tonnes,3099.31,Rs./Quintal
Maharashtra,Pune,Cereals,Jowar(Sorghum),02-05-2024,69.3,Metric Tonnes,4800.0,Rs./Quintal
Maharashtra,Pune,Cereals,Maize,02-05-2024,0.6,Metric Tonnes,2233.33,Rs./Quintal
Maharashtra,Pune,Cereals,Wheat,02-05-2024,53.9,Metric Tonnes,2703.53,Rs./Quintal
Maharashtra,Pune,Cereals,Bajra(Pearl Millet/Cumbu),03-05-2024,42.8,Metric Tonnes,3100.0,Rs./Quintal
Maharashtra,Pune,Cereals,Jowar(Sorghum),03-05-2024,69.1,Metric Tonnes,4800.0,Rs./Quintal
Maharashtra,Pune,Cereals,Maize,03-05-2024,0.2,Metric Tonnes,2600.0,Rs./Quintal
Maharashtra,Pune,Cereals,Bajra(Pearl Millet/Cumbu),04-05-2024,42.5,Metric Tonnes,2950.0,Rs./Quintal
Maharashtra,Pune,Cereals,Jowar(Sorghum),04-05-2024,69.3,Metric Tonnes,4800.0,Rs./Quintal
Maharashtra,Pune,Cereals,Maize,04-05-2024,0.3,Metric Tonnes,2550.0,Rs./Quintal
Maharashtra,Pune,Cereals,Bajra(Pearl Millet/Cumbu),06-05-2024,42.2,Metric Tonnes,2900.0,Rs./Quintal
Maharashtra,Pune,Cereals,Jowar(Sorghum),06-05-2024,69.0,Metric Tonnes,4900.0,Rs./Quintal
Maharashtra,Pune,Cereals,Maize,06-05-2024,18.7,Metric Tonnes,2277.9,Rs./Quintal
Maharashtra,Pune,Cereals,Bajra(Pearl Millet/Cumbu),07-05-2024,42.0,Metric Tonnes,2950.0,Rs./Quintal
Maharashtra,Pune,Cereals,Jowar(Sorghum),07-05-2024,69.3,Metric Tonnes,5000.0,Rs./Quintal
Maharashtra,Pune,Cereals,Maize,07-05-2024,0.4,Metric Tonnes,2450.0,Rs./Quintal
Maharashtra,Pune,Cereals,Bajra(Pearl Millet/Cumbu),08-05-2024,41.7,Metric Tonnes,2900.0,Rs./Quintal
Maharashtra,Pune,Cereals,Jowar(Sorghum),08-05-2024,69.7,Metric Tonnes,5050.0,Rs./Quintal
Maharashtra,Pune,Cereals,Maize,08-05-2024,2.0,Metric Tonnes,2500.0,Rs./Quintal
Maharashtra,Pune,Cereals,Bajra(Pearl Millet/Cumbu),09-05-2024,41.9,Metric Tonnes,2900.0,Rs./Quintal
Maharashtra,Pune,Cereals,Jowar(Sorghum),09-05-2024,69.9,Metric Tonnes,5050.0,Rs./Quintal
Maharashtra,Pune,Cereals,Maize,09-05-2024,36.4,Metric Tonnes,2312.56,Rs./Quintal
Maharashtra,Pune,Cereals,Wheat,09-05-2024,46.1,Metric Tonnes,2550.0,Rs./Quintal
Maharashtra,Pune,Cereals,Bajra(Pearl Millet/Cumbu),10-05-2024,41.7,Metric Tonnes,2800.0,Rs./Quintal
Maharashtra,Pune,Cereals,Jowar(Sorghum),10-05-2024,69.6,Metric Tonnes,5050.0,Rs./Quintal
Maharashtra,Pune,Cereals,Maize,10-05-2024,0.2,Metric Tonnes,2550.0,Rs./Quintal
Maharashtra,Pune,Cereals,Bajra(Pearl Millet/Cumbu),11-05-2024,41.9,Metric Tonnes,2950.0,Rs./Quintal
Maharashtra,Pune,Cereals,Jowar(Sorghum),11-05-2024,69.1,Metric Tonnes,5000.0,Rs./Quintal
Maharashtra,Pune,Cereals,Maize,11-05-2024,0.2,Metric Tonnes,2450.0,Rs./Quintal
Maharashtra,Pune,Cereals,Bajra(Pearl Millet/Cumbu),12-05-2024,0.2,Metric Tonnes,2900.0,Rs./Quintal
Maharashtra,Pune,Cereals,Jowar(Sorghum),12-05-2024,0.1,Metric Tonnes,2200.0,Rs./Quintal
Maharashtra,Pune,Cereals,Wheat,12-05-2024,14.2,Metric Tonnes,2800.0,Rs./Quintal
Maharashtra,Pune,Cereals,Maize,13-05-2024,43.4,Metric Tonnes,2265.0,Rs./Quintal
Maharashtra,Pune,Cereals,Wheat,13-05-2024,26.9,Metric Tonnes,2550.5,Rs./Quintal
Maharashtra,Pune,Cereals,Bajra(Pearl Millet/Cumbu),14-05-2024,41.7,Metric Tonnes,2800.0,Rs./Quintal
Maharashtra,Pune,Cereals,Jowar(Sorghum),14-05-2024,69.6,Metric Tonnes,5050.0,Rs./Quintal
Maharashtra,Pune,Cereals,Maize,14-05-2024,0.2,Metric Tonnes,2550.0,Rs./Quintal
Maharashtra,Pune,Cereals,Bajra(Pearl Millet/Cumbu),15-05-2024,41.5,Metric Tonnes,2800.0,Rs./Quintal
Maharashtra,Pune,Cereals,Jowar(Sorghum),15-05-2024,69.8,Metric Tonnes,5000.0,Rs./Quintal
Maharashtra,Pune,Cereals,Maize,15-05-2024,0.2,Metric Tonnes,2450.0,Rs./Quintal
Maharashtra,Pune,Cereals,Bajra(Pearl Millet/Cumbu),16-05-2024,41.6,Metric Tonnes,2898.08,Rs./Quintal
Maharashtra,Pune,Cereals,Jowar(Sorghum),16-05-2024,70.9,Metric Tonnes,4809.52,Rs./Quintal
Maharashtra,Pune,Cereals,Maize,16-05-2024,27.7,Metric Tonnes,2291.81,Rs./Quintal
Maharashtra,Pune,Cereals,Wheat,16-05-2024,43.9,Metric Tonnes,2742.6,Rs./Quintal
Maharashtra,Pune,Cereals,Bajra(Pearl Millet/Cumbu),17-05-2024,41.2,Metric Tonnes,2850.0,Rs./Quintal
Maharashtra,Pune,Cereals,Jowar(Sorghum),17-05-2024,69.1,Metric Tonnes,5000.0,Rs./Quintal
Maharashtra,Pune,Cereals,Maize,17-05-2024,0.2,Metric Tonnes,2550.0,Rs./Quintal
Maharashtra,Pune,Cereals,Bajra(Pearl Millet/Cumbu),18-05-2024,49.1,Metric Tonnes,2650.0,Rs./Quintal
Maharashtra,Pune,Cereals,Jowar(Sorghum),18-05-2024,69.3,Metric Tonnes,5000.0,Rs./Quintal
Maharashtra,Pune,Cereals,Maize,18-05-2024,0.3,Metric Tonnes,2500.0,Rs./Quintal
Maharashtra,Pune,Cereals,Bajra(Pearl Millet/Cumbu),19-05-2024,0.3,Metric Tonnes,2500.0,Rs./Quintal
Maharashtra,Pune,Cereals,Jowar(Sorghum),19-05-2024,0.9,Metric Tonnes,2451.0,Rs./Quintal
Maharashtra,Pune,Cereals,Maize,19-05-2024,0.2,Metric Tonnes,2150.0,Rs./Quintal
Maharashtra,Pune,Cereals,Wheat,19-05-2024,8.6,Metric Tonnes,2750.0,Rs./Quintal
Maharashtra,Pune,Cereals,Bajra(Pearl Millet/Cumbu),20-05-2024,41.0,Metric Tonnes,2900.0,Rs./Quintal
Maharashtra,Pune,Cereals,Jowar(Sorghum),20-05-2024,69.7,Metric Tonnes,5000.0,Rs./Quintal
Maharashtra,Pune,Cereals,Maize,20-05-2024,58.7,Metric Tonnes,2300.85,Rs./Quintal
Maharashtra,Pune,Cereals,Wheat,20-05-2024,32.3,Metric Tonnes,2925.5,Rs./Quintal
Maharashtra,Pune,Cereals,Bajra(Pearl Millet/Cumbu),21-05-2024,40.9,Metric Tonnes,3000.0,Rs./Quintal
Maharashtra,Pune,Cereals,Jowar(Sorghum),21-05-2024,69.4,Metric Tonnes,5150.0,Rs./Quintal
Maharashtra,Pune,Cereals,Maize,21-05-2024,0.3,Metric Tonnes,2600.0,Rs./Quintal
Maharashtra,Pune,Cereals,Bajra(Pearl Millet/Cumbu),22-05-2024,41.2,Metric Tonnes,2850.0,Rs./Quintal
Maharashtra,Pune,Cereals,Jowar(Sorghum),22-05-2024,69.7,Metric Tonnes,5000.0,Rs./Quintal
Maharashtra,Pune,Cereals,Maize,22-05-2024,0.2,Metric Tonnes,2500.0,Rs./Quintal
Maharashtra,Pune,Cereals,Bajra(Pearl Millet/Cumbu),23-05-2024,43.4,Metric Tonnes,2875.85,Rs./Quintal
Maharashtra,Pune,Cereals,Jowar(Sorghum),23-05-2024,70.9,Metric Tonnes,4947.11,Rs./Quintal
Maharashtra,Pune,Cereals,Maize,23-05-2024,23.3,Metric Tonnes,2352.79,Rs./Quintal
Maharashtra,Pune,Cereals,Wheat,23-05-2024,31.0,Metric Tonnes,2677.02,Rs./Quintal
Maharashtra,Pune,Cereals,Bajra(Pearl Millet/Cumbu),24-05-2024,41.7,Metric Tonnes,2850.0,Rs./Quintal
Maharashtra,Pune,Cereals,Jowar(Sorghum),24-05-2024,69.8,Metric Tonnes,5050.0,Rs./Quintal
Maharashtra,Pune,Cereals,Maize,24-05-2024,0.2,Metric Tonnes,2600.0,Rs./Quintal
Maharashtra,Pune,Cereals,Bajra(Pearl Millet/Cumbu),25-05-2024,40.7,Metric Tonnes,3000.0,Rs./Quintal
Maharashtra,Pune,Cereals,Jowar(Sorghum),25-05-2024,69.7,Metric Tonnes,5150.0,Rs./Quintal
Maharashtra,Pune,Cereals,Maize,25-05-2024,0.4,Metric Tonnes,2600.0,Rs./Quintal
Maharashtra,Pune,Cereals,Bajra(Pearl Millet/Cumbu),26-05-2024,0.1,Metric Tonnes,2250.0,Rs./Quintal
Maharashtra,Pune,Cereals,Jowar(Sorghum),26-05-2024,0.2,Metric Tonnes,2200.0,Rs./Quintal
Maharashtra,Pune,Cereals,Maize,26-05-2024,0.1,Metric Tonnes,1700.0,Rs./Quintal
Maharashtra,Pune,Cereals,Wheat,26-05-2024,3.1,Metric Tonnes,2700.0,Rs./Quintal
Maharashtra,Pune,Cereals,Bajra(Pearl Millet/Cumbu),27-05-2024,40.8,Metric Tonnes,2950.0,Rs./Quintal
Maharashtra,Pune,Cereals,Jowar(Sorghum),27-05-2024,69.4,Metric Tonnes,5150.0,Rs./Quintal
Maharashtra,Pune,Cereals,Maize,27-05-2024,0.4,Metric Tonnes,2500.0,Rs./Quintal
Maharashtra,Pune,Cereals,Bajra(Pearl Millet/Cumbu),28-05-2024,41.1,Metric Tonnes,2900.0,Rs./Quintal
Maharashtra,Pune,Cereals,Jowar(Sorghum),28-05-2024,69.7,Metric Tonnes,5200.0,Rs./Quintal
Maharashtra,Pune,Cereals,Maize,28-05-2024,0.2,Metric Tonnes,2600.0,Rs./Quintal
Maharashtra,Pune,Cereals,Bajra(Pearl Millet/Cumbu),29-05-2024,41.3,Metric Tonnes,2950.0,Rs./Quintal
Maharashtra,Pune,Cereals,Jowar(Sorghum),29-05-2024,69.9,Metric Tonnes,5300.0,Rs./Quintal
Maharashtra,Pune,Cereals,Maize,29-05-2024,0.3,Metric Tonnes,2550.0,Rs./Quintal
Maharashtra,Pune,Cereals,Bajra(Pearl Millet/Cumbu),30-05-2024,41.8,Metric Tonnes,2895.35,Rs./Quintal
Maharashtra,Pune,Cereals,Jowar(Sorghum),30-05-2024,69.6,Metric Tonnes,5250.0,Rs./Quintal
Maharashtra,Pune,Cereals,Maize,30-05-2024,27.7,Metric Tonnes,2323.32,Rs./Quintal
Maharashtra,Pune,Cereals,Wheat,30-05-2024,52.9,Metric Tonnes,2551.56,Rs./Quintal
Maharashtra,Pune,Cereals,Bajra(Pearl Millet/Cumbu),31-05-2024,41.6,Metric Tonnes,2900.0,Rs./Quintal
Maharashtra,Pune,Cereals,Jowar(Sorghum),31-05-2024,69.8,Metric Tonnes,5300.0,Rs./Quintal
Maharashtra,Pune,Cereals,Maize,31-05-2024,0.3,Metric Tonnes,2500.0,Rs./Quintal
Maharashtra,Pune,Cereals,Wheat,31-05-2024,0.2,Metric Tonnes,2100.0,Rs./Quintal
Maharashtra,Pune,Cereals,Bajra(Pearl Millet/Cumbu),01-06-2024,41.1,Metric Tonnes,2900.0,Rs./Quintal
Maharashtra,Pune,Cereals,Jowar(Sorghum),01-06-2024,69.9,Metric Tonnes,5172.53,Rs./Quintal
Maharashtra,Pune,Cereals,Maize,01-06-2024,0.8,Metric Tonnes,2381.25,Rs./Quintal
Maharashtra,Pune,Cereals,Bajra(Pearl Millet/Cumbu),02-06-2024,2.0,Metric Tonnes,2200.0,Rs./Quintal
Maharashtra,Pune,Cereals,Maize,02-06-2024,1.1,Metric Tonnes,2172.73,Rs./Quintal
Maharashtra,Pune,Cereals,Wheat,02-06-2024,7.5,Metric Tonnes,2776.0,Rs./Quintal
Maharashtra,Pune,Cereals,Bajra(Pearl Millet/Cumbu),03-06-2024,42.2,Metric Tonnes,2891.71,Rs./Quintal
Maharashtra,Pune,Cereals,Jowar(Sorghum),03-06-2024,70.0,Metric Tonnes,5138.64,Rs./Quintal
Maharashtra,Pune,Cereals,Maize,03-06-2024,18.3,Metric Tonnes,2356.11,Rs./Quintal
Maharashtra,Pune,Cereals,Wheat,03-06-2024,41.3,Metric Tonnes,2575.0,Rs./Quintal
Maharashtra,Pune,Cereals,Bajra(Pearl Millet/Cumbu),04-06-2024,42.2,Metric Tonnes,2948.22,Rs./Quintal
Maharashtra,Pune,Cereals,Jowar(Sorghum),04-06-2024,69.8,Metric Tonnes,5050.0,Rs./Quintal
Maharashtra,Pune,Cereals,Maize,04-06-2024,0.4,Metric Tonnes,2650.0,Rs./Quintal
Maharashtra,Pune,Cereals,Wheat,04-06-2024,0.2,Metric Tonnes,2700.0,Rs./Quintal
Maharashtra,Pune,Cereals,Bajra(Pearl Millet/Cumbu),05-06-2024,48.5,Metric Tonnes,2750.0,Rs./Quintal
Maharashtra,Pune,Cereals,Jowar(Sorghum),05-06-2024,70.0,Metric Tonnes,5100.0,Rs./Quintal
Maharashtra,Pune,Cereals,Maize,05-06-2024,0.4,Metric Tonnes,2650.0,Rs./Quintal
Maharashtra,Pune,Cereals,Bajra(Pearl Millet/Cumbu),06-06-2024,43.2,Metric Tonnes,2882.64,Rs./Quintal
Maharashtra,Pune,Cereals,Jowar(Sorghum),06-06-2024,70.3,Metric Tonnes,4981.51,Rs./Quintal
Maharashtra,Pune,Cereals,Maize,06-06-2024,27.2,Metric Tonnes,2436.43,Rs./Quintal
Maharashtra,Pune,Cereals,Wheat,06-06-2024,34.9,Metric Tonnes,2524.95,Rs./Quintal
Maharashtra,Pune,Cereals,Bajra(Pearl Millet/Cumbu),07-06-2024,41.5,Metric Tonnes,3000.0,Rs./Quintal
Maharashtra,Pune,Cereals,Jowar(Sorghum),07-06-2024,69.5,Metric Tonnes,4950.0,Rs./Quintal
Maharashtra,Pune,Cereals,Maize,07-06-2024,0.3,Metric Tonnes,2600.0,Rs./Quintal
Maharashtra,Pune,Cereals,Wheat,07-06-2024,41.5,Metric Tonnes,3600.0,Rs./Quintal
Maharashtra,Pune,Cereals,Bajra(Pearl Millet/Cumbu),08-06-2024,42.1,Metric Tonnes,3042.1,Rs./Quintal
Maharashtra,Pune,Cereals,Jowar(Sorghum),08-06-2024,71.3,Metric Tonnes,5045.02,Rs./Quintal
Maharashtra,Pune,Cereals,Maize,08-06-2024,10.0,Metric Tonnes,2407.5,Rs./Quintal
Maharashtra,Pune,Cereals,Wheat,08-06-2024,0.4,Metric Tonnes,2021.0,Rs./Quintal
Maharashtra,Pune,Cereals,Bajra(Pearl Millet/Cumbu),10-06-2024,41.8,Metric Tonnes,3100.0,Rs./Quintal
Maharashtra,Pune,Cereals,Jowar(Sorghum),10-06-2024,70.4,Metric Tonnes,4988.49,Rs./Quintal
Maharashtra,Pune,Cereals,Maize,10-06-2024,6.7,Metric Tonnes,2355.15,Rs./Quintal
Maharashtra,Pune,Cereals,Wheat,10-06-2024,25.1,Metric Tonnes,2537.5,Rs./Quintal
Maharashtra,Pune,Cereals,Bajra(Pearl Millet/Cumbu),11-06-2024,41.8,Metric Tonnes,3044.62,Rs./Quintal
Maharashtra,Pune,Cereals,Jowar(Sorghum),11-06-2024,70.5,Metric Tonnes,4800.0,Rs./Quintal
Maharashtra,Pune,Cereals,Maize,11-06-2024,0.2,Metric Tonnes,2550.0,Rs./Quintal
Maharashtra,Pune,Cereals,Bajra(Pearl Millet/Cumbu),12-06-2024,41.3,Metric Tonnes,3200.0,Rs./Quintal
Maharashtra,Pune,Cereals,Jowar(Sorghum),12-06-2024,70.6,Metric Tonnes,5000.0,Rs./Quintal
Maharashtra,Pune,Cereals,Maize,12-06-2024,0.4,Metric Tonnes,2650.0,Rs./Quintal
Maharashtra,Pune,Cereals,Bajra(Pearl Millet/Cumbu),13-06-2024,41.5,Metric Tonnes,3085.54,Rs./Quintal
Maharashtra,Pune,Cereals,Jowar(Sorghum),13-06-2024,70.4,Metric Tonnes,5096.31,Rs./Quintal
Maharashtra,Pune,Cereals,Maize,13-06-2024,0.4,Metric Tonnes,2562.5,Rs./Quintal
Maharashtra,Pune,Cereals,Wheat,13-06-2024,2.5,Metric Tonnes,2700.0,Rs./Quintal
Maharashtra,Pune,Cereals,Bajra(Pearl Millet/Cumbu),14-06-2024,41.3,Metric Tonnes,3150.0,Rs./Quintal
Maharashtra,Pune,Cereals,Jowar(Sorghum),14-06-2024,69.8,Metric Tonnes,4900.0,Rs./Quintal
Maharashtra,Pune,Cereals,Maize,14-06-2024,0.4,Metric Tonnes,2650.0,Rs./Quintal
Maharashtra,Pune,Cereals,Bajra(Pearl Millet/Cumbu),15-06-2024,41.8,Metric Tonnes,3200.0,Rs./Quintal
Maharashtra,Pune,Cereals,Jowar(Sorghum),15-06-2024,69.5,Metric Tonnes,5050.0,Rs./Quintal
Maharashtra,Pune,Cereals,Maize,15-06-2024,0.3,Metric Tonnes,2700.0,Rs./Quintal
Maharashtra,Pune,Cereals,Bajra(Pearl Millet/Cumbu),16-06-2024,0.8,Metric Tonnes,1999.0,Rs./Quintal
Maharashtra,Pune,Cereals,Jowar(Sorghum),16-06-2024,0.9,Metric Tonnes,2800.0,Rs./Quintal
Maharashtra,Pune,Cereals,Maize,16-06-2024,0.7,Metric Tonnes,2151.0,Rs./Quintal
Maharashtra,Pune,Cereals,Wheat,16-06-2024,3.6,Metric Tonnes,2750.0,Rs./Quintal
Maharashtra,Pune,Cereals,Bajra(Pearl Millet/Cumbu),17-06-2024,41.3,Metric Tonnes,3100.0,Rs./Quintal
Maharashtra,Pune,Cereals,Jowar(Sorghum),17-06-2024,70.5,Metric Tonnes,5100.0,Rs./Quintal
Maharashtra,Pune,Cereals,Maize,17-06-2024,0.3,Metric Tonnes,2750.0,Rs./Quintal
Maharashtra,Pune,Cereals,Bajra(Pearl Millet/Cumbu),18-06-2024,41.0,Metric Tonnes,2950.0,Rs./Quintal
Maharashtra,Pune,Cereals,Jowar(Sorghum),18-06-2024,70.8,Metric Tonnes,5000.0,Rs./Quintal
Maharashtra,Pune,Cereals,Maize,18-06-2024,0.2,Metric Tonnes,2650.0,Rs./Quintal
Maharashtra,Pune,Cereals,Bajra(Pearl Millet/Cumbu),19-06-2024,47.1,Metric Tonnes,2993.84,Rs./Quintal
Maharashtra,Pune,Cereals,Jowar(Sorghum),19-06-2024,74.0,Metric Tonnes,5102.5,Rs./Quintal
Maharashtra,Pune,Cereals,Maize,19-06-2024,0.3,Metric Tonnes,2750.0,Rs./Quintal
Maharashtra,Pune,Cereals,Wheat,19-06-2024,5.5,Metric Tonnes,3007.0,Rs./Quintal
Maharashtra,Pune,Cereals,Bajra(Pearl Millet/Cumbu),20-06-2024,41.6,Metric Tonnes,3100.0,Rs./Quintal
Maharashtra,Pune,Cereals,Jowar(Sorghum),20-06-2024,70.6,Metric Tonnes,5250.0,Rs./Quintal
Maharashtra,Pune,Cereals,Maize,20-06-2024,0.2,Metric Tonnes,2700.0,Rs./Quintal
Maharashtra,Pune,Cereals,Bajra(Pearl Millet/Cumbu),21-06-2024,41.4,Metric Tonnes,3200.0,Rs./Quintal
Maharashtra,Pune,Cereals,Jowar(Sorghum),21-06-2024,71.0,Metric Tonnes,5300.0,Rs./Quintal
Maharashtra,Pune,Cereals,Maize,21-06-2024,0.3,Metric Tonnes,2650.0,Rs./Quintal
Maharashtra,Pune,Cereals,Bajra(Pearl Millet/Cumbu),22-06-2024,41.5,Metric Tonnes,3000.0,Rs./Quintal
Maharashtra,Pune,Cereals,Jowar(Sorghum),22-06-2024,70.6,Metric Tonnes,5200.0,Rs./Quintal
Maharashtra,Pune,Cereals,Maize,22-06-2024,0.4,Metric Tonnes,2750.0,Rs./Quintal
Maharashtra,Pune,Cereals,Bajra(Pearl Millet/Cumbu),23-06-2024,1.0,Metric Tonnes,2500.0,Rs./Quintal
Maharashtra,Pune,Cereals,Wheat,23-06-2024,2.3,Metric Tonnes,2600.0,Rs./Quintal
Maharashtra,Pune,Cereals,Bajra(Pearl Millet/Cumbu),24-06-2024,41.8,Metric Tonnes,3100.0,Rs./Quintal
Maharashtra,Pune,Cereals,Jowar(Sorghum),24-06-2024,70.9,Metric Tonnes,5300.0,Rs./Quintal
Maharashtra,Pune,Cereals,Maize,24-06-2024,0.3,Metric Tonnes,2700.0,Rs./Quintal
Maharashtra,Pune,Cereals,Bajra(Pearl Millet/Cumbu),25-06-2024,42.0,Metric Tonnes,3100.0,Rs./Quintal
Maharashtra,Pune,Cereals,Jowar(Sorghum),25-06-2024,70.4,Metric Tonnes,5150.0,Rs./Quintal
Maharashtra,Pune,Cereals,Maize,25-06-2024,0.4,Metric Tonnes,2650.0,Rs./Quintal
Maharashtra,Pune,Cereals,Bajra(Pearl Millet/Cumbu),26-06-2024,42.3,Metric Tonnes,3150.0,Rs./Quintal
Maharashtra,Pune,Cereals,Jowar(Sorghum),26-06-2024,70.8,Metric Tonnes,5250.0,Rs./Quintal
Maharashtra,Pune,Cereals,Maize,26-06-2024,0.2,Metric Tonnes,2750.0,Rs./Quintal
Maharashtra,Pune,Cereals,Bajra(Pearl Millet/Cumbu),27-06-2024,43.1,Metric Tonnes,3174.48,Rs./Quintal
Maharashtra,Pune,Cereals,Jowar(Sorghum),27-06-2024,70.4,Metric Tonnes,5250.0,Rs./Quintal
Maharashtra,Pune,Cereals,Maize,27-06-2024,0.4,Metric Tonnes,2600.25,Rs./Quintal
Maharashtra,Pune,Cereals,Wheat,27-06-2024,2.9,Metric Tonnes,2700.0,Rs./Quintal
Maharashtra,Pune,Cereals,Bajra(Pearl Millet/Cumbu),28-06-2024,42.2,Metric Tonnes,3200.0,Rs./Quintal
Maharashtra,Pune,Cereals,Jowar(Sorghum),28-06-2024,70.9,Metric Tonnes,5150.0,Rs./Quintal
Maharashtra,Pune,Cereals,Maize,28-06-2024,0.2,Metric Tonnes,2650.0,Rs./Quintal
Maharashtra,Pune,Cereals,Bajra(Pearl Millet/Cumbu),29-06-2024,42.5,Metric Tonnes,3100.0,Rs./Quintal
Maharashtra,Pune,Cereals,Jowar(Sorghum),29-06-2024,70.7,Metric Tonnes,5100.0,Rs./Quintal
Maharashtra,Pune,Cereals,Maize,29-06-2024,0.2,Metric Tonnes,2750.0,Rs./Quintal
Maharashtra,Pune,Cereals,Bajra(Pearl Millet/Cumbu),30-06-2024,0.8,Metric Tonnes,2300.0,Rs./Quintal
Maharashtra,Pune,Cereals,Jowar(Sorghum),30-06-2024,0.3,Metric Tonnes,3000.0,Rs./Quintal
Maharashtra,Pune,Cereals,Maize,30-06-2024,0.1,Metric Tonnes,2150.0,Rs./Quintal
Maharashtra,Pune,Cereals,Wheat,30-06-2024,1.7,Metric Tonnes,2550.0,Rs./Quintal
Maharashtra,Pune,Cereals,Bajra(Pearl Millet/Cumbu),01-07-2024,42.5,Metric Tonnes,3200.0,Rs./Quintal
Maharashtra,Pune,Cereals,Jowar(Sorghum),01-07-2024,70.7,Metric Tonnes,5150.0,Rs./Quintal
Maharashtra,Pune,Cereals,Maize,01-07-2024,7.9,Metric Tonnes,2409.49,Rs./Quintal
Maharashtra,Pune,Cereals,Wheat,01-07-2024,33.2,Metric Tonnes,2610.0,Rs./Quintal
Maharashtra,Pune,Cereals,Bajra(Pearl Millet/Cumbu),02-07-2024,42.1,Metric Tonnes,3100.0,Rs./Quintal
Maharashtra,Pune,Cereals,Jowar(Sorghum),02-07-2024,70.1,Metric Tonnes,5250.0,Rs./Quintal
Maharashtra,Pune,Cereals,Maize,02-07-2024,0.1,Metric Tonnes,2650.0,Rs./Quintal
Maharashtra,Pune,Cereals,Bajra(Pearl Millet/Cumbu),03-07-2024,42.4,Metric Tonnes,3050.0,Rs./Quintal
Maharashtra,Pune,Cereals,Jowar(Sorghum),03-07-2024,70.3,Metric Tonnes,5200.0,Rs./Quintal
Maharashtra,Pune,Cereals,Maize,03-07-2024,0.3,Metric Tonnes,2550.0,Rs./Quintal
Maharashtra,Pune,Cereals,Bajra(Pearl Millet/Cumbu),04-07-2024,44.2,Metric Tonnes,3157.56,Rs./Quintal
Maharashtra,Pune,Cereals,Jowar(Sorghum),04-07-2024,71.2,Metric Tonnes,5180.2,Rs./Quintal
Maharashtra,Pune,Cereals,Maize,04-07-2024,5.5,Metric Tonnes,2581.82,Rs./Quintal
Maharashtra,Pune,Cereals,Wheat,04-07-2024,46.8,Metric Tonnes,2606.25,Rs./Quintal
Maharashtra,Pune,Cereals,Bajra(Pearl Millet/Cumbu),05-07-2024,42.5,Metric Tonnes,3100.0,Rs./Quintal
Maharashtra,Pune,Cereals,Jowar(Sorghum),05-07-2024,70.8,Metric Tonnes,5250.0,Rs./Quintal
Maharashtra,Pune,Cereals,Maize,05-07-2024,0.3,Metric Tonnes,2750.0,Rs./Quintal
Maharashtra,Pune,Cereals,Bajra(Pearl Millet/Cumbu),06-07-2024,42.9,Metric Tonnes,3184.52,Rs./Quintal
Maharashtra,Pune,Cereals,Jowar(Sorghum),06-07-2024,71.9,Metric Tonnes,5065.09,Rs./Quintal
Maharashtra,Pune,Cereals,Maize,06-07-2024,2.8,Metric Tonnes,2562.29,Rs./Quintal
Maharashtra,Pune,Cereals,Wheat,06-07-2024,1.0,Metric Tonnes,2531.0,Rs./Quintal
Maharashtra,Pune,Cereals,Bajra(Pearl Millet/Cumbu),07-07-2024,1.3,Metric Tonnes,2111.0,Rs./Quintal
Maharashtra,Pune,Cereals,Jowar(Sorghum),07-07-2024,0.1,Metric Tonnes,1800.0,Rs./Quintal
Maharashtra,Pune,Cereals,Wheat,07-07-2024,22.2,Metric Tonnes,2550.0,Rs./Quintal
Maharashtra,Pune,Cereals,Bajra(Pearl Millet/Cumbu),08-07-2024,42.3,Metric Tonnes,3300.0,Rs./Quintal
Maharashtra,Pune,Cereals,Jowar(Sorghum),08-07-2024,70.8,Metric Tonnes,5200.0,Rs./Quintal
Maharashtra,Pune,Cereals,Maize,08-07-2024,0.3,Metric Tonnes,2850.0,Rs./Quintal
Maharashtra,Pune,Cereals,Bajra(Pearl Millet/Cumbu),09-07-2024,42.1,Metric Tonnes,3200.0,Rs./Quintal
Maharashtra,Pune,Cereals,Jowar(Sorghum),09-07-2024,71.1,Metric Tonnes,5300.0,Rs./Quintal
Maharashtra,Pune,Cereals,Maize,09-07-2024,0.2,Metric Tonnes,2750.0,Rs./Quintal
Maharashtra,Pune,Cereals,Bajra(Pearl Millet/Cumbu),10-07-2024,42.4,Metric Tonnes,3300.0,Rs./Quintal
Maharashtra,Pune,Cereals,Jowar(Sorghum),10-07-2024,71.5,Metric Tonnes,5250.0,Rs./Quintal
Maharashtra,Pune,Cereals,Maize,10-07-2024,0.3,Metric Tonnes,2700.0,Rs./Quintal
Maharashtra,Pune,Cereals,Bajra(Pearl Millet/Cumbu),11-07-2024,43.2,Metric Tonnes,3189.29,Rs./Quintal
Maharashtra,Pune,Cereals,Jowar(Sorghum),11-07-2024,71.5,Metric Tonnes,5295.1,Rs./Quintal
Maharashtra,Pune,Cereals,Maize,11-07-2024,22.6,Metric Tonnes,2622.19,Rs./Quintal
Maharashtra,Pune,Cereals,Wheat,11-07-2024,31.8,Metric Tonnes,2653.3,Rs./Quintal
Maharashtra,Pune,Cereals,Bajra(Pearl Millet/Cumbu),12-07-2024,42.5,Metric Tonnes,3200.0,Rs./Quintal
Maharashtra,Pune,Cereals,Jowar(Sorghum),12-07-2024,71.7,Metric Tonnes,5400.0,Rs./Quintal
Maharashtra,Pune,Cereals,Maize,12-07-2024,0.4,Metric Tonnes,2850.0,Rs./Quintal
Maharashtra,Pune,Cereals,Bajra(Pearl Millet/Cumbu),13-07-2024,44.9,Metric Tonnes,3164.37,Rs./Quintal
Maharashtra,Pune,Cereals,Jowar(Sorghum),13-07-2024,77.6,Metric Tonnes,5122.16,Rs./Quintal
Maharashtra,Pune,Cereals,Maize,13-07-2024,35.3,Metric Tonnes,2553.12,Rs./Quintal
Maharashtra,Pune,Cereals,Wheat,13-07-2024,2.0,Metric Tonnes,2500.0,Rs./Quintal
Maharashtra,Pune,Cereals,Bajra(Pearl Millet/Cumbu),14-07-2024,0.4,Metric Tonnes,2500.0,Rs./Quintal
Maharashtra,Pune,Cereals,Jowar(Sorghum),14-07-2024,0.2,Metric Tonnes,2500.0,Rs./Quintal
Maharashtra,Pune,Cereals,Wheat,14-07-2024,7.3,Metric Tonnes,2600.0,Rs./Quintal
Maharashtra,Pune,Cereals,Bajra(Pearl Millet/Cumbu),15-07-2024,42.7,Metric Tonnes,3200.0,Rs./Quintal
Maharashtra,Pune,Cereals,Jowar(Sorghum),15-07-2024,71.4,Metric Tonnes,5400.0,Rs./Quintal
Maharashtra,Pune,Cereals,Maize,15-07-2024,0.2,Metric Tonnes,2850.0,Rs./Quintal
Maharashtra,Pune,Cereals,Bajra(Pearl Millet/Cumbu),16-07-2024,42.6,Metric Tonnes,3300.0,Rs./Quintal
Maharashtra,Pune,Cereals,Jowar(Sorghum),16-07-2024,71.1,Metric Tonnes,5300.0,Rs./Quintal
Maharashtra,Pune,Cereals,Maize,16-07-2024,0.3,Metric Tonnes,2750.0,Rs./Quintal
Maharashtra,Pune,Cereals,Bajra(Pearl Millet/Cumbu),17-07-2024,42.5,Metric Tonnes,3200.0,Rs./Quintal
Maharashtra,Pune,Cereals,Jowar(Sorghum),17-07-2024,71.7,Metric Tonnes,5400.0,Rs./Quintal
Maharashtra,Pune,Cereals,Maize,17-07-2024,0.4,Metric Tonnes,2850.0,Rs./Quintal
Maharashtra,Pune,Cereals,Bajra(Pearl Millet/Cumbu),18-07-2024,42.7,Metric Tonnes,3300.0,Rs./Quintal
Maharashtra,Pune,Cereals,Jowar(Sorghum),18-07-2024,72.0,Metric Tonnes,5300.0,Rs./Quintal
Maharashtra,Pune,Cereals,Maize,18-07-2024,0.2,Metric Tonnes,2850.0,Rs./Quintal
Maharashtra,Pune,Cereals,Bajra(Pearl Millet/Cumbu),19-07-2024,43.0,Metric Tonnes,3200.0,Rs./Quintal
Maharashtra,Pune,Cereals,Jowar(Sorghum),19-07-2024,71.7,Metric Tonnes,5150.0,Rs./Quintal
Maharashtra,Pune,Cereals,Maize,19-07-2024,0.2,Metric Tonnes,2800.0,Rs./Quintal
Maharashtra,Pune,Cereals,Bajra(Pearl Millet/Cumbu),20-07-2024,42.7,Metric Tonnes,3100.0,Rs./Quintal
Maharashtra,Pune,Cereals,Jowar(Sorghum),20-07-2024,72.0,Metric Tonnes,5200.0,Rs./Quintal
Maharashtra,Pune,Cereals,Maize,20-07-2024,0.4,Metric Tonnes,2750.0,Rs./Quintal
Maharashtra,Pune,Cereals,Bajra(Pearl Millet/Cumbu),21-07-2024,2.8,Metric Tonnes,2300.0,Rs./Quintal
Maharashtra,Pune,Cereals,Wheat,21-07-2024,9.1,Metric Tonnes,2900.0,Rs./Quintal
Maharashtra,Pune,Cereals,Bajra(Pearl Millet/Cumbu),22-07-2024,42.4,Metric Tonnes,3250.0,Rs./Quintal
Maharashtra,Pune,Cereals,Jowar(Sorghum),22-07-2024,71.9,Metric Tonnes,5400.0,Rs./Quintal
Maharashtra,Pune,Cereals,Maize,22-07-2024,0.2,Metric Tonnes,2700.0,Rs./Quintal
Maharashtra,Pune,Cereals,Bajra(Pearl Millet/Cumbu),23-07-2024,42.1,Metric Tonnes,3150.0,Rs./Quintal
Maharashtra,Pune,Cereals,Jowar(Sorghum),23-07-2024,71.5,Metric Tonnes,5250.0,Rs./Quintal
Maharashtra,Pune,Cereals,Maize,23-07-2024,0.2,Metric Tonnes,2650.0,Rs./Quintal
Maharashtra,Pune,Cereals,Bajra(Pearl Millet/Cumbu),24-07-2024,42.4,Metric Tonnes,3350.0,Rs./Quintal
Maharashtra,Pune,Cereals,Jowar(Sorghum),24-07-2024,71.7,Metric Tonnes,5250.0,Rs./Quintal
Maharashtra,Pune,Cereals,Maize,24-07-2024,0.3,Metric Tonnes,2650.0,Rs./Quintal
Maharashtra,Pune,Cereals,Bajra(Pearl Millet/Cumbu),25-07-2024,42.3,Metric Tonnes,3300.0,Rs./Quintal
Maharashtra,Pune,Cereals,Jowar(Sorghum),25-07-2024,71.3,Metric Tonnes,5350.0,Rs./Quintal
Maharashtra,Pune,Cereals,Maize,25-07-2024,0.2,Metric Tonnes,2750.0,Rs./Quintal
Maharashtra,Pune,Cereals,Bajra(Pearl Millet/Cumbu),26-07-2024,42.3,Metric Tonnes,3300.0,Rs./Quintal
Maharashtra,Pune,Cereals,Jowar(Sorghum),26-07-2024,71.1,Metric Tonnes,5450.0,Rs./Quintal
Maharashtra,Pune,Cereals,Maize,26-07-2024,0.3,Metric Tonnes,2700.0,Rs./Quintal
Maharashtra,Pune,Cereals,Bajra(Pearl Millet/Cumbu),27-07-2024,42.3,Metric Tonnes,3350.0,Rs./Quintal
Maharashtra,Pune,Cereals,Jowar(Sorghum),27-07-2024,71.5,Metric Tonnes,5250.0,Rs./Quintal
Maharashtra,Pune,Cereals,Maize,27-07-2024,0.2,Metric Tonnes,2650.0,Rs./Quintal
Maharashtra,Pune,Cereals,Bajra(Pearl Millet/Cumbu),28-07-2024,0.2,Metric Tonnes,2701.0,Rs./Quintal
Maharashtra,Pune,Cereals,Jowar(Sorghum),28-07-2024,0.3,Metric Tonnes,2100.0,Rs./Quintal
Maharashtra,Pune,Cereals,Wheat,28-07-2024,5.6,Metric Tonnes,2700.0,Rs./Quintal
Maharashtra,Pune,Cereals,Bajra(Pearl Millet/Cumbu),29-07-2024,42.6,Metric Tonnes,3300.0,Rs./Quintal
Maharashtra,Pune,Cereals,Jowar(Sorghum),29-07-2024,71.8,Metric Tonnes,5300.0,Rs./Quintal
Maharashtra,Pune,Cereals,Maize,29-07-2024,0.2,Metric Tonnes,2700.0,Rs./Quintal
Maharashtra,Pune,Cereals,Bajra(Pearl Millet/Cumbu),30-07-2024,42.2,Metric Tonnes,3200.0,Rs./Quintal
Maharashtra,Pune,Cereals,Jowar(Sorghum),30-07-2024,71.4,Metric Tonnes,5200.0,Rs./Quintal
Maharashtra,Pune,Cereals,Maize,30-07-2024,0.2,Metric Tonnes,2700.0,Rs./Quintal
Maharashtra,Pune,Cereals,Bajra(Pearl Millet/Cumbu),31-07-2024,42.1,Metric Tonnes,3300.0,Rs./Quintal
Maharashtra,Pune,Cereals,Jowar(Sorghum),31-07-2024,71.2,Metric Tonnes,5250.0,Rs./Quintal
Maharashtra,Pune,Cereals,Maize,31-07-2024,0.3,Metric Tonnes,2650.0,Rs./Quintal
Maharashtra,Pune,Cereals,Bajra(Pearl Millet/Cumbu),01-08-2024,43.7,Metric Tonnes,3313.04,Rs./Quintal
Maharashtra,Pune,Cereals,Jowar(Sorghum),01-08-2024,71.0,Metric Tonnes,5150.0,Rs./Quintal
Maharashtra,Pune,Cereals,Maize,01-08-2024,47.2,Metric Tonnes,2584.97,Rs./Quintal
Maharashtra,Pune,Cereals,Wheat,01-08-2024,36.6,Metric Tonnes,2628.96,Rs./Quintal
Maharashtra,Pune,Cereals,Bajra(Pearl Millet/Cumbu),02-08-2024,42.1,Metric Tonnes,3400.0,Rs./Quintal
Maharashtra,Pune,Cereals,Jowar(Sorghum),02-08-2024,70.7,Metric Tonnes,5200.0,Rs./Quintal
Maharashtra,Pune,Cereals,Maize,02-08-2024,0.2,Metric Tonnes,2700.0,Rs./Quintal
Maharashtra,Pune,Cereals,Bajra(Pearl Millet/Cumbu),03-08-2024,50.3,Metric Tonnes,3076.1,Rs./Quintal
Maharashtra,Pune,Cereals,Jowar(Sorghum),03-08-2024,79.4,Metric Tonnes,4971.28,Rs./Quintal
Maharashtra,Pune,Cereals,Maize,03-08-2024,3.8,Metric Tonnes,2713.05,Rs./Quintal
Maharashtra,Pune,Cereals,Wheat,03-08-2024,1.0,Metric Tonnes,2151.0,Rs./Quintal
Maharashtra,Pune,Cereals,Bajra(Pearl Millet/Cumbu),04-08-2024,0.5,Metric Tonnes,2051.0,Rs./Quintal
Maharashtra,Pune,Cereals,Maize,04-08-2024,0.2,Metric Tonnes,2500.0,Rs./Quintal
Maharashtra,Pune,Cereals,Wheat,04-08-2024,0.3,Metric Tonnes,2799.0,Rs./Quintal
Maharashtra,Pune,Cereals,Bajra(Pearl Millet/Cumbu),05-08-2024,42.7,Metric Tonnes,3350.0,Rs./Quintal
Maharashtra,Pune,Cereals,Jowar(Sorghum),05-08-2024,70.6,Metric Tonnes,5400.0,Rs./Quintal
Maharashtra,Pune,Cereals,Maize,05-08-2024,0.3,Metric Tonnes,2700.0,Rs./Quintal
Maharashtra,Pune,Cereals,Bajra(Pearl Millet/Cumbu),06-08-2024,49.8,Metric Tonnes,3150.0,Rs./Quintal
Maharashtra,Pune,Cereals,Jowar(Sorghum),06-08-2024,70.9,Metric Tonnes,5300.0,Rs./Quintal
Maharashtra,Pune,Cereals,Maize,06-08-2024,0.4,Metric Tonnes,2650.0,Rs./Quintal
Maharashtra,Pune,Cereals,Bajra(Pearl Millet/Cumbu),07-08-2024,42.0,Metric Tonnes,3250.0,Rs./Quintal
Maharashtra,Pune,Cereals,Jowar(Sorghum),07-08-2024,71.0,Metric Tonnes,5500.0,Rs./Quintal
Maharashtra,Pune,Cereals,Maize,07-08-2024,0.4,Metric Tonnes,2750.0,Rs./Quintal
Maharashtra,Pune,Cereals,Bajra(Pearl Millet/Cumbu),08-08-2024,44.0,Metric Tonnes,3359.09,Rs./Quintal
Maharashtra,Pune,Cereals,Jowar(Sorghum),08-08-2024,71.3,Metric Tonnes,5300.0,Rs./Quintal
Maharashtra,Pune,Cereals,Maize,08-08-2024,7.3,Metric Tonnes,2381.47,Rs./Quintal
Maharashtra,Pune,Cereals,Wheat,08-08-2024,38.6,Metric Tonnes,2677.34,Rs./Quintal
Maharashtra,Pune,Cereals,Bajra(Pearl Millet/Cumbu),09-08-2024,42.0,Metric Tonnes,3350.0,Rs./Quintal
Maharashtra,Pune,Cereals,Jowar(Sorghum),09-08-2024,71.0,Metric Tonnes,5500.0,Rs./Quintal
Maharashtra,Pune,Cereals,Maize,09-08-2024,0.3,Metric Tonnes,2750.0,Rs./Quintal
Maharashtra,Pune,Cereals,Wheat,09-08-2024,257.4,Metric Tonnes,3800.0,Rs./Quintal
Maharashtra,Pune,Cereals,Bajra(Pearl Millet/Cumbu),10-08-2024,44.1,Metric Tonnes,3359.18,Rs./Quintal
Maharashtra,Pune,Cereals,Jowar(Sorghum),10-08-2024,78.7,Metric Tonnes,5030.94,Rs./Quintal
Maharashtra,Pune,Cereals,Maize,10-08-2024,1.9,Metric Tonnes,2700.0,Rs./Quintal
Maharashtra,Pune,Cereals,Wheat,10-08-2024,0.1,Metric Tonnes,2811.0,Rs./Quintal
Maharashtra,Pune,Cereals,Bajra(Pearl Millet/Cumbu),11-08-2024,1.1,Metric Tonnes,2200.0,Rs./Quintal
Maharashtra,Pune,Cereals,Maize,11-08-2024,0.1,Metric Tonnes,2000.0,Rs./Quintal
Maharashtra,Pune,Cereals,Wheat,11-08-2024,2.7,Metric Tonnes,2600.0,Rs./Quintal
Maharashtra,Pune,Cereals,Bajra(Pearl Millet/Cumbu),12-08-2024,41.9,Metric Tonnes,3400.0,Rs./Quintal
Maharashtra,Pune,Cereals,Jowar(Sorghum),12-08-2024,71.5,Metric Tonnes,5300.0,Rs./Quintal
Maharashtra,Pune,Cereals,Maize,12-08-2024,0.2,Metric Tonnes,2700.0,Rs./Quintal
Maharashtra,Pune,Cereals,Bajra(Pearl Millet/Cumbu),13-08-2024,41.5,Metric Tonnes,3400.0,Rs./Quintal
Maharashtra,Pune,Cereals,Jowar(Sorghum),13-08-2024,71.8,Metric Tonnes,5400.0,Rs./Quintal
Maharashtra,Pune,Cereals,Maize,13-08-2024,0.3,Metric Tonnes,2800.0,Rs./Quintal
Maharashtra,Pune,Cereals,Bajra(Pearl Millet/Cumbu),14-08-2024,41.2,Metric Tonnes,3450.0,Rs./Quintal
Maharashtra,Pune,Cereals,Jowar(Sorghum),14-08-2024,72.0,Metric Tonnes,5400.0,Rs./Quintal
Maharashtra,Pune,Cereals,Maize,14-08-2024,0.1,Metric Tonnes,2850.0,Rs./Quintal
Maharashtra,Pune,Cereals,Bajra(Pearl Millet/Cumbu),16-08-2024,40.9,Metric Tonnes,3250.0,Rs./Quintal
Maharashtra,Pune,Cereals,Jowar(Sorghum),16-08-2024,72.2,Metric Tonnes,5500.0,Rs./Quintal
Maharashtra,Pune,Cereals,Maize,16-08-2024,0.3,Metric Tonnes,2900.0,Rs./Quintal
Maharashtra,Pune,Cereals,Bajra(Pearl Millet/Cumbu),17-08-2024,40.7,Metric Tonnes,3400.0,Rs./Quintal
Maharashtra,Pune,Cereals,Jowar(Sorghum),17-08-2024,71.9,Metric Tonnes,5400.0,Rs./Quintal
Maharashtra,Pune,Cereals,Maize,17-08-2024,0.2,Metric Tonnes,2950.0,Rs./Quintal
Maharashtra,Pune,Cereals,Bajra(Pearl Millet/Cumbu),18-08-2024,2.5,Metric Tonnes,2351.0,Rs./Quintal
Maharashtra,Pune,Cereals,Maize,18-08-2024,0.1,Metric Tonnes,2600.0,Rs./Quintal
Maharashtra,Pune,Cereals,Wheat,18-08-2024,5.1,Metric Tonnes,2650.0,Rs./Quintal
Maharashtra,Pune,Cereals,Bajra(Pearl Millet/Cumbu),19-08-2024,41.0,Metric Tonnes,3450.0,Rs./Quintal
Maharashtra,Pune,Cereals,Jowar(Sorghum),19-08-2024,71.8,Metric Tonnes,5500.0,Rs./Quintal
Maharashtra,Pune,Cereals,Maize,19-08-2024,0.3,Metric Tonnes,2850.0,Rs./Quintal
Maharashtra,Pune,Cereals,Bajra(Pearl Millet/Cumbu),20-08-2024,41.5,Metric Tonnes,3500.0,Rs./Quintal
Maharashtra,Pune,Cereals,Jowar(Sorghum),20-08-2024,71.4,Metric Tonnes,5300.0,Rs./Quintal
Maharashtra,Pune,Cereals,Maize,20-08-2024,0.2,Metric Tonnes,2800.0,Rs./Quintal
Maharashtra,Pune,Cereals,Bajra(Pearl Millet/Cumbu),21-08-2024,41.2,Metric Tonnes,3550.0,Rs./Quintal
Maharashtra,Pune,Cereals,Jowar(Sorghum),21-08-2024,71.7,Metric Tonnes,5400.0,Rs./Quintal
Maharashtra,Pune,Cereals,Maize,21-08-2024,0.3,Metric Tonnes,2850.0,Rs./Quintal
Maharashtra,Pune,Cereals,Bajra(Pearl Millet/Cumbu),22-08-2024,41.5,Metric Tonnes,3598.07,Rs./Quintal
Maharashtra,Pune,Cereals,Jowar(Sorghum),22-08-2024,71.6,Metric Tonnes,5490.22,Rs./Quintal
Maharashtra,Pune,Cereals,Maize,22-08-2024,6.4,Metric Tonnes,2665.17,Rs./Quintal
Maharashtra,Pune,Cereals,Wheat,22-08-2024,34.7,Metric Tonnes,2740.43,Rs./Quintal
Maharashtra,Pune,Cereals,Bajra(Pearl Millet/Cumbu),23-08-2024,41.3,Metric Tonnes,3650.0,Rs./Quintal
Maharashtra,Pune,Cereals,Jowar(Sorghum),23-08-2024,71.2,Metric Tonnes,5550.0,Rs./Quintal
Maharashtra,Pune,Cereals,Maize,23-08-2024,0.4,Metric Tonnes,2700.0,Rs./Quintal
Maharashtra,Pune,Cereals,Bajra(Pearl Millet/Cumbu),24-08-2024,41.5,Metric Tonnes,3600.0,Rs./Quintal
Maharashtra,Pune,Cereals,Jowar(Sorghum),24-08-2024,71.6,Metric Tonnes,5500.0,Rs./Quintal
Maharashtra,Pune,Cereals,Maize,24-08-2024,0.4,Metric Tonnes,2750.0,Rs./Quintal
Maharashtra,Pune,Cereals,Bajra(Pearl Millet/Cumbu),25-08-2024,2.2,Metric Tonnes,2300.0,Rs./Quintal
Maharashtra,Pune,Cereals,Jowar(Sorghum),25-08-2024,0.1,Metric Tonnes,2051.0,Rs./Quintal
Maharashtra,Pune,Cereals,Wheat,25-08-2024,1.6,Metric Tonnes,2600.0,Rs./Quintal
Maharashtra,Pune,Cereals,Bajra(Pearl Millet/Cumbu),26-08-2024,41.3,Metric Tonnes,3500.0,Rs./Quintal
Maharashtra,Pune,Cereals,Jowar(Sorghum),26-08-2024,71.4,Metric Tonnes,5450.0,Rs./Quintal
Maharashtra,Pune,Cereals,Maize,26-08-2024,3.2,Metric Tonnes,2505.92,Rs./Quintal
Maharashtra,Pune,Cereals,Wheat,26-08-2024,28.8,Metric Tonnes,2700.5,Rs./Quintal
Maharashtra,Pune,Cereals,Bajra(Pearl Millet/Cumbu),27-08-2024,41.0,Metric Tonnes,3500.0,Rs./Quintal
Maharashtra,Pune,Cereals,Jowar(Sorghum),27-08-2024,72.0,Metric Tonnes,5211.88,Rs./Quintal
Maharashtra,Pune,Cereals,Maize,27-08-2024,0.7,Metric Tonnes,2650.0,Rs./Quintal
Maharashtra,Pune,Cereals,Wheat,27-08-2024,0.4,Metric Tonnes,2600.0,Rs./Quintal
Maharashtra,Pune,Cereals,Bajra(Pearl Millet/Cumbu),28-08-2024,43.0,Metric Tonnes,3501.86,Rs./Quintal
Maharashtra,Pune,Cereals,Jowar(Sorghum),28-08-2024,73.8,Metric Tonnes,5201.54,Rs./Quintal
Maharashtra,Pune,Cereals,Maize,28-08-2024,0.2,Metric Tonnes,3000.0,Rs./Quintal
Maharashtra,Pune,Cereals,Wheat,28-08-2024,1.7,Metric Tonnes,3000.0,Rs./Quintal
Maharashtra,Pune,Cereals,Bajra(Pearl Millet/Cumbu),29-08-2024,41.0,Metric Tonnes,3600.0,Rs./Quintal
Maharashtra,Pune,Cereals,Jowar(Sorghum),29-08-2024,70.5,Metric Tonnes,5200.0,Rs./Quintal
Maharashtra,Pune,Cereals,Maize,29-08-2024,0.4,Metric Tonnes,3050.0,Rs./Quintal
Maharashtra,Pune,Cereals,Wheat,29-08-2024,45.7,Metric Tonnes,2700.0,Rs./Quintal
Maharashtra,Pune,Cereals,Bajra(Pearl Millet/Cumbu),30-08-2024,43.8,Metric Tonnes,3464.38,Rs./Quintal
Maharashtra,Pune,Cereals,Jowar(Sorghum),30-08-2024,70.5,Metric Tonnes,5382.41,Rs./Quintal
Maharashtra,Pune,Cereals,Maize,30-08-2024,0.2,Metric Tonnes,2900.0,Rs./Quintal
Maharashtra,Pune,Cereals,Wheat,30-08-2024,0.7,Metric Tonnes,2800.0,Rs./Quintal
Maharashtra,Pune,Cereals,Bajra(Pearl Millet/Cumbu),31-08-2024,40.6,Metric Tonnes,3400.0,Rs./Quintal
Maharashtra,Pune,Cereals,Jowar(Sorghum),31-08-2024,69.9,Metric Tonnes,5500.0,Rs./Quintal
Maharashtra,Pune,Cereals,Maize,31-08-2024,0.1,Metric Tonnes,2800.0,Rs./Quintal
Maharashtra,Pune,Cereals,Bajra(Pearl Millet/Cumbu),01-09-2024,0.8,Metric Tonnes,2400.0,Rs./Quintal
Maharashtra,Pune,Cereals,Maize,01-09-2024,0.1,Metric Tonnes,2200.0,Rs./Quintal
Maharashtra,Pune,Cereals,Wheat,01-09-2024,5.3,Metric Tonnes,2785.0,Rs./Quintal
Maharashtra,Pune,Cereals,Bajra(Pearl Millet/Cumbu),02-09-2024,40.8,Metric Tonnes,3400.0,Rs./Quintal
Maharashtra,Pune,Cereals,Jowar(Sorghum),02-09-2024,69.6,Metric Tonnes,5400.0,Rs./Quintal
Maharashtra,Pune,Cereals,Maize,02-09-2024,0.3,Metric Tonnes,2850.0,Rs./Quintal
Maharashtra,Pune,Cereals,Bajra(Pearl Millet/Cumbu),03-09-2024,40.8,Metric Tonnes,3400.0,Rs./Quintal
Maharashtra,Pune,Cereals,Jowar(Sorghum),03-09-2024,69.6,Metric Tonnes,5500.0,Rs./Quintal
Maharashtra,Pune,Cereals,Maize,03-09-2024,0.2,Metric Tonnes,2800.0,Rs./Quintal
Maharashtra,Pune,Cereals,Bajra(Pearl Millet/Cumbu),04-09-2024,40.3,Metric Tonnes,3450.0,Rs./Quintal
Maharashtra,Pune,Cereals,Jowar(Sorghum),04-09-2024,69.9,Metric Tonnes,5500.0,Rs./Quintal
Maharashtra,Pune,Cereals,Maize,04-09-2024,0.2,Metric Tonnes,2900.0,Rs./Quintal
Maharashtra,Pune,Cereals,Bajra(Pearl Millet/Cumbu),05-09-2024,41.1,Metric Tonnes,3380.53,Rs./Quintal
Maharashtra,Pune,Cereals,Jowar(Sorghum),05-09-2024,69.8,Metric Tonnes,5294.7,Rs./Quintal
Maharashtra,Pune,Cereals,Maize,05-09-2024,0.4,Metric Tonnes,2800.0,Rs./Quintal
Maharashtra,Pune,Cereals,Wheat,05-09-2024,1.9,Metric Tonnes,2751.0,Rs./Quintal
Maharashtra,Pune,Cereals,Bajra(Pearl Millet/Cumbu),06-09-2024,40.4,Metric Tonnes,3450.0,Rs./Quintal
Maharashtra,Pune,Cereals,Jowar(Sorghum),06-09-2024,69.5,Metric Tonnes,5350.0,Rs./Quintal
Maharashtra,Pune,Cereals,Maize,06-09-2024,0.3,Metric Tonnes,2750.0,Rs./Quintal
Maharashtra,Pune,Cereals,Bajra(Pearl Millet/Cumbu),07-09-2024,40.5,Metric Tonnes,3400.0,Rs./Quintal
Maharashtra,Pune,Cereals,Jowar(Sorghum),07-09-2024,69.2,Metric Tonnes,5400.0,Rs./Quintal
Maharashtra,Pune,Cereals,Maize,07-09-2024,0.3,Metric Tonnes,2850.0,Rs./Quintal
Maharashtra,Pune,Cereals,Bajra(Pearl Millet/Cumbu),08-09-2024,1.2,Metric Tonnes,2200.0,Rs./Quintal
Maharashtra,Pune,Cereals,Jowar(Sorghum),08-09-2024,0.1,Metric Tonnes,3000.0,Rs./Quintal
Maharashtra,Pune,Cereals,Maize,08-09-2024,0.1,Metric Tonnes,2500.0,Rs./Quintal
Maharashtra,Pune,Cereals,Wheat,08-09-2024,9.5,Metric Tonnes,2800.0,Rs./Quintal
Maharashtra,Pune,Cereals,Bajra(Pearl Millet/Cumbu),09-09-2024,40.3,Metric Tonnes,3500.0,Rs./Quintal
Maharashtra,Pune,Cereals,Jowar(Sorghum),09-09-2024,68.9,Metric Tonnes,5500.0,Rs./Quintal
Maharashtra,Pune,Cereals,Maize,09-09-2024,6.8,Metric Tonnes,2759.26,Rs./Quintal
Maharashtra,Pune,Cereals,Wheat,09-09-2024,39.5,Metric Tonnes,2805.5,Rs./Quintal
Maharashtra,Pune,Cereals,Bajra(Pearl Millet/Cumbu),10-09-2024,40.1,Metric Tonnes,3600.0,Rs./Quintal
Maharashtra,Pune,Cereals,Jowar(Sorghum),10-09-2024,69.1,Metric Tonnes,5300.0,Rs./Quintal
Maharashtra,Pune,Cereals,Maize,10-09-2024,0.2,Metric Tonnes,3000.0,Rs./Quintal
Maharashtra,Pune,Cereals,Bajra(Pearl Millet/Cumbu),11-09-2024,43.7,Metric Tonnes,3526.09,Rs./Quintal
Maharashtra,Pune,Cereals,Jowar(Sorghum),11-09-2024,71.5,Metric Tonnes,5304.69,Rs./Quintal
Maharashtra,Pune,Cereals,Maize,11-09-2024,0.3,Metric Tonnes,3050.0,Rs./Quintal
Maharashtra,Pune,Cereals,Wheat,11-09-2024,5.0,Metric Tonnes,2950.0,Rs./Quintal
Maharashtra,Pune,Cereals,Bajra(Pearl Millet/Cumbu),12-09-2024,40.1,Metric Tonnes,3700.0,Rs./Quintal
Maharashtra,Pune,Cereals,Jowar(Sorghum),12-09-2024,68.4,Metric Tonnes,5600.0,Rs./Quintal
Maharashtra,Pune,Cereals,Maize,12-09-2024,2.4,Metric Tonnes,2789.25,Rs./Quintal
Maharashtra,Pune,Cereals,Wheat,12-09-2024,29.5,Metric Tonnes,2775.5,Rs./Quintal
Maharashtra,Pune,Cereals,Bajra(Pearl Millet/Cumbu),13-09-2024,40.3,Metric Tonnes,3600.0,Rs./Quintal
Maharashtra,Pune,Cereals,Jowar(Sorghum),13-09-2024,68.1,Metric Tonnes,5500.0,Rs./Quintal
Maharashtra,Pune,Cereals,Maize,13-09-2024,0.3,Metric Tonnes,3000.0,Rs./Quintal
Maharashtra,Pune,Cereals,Bajra(Pearl Millet/Cumbu),14-09-2024,40.3,Metric Tonnes,3400.0,Rs./Quintal
Maharashtra,Pune,Cereals,Jowar(Sorghum),14-09-2024,69.0,Metric Tonnes,5400.0,Rs./Quintal
Maharashtra,Pune,Cereals,Maize,14-09-2024,0.3,Metric Tonnes,2850.0,Rs./Quintal
Maharashtra,Pune,Cereals,Bajra(Pearl Millet/Cumbu),15-09-2024,0.9,Metric Tonnes,2350.0,Rs./Quintal
Maharashtra,Pune,Cereals,Wheat,15-09-2024,4.5,Metric Tonnes,2750.0,Rs./Quintal
Maharashtra,Pune,Cereals,Bajra(Pearl Millet/Cumbu),16-09-2024,40.4,Metric Tonnes,3400.0,Rs./Quintal
Maharashtra,Pune,Cereals,Jowar(Sorghum),16-09-2024,69.8,Metric Tonnes,5300.0,Rs./Quintal
Maharashtra,Pune,Cereals,Maize,16-09-2024,4.2,Metric Tonnes,2800.0,Rs./Quintal
Maharashtra,Pune,Cereals,Bajra(Pearl Millet/Cumbu),17-09-2024,40.6,Metric Tonnes,3450.0,Rs./Quintal
Maharashtra,Pune,Cereals,Jowar(Sorghum),17-09-2024,69.7,Metric Tonnes,5500.0,Rs./Quintal
Maharashtra,Pune,Cereals,Maize,17-09-2024,0.2,Metric Tonnes,2900.0,Rs./Quintal
Maharashtra,Pune,Cereals,Bajra(Pearl Millet/Cumbu),18-09-2024,45.0,Metric Tonnes,3387.72,Rs./Quintal
Maharashtra,Pune,Cereals,Jowar(Sorghum),18-09-2024,70.7,Metric Tonnes,5349.43,Rs./Quintal
Maharashtra,Pune,Cereals,Maize,18-09-2024,0.2,Metric Tonnes,2950.0,Rs./Quintal
Maharashtra,Pune,Cereals,Wheat,18-09-2024,0.9,Metric Tonnes,2600.0,Rs./Quintal
Maharashtra,Pune,Cereals,Bajra(Pearl Millet/Cumbu),19-09-2024,41.1,Metric Tonnes,3569.59,Rs./Quintal
Maharashtra,Pune,Cereals,Jowar(Sorghum),19-09-2024,69.8,Metric Tonnes,5295.27,Rs./Quintal
Maharashtra,Pune,Cereals,Maize,19-09-2024,0.4,Metric Tonnes,2900.0,Rs./Quintal
Maharashtra,Pune,Cereals,Wheat,19-09-2024,41.4,Metric Tonnes,2706.52,Rs./Quintal
Maharashtra,Pune,Cereals,Bajra(Pearl Millet/Cumbu),20-09-2024,41.3,Metric Tonnes,3650.0,Rs./Quintal
Maharashtra,Pune,Cereals,Jowar(Sorghum),20-09-2024,71.3,Metric Tonnes,5545.72,Rs./Quintal
Maharashtra,Pune,Cereals,Maize,20-09-2024,1.8,Metric Tonnes,2708.33,Rs./Quintal
Maharashtra,Pune,Cereals,Wheat,20-09-2024,0.8,Metric Tonnes,2400.0,Rs./Quintal
Maharashtra,Pune,Cereals,Bajra(Pearl Millet/Cumbu),21-09-2024,41.0,Metric Tonnes,3650.0,Rs./Quintal
Maharashtra,Pune,Cereals,Jowar(Sorghum),21-09-2024,72.0,Metric Tonnes,5452.78,Rs./Quintal
Maharashtra,Pune,Cereals,Maize,21-09-2024,265.8,Metric Tonnes,2698.08,Rs./Quintal
Maharashtra,Pune,Cereals,Wheat,21-09-2024,10.1,Metric Tonnes,2301.98,Rs./Quintal
Maharashtra,Pune,Cereals,Jowar(Sorghum),22-09-2024,0.2,Metric Tonnes,2200.0,Rs./Quintal
Maharashtra,Pune,Cereals,Bajra(Pearl Millet/Cumbu),23-09-2024,40.8,Metric Tonnes,3450.0,Rs./Quintal
Maharashtra,Pune,Cereals,Jowar(Sorghum),23-09-2024,71.6,Metric Tonnes,5486.59,Rs./Quintal
Maharashtra,Pune,Cereals,Maize,23-09-2024,1.0,Metric Tonnes,2640.0,Rs./Quintal
Maharashtra,Pune,Cereals,Wheat,23-09-2024,0.1,Metric Tonnes,2300.0,Rs./Quintal
Maharashtra,Pune,Cereals,Bajra(Pearl Millet/Cumbu),24-09-2024,41.0,Metric Tonnes,3350.0,Rs./Quintal
Maharashtra,Pune,Cereals,Jowar(Sorghum),24-09-2024,70.9,Metric Tonnes,5300.0,Rs./Quintal
Maharashtra,Pune,Cereals,Maize,24-09-2024,0.3,Metric Tonnes,2900.0,Rs./Quintal
Maharashtra,Pune,Cereals,Bajra(Pearl Millet/Cumbu),25-09-2024,41.3,Metric Tonnes,3450.0,Rs./Quintal
Maharashtra,Pune,Cereals,Jowar(Sorghum),25-09-2024,70.2,Metric Tonnes,5200.0,Rs./Quintal
Maharashtra,Pune,Cereals,Maize,25-09-2024,0.2,Metric Tonnes,3000.0,Rs./Quintal
Maharashtra,Pune,Cereals,Bajra(Pearl Millet/Cumbu),26-09-2024,44.1,Metric Tonnes,3259.18,Rs./Quintal
Maharashtra,Pune,Cereals,Jowar(Sorghum),26-09-2024,70.1,Metric Tonnes,5136.95,Rs./Quintal
Maharashtra,Pune,Cereals,Maize,26-09-2024,99.4,Metric Tonnes,2606.19,Rs./Quintal
Maharashtra,Pune,Cereals,Wheat,26-09-2024,28.4,Metric Tonnes,2770.25,Rs./Quintal
Maharashtra,Pune,Cereals,Bajra(Pearl Millet/Cumbu),27-09-2024,41.5,Metric Tonnes,3350.0,Rs./Quintal
Maharashtra,Pune,Cereals,Jowar(Sorghum),27-09-2024,69.5,Metric Tonnes,5100.0,Rs./Quintal
Maharashtra,Pune,Cereals,Maize,27-09-2024,0.4,Metric Tonnes,2950.0,Rs./Quintal
Maharashtra,Pune,Cereals,Bajra(Pearl Millet/Cumbu),28-09-2024,40.5,Metric Tonnes,3450.0,Rs./Quintal
Maharashtra,Pune,Cereals,Jowar(Sorghum),28-09-2024,71.6,Metric Tonnes,5500.0,Rs./Quintal
Maharashtra,Pune,Cereals,Maize,28-09-2024,0.3,Metric Tonnes,3000.0,Rs./Quintal
Maharashtra,Pune,Cereals,Bajra(Pearl Millet/Cumbu),29-09-2024,1.3,Metric Tonnes,2500.0,Rs./Quintal
Maharashtra,Pune,Cereals,Jowar(Sorghum),29-09-2024,0.2,Metric Tonnes,2101.0,Rs./Quintal
Maharashtra,Pune,Cereals,Maize,29-09-2024,0.1,Metric Tonnes,1500.0,Rs./Quintal
Maharashtra,Pune,Cereals,Wheat,29-09-2024,12.0,Metric Tonnes,2756.25,Rs./Quintal
Maharashtra,Pune,Cereals,Bajra(Pearl Millet/Cumbu),30-09-2024,40.3,Metric Tonnes,3400.0,Rs./Quintal
Maharashtra,Pune,Cereals,Jowar(Sorghum),30-09-2024,72.0,Metric Tonnes,5391.11,Rs./Quintal
Maharashtra,Pune,Cereals,Maize,30-09-2024,0.4,Metric Tonnes,3050.0,Rs./Quintal
Maharashtra,Pune,Cereals,Wheat,30-09-2024,44.2,Metric Tonnes,2775.0,Rs./Quintal
Maharashtra,Pune,Cereals,Bajra(Pearl Millet/Cumbu),01-10-2024,39.9,Metric Tonnes,3400.0,Rs./Quintal
Maharashtra,Pune,Cereals,Jowar(Sorghum),01-10-2024,71.7,Metric Tonnes,5387.24,Rs./Quintal
Maharashtra,Pune,Cereals,Maize,01-10-2024,1.4,Metric Tonnes,2617.86,Rs./Quintal
Maharashtra,Pune,Cereals,Wheat,01-10-2024,0.3,Metric Tonnes,2400.0,Rs./Quintal
Maharashtra,Pune,Cereals,Bajra(Pearl Millet/Cumbu),02-10-2024,42.0,Metric Tonnes,3300.0,Rs./Quintal
Maharashtra,Pune,Cereals,Jowar(Sorghum),02-10-2024,69.5,Metric Tonnes,5150.0,Rs./Quintal
Maharashtra,Pune,Cereals,Maize,02-10-2024,0.9,Metric Tonnes,2511.11,Rs./Quintal
Maharashtra,Pune,Cereals,Wheat,02-10-2024,0.2,Metric Tonnes,2800.0,Rs./Quintal
Maharashtra,Pune,Cereals,Bajra(Pearl Millet/Cumbu),03-10-2024,41.3,Metric Tonnes,3262.95,Rs./Quintal
Maharashtra,Pune,Cereals,Jowar(Sorghum),03-10-2024,71.5,Metric Tonnes,5190.35,Rs./Quintal
Maharashtra,Pune,Cereals,Maize,03-10-2024,109.0,Metric Tonnes,2177.98,Rs./Quintal
Maharashtra,Pune,Cereals,Wheat,03-10-2024,39.1,Metric Tonnes,2745.91,Rs./Quintal
Maharashtra,Pune,Cereals,Bajra(Pearl Millet/Cumbu),04-10-2024,39.9,Metric Tonnes,3428.07,Rs./Quintal
Maharashtra,Pune,Cereals,Jowar(Sorghum),04-10-2024,70.9,Metric Tonnes,5100.0,Rs./Quintal
Maharashtra,Pune,Cereals,Maize,04-10-2024,1.7,Metric Tonnes,2335.29,Rs./Quintal
Maharashtra,Pune,Cereals,Bajra(Pearl Millet/Cumbu),05-10-2024,41.5,Metric Tonnes,3442.17,Rs./Quintal
Maharashtra,Pune,Cereals,Jowar(Sorghum),05-10-2024,71.4,Metric Tonnes,5066.39,Rs./Quintal
Maharashtra,Pune,Cereals,Maize,05-10-2024,1360.2,Metric Tonnes,2470.12,Rs./Quintal
Maharashtra,Pune,Cereals,Wheat,05-10-2024,9.0,Metric Tonnes,3000.0,Rs./Quintal
Maharashtra,Pune,Cereals,Bajra(Pearl Millet/Cumbu),06-10-2024,4.9,Metric Tonnes,2500.0,Rs./Quintal
Maharashtra,Pune,Cereals,Maize,06-10-2024,0.1,Metric Tonnes,2200.0,Rs./Quintal
Maharashtra,Pune,Cereals,Wheat,06-10-2024,3.6,Metric Tonnes,2800.0,Rs./Quintal
Maharashtra,Pune,Cereals,Bajra(Pearl Millet/Cumbu),07-10-2024,39.2,Metric Tonnes,3350.0,Rs./Quintal
Maharashtra,Pune,Cereals,Jowar(Sorghum),07-10-2024,70.1,Metric Tonnes,4950.0,Rs./Quintal
Maharashtra,Pune,Cereals,Maize,07-10-2024,0.2,Metric Tonnes,3100.0,Rs./Quintal
Maharashtra,Pune,Cereals,Bajra(Pearl Millet/Cumbu),09-10-2024,39.1,Metric Tonnes,3300.0,Rs./Quintal
Maharashtra,Pune,Cereals,Jowar(Sorghum),09-10-2024,69.5,Metric Tonnes,5000.0,Rs./Quintal
Maharashtra,Pune,Cereals,Maize,09-10-2024,0.2,Metric Tonnes,3150.0,Rs./Quintal
Maharashtra,Pune,Cereals,Bajra(Pearl Millet/Cumbu),10-10-2024,41.6,Metric Tonnes,3253.0,Rs./Quintal
Maharashtra,Pune,Cereals,Jowar(Sorghum),10-10-2024,69.3,Metric Tonnes,5000.0,Rs./Quintal
Maharashtra,Pune,Cereals,Maize,10-10-2024,166.9,Metric Tonnes,2301.53,Rs./Quintal
Maharashtra,Pune,Cereals,Wheat,10-10-2024,31.6,Metric Tonnes,2845.09,Rs./Quintal
Maharashtra,Pune,Cereals,Bajra(Pearl Millet/Cumbu),11-10-2024,38.9,Metric Tonnes,3450.0,Rs./Quintal
Maharashtra,Pune,Cereals,Jowar(Sorghum),11-10-2024,71.1,Metric Tonnes,5100.0,Rs./Quintal
Maharashtra,Pune,Cereals,Maize,11-10-2024,0.3,Metric Tonnes,3100.0,Rs./Quintal
Maharashtra,Pune,Cereals,Bajra(Pearl Millet/Cumbu),12-10-2024,39.3,Metric Tonnes,3350.0,Rs./Quintal
Maharashtra,Pune,Cereals,Jowar(Sorghum),12-10-2024,69.8,Metric Tonnes,4950.0,Rs./Quintal
Maharashtra,Pune,Cereals,Maize,12-10-2024,1634.4,Metric Tonnes,2301.2,Rs./Quintal
Maharashtra,Pune,Cereals,Bajra(Pearl Millet/Cumbu),13-10-2024,2.0,Metric Tonnes,2400.0,Rs./Quintal
Maharashtra,Pune,Cereals,Maize,13-10-2024,0.1,Metric Tonnes,2000.0,Rs./Quintal
Maharashtra,Pune,Cereals,Wheat,13-10-2024,3.1,Metric Tonnes,2800.0,Rs./Quintal
Maharashtra,Pune,Cereals,Bajra(Pearl Millet/Cumbu),14-10-2024,39.1,Metric Tonnes,3450.0,Rs./Quintal
Maharashtra,Pune,Cereals,Jowar(Sorghum),14-10-2024,69.5,Metric Tonnes,5050.0,Rs./Quintal
Maharashtra,Pune,Cereals,Maize,14-10-2024,233.0,Metric Tonnes,2401.03,Rs./Quintal
Maharashtra,Pune,Cereals,Wheat,14-10-2024,27.8,Metric Tonnes,2888.0,Rs./Quintal
Maharashtra,Pune,Cereals,Bajra(Pearl Millet/Cumbu),15-10-2024,38.9,Metric Tonnes,3500.0,Rs./Quintal
Maharashtra,Pune,Cereals,Jowar(Sorghum),15-10-2024,69.2,Metric Tonnes,5000.0,Rs./Quintal
Maharashtra,Pune,Cereals,Maize,15-10-2024,0.2,Metric Tonnes,3100.0,Rs./Quintal
Maharashtra,Pune,Cereals,Bajra(Pearl Millet/Cumbu),16-10-2024,39.1,Metric Tonnes,3350.0,Rs./Quintal
Maharashtra,Pune,Cereals,Jowar(Sorghum),16-10-2024,69.0,Metric Tonnes,5000.0,Rs./Quintal
Maharashtra,Pune,Cereals,Maize,16-10-2024,1811.3,Metric Tonnes,2281.15,Rs./Quintal
Maharashtra,Pune,Cereals,Bajra(Pearl Millet/Cumbu),17-10-2024,38.8,Metric Tonnes,3400.0,Rs./Quintal
Maharashtra,Pune,Cereals,Jowar(Sorghum),17-10-2024,68.5,Metric Tonnes,5000.0,Rs./Quintal
Maharashtra,Pune,Cereals,Maize,17-10-2024,0.3,Metric Tonnes,3250.0,Rs./Quintal
Maharashtra,Pune,Cereals,Wheat,17-10-2024,24.5,Metric Tonnes,2900.0,Rs./Quintal
Maharashtra,Pune,Cereals,Bajra(Pearl Millet/Cumbu),18-10-2024,47.2,Metric Tonnes,3450.0,Rs./Quintal
Maharashtra,Pune,Cereals,Jowar(Sorghum),18-10-2024,68.1,Metric Tonnes,4850.0,Rs./Quintal
Maharashtra,Pune,Cereals,Maize,18-10-2024,0.2,Metric Tonnes,3100.0,Rs./Quintal
Maharashtra,Pune,Cereals,Bajra(Pearl Millet/Cumbu),19-10-2024,39.3,Metric Tonnes,3500.0,Rs./Quintal
Maharashtra,Pune,Cereals,Jowar(Sorghum),19-10-2024,67.8,Metric Tonnes,4700.0,Rs./Quintal
Maharashtra,Pune,Cereals,Maize,19-10-2024,0.4,Metric Tonnes,3100.0,Rs./Quintal
Maharashtra,Pune,Cereals,Bajra(Pearl Millet/Cumbu),21-10-2024,39.5,Metric Tonnes,3600.0,Rs./Quintal
Maharashtra,Pune,Cereals,Jowar(Sorghum),21-10-2024,67.4,Metric Tonnes,4500.0,Rs./Quintal
Maharashtra,Pune,Cereals,Maize,21-10-2024,0.3,Metric Tonnes,3000.0,Rs./Quintal
Maharashtra,Pune,Cereals,Wheat,21-10-2024,25.1,Metric Tonnes,2900.0,Rs./Quintal
Maharashtra,Pune,Cereals,Bajra(Pearl Millet/Cumbu),22-10-2024,39.3,Metric Tonnes,3500.0,Rs./Quintal
Maharashtra,Pune,Cereals,Jowar(Sorghum),22-10-2024,67.2,Metric Tonnes,4600.0,Rs./Quintal
Maharashtra,Pune,Cereals,Maize,22-10-2024,0.3,Metric Tonnes,3200.0,Rs./Quintal
Maharashtra,Pune,Cereals,Bajra(Pearl Millet/Cumbu),23-10-2024,39.0,Metric Tonnes,3500.0,Rs./Quintal
Maharashtra,Pune,Cereals,Jowar(Sorghum),23-10-2024,67.8,Metric Tonnes,4460.93,Rs./Quintal
Maharashtra,Pune,Cereals,Maize,23-10-2024,1850.2,Metric Tonnes,2351.1,Rs./Quintal
Maharashtra,Pune,Cereals,Wheat,23-10-2024,3.0,Metric Tonnes,2321.0,Rs./Quintal
Maharashtra,Pune,Cereals,Bajra(Pearl Millet/Cumbu),24-10-2024,39.3,Metric Tonnes,3350.0,Rs./Quintal
Maharashtra,Pune,Cereals,Jowar(Sorghum),24-10-2024,66.5,Metric Tonnes,4600.0,Rs./Quintal
Maharashtra,Pune,Cereals,Maize,24-10-2024,0.2,Metric Tonnes,3100.0,Rs./Quintal
Maharashtra,Pune,Cereals,Wheat,24-10-2024,47.0,Metric Tonnes,2950.5,Rs./Quintal
Maharashtra,Pune,Cereals,Bajra(Pearl Millet/Cumbu),25-10-2024,39.6,Metric Tonnes,3350.0,Rs./Quintal
Maharashtra,Pune,Cereals,Jowar(Sorghum),25-10-2024,66.7,Metric Tonnes,4600.0,Rs./Quintal
Maharashtra,Pune,Cereals,Maize,25-10-2024,0.3,Metric Tonnes,3000.0,Rs./Quintal
Maharashtra,Pune,Cereals,Bajra(Pearl Millet/Cumbu),26-10-2024,39.9,Metric Tonnes,3600.0,Rs./Quintal
Maharashtra,Pune,Cereals,Jowar(Sorghum),26-10-2024,67.7,Metric Tonnes,4500.0,Rs./Quintal
Maharashtra,Pune,Cereals,Maize,26-10-2024,0.4,Metric Tonnes,3000.0,Rs./Quintal
Maharashtra,Pune,Cereals,Bajra(Pearl Millet/Cumbu),27-10-2024,1.6,Metric Tonnes,2450.0,Rs./Quintal
Maharashtra,Pune,Cereals,Jowar(Sorghum),27-10-2024,0.5,Metric Tonnes,3751.0,Rs./Quintal
Maharashtra,Pune,Cereals,Maize,27-10-2024,0.4,Metric Tonnes,2250.0,Rs./Quintal
Maharashtra,Pune,Cereals,Wheat,27-10-2024,6.0,Metric Tonnes,2800.0,Rs./Quintal
Maharashtra,Pune,Cereals,Bajra(Pearl Millet/Cumbu),28-10-2024,40.2,Metric Tonnes,3600.0,Rs./Quintal
Maharashtra,Pune,Cereals,Jowar(Sorghum),28-10-2024,68.0,Metric Tonnes,4400.0,Rs./Quintal
Maharashtra,Pune,Cereals,Maize,28-10-2024,0.3,Metric Tonnes,3100.0,Rs./Quintal
Maharashtra,Pune,Cereals,Bajra(Pearl Millet/Cumbu),29-10-2024,40.2,Metric Tonnes,3400.0,Rs./Quintal
Maharashtra,Pune,Cereals,Jowar(Sorghum),29-10-2024,67.5,Metric Tonnes,4200.0,Rs./Quintal
Maharashtra,Pune,Cereals,Maize,29-10-2024,0.4,Metric Tonnes,3200.0,Rs./Quintal
Maharashtra,Pune,Cereals,Bajra(Pearl Millet/Cumbu),30-10-2024,40.0,Metric Tonnes,3500.0,Rs./Quintal
Maharashtra,Pune,Cereals,Jowar(Sorghum),30-10-2024,67.7,Metric Tonnes,4250.0,Rs./Quintal
Maharashtra,Pune,Cereals,Maize,30-10-2024,0.3,Metric Tonnes,3250.0,Rs./Quintal
Maharashtra,Pune,Cereals,Bajra(Pearl Millet/Cumbu),31-10-2024,39.2,Metric Tonnes,3500.0,Rs./Quintal
Maharashtra,Pune,Cereals,Jowar(Sorghum),31-10-2024,67.0,Metric Tonnes,4500.0,Rs./Quintal
Maharashtra,Pune,Cereals,Maize,31-10-2024,0.2,Metric Tonnes,3250.0,Rs./Quintal
Maharashtra,Pune,Cereals,Bajra(Pearl Millet/Cumbu),02-11-2024,39.5,Metric Tonnes,3350.0,Rs./Quintal
Maharashtra,Pune,Cereals,Jowar(Sorghum),02-11-2024,66.7,Metric Tonnes,4600.0,Rs./Quintal
Maharashtra,Pune,Cereals,Maize,02-11-2024,0.3,Metric Tonnes,3100.0,Rs./Quintal
Maharashtra,Pune,Cereals,Bajra(Pearl Millet/Cumbu),03-11-2024,0.6,Metric Tonnes,2500.0,Rs./Quintal
Maharashtra,Pune,Cereals,Wheat,03-11-2024,4.1,Metric Tonnes,2700.0,Rs./Quintal
Maharashtra,Pune,Cereals,Bajra(Pearl Millet/Cumbu),05-11-2024,40.0,Metric Tonnes,3350.0,Rs./Quintal
Maharashtra,Pune,Cereals,Jowar(Sorghum),05-11-2024,67.3,Metric Tonnes,4600.0,Rs./Quintal
Maharashtra,Pune,Cereals,Maize,05-11-2024,0.6,Metric Tonnes,3100.0,Rs./Quintal
Maharashtra,Pune,Cereals,Bajra(Pearl Millet/Cumbu),06-11-2024,39.6,Metric Tonnes,3500.0,Rs./Quintal
Maharashtra,Pune,Cereals,Jowar(Sorghum),06-11-2024,67.1,Metric Tonnes,4500.0,Rs./Quintal
Maharashtra,Pune,Cereals,Maize,06-11-2024,0.3,Metric Tonnes,3250.0,Rs./Quintal
Maharashtra,Pune,Cereals,Bajra(Pearl Millet/Cumbu),07-11-2024,40.2,Metric Tonnes,3591.04,Rs./Quintal
Maharashtra,Pune,Cereals,Jowar(Sorghum),07-11-2024,67.4,Metric Tonnes,4600.0,Rs./Quintal
Maharashtra,Pune,Cereals,Maize,07-11-2024,627.2,Metric Tonnes,2151.45,Rs./Quintal
Maharashtra,Pune,Cereals,Wheat,07-11-2024,83.9,Metric Tonnes,2853.78,Rs./Quintal
Maharashtra,Pune,Cereals,Bajra(Pearl Millet/Cumbu),08-11-2024,40.1,Metric Tonnes,3600.0,Rs./Quintal
Maharashtra,Pune,Cereals,Jowar(Sorghum),08-11-2024,67.1,Metric Tonnes,4700.0,Rs./Quintal
Maharashtra,Pune,Cereals,Maize,08-11-2024,0.2,Metric Tonnes,3000.0,Rs./Quintal
Maharashtra,Pune,Cereals,Bajra(Pearl Millet/Cumbu),09-11-2024,40.1,Metric Tonnes,3600.0,Rs./Quintal
Maharashtra,Pune,Cereals,Jowar(Sorghum),09-11-2024,67.7,Metric Tonnes,4600.0,Rs./Quintal
Maharashtra,Pune,Cereals,Maize,09-11-2024,0.4,Metric Tonnes,3100.0,Rs./Quintal
Maharashtra,Pune,Cereals,Maize,10-11-2024,710.0,Metric Tonnes,2100.0,Rs./Quintal
Maharashtra,Pune,Cereals,Bajra(Pearl Millet/Cumbu),11-11-2024,42.9,Metric Tonnes,3596.74,Rs./Quintal
Maharashtra,Pune,Cereals,Jowar(Sorghum),11-11-2024,69.1,Metric Tonnes,4700.0,Rs./Quintal
Maharashtra,Pune,Cereals,Maize,11-11-2024,682.2,Metric Tonnes,2187.86,Rs./Quintal
Maharashtra,Pune,Cereals,Wheat,11-11-2024,32.4,Metric Tonnes,2969.55,Rs./Quintal
Maharashtra,Pune,Cereals,Bajra(Pearl Millet/Cumbu),12-11-2024,42.5,Metric Tonnes,3650.0,Rs./Quintal
Maharashtra,Pune,Cereals,Jowar(Sorghum),12-11-2024,69.4,Metric Tonnes,4800.0,Rs./Quintal
Maharashtra,Pune,Cereals,Maize,12-11-2024,0.3,Metric Tonnes,3200.0,Rs./Quintal
Maharashtra,Pune,Cereals,Wheat,12-11-2024,1.3,Metric Tonnes,3000.0,Rs./Quintal
Maharashtra,Pune,Cereals,Bajra(Pearl Millet/Cumbu),13-11-2024,43.8,Metric Tonnes,3660.27,Rs./Quintal
Maharashtra,Pune,Cereals,Jowar(Sorghum),13-11-2024,69.8,Metric Tonnes,4696.13,Rs./Quintal
Maharashtra,Pune,Cereals,Maize,13-11-2024,3682.2,Metric Tonnes,2171.05,Rs./Quintal
Maharashtra,Pune,Cereals,Wheat,13-11-2024,2.1,Metric Tonnes,2971.43,Rs./Quintal
Maharashtra,Pune,Cereals,Bajra(Pearl Millet/Cumbu),14-11-2024,42.9,Metric Tonnes,3587.41,Rs./Quintal
Maharashtra,Pune,Cereals,Jowar(Sorghum),14-11-2024,67.7,Metric Tonnes,4568.09,Rs./Quintal
Maharashtra,Pune,Cereals,Maize,14-11-2024,5.1,Metric Tonnes,1981.37,Rs./Quintal
Maharashtra,Pune,Cereals,Wheat,14-11-2024,4.1,Metric Tonnes,2821.95,Rs./Quintal
Maharashtra,Pune,Cereals,Bajra(Pearl Millet/Cumbu),15-11-2024,42.3,Metric Tonnes,3600.0,Rs./Quintal
Maharashtra,Pune,Cereals,Jowar(Sorghum),15-11-2024,69.9,Metric Tonnes,4700.0,Rs./Quintal
Maharashtra,Pune,Cereals,Maize,15-11-2024,0.3,Metric Tonnes,3000.0,Rs./Quintal
Maharashtra,Pune,Cereals,Bajra(Pearl Millet/Cumbu),16-11-2024,50.5,Metric Tonnes,3591.74,Rs./Quintal
Maharashtra,Pune,Cereals,Jowar(Sorghum),16-11-2024,75.6,Metric Tonnes,4586.59,Rs./Quintal
Maharashtra,Pune,Cereals,Maize,16-11-2024,4626.3,Metric Tonnes,2181.05,Rs./Quintal
Maharashtra,Pune,Cereals,Wheat,16-11-2024,3.1,Metric Tonnes,2749.35,Rs./Quintal
Maharashtra,Pune,Cereals,Bajra(Pearl Millet/Cumbu),17-11-2024,2.1,Metric Tonnes,2671.43,Rs./Quintal
Maharashtra,Pune,Cereals,Jowar(Sorghum),17-11-2024,0.2,Metric Tonnes,2000.0,Rs./Quintal
Maharashtra,Pune,Cereals,Maize,17-11-2024,1.5,Metric Tonnes,2050.0,Rs./Quintal
Maharashtra,Pune,Cereals,Wheat,17-11-2024,2.2,Metric Tonnes,2850.0,Rs./Quintal
Maharashtra,Pune,Cereals,Bajra(Pearl Millet/Cumbu),18-11-2024,43.8,Metric Tonnes,3674.89,Rs./Quintal
Maharashtra,Pune,Cereals,Jowar(Sorghum),18-11-2024,70.4,Metric Tonnes,4680.82,Rs./Quintal
Maharashtra,Pune,Cereals,Maize,18-11-2024,8.0,Metric Tonnes,2071.25,Rs./Quintal
Maharashtra,Pune,Cereals,Wheat,18-11-2024,0.1,Metric Tonnes,2700.0,Rs./Quintal
Maharashtra,Pune,Cereals,Bajra(Pearl Millet/Cumbu),19-11-2024,42.2,Metric Tonnes,3500.0,Rs./Quintal
Maharashtra,Pune,Cereals,Jowar(Sorghum),19-11-2024,69.7,Metric Tonnes,4250.0,Rs./Quintal
Maharashtra,Pune,Cereals,Maize,19-11-2024,0.3,Metric Tonnes,3100.0,Rs./Quintal
Maharashtra,Pune,Cereals,Bajra(Pearl Millet/Cumbu),21-11-2024,43.3,Metric Tonnes,3632.91,Rs./Quintal
Maharashtra,Pune,Cereals,Jowar(Sorghum),21-11-2024,69.4,Metric Tonnes,4600.0,Rs./Quintal
Maharashtra,Pune,Cereals,Maize,21-11-2024,483.7,Metric Tonnes,2325.59,Rs./Quintal
Maharashtra,Pune,Cereals,Wheat,21-11-2024,37.5,Metric Tonnes,2948.4,Rs./Quintal
Maharashtra,Pune,Cereals,Bajra(Pearl Millet/Cumbu),22-11-2024,42.3,Metric Tonnes,3750.0,Rs./Quintal
Maharashtra,Pune,Cereals,Jowar(Sorghum),22-11-2024,69.6,Metric Tonnes,4800.0,Rs./Quintal
Maharashtra,Pune,Cereals,Maize,22-11-2024,0.9,Metric Tonnes,2333.33,Rs./Quintal
Maharashtra,Pune,Cereals,Wheat,22-11-2024,0.7,Metric Tonnes,2800.0,Rs./Quintal
Maharashtra,Pune,Cereals,Bajra(Pearl Millet/Cumbu),23-11-2024,44.1,Metric Tonnes,3565.53,Rs./Quintal
Maharashtra,Pune,Cereals,Jowar(Sorghum),23-11-2024,85.2,Metric Tonnes,4114.08,Rs./Quintal
Maharashtra,Pune,Cereals,Maize,23-11-2024,2633.2,Metric Tonnes,2191.06,Rs./Quintal
Maharashtra,Pune,Cereals,Wheat,23-11-2024,4.0,Metric Tonnes,2900.0,Rs./Quintal
Maharashtra,Pune,Cereals,Bajra(Pearl Millet/Cumbu),24-11-2024,0.8,Metric Tonnes,2700.0,Rs./Quintal
Maharashtra,Pune,Cereals,Jowar(Sorghum),24-11-2024,0.1,Metric Tonnes,1800.0,Rs./Quintal
Maharashtra,Pune,Cereals,Maize,24-11-2024,5.1,Metric Tonnes,2169.61,Rs./Quintal
Maharashtra,Pune,Cereals,Wheat,24-11-2024,1.7,Metric Tonnes,2861.76,Rs./Quintal
Maharashtra,Pune,Cereals,Bajra(Pearl Millet/Cumbu),25-11-2024,42.5,Metric Tonnes,3646.59,Rs./Quintal
Maharashtra,Pune,Cereals,Jowar(Sorghum),25-11-2024,67.7,Metric Tonnes,4692.61,Rs./Quintal
Maharashtra,Pune,Cereals,Maize,25-11-2024,694.4,Metric Tonnes,2081.84,Rs./Quintal
Maharashtra,Pune,Cereals,Wheat,25-11-2024,32.3,Metric Tonnes,2892.88,Rs./Quintal
Maharashtra,Pune,Cereals,Bajra(Pearl Millet/Cumbu),26-11-2024,43.0,Metric Tonnes,3600.0,Rs./Quintal
Maharashtra,Pune,Cereals,Jowar(Sorghum),26-11-2024,70.3,Metric Tonnes,4593.17,Rs./Quintal
Maharashtra,Pune,Cereals,Maize,26-11-2024,3.4,Metric Tonnes,2247.79,Rs./Quintal
Maharashtra,Pune,Cereals,Bajra(Pearl Millet/Cumbu),27-11-2024,43.3,Metric Tonnes,3400.0,Rs./Quintal
Maharashtra,Pune,Cereals,Jowar(Sorghum),27-11-2024,70.4,Metric Tonnes,4800.0,Rs./Quintal
Maharashtra,Pune,Cereals,Maize,27-11-2024,0.2,Metric Tonnes,2900.0,Rs./Quintal
Maharashtra,Pune,Cereals,Bajra(Pearl Millet/Cumbu),28-11-2024,43.5,Metric Tonnes,3300.0,Rs./Quintal
Maharashtra,Pune,Cereals,Jowar(Sorghum),28-11-2024,70.1,Metric Tonnes,5000.0,Rs./Quintal
Maharashtra,Pune,Cereals,Maize,28-11-2024,0.3,Metric Tonnes,2750.0,Rs./Quintal
Maharashtra,Pune,Cereals,Wheat,29-11-2024,0.1,Metric Tonnes,2200.0,Rs./Quintal
Maharashtra,Pune,Cereals,Wheat,30-11-2024,0.1,Metric Tonnes,2300.0,Rs./Quintal
Maharashtra,Pune,Cereals,Bajra(Pearl Millet/Cumbu),01-12-2024,2.5,Metric Tonnes,2556.0,Rs./Quintal
Maharashtra,Pune,Cereals,Jowar(Sorghum),01-12-2024,0.3,Metric Tonnes,1800.0,Rs./Quintal
Maharashtra,Pune,Cereals,Maize,01-12-2024,2.7,Metric Tonnes,2000.0,Rs./Quintal
Maharashtra,Pune,Cereals,Wheat,01-12-2024,2.4,Metric Tonnes,2741.67,Rs./Quintal
Maharashtra,Pune,Cereals,Bajra(Pearl Millet/Cumbu),02-12-2024,43.7,Metric Tonnes,3500.0,Rs./Quintal
Maharashtra,Pune,Cereals,Jowar(Sorghum),02-12-2024,70.6,Metric Tonnes,5100.0,Rs./Quintal
Maharashtra,Pune,Cereals,Maize,02-12-2024,0.3,Metric Tonnes,2500.0,Rs./Quintal
Maharashtra,Pune,Cereals,Wheat,02-12-2024,0.5,Metric Tonnes,2900.0,Rs./Quintal
Maharashtra,Pune,Cereals,Bajra(Pearl Millet/Cumbu),03-12-2024,43.3,Metric Tonnes,3450.0,Rs./Quintal
Maharashtra,Pune,Cereals,Jowar(Sorghum),03-12-2024,70.2,Metric Tonnes,5000.0,Rs./Quintal
Maharashtra,Pune,Cereals,Maize,03-12-2024,0.4,Metric Tonnes,2550.0,Rs./Quintal
Maharashtra,Pune,Cereals,Wheat,03-12-2024,42.4,Metric Tonnes,4500.0,Rs./Quintal
Maharashtra,Pune,Cereals,Bajra(Pearl Millet/Cumbu),04-12-2024,43.0,Metric Tonnes,3500.0,Rs./Quintal
Maharashtra,Pune,Cereals,Jowar(Sorghum),04-12-2024,69.9,Metric Tonnes,5100.0,Rs./Quintal
Maharashtra,Pune,Cereals,Maize,04-12-2024,0.2,Metric Tonnes,2600.0,Rs./Quintal
Maharashtra,Pune,Cereals,Bajra(Pearl Millet/Cumbu),05-12-2024,43.6,Metric Tonnes,3646.1,Rs./Quintal
Maharashtra,Pune,Cereals,Jowar(Sorghum),05-12-2024,70.3,Metric Tonnes,5250.0,Rs./Quintal
Maharashtra,Pune,Cereals,Maize,05-12-2024,230.3,Metric Tonnes,2179.81,Rs./Quintal
Maharashtra,Pune,Cereals,Wheat,05-12-2024,85.0,Metric Tonnes,3634.15,Rs./Quintal
Maharashtra,Pune,Cereals,Bajra(Pearl Millet/Cumbu),06-12-2024,43.0,Metric Tonnes,3550.0,Rs./Quintal
Maharashtra,Pune,Cereals,Jowar(Sorghum),06-12-2024,70.4,Metric Tonnes,5300.0,Rs./Quintal
Maharashtra,Pune,Cereals,Maize,06-12-2024,0.3,Metric Tonnes,2550.0,Rs./Quintal
Maharashtra,Pune,Cereals,Bajra(Pearl Millet/Cumbu),07-12-2024,44.0,Metric Tonnes,3500.0,Rs./Quintal
Maharashtra,Pune,Cereals,Jowar(Sorghum),07-12-2024,70.4,Metric Tonnes,5100.0,Rs./Quintal
Maharashtra,Pune,Cereals,Maize,07-12-2024,0.3,Metric Tonnes,2500.0,Rs./Quintal
Maharashtra,Pune,Cereals,Bajra(Pearl Millet/Cumbu),08-12-2024,1.9,Metric Tonnes,2650.0,Rs./Quintal
Maharashtra,Pune,Cereals,Jowar(Sorghum),08-12-2024,0.1,Metric Tonnes,2400.0,Rs./Quintal
Maharashtra,Pune,Cereals,Maize,08-12-2024,0.1,Metric Tonnes,2050.0,Rs./Quintal
Maharashtra,Pune,Cereals,Wheat,08-12-2024,1.7,Metric Tonnes,2800.0,Rs./Quintal
Maharashtra,Pune,Cereals,Bajra(Pearl Millet/Cumbu),09-12-2024,43.8,Metric Tonnes,3400.0,Rs./Quintal
Maharashtra,Pune,Cereals,Jowar(Sorghum),09-12-2024,70.1,Metric Tonnes,5200.0,Rs./Quintal
Maharashtra,Pune,Cereals,Maize,09-12-2024,0.2,Metric Tonnes,2550.0,Rs./Quintal
Maharashtra,Pune,Cereals,Wheat,09-12-2024,85.3,Metric Tonnes,3649.74,Rs./Quintal
Maharashtra,Pune,Cereals,Bajra(Pearl Millet/Cumbu),10-12-2024,43.5,Metric Tonnes,3450.0,Rs./Quintal
Maharashtra,Pune,Cereals,Jowar(Sorghum),10-12-2024,70.4,Metric Tonnes,5400.0,Rs./Quintal
Maharashtra,Pune,Cereals,Maize,10-12-2024,0.4,Metric Tonnes,2550.0,Rs./Quintal
Maharashtra,Pune,Cereals,Wheat,10-12-2024,41.7,Metric Tonnes,4400.0,Rs./Quintal
Maharashtra,Pune,Cereals,Bajra(Pearl Millet/Cumbu),11-12-2024,44.0,Metric Tonnes,3450.0,Rs./Quintal
Maharashtra,Pune,Cereals,Jowar(Sorghum),11-12-2024,70.9,Metric Tonnes,5600.0,Rs./Quintal
Maharashtra,Pune,Cereals,Maize,11-12-2024,0.2,Metric Tonnes,2500.0,Rs./Quintal
Maharashtra,Pune,Cereals,Wheat,11-12-2024,41.5,Metric Tonnes,4350.0,Rs./Quintal
Maharashtra,Pune,Cereals,Bajra(Pearl Millet/Cumbu),12-12-2024,45.0,Metric Tonnes,3570.67,Rs./Quintal
Maharashtra,Pune,Cereals,Jowar(Sorghum),12-12-2024,70.5,Metric Tonnes,5446.42,Rs./Quintal
Maharashtra,Pune,Cereals,Maize,12-12-2024,202.5,Metric Tonnes,2375.2,Rs./Quintal
Maharashtra,Pune,Cereals,Wheat,12-12-2024,71.6,Metric Tonnes,3751.4,Rs./Quintal
Maharashtra,Pune,Cereals,Bajra(Pearl Millet/Cumbu),13-12-2024,43.7,Metric Tonnes,3550.0,Rs./Quintal
Maharashtra,Pune,Cereals,Jowar(Sorghum),13-12-2024,70.7,Metric Tonnes,5450.0,Rs./Quintal
Maharashtra,Pune,Cereals,Maize,13-12-2024,0.2,Metric Tonnes,2500.0,Rs./Quintal
Maharashtra,Pune,Cereals,Wheat,13-12-2024,41.4,Metric Tonnes,4500.0,Rs./Quintal
Maharashtra,Pune,Cereals,Bajra(Pearl Millet/Cumbu),14-12-2024,44.2,Metric Tonnes,3500.0,Rs./Quintal
Maharashtra,Pune,Cereals,Jowar(Sorghum),14-12-2024,70.7,Metric Tonnes,5100.0,Rs./Quintal
Maharashtra,Pune,Cereals,Maize,14-12-2024,0.4,Metric Tonnes,2500.0,Rs./Quintal
Maharashtra,Pune,Cereals,Bajra(Pearl Millet/Cumbu),15-12-2024,1.8,Metric Tonnes,2900.0,Rs./Quintal
Maharashtra,Pune,Cereals,Jowar(Sorghum),15-12-2024,0.1,Metric Tonnes,2500.0,Rs./Quintal
Maharashtra,Pune,Cereals,Wheat,15-12-2024,2.6,Metric Tonnes,2900.0,Rs./Quintal
Maharashtra,Pune,Cereals,Bajra(Pearl Millet/Cumbu),16-12-2024,44.0,Metric Tonnes,3550.0,Rs./Quintal
Maharashtra,Pune,Cereals,Jowar(Sorghum),16-12-2024,71.0,Metric Tonnes,5000.0,Rs./Quintal
Maharashtra,Pune,Cereals,Maize,16-12-2024,132.9,Metric Tonnes,2380.16,Rs./Quintal
Maharashtra,Pune,Cereals,Wheat,16-12-2024,74.1,Metric Tonnes,3798.81,Rs./Quintal
Maharashtra,Pune,Cereals,Bajra(Pearl Millet/Cumbu),17-12-2024,44.3,Metric Tonnes,3450.0,Rs./Quintal
Maharashtra,Pune,Cereals,Jowar(Sorghum),17-12-2024,70.5,Metric Tonnes,4800.0,Rs./Quintal
Maharashtra,Pune,Cereals,Maize,17-12-2024,0.3,Metric Tonnes,2550.0,Rs./Quintal
Maharashtra,Pune,Cereals,Wheat,17-12-2024,40.9,Metric Tonnes,4500.0,Rs./Quintal
Maharashtra,Pune,Cereals,Bajra(Pearl Millet/Cumbu),18-12-2024,44.6,Metric Tonnes,3450.0,Rs./Quintal
Maharashtra,Pune,Cereals,Jowar(Sorghum),18-12-2024,70.3,Metric Tonnes,4850.0,Rs./Quintal
Maharashtra,Pune,Cereals,Maize,18-12-2024,0.2,Metric Tonnes,2550.0,Rs./Quintal
Maharashtra,Pune,Cereals,Wheat,18-12-2024,40.7,Metric Tonnes,4450.0,Rs./Quintal
Maharashtra,Pune,Cereals,Bajra(Pearl Millet/Cumbu),19-12-2024,44.6,Metric Tonnes,3448.54,Rs./Quintal
Maharashtra,Pune,Cereals,Jowar(Sorghum),19-12-2024,70.8,Metric Tonnes,4796.75,Rs./Quintal
Maharashtra,Pune,Cereals,Maize,19-12-2024,0.4,Metric Tonnes,2550.0,Rs./Quintal
Maharashtra,Pune,Cereals,Wheat,19-12-2024,70.2,Metric Tonnes,3836.04,Rs./Quintal
Maharashtra,Pune,Cereals,Bajra(Pearl Millet/Cumbu),20-12-2024,45.3,Metric Tonnes,3431.24,Rs./Quintal
Maharashtra,Pune,Cereals,Jowar(Sorghum),20-12-2024,70.6,Metric Tonnes,4850.0,Rs./Quintal
Maharashtra,Pune,Cereals,Maize,20-12-2024,0.3,Metric Tonnes,2550.0,Rs./Quintal
Maharashtra,Pune,Cereals,Wheat,20-12-2024,40.7,Metric Tonnes,4441.4,Rs./Quintal
Maharashtra,Pune,Cereals,Bajra(Pearl Millet/Cumbu),21-12-2024,56.7,Metric Tonnes,3750.0,Rs./Quintal
Maharashtra,Pune,Cereals,Jowar(Sorghum),21-12-2024,70.9,Metric Tonnes,5050.0,Rs./Quintal
Maharashtra,Pune,Cereals,Maize,21-12-2024,0.2,Metric Tonnes,2550.0,Rs./Quintal
Maharashtra,Pune,Cereals,Wheat,21-12-2024,0.3,Metric Tonnes,2600.0,Rs./Quintal
Maharashtra,Pune,Cereals,Bajra(Pearl Millet/Cumbu),22-12-2024,4.1,Metric Tonnes,2700.0,Rs./Quintal
Maharashtra,Pune,Cereals,Maize,22-12-2024,0.3,Metric Tonnes,2200.0,Rs./Quintal
Maharashtra,Pune,Cereals,Wheat,22-12-2024,1.3,Metric Tonnes,2800.0,Rs./Quintal
Maharashtra,Pune,Cereals,Bajra(Pearl Millet/Cumbu),23-12-2024,45.4,Metric Tonnes,3443.06,Rs./Quintal
Maharashtra,Pune,Cereals,Jowar(Sorghum),23-12-2024,72.9,Metric Tonnes,4850.0,Rs./Quintal
Maharashtra,Pune,Cereals,Maize,23-12-2024,106.9,Metric Tonnes,2352.87,Rs./Quintal
Maharashtra,Pune,Cereals,Wheat,23-12-2024,61.3,Metric Tonnes,3936.13,Rs./Quintal
Maharashtra,Pune,Cereals,Bajra(Pearl Millet/Cumbu),24-12-2024,44.3,Metric Tonnes,3450.0,Rs./Quintal
Maharashtra,Pune,Cereals,Jowar(Sorghum),24-12-2024,70.9,Metric Tonnes,4800.0,Rs./Quintal
Maharashtra,Pune,Cereals,Maize,24-12-2024,2.2,Metric Tonnes,2118.18,Rs./Quintal
Maharashtra,Pune,Cereals,Wheat,24-12-2024,40.9,Metric Tonnes,4500.0,Rs./Quintal
Maharashtra,Pune,Cereals,Bajra(Pearl Millet/Cumbu),25-12-2024,43.9,Metric Tonnes,3750.0,Rs./Quintal
Maharashtra,Pune,Cereals,Jowar(Sorghum),25-12-2024,71.1,Metric Tonnes,5050.0,Rs./Quintal
Maharashtra,Pune,Cereals,Maize,25-12-2024,0.2,Metric Tonnes,2550.0,Rs./Quintal
Maharashtra,Pune,Cereals,Bajra(Pearl Millet/Cumbu),26-12-2024,45.0,Metric Tonnes,3775.56,Rs./Quintal
Maharashtra,Pune,Cereals,Jowar(Sorghum),26-12-2024,72.8,Metric Tonnes,5134.62,Rs./Quintal
Maharashtra,Pune,Cereals,Maize,26-12-2024,142.5,Metric Tonnes,2235.02,Rs./Quintal
Maharashtra,Pune,Cereals,Wheat,26-12-2024,29.0,Metric Tonnes,2899.66,Rs./Quintal
Maharashtra,Pune,Cereals,Bajra(Pearl Millet/Cumbu),27-12-2024,44.3,Metric Tonnes,3650.0,Rs./Quintal
Maharashtra,Pune,Cereals,Jowar(Sorghum),27-12-2024,71.1,Metric Tonnes,5300.0,Rs./Quintal
Maharashtra,Pune,Cereals,Maize,27-12-2024,0.2,Metric Tonnes,2600.0,Rs./Quintal
Maharashtra,Pune,Cereals,Wheat,27-12-2024,0.2,Metric Tonnes,3000.0,Rs./Quintal
Maharashtra,Pune,Cereals,Bajra(Pearl Millet/Cumbu),28-12-2024,44.1,Metric Tonnes,3448.3,Rs./Quintal
Maharashtra,Pune,Cereals,Jowar(Sorghum),28-12-2024,71.1,Metric Tonnes,4800.0,Rs./Quintal
Maharashtra,Pune,Cereals,Maize,28-12-2024,1.8,Metric Tonnes,2238.89,Rs./Quintal
Maharashtra,Pune,Cereals,Wheat,28-12-2024,40.7,Metric Tonnes,4500.0,Rs./Quintal
Maharashtra,Pune,Cereals,Maize,29-12-2024,0.7,Metric Tonnes,2050.0,Rs./Quintal
Maharashtra,Pune,Cereals,Bajra(Pearl Millet/Cumbu),30-12-2024,43.8,Metric Tonnes,3600.0,Rs./Quintal
Maharashtra,Pune,Cereals,Jowar(Sorghum),30-12-2024,72.3,Metric Tonnes,4965.7,Rs./Quintal
Maharashtra,Pune,Cereals,Maize,30-12-2024,121.0,Metric Tonnes,2372.87,Rs./Quintal
Maharashtra,Pune,Cereals,Wheat,30-12-2024,32.9,Metric Tonnes,3024.85,Rs./Quintal
Maharashtra,Pune,Cereals,Bajra(Pearl Millet/Cumbu),31-12-2024,43.7,Metric Tonnes,3697.71,Rs./Quintal
Maharashtra,Pune,Cereals,Jowar(Sorghum),31-12-2024,71.2,Metric Tonnes,5200.0,Rs./Quintal
Maharashtra,Pune,Cereals,Maize,31-12-2024,0.4,Metric Tonnes,2550.0,Rs./Quintal
Maharashtra,Pune,Cereals,Bajra(Pearl Millet/Cumbu),01-01-2025,51.5,Metric Tonnes,3579.13,Rs./Quintal
Maharashtra,Pune,Cereals,Jowar(Sorghum),01-01-2025,75.8,Metric Tonnes,4882.45,Rs./Quintal
Maharashtra,Pune,Cereals,Maize,01-01-2025,1.9,Metric Tonnes,2323.68,Rs./Quintal
Maharashtra,Pune,Cereals,Wheat,01-01-2025,47.2,Metric Tonnes,4342.37,Rs./Quintal
Maharashtra,Pune,Cereals,Bajra(Pearl Millet/Cumbu),02-01-2025,45.4,Metric Tonnes,3764.1,Rs./Quintal
Maharashtra,Pune,Cereals,Jowar(Sorghum),02-01-2025,71.2,Metric Tonnes,4795.65,Rs./Quintal
Maharashtra,Pune,Cereals,Maize,02-01-2025,212.2,Metric Tonnes,2290.74,Rs./Quintal
Maharashtra,Pune,Cereals,Wheat,02-01-2025,79.2,Metric Tonnes,3707.26,Rs./Quintal
Maharashtra,Pune,Cereals,Bajra(Pearl Millet/Cumbu),03-01-2025,56.5,Metric Tonnes,3850.0,Rs./Quintal
Maharashtra,Pune,Cereals,Jowar(Sorghum),03-01-2025,70.9,Metric Tonnes,4695.91,Rs./Quintal
Maharashtra,Pune,Cereals,Maize,03-01-2025,2.3,Metric Tonnes,2252.17,Rs./Quintal
Maharashtra,Pune,Cereals,Wheat,03-01-2025,40.6,Metric Tonnes,4492.61,Rs./Quintal
Maharashtra,Pune,Cereals,Bajra(Pearl Millet/Cumbu),04-01-2025,44.7,Metric Tonnes,3794.63,Rs./Quintal
Maharashtra,Pune,Cereals,Jowar(Sorghum),04-01-2025,71.0,Metric Tonnes,4600.0,Rs./Quintal
Maharashtra,Pune,Cereals,Maize,04-01-2025,0.3,Metric Tonnes,2450.0,Rs./Quintal
Maharashtra,Pune,Cereals,Wheat,04-01-2025,40.3,Metric Tonnes,4389.58,Rs./Quintal
Maharashtra,Pune,Cereals,Bajra(Pearl Millet/Cumbu),05-01-2025,0.3,Metric Tonnes,2650.0,Rs./Quintal
Maharashtra,Pune,Cereals,Jowar(Sorghum),05-01-2025,0.7,Metric Tonnes,2250.0,Rs./Quintal
Maharashtra,Pune,Cereals,Wheat,05-01-2025,1.8,Metric Tonnes,2877.78,Rs./Quintal
Maharashtra,Pune,Cereals,Bajra(Pearl Millet/Cumbu),06-01-2025,45.1,Metric Tonnes,3743.02,Rs./Quintal
Maharashtra,Pune,Cereals,Jowar(Sorghum),06-01-2025,71.3,Metric Tonnes,4600.0,Rs./Quintal
Maharashtra,Pune,Cereals,Maize,06-01-2025,75.6,Metric Tonnes,2331.66,Rs./Quintal
Maharashtra,Pune,Cereals,Wheat,06-01-2025,71.5,Metric Tonnes,3869.3,Rs./Quintal
Maharashtra,Pune,Cereals,Bajra(Pearl Millet/Cumbu),07-01-2025,45.2,Metric Tonnes,3800.0,Rs./Quintal
Maharashtra,Pune,Cereals,Jowar(Sorghum),07-01-2025,71.0,Metric Tonnes,4600.0,Rs./Quintal
Maharashtra,Pune,Cereals,Maize,07-01-2025,0.3,Metric Tonnes,2500.0,Rs./Quintal
Maharashtra,Pune,Cereals,Wheat,07-01-2025,40.2,Metric Tonnes,4400.0,Rs./Quintal
Maharashtra,Pune,Cereals,Bajra(Pearl Millet/Cumbu),08-01-2025,44.9,Metric Tonnes,3800.0,Rs./Quintal
Maharashtra,Pune,Cereals,Jowar(Sorghum),08-01-2025,71.4,Metric Tonnes,4750.0,Rs./Quintal
Maharashtra,Pune,Cereals,Maize,08-01-2025,0.3,Metric Tonnes,2450.0,Rs./Quintal
Maharashtra,Pune,Cereals,Wheat,08-01-2025,40.4,Metric Tonnes,4450.0,Rs./Quintal
Maharashtra,Pune,Cereals,Bajra(Pearl Millet/Cumbu),09-01-2025,46.9,Metric Tonnes,3563.75,Rs./Quintal
Maharashtra,Pune,Cereals,Jowar(Sorghum),09-01-2025,71.2,Metric Tonnes,4900.0,Rs./Quintal
Maharashtra,Pune,Cereals,Maize,09-01-2025,81.2,Metric Tonnes,2226.6,Rs./Quintal
Maharashtra,Pune,Cereals,Wheat,09-01-2025,80.9,Metric Tonnes,3686.59,Rs./Quintal
Maharashtra,Pune,Cereals,Bajra(Pearl Millet/Cumbu),10-01-2025,45.4,Metric Tonnes,3700.0,Rs./Quintal
Maharashtra,Pune,Cereals,Jowar(Sorghum),10-01-2025,71.4,Metric Tonnes,4750.0,Rs./Quintal
Maharashtra,Pune,Cereals,Maize,10-01-2025,0.3,Metric Tonnes,2500.0,Rs./Quintal
Maharashtra,Pune,Cereals,Wheat,10-01-2025,39.9,Metric Tonnes,4350.0,Rs./Quintal
Maharashtra,Pune,Cereals,Bajra(Pearl Millet/Cumbu),11-01-2025,45.1,Metric Tonnes,3750.0,Rs./Quintal
Maharashtra,Pune,Cereals,Jowar(Sorghum),11-01-2025,71.6,Metric Tonnes,4600.0,Rs./Quintal
Maharashtra,Pune,Cereals,Maize,11-01-2025,0.4,Metric Tonnes,2550.0,Rs./Quintal
Maharashtra,Pune,Cereals,Wheat,11-01-2025,40.7,Metric Tonnes,4500.0,Rs./Quintal
Maharashtra,Pune,Cereals,Bajra(Pearl Millet/Cumbu),12-01-2025,2.4,Metric Tonnes,2500.0,Rs./Quintal
Maharashtra,Pune,Cereals,Wheat,12-01-2025,4.2,Metric Tonnes,2900.0,Rs./Quintal
Maharashtra,Pune,Cereals,Bajra(Pearl Millet/Cumbu),13-01-2025,57.9,Metric Tonnes,3800.0,Rs./Quintal
Maharashtra,Pune,Cereals,Jowar(Sorghum),13-01-2025,71.2,Metric Tonnes,4750.0,Rs./Quintal
Maharashtra,Pune,Cereals,Maize,13-01-2025,68.3,Metric Tonnes,2351.29,Rs./Quintal
Maharashtra,Pune,Cereals,Wheat,13-01-2025,56.4,Metric Tonnes,4064.8,Rs./Quintal
Maharashtra,Pune,Cereals,Bajra(Pearl Millet/Cumbu),14-01-2025,45.0,Metric Tonnes,3700.0,Rs./Quintal
Maharashtra,Pune,Cereals,Jowar(Sorghum),14-01-2025,71.0,Metric Tonnes,4900.0,Rs./Quintal
Maharashtra,Pune,Cereals,Maize,14-01-2025,0.3,Metric Tonnes,2550.0,Rs./Quintal
Maharashtra,Pune,Cereals,Bajra(Pearl Millet/Cumbu),15-01-2025,45.4,Metric Tonnes,3850.0,Rs./Quintal
Maharashtra,Pune,Cereals,Jowar(Sorghum),15-01-2025,72.4,Metric Tonnes,4955.12,Rs./Quintal
Maharashtra,Pune,Cereals,Maize,15-01-2025,824.2,Metric Tonnes,2441.05,Rs./Quintal
Maharashtra,Pune,Cereals,Wheat,15-01-2025,3.0,Metric Tonnes,2911.0,Rs./Quintal
Maharashtra,Pune,Cereals,Bajra(Pearl Millet/Cumbu),16-01-2025,47.5,Metric Tonnes,3601.58,Rs./Quintal
Maharashtra,Pune,Cereals,Jowar(Sorghum),16-01-2025,71.7,Metric Tonnes,5100.0,Rs./Quintal
Maharashtra,Pune,Cereals,Maize,16-01-2025,103.9,Metric Tonnes,2190.81,Rs./Quintal
Maharashtra,Pune,Cereals,Wheat,16-01-2025,35.2,Metric Tonnes,2991.9,Rs./Quintal
Maharashtra,Pune,Cereals,Bajra(Pearl Millet/Cumbu),17-01-2025,45.6,Metric Tonnes,3800.0,Rs./Quintal
Maharashtra,Pune,Cereals,Jowar(Sorghum),17-01-2025,71.9,Metric Tonnes,5200.0,Rs./Quintal
Maharashtra,Pune,Cereals,Maize,17-01-2025,0.2,Metric Tonnes,2500.0,Rs./Quintal
Maharashtra,Pune,Cereals,Bajra(Pearl Millet/Cumbu),18-01-2025,57.6,Metric Tonnes,3842.45,Rs./Quintal
Maharashtra,Pune,Cereals,Jowar(Sorghum),18-01-2025,72.0,Metric Tonnes,5000.0,Rs./Quintal
Maharashtra,Pune,Cereals,Maize,18-01-2025,0.3,Metric Tonnes,2450.0,Rs./Quintal
Maharashtra,Pune,Cereals,Bajra(Pearl Millet/Cumbu),19-01-2025,0.5,Metric Tonnes,2760.0,Rs./Quintal
Maharashtra,Pune,Cereals,Jowar(Sorghum),19-01-2025,0.5,Metric Tonnes,2600.0,Rs./Quintal
Maharashtra,Pune,Cereals,Wheat,19-01-2025,1.4,Metric Tonnes,2825.0,Rs./Quintal
Maharashtra,Pune,Cereals,Maize,20-01-2025,44.8,Metric Tonnes,2237.5,Rs./Quintal
Maharashtra,Pune,Cereals,Wheat,20-01-2025,26.2,Metric Tonnes,3100.0,Rs./Quintal
Maharashtra,Pune,Cereals,Bajra(Pearl Millet/Cumbu),22-01-2025,10.0,Metric Tonnes,2775.0,Rs./Quintal
Maharashtra,Pune,Cereals,Jowar(Sorghum),22-01-2025,8.1,Metric Tonnes,2900.0,Rs./Quintal
Maharashtra,Pune,Cereals,Wheat,22-01-2025,6.7,Metric Tonnes,3500.0,Rs./Quintal
Maharashtra,Pune,Cereals,Jowar(Sorghum),23-01-2025,0.4,Metric Tonnes,3000.0,Rs./Quintal
Maharashtra,Pune,Cereals,Maize,23-01-2025,38.9,Metric Tonnes,2469.6,Rs./Quintal
Maharashtra,Pune,Cereals,Wheat,23-01-2025,27.4,Metric Tonnes,3000.0,Rs./Quintal
Maharashtra,Pune,Cereals,Bajra(Pearl Millet/Cumbu),26-01-2025,0.5,Metric Tonnes,2700.0,Rs./Quintal
Maharashtra,Pune,Cereals,Jowar(Sorghum),26-01-2025,0.1,Metric Tonnes,2100.0,Rs./Quintal
Maharashtra,Pune,Cereals,Wheat,26-01-2025,2.8,Metric Tonnes,2900.0,Rs./Quintal
Maharashtra,Pune,Cereals,Bajra(Pearl Millet/Cumbu),27-01-2025,15.2,Metric Tonnes,2600.0,Rs./Quintal
Maharashtra,Pune,Cereals,Maize,27-01-2025,58.9,Metric Tonnes,2195.33,Rs./Quintal
Maharashtra,Pune,Cereals,Wheat,27-01-2025,58.3,Metric Tonnes,3125.0,Rs./Quintal
Maharashtra,Pune,Cereals,Bajra(Pearl Millet/Cumbu),30-01-2025,59.5,Metric Tonnes,3348.74,Rs./Quintal
Maharashtra,Pune,Cereals,Jowar(Sorghum),30-01-2025,71.6,Metric Tonnes,5575.0,Rs./Quintal
Maharashtra,Pune,Cereals,Maize,30-01-2025,1.2,Metric Tonnes,2291.67,Rs./Quintal
Maharashtra,Pune,Cereals,Wheat,30-01-2025,40.5,Metric Tonnes,2899.56,Rs./Quintal
Maharashtra,Pune,Cereals,Bajra(Pearl Millet/Cumbu),31-01-2025,45.2,Metric Tonnes,3569.03,Rs./Quintal
Maharashtra,Pune,Cereals,Jowar(Sorghum),31-01-2025,71.9,Metric Tonnes,5379.42,Rs./Quintal
Maharashtra,Pune,Cereals,Maize,31-01-2025,0.8,Metric Tonnes,2293.75,Rs./Quintal
Maharashtra,Pune,Cereals,Bajra(Pearl Millet/Cumbu),01-02-2025,43.5,Metric Tonnes,3500.0,Rs./Quintal
Maharashtra,Pune,Cereals,Jowar(Sorghum),01-02-2025,71.2,Metric Tonnes,5300.0,Rs./Quintal
Maharashtra,Pune,Cereals,Maize,01-02-2025,0.2,Metric Tonnes,2550.0,Rs./Quintal
Maharashtra,Pune,Cereals,Bajra(Pearl Millet/Cumbu),02-02-2025,0.4,Metric Tonnes,2600.0,Rs./Quintal
Maharashtra,Pune,Cereals,Wheat,02-02-2025,1.3,Metric Tonnes,2900.0,Rs./Quintal
Maharashtra,Pune,Cereals,Bajra(Pearl Millet/Cumbu),03-02-2025,172.8,Metric Tonnes,3600.0,Rs./Quintal
Maharashtra,Pune,Cereals,Jowar(Sorghum),03-02-2025,286.4,Metric Tonnes,5100.0,Rs./Quintal
Maharashtra,Pune,Cereals,Maize,03-02-2025,96.0,Metric Tonnes,2228.44,Rs./Quintal
Maharashtra,Pune,Cereals,Wheat,03-02-2025,44.5,Metric Tonnes,2800.0,Rs./Quintal
Maharashtra,Pune,Cereals,Bajra(Pearl Millet/Cumbu),04-02-2025,42.9,Metric Tonnes,3650.0,Rs./Quintal
Maharashtra,Pune,Cereals,Jowar(Sorghum),04-02-2025,71.2,Metric Tonnes,5250.0,Rs./Quintal
Maharashtra,Pune,Cereals,Maize,04-02-2025,0.2,Metric Tonnes,2450.0,Rs./Quintal
Maharashtra,Pune,Cereals,Bajra(Pearl Millet/Cumbu),05-02-2025,42.5,Metric Tonnes,3600.0,Rs./Quintal
Maharashtra,Pune,Cereals,Jowar(Sorghum),05-02-2025,70.9,Metric Tonnes,5100.0,Rs./Quintal
Maharashtra,Pune,Cereals,Maize,05-02-2025,146.4,Metric Tonnes,2155.08,Rs./Quintal
Maharashtra,Pune,Cereals,Bajra(Pearl Millet/Cumbu),06-02-2025,77.4,Metric Tonnes,3171.51,Rs./Quintal
Maharashtra,Pune,Cereals,Jowar(Sorghum),06-02-2025,70.2,Metric Tonnes,5200.0,Rs./Quintal
Maharashtra,Pune,Cereals,Maize,06-02-2025,31.2,Metric Tonnes,2291.99,Rs./Quintal
Maharashtra,Pune,Cereals,Wheat,06-02-2025,36.0,Metric Tonnes,2900.0,Rs./Quintal
Maharashtra,Pune,Cereals,Bajra(Pearl Millet/Cumbu),07-02-2025,42.0,Metric Tonnes,3650.0,Rs./Quintal
Maharashtra,Pune,Cereals,Jowar(Sorghum),07-02-2025,66.9,Metric Tonnes,5300.0,Rs./Quintal
Maharashtra,Pune,Cereals,Maize,07-02-2025,0.2,Metric Tonnes,2550.0,Rs./Quintal
Maharashtra,Pune,Cereals,Bajra(Pearl Millet/Cumbu),08-02-2025,42.7,Metric Tonnes,3600.0,Rs./Quintal
Maharashtra,Pune,Cereals,Jowar(Sorghum),08-02-2025,71.2,Metric Tonnes,5100.0,Rs./Quintal
Maharashtra,Pune,Cereals,Maize,08-02-2025,0.4,Metric Tonnes,2550.0,Rs./Quintal
Maharashtra,Pune,Cereals,Bajra(Pearl Millet/Cumbu),09-02-2025,0.4,Metric Tonnes,2650.0,Rs./Quintal
Maharashtra,Pune,Cereals,Jowar(Sorghum),09-02-2025,0.1,Metric Tonnes,2211.0,Rs./Quintal
Maharashtra,Pune,Cereals,Maize,09-02-2025,0.4,Metric Tonnes,2199.0,Rs./Quintal
Maharashtra,Pune,Cereals,Wheat,09-02-2025,2.4,Metric Tonnes,2850.0,Rs./Quintal
Maharashtra,Pune,Cereals,Jowar(Sorghum),12-02-2025,2.0,Metric Tonnes,2551.0,Rs./Quintal
Maharashtra,Pune,Cereals,Bajra(Pearl Millet/Cumbu),13-02-2025,61.1,Metric Tonnes,3212.6,Rs./Quintal
Maharashtra,Pune,Cereals,Jowar(Sorghum),13-02-2025,71.0,Metric Tonnes,4800.0,Rs./Quintal
Maharashtra,Pune,Cereals,Maize,13-02-2025,17.7,Metric Tonnes,2192.94,Rs./Quintal
Maharashtra,Pune,Cereals,Wheat,13-02-2025,21.5,Metric Tonnes,2980.47,Rs./Quintal
Maharashtra,Pune,Cereals,Bajra(Pearl Millet/Cumbu),14-02-2025,41.4,Metric Tonnes,3600.0,Rs./Quintal
Maharashtra,Pune,Cereals,Jowar(Sorghum),14-02-2025,70.7,Metric Tonnes,4900.0,Rs./Quintal
Maharashtra,Pune,Cereals,Maize,14-02-2025,0.2,Metric Tonnes,2400.0,Rs./Quintal
Maharashtra,Pune,Cereals,Bajra(Pearl Millet/Cumbu),15-02-2025,41.1,Metric Tonnes,3500.0,Rs./Quintal
Maharashtra,Pune,Cereals,Jowar(Sorghum),15-02-2025,71.1,Metric Tonnes,5000.0,Rs./Quintal
Maharashtra,Pune,Cereals,Maize,15-02-2025,0.3,Metric Tonnes,2450.0,Rs./Quintal
Maharashtra,Pune,Cereals,Bajra(Pearl Millet/Cumbu),17-02-2025,59.9,Metric Tonnes,3296.16,Rs./Quintal
Maharashtra,Pune,Cereals,Jowar(Sorghum),17-02-2025,70.9,Metric Tonnes,4900.0,Rs./Quintal
Maharashtra,Pune,Cereals,Maize,17-02-2025,21.7,Metric Tonnes,2236.52,Rs./Quintal
Maharashtra,Pune,Cereals,Wheat,17-02-2025,37.5,Metric Tonnes,2935.5,Rs./Quintal
Maharashtra,Pune,Cereals,Bajra(Pearl Millet/Cumbu),18-02-2025,41.5,Metric Tonnes,3489.16,Rs./Quintal
Maharashtra,Pune,Cereals,Jowar(Sorghum),18-02-2025,71.9,Metric Tonnes,4977.47,Rs./Quintal
Maharashtra,Pune,Cereals,Maize,18-02-2025,0.2,Metric Tonnes,2450.0,Rs./Quintal
Maharashtra,Pune,Cereals,Wheat,18-02-2025,2.7,Metric Tonnes,3000.0,Rs./Quintal
Maharashtra,Pune,Cereals,Bajra(Pearl Millet/Cumbu),20-02-2025,63.2,Metric Tonnes,3250.32,Rs./Quintal
Maharashtra,Pune,Cereals,Jowar(Sorghum),20-02-2025,135.8,Metric Tonnes,4203.53,Rs./Quintal
Maharashtra,Pune,Cereals,Maize,20-02-2025,33.9,Metric Tonnes,2281.95,Rs./Quintal
Maharashtra,Pune,Cereals,Wheat,20-02-2025,58.0,Metric Tonnes,3000.5,Rs./Quintal
Maharashtra,Pune,Cereals,Bajra(Pearl Millet/Cumbu),21-02-2025,40.8,Metric Tonnes,3500.0,Rs./Quintal
Maharashtra,Pune,Cereals,Jowar(Sorghum),21-02-2025,70.8,Metric Tonnes,4900.0,Rs./Quintal
Maharashtra,Pune,Cereals,Maize,21-02-2025,0.2,Metric Tonnes,2550.0,Rs./Quintal
Maharashtra,Pune,Cereals,Bajra(Pearl Millet/Cumbu),22-02-2025,41.4,Metric Tonnes,3500.0,Rs./Quintal
Maharashtra,Pune,Cereals,Jowar(Sorghum),22-02-2025,71.4,Metric Tonnes,5000.0,Rs./Quintal
Maharashtra,Pune,Cereals,Maize,22-02-2025,0.2,Metric Tonnes,2450.0,Rs./Quintal
Maharashtra,Pune,Cereals,Bajra(Pearl Millet/Cumbu),23-02-2025,1.3,Metric Tonnes,2375.0,Rs./Quintal
Maharashtra,Pune,Cereals,Wheat,23-02-2025,3.1,Metric Tonnes,3000.0,Rs./Quintal
Maharashtra,Pune,Cereals,Bajra(Pearl Millet/Cumbu),24-02-2025,41.2,Metric Tonnes,3450.0,Rs./Quintal
Maharashtra,Pune,Cereals,Jowar(Sorghum),24-02-2025,71.6,Metric Tonnes,4950.0,Rs./Quintal
Maharashtra,Pune,Cereals,Maize,24-02-2025,38.4,Metric Tonnes,2214.31,Rs./Quintal
Maharashtra,Pune,Cereals,Wheat,24-02-2025,51.7,Metric Tonnes,2993.0,Rs./Quintal
Maharashtra,Pune,Cereals,Bajra(Pearl Millet/Cumbu),25-02-2025,41.6,Metric Tonnes,3450.0,Rs./Quintal
Maharashtra,Pune,Cereals,Jowar(Sorghum),25-02-2025,72.0,Metric Tonnes,4800.0,Rs./Quintal
Maharashtra,Pune,Cereals,Maize,25-02-2025,0.4,Metric Tonnes,2500.0,Rs./Quintal
Maharashtra,Pune,Cereals,Bajra(Pearl Millet/Cumbu),26-02-2025,41.0,Metric Tonnes,3450.0,Rs./Quintal
Maharashtra,Pune,Cereals,Jowar(Sorghum),26-02-2025,71.9,Metric Tonnes,4950.0,Rs./Quintal
Maharashtra,Pune,Cereals,Maize,26-02-2025,0.4,Metric Tonnes,2550.0,Rs./Quintal
Maharashtra,Pune,Cereals,Bajra(Pearl Millet/Cumbu),27-02-2025,57.6,Metric Tonnes,3172.66,Rs./Quintal
Maharashtra,Pune,Cereals,Jowar(Sorghum),27-02-2025,72.2,Metric Tonnes,5041.55,Rs./Quintal
Maharashtra,Pune,Cereals,Maize,27-02-2025,27.5,Metric Tonnes,2330.6,Rs./Quintal
Maharashtra,Pune,Cereals,Wheat,27-02-2025,85.7,Metric Tonnes,2925.06,Rs./Quintal
Maharashtra,Pune,Cereals,Bajra(Pearl Millet/Cumbu),28-02-2025,40.6,Metric Tonnes,3450.0,Rs./Quintal
Maharashtra,Pune,Cereals,Jowar(Sorghum),28-02-2025,72.3,Metric Tonnes,5100.0,Rs./Quintal
Maharashtra,Pune,Cereals,Maize,28-02-2025,0.2,Metric Tonnes,2550.0,Rs./Quintal
Maharashtra,Pune,Cereals,Bajra(Pearl Millet/Cumbu),01-03-2025,41.3,Metric Tonnes,3424.58,Rs./Quintal
Maharashtra,Pune,Cereals,Jowar(Sorghum),01-03-2025,76.5,Metric Tonnes,4837.91,Rs./Quintal
Maharashtra,Pune,Cereals,Maize,01-03-2025,0.4,Metric Tonnes,2600.0,Rs./Quintal
Maharashtra,Pune,Cereals,Bajra(Pearl Millet/Cumbu),03-03-2025,40.8,Metric Tonnes,3442.03,Rs./Quintal
Maharashtra,Pune,Cereals,Jowar(Sorghum),03-03-2025,74.4,Metric Tonnes,5028.49,Rs./Quintal
Maharashtra,Pune,Cereals,Maize,03-03-2025,0.3,Metric Tonnes,2550.0,Rs./Quintal
Maharashtra,Pune,Cereals,Wheat,03-03-2025,48.4,Metric Tonnes,2945.45,Rs./Quintal
Maharashtra,Pune,Cereals,Bajra(Pearl Millet/Cumbu),04-03-2025,41.5,Metric Tonnes,3333.73,Rs./Quintal
Maharashtra,Pune,Cereals,Jowar(Sorghum),04-03-2025,72.9,Metric Tonnes,4991.77,Rs./Quintal
Maharashtra,Pune,Cereals,Maize,04-03-2025,2.0,Metric Tonnes,2240.0,Rs./Quintal
Maharashtra,Pune,Cereals,Wheat,04-03-2025,0.2,Metric Tonnes,2400.0,Rs./Quintal
Maharashtra,Pune,Cereals,Bajra(Pearl Millet/Cumbu),05-03-2025,41.2,Metric Tonnes,3326.94,Rs./Quintal
Maharashtra,Pune,Cereals,Jowar(Sorghum),05-03-2025,73.0,Metric Tonnes,4950.0,Rs./Quintal
Maharashtra,Pune,Cereals,Maize,05-03-2025,0.3,Metric Tonnes,2550.0,Rs./Quintal
Maharashtra,Pune,Cereals,Bajra(Pearl Millet/Cumbu),06-03-2025,61.7,Metric Tonnes,3119.48,Rs./Quintal
Maharashtra,Pune,Cereals,Jowar(Sorghum),06-03-2025,165.1,Metric Tonnes,4203.88,Rs./Quintal
Maharashtra,Pune,Cereals,Maize,06-03-2025,27.7,Metric Tonnes,2231.95,Rs./Quintal
Maharashtra,Pune,Cereals,Wheat,06-03-2025,132.0,Metric Tonnes,2772.02,Rs./Quintal
Maharashtra,Pune,Cereals,Bajra(Pearl Millet/Cumbu),07-03-2025,40.3,Metric Tonnes,3500.0,Rs./Quintal
Maharashtra,Pune,Cereals,Jowar(Sorghum),07-03-2025,73.1,Metric Tonnes,4950.0,Rs./Quintal
Maharashtra,Pune,Cereals,Maize,07-03-2025,0.3,Metric Tonnes,2600.0,Rs./Quintal
Maharashtra,Pune,Cereals,Bajra(Pearl Millet/Cumbu),08-03-2025,40.5,Metric Tonnes,3350.0,Rs./Quintal
Maharashtra,Pune,Cereals,Jowar(Sorghum),08-03-2025,72.9,Metric Tonnes,4950.0,Rs./Quintal
Maharashtra,Pune,Cereals,Maize,08-03-2025,0.2,Metric Tonnes,2550.0,Rs./Quintal
Maharashtra,Pune,Cereals,Bajra(Pearl Millet/Cumbu),10-03-2025,41.5,Metric Tonnes,3379.76,Rs./Quintal
Maharashtra,Pune,Cereals,Jowar(Sorghum),10-03-2025,370.6,Metric Tonnes,3674.06,Rs./Quintal
Maharashtra,Pune,Cereals,Maize,10-03-2025,116.1,Metric Tonnes,2260.46,Rs./Quintal
Maharashtra,Pune,Cereals,Wheat,10-03-2025,294.4,Metric Tonnes,2698.68,Rs./Quintal
Maharashtra,Pune,Cereals,Bajra(Pearl Millet/Cumbu),11-03-2025,40.0,Metric Tonnes,3300.0,Rs./Quintal
Maharashtra,Pune,Cereals,Jowar(Sorghum),11-03-2025,73.6,Metric Tonnes,4800.0,Rs./Quintal
Maharashtra,Pune,Cereals,Maize,11-03-2025,0.2,Metric Tonnes,2600.0,Rs./Quintal
Maharashtra,Pune,Cereals,Bajra(Pearl Millet/Cumbu),12-03-2025,39.7,Metric Tonnes,3400.0,Rs./Quintal
Maharashtra,Pune,Cereals,Jowar(Sorghum),12-03-2025,73.2,Metric Tonnes,4800.0,Rs./Quintal
Maharashtra,Pune,Cereals,Maize,12-03-2025,0.3,Metric Tonnes,2650.0,Rs./Quintal
Maharashtra,Pune,Cereals,Bajra(Pearl Millet/Cumbu),13-03-2025,39.4,Metric Tonnes,3300.0,Rs./Quintal
Maharashtra,Pune,Cereals,Jowar(Sorghum),13-03-2025,73.5,Metric Tonnes,4850.0,Rs./Quintal
Maharashtra,Pune,Cereals,Maize,13-03-2025,0.3,Metric Tonnes,2600.0,Rs./Quintal
Maharashtra,Pune,Cereals,Bajra(Pearl Millet/Cumbu),14-03-2025,40.5,Metric Tonnes,3400.0,Rs./Quintal
Maharashtra,Pune,Cereals,Jowar(Sorghum),14-03-2025,73.5,Metric Tonnes,4900.0,Rs./Quintal
Maharashtra,Pune,Cereals,Maize,14-03-2025,0.4,Metric Tonnes,2500.0,Rs./Quintal
Maharashtra,Pune,Cereals,Bajra(Pearl Millet/Cumbu),15-03-2025,40.2,Metric Tonnes,3300.0,Rs./Quintal
Maharashtra,Pune,Cereals,Jowar(Sorghum),15-03-2025,73.1,Metric Tonnes,5000.0,Rs./Quintal
Maharashtra,Pune,Cereals,Maize,15-03-2025,0.2,Metric Tonnes,2550.0,Rs./Quintal
Maharashtra,Pune,Cereals,Bajra(Pearl Millet/Cumbu),16-03-2025,0.4,Metric Tonnes,2900.0,Rs./Quintal
Maharashtra,Pune,Cereals,Wheat,16-03-2025,13.1,Metric Tonnes,2700.0,Rs./Quintal
Maharashtra,Pune,Cereals,Bajra(Pearl Millet/Cumbu),17-03-2025,56.7,Metric Tonnes,3335.01,Rs./Quintal
Maharashtra,Pune,Cereals,Jowar(Sorghum),17-03-2025,239.5,Metric Tonnes,3921.13,Rs./Quintal
Maharashtra,Pune,Cereals,Maize,17-03-2025,30.6,Metric Tonnes,2202.13,Rs./Quintal
Maharashtra,Pune,Cereals,Wheat,17-03-2025,156.6,Metric Tonnes,2549.66,Rs./Quintal
Maharashtra,Pune,Cereals,Bajra(Pearl Millet/Cumbu),18-03-2025,39.5,Metric Tonnes,3400.0,Rs./Quintal
Maharashtra,Pune,Cereals,Jowar(Sorghum),18-03-2025,73.7,Metric Tonnes,4750.0,Rs./Quintal
Maharashtra,Pune,Cereals,Maize,18-03-2025,0.4,Metric Tonnes,2500.0,Rs./Quintal
Maharashtra,Pune,Cereals,Bajra(Pearl Millet/Cumbu),19-03-2025,39.8,Metric Tonnes,3200.0,Rs./Quintal
Maharashtra,Pune,Cereals,Jowar(Sorghum),19-03-2025,73.2,Metric Tonnes,4750.0,Rs./Quintal
Maharashtra,Pune,Cereals,Maize,19-03-2025,0.2,Metric Tonnes,2500.0,Rs./Quintal
Maharashtra,Pune,Cereals,Bajra(Pearl Millet/Cumbu),20-03-2025,55.3,Metric Tonnes,3208.67,Rs./Quintal
Maharashtra,Pune,Cereals,Jowar(Sorghum),20-03-2025,224.6,Metric Tonnes,3941.33,Rs./Quintal
Maharashtra,Pune,Cereals,Maize,20-03-2025,18.1,Metric Tonnes,2157.79,Rs./Quintal
Maharashtra,Pune,Cereals,Wheat,20-03-2025,218.5,Metric Tonnes,2581.0,Rs./Quintal
Maharashtra,Pune,Cereals,Bajra(Pearl Millet/Cumbu),21-03-2025,39.2,Metric Tonnes,3200.0,Rs./Quintal
Maharashtra,Pune,Cereals,Jowar(Sorghum),21-03-2025,73.8,Metric Tonnes,5000.0,Rs./Quintal
Maharashtra,Pune,Cereals,Maize,21-03-2025,0.2,Metric Tonnes,2600.0,Rs./Quintal
Maharashtra,Pune,Cereals,Bajra(Pearl Millet/Cumbu),22-03-2025,39.5,Metric Tonnes,3350.0,Rs./Quintal
Maharashtra,Pune,Cereals,Jowar(Sorghum),22-03-2025,73.7,Metric Tonnes,4900.0,Rs./Quintal
Maharashtra,Pune,Cereals,Maize,22-03-2025,0.4,Metric Tonnes,2500.0,Rs./Quintal
Maharashtra,Pune,Cereals,Bajra(Pearl Millet/Cumbu),23-03-2025,0.6,Metric Tonnes,2625.0,Rs./Quintal
Maharashtra,Pune,Cereals,Maize,23-03-2025,0.3,Metric Tonnes,2100.0,Rs./Quintal
Maharashtra,Pune,Cereals,Wheat,23-03-2025,13.2,Metric Tonnes,2700.0,Rs./Quintal
Maharashtra,Pune,Cereals,Bajra(Pearl Millet/Cumbu),24-03-2025,61.7,Metric Tonnes,2981.2,Rs./Quintal
Maharashtra,Pune,Cereals,Jowar(Sorghum),24-03-2025,299.3,Metric Tonnes,3833.78,Rs./Quintal
Maharashtra,Pune,Cereals,Maize,24-03-2025,81.3,Metric Tonnes,2231.08,Rs./Quintal
Maharashtra,Pune,Cereals,Wheat,24-03-2025,137.0,Metric Tonnes,2587.0,Rs./Quintal
Maharashtra,Pune,Cereals,Bajra(Pearl Millet/Cumbu),25-03-2025,39.0,Metric Tonnes,3100.0,Rs./Quintal
Maharashtra,Pune,Cereals,Jowar(Sorghum),25-03-2025,74.3,Metric Tonnes,5000.0,Rs./Quintal
Maharashtra,Pune,Cereals,Maize,25-03-2025,0.2,Metric Tonnes,2500.0,Rs./Quintal
Maharashtra,Pune,Cereals,Bajra(Pearl Millet/Cumbu),26-03-2025,38.5,Metric Tonnes,3200.0,Rs./Quintal
Maharashtra,Pune,Cereals,Jowar(Sorghum),26-03-2025,74.6,Metric Tonnes,5100.0,Rs./Quintal
Maharashtra,Pune,Cereals,Maize,26-03-2025,0.3,Metric Tonnes,2400.0,Rs./Quintal
Maharashtra,Pune,Cereals,Bajra(Pearl Millet/Cumbu),27-03-2025,38.7,Metric Tonnes,3200.0,Rs./Quintal
Maharashtra,Pune,Cereals,Jowar(Sorghum),27-03-2025,74.9,Metric Tonnes,4896.8,Rs./Quintal
Maharashtra,Pune,Cereals,Maize,27-03-2025,1.1,Metric Tonnes,2327.27,Rs./Quintal
Maharashtra,Pune,Cereals,Wheat,27-03-2025,21.8,Metric Tonnes,2750.0,Rs./Quintal
Maharashtra,Pune,Cereals,Bajra(Pearl Millet/Cumbu),28-03-2025,38.5,Metric Tonnes,3150.0,Rs./Quintal
Maharashtra,Pune,Cereals,Jowar(Sorghum),28-03-2025,75.1,Metric Tonnes,4800.0,Rs./Quintal
Maharashtra,Pune,Cereals,Maize,28-03-2025,0.3,Metric Tonnes,2500.0,Rs./Quintal
Maharashtra,Pune,Cereals,Bajra(Pearl Millet/Cumbu),29-03-2025,38.7,Metric Tonnes,3300.0,Rs./Quintal
Maharashtra,Pune,Cereals,Jowar(Sorghum),29-03-2025,75.3,Metric Tonnes,4750.0,Rs./Quintal
Maharashtra,Pune,Cereals,Maize,29-03-2025,0.2,Metric Tonnes,2450.0,Rs./Quintal
Maharashtra,Pune,Cereals,Bajra(Pearl Millet/Cumbu),31-03-2025,39.5,Metric Tonnes,3200.0,Rs./Quintal
Maharashtra,Pune,Cereals,Jowar(Sorghum),31-03-2025,74.5,Metric Tonnes,4850.0,Rs./Quintal
Maharashtra,Pune,Cereals,Maize,31-03-2025,0.3,Metric Tonnes,2450.0,Rs./Quintal
Maharashtra,Pune,Cereals,Bajra(Pearl Millet/Cumbu),01-04-2025,39.8,Metric Tonnes,3150.0,Rs./Quintal
Maharashtra,Pune,Cereals,Jowar(Sorghum),01-04-2025,74.7,Metric Tonnes,4800.0,Rs./Quintal
Maharashtra,Pune,Cereals,Maize,01-04-2025,0.3,Metric Tonnes,2400.0,Rs./Quintal
Maharashtra,Pune,Cereals,Bajra(Pearl Millet/Cumbu),02-04-2025,39.5,Metric Tonnes,3200.0,Rs./Quintal
Maharashtra,Pune,Cereals,Jowar(Sorghum),02-04-2025,74.9,Metric Tonnes,4950.0,Rs./Quintal
Maharashtra,Pune,Cereals,Maize,02-04-2025,0.3,Metric Tonnes,2500.0,Rs./Quintal
Maharashtra,Pune,Cereals,Bajra(Pearl Millet/Cumbu),03-04-2025,40.2,Metric Tonnes,3090.05,Rs./Quintal
Maharashtra,Pune,Cereals,Jowar(Sorghum),03-04-2025,75.2,Metric Tonnes,4800.0,Rs./Quintal
Maharashtra,Pune,Cereals,Maize,03-04-2025,0.4,Metric Tonnes,2600.0,Rs./Quintal
Maharashtra,Pune,Cereals,Wheat,03-04-2025,77.6,Metric Tonnes,3909.73,Rs./Quintal
Maharashtra,Pune,Cereals,Bajra(Pearl Millet/Cumbu),04-04-2025,55.2,Metric Tonnes,3150.0,Rs./Quintal
Maharashtra,Pune,Cereals,Jowar(Sorghum),04-04-2025,74.9,Metric Tonnes,4800.0,Rs./Quintal
Maharashtra,Pune,Cereals,Maize,04-04-2025,0.2,Metric Tonnes,2400.0,Rs./Quintal
Maharashtra,Pune,Cereals,Bajra(Pearl Millet/Cumbu),05-04-2025,39.4,Metric Tonnes,3000.0,Rs./Quintal
Maharashtra,Pune,Cereals,Jowar(Sorghum),05-04-2025,74.4,Metric Tonnes,4850.0,Rs./Quintal
Maharashtra,Pune,Cereals,Maize,05-04-2025,0.2,Metric Tonnes,2450.0,Rs./Quintal
Maharashtra,Pune,Cereals,Wheat,05-04-2025,43.9,Metric Tonnes,4700.0,Rs./Quintal
Maharashtra,Pune,Cereals,Bajra(Pearl Millet/Cumbu),06-04-2025,1.8,Metric Tonnes,2200.0,Rs./Quintal
Maharashtra,Pune,Cereals,Jowar(Sorghum),06-04-2025,1.9,Metric Tonnes,2400.0,Rs./Quintal
Maharashtra,Pune,Cereals,Wheat,06-04-2025,34.1,Metric Tonnes,2750.0,Rs./Quintal
Maharashtra,Pune,Cereals,Bajra(Pearl Millet/Cumbu),07-04-2025,39.7,Metric Tonnes,2950.0,Rs./Quintal
Maharashtra,Pune,Cereals,Jowar(Sorghum),07-04-2025,74.6,Metric Tonnes,4800.0,Rs./Quintal
Maharashtra,Pune,Cereals,Maize,07-04-2025,0.4,Metric Tonnes,2550.0,Rs./Quintal
Maharashtra,Pune,Cereals,Wheat,07-04-2025,44.2,Metric Tonnes,4650.0,Rs./Quintal
Maharashtra,Pune,Cereals,Bajra(Pearl Millet/Cumbu),08-04-2025,39.8,Metric Tonnes,3100.0,Rs./Quintal
Maharashtra,Pune,Cereals,Jowar(Sorghum),08-04-2025,74.8,Metric Tonnes,4900.0,Rs./Quintal
Maharashtra,Pune,Cereals,Maize,08-04-2025,0.4,Metric Tonnes,2600.0,Rs./Quintal
Maharashtra,Pune,Cereals,Wheat,08-04-2025,44.0,Metric Tonnes,4700.0,Rs./Quintal
Maharashtra,Pune,Cereals,Bajra(Pearl Millet/Cumbu),09-04-2025,39.6,Metric Tonnes,3050.0,Rs./Quintal
Maharashtra,Pune,Cereals,Jowar(Sorghum),09-04-2025,75.0,Metric Tonnes,4950.0,Rs./Quintal
Maharashtra,Pune,Cereals,Maize,09-04-2025,0.2,Metric Tonnes,2550.0,Rs./Quintal
Maharashtra,Pune,Cereals,Bajra(Pearl Millet/Cumbu),10-04-2025,39.1,Metric Tonnes,2998.21,Rs./Quintal
Maharashtra,Pune,Cereals,Jowar(Sorghum),10-04-2025,74.7,Metric Tonnes,4850.0,Rs./Quintal
Maharashtra,Pune,Cereals,Maize,10-04-2025,0.2,Metric Tonnes,2450.0,Rs./Quintal
Maharashtra,Pune,Cereals,Wheat,10-04-2025,76.0,Metric Tonnes,3878.95,Rs./Quintal
Maharashtra,Pune,Cereals,Bajra(Pearl Millet/Cumbu),11-04-2025,38.7,Metric Tonnes,3100.0,Rs./Quintal
Maharashtra,Pune,Cereals,Jowar(Sorghum),11-04-2025,75.1,Metric Tonnes,4800.0,Rs./Quintal
Maharashtra,Pune,Cereals,Maize,11-04-2025,0.4,Metric Tonnes,2500.0,Rs./Quintal
Maharashtra,Pune,Cereals,Wheat,11-04-2025,44.3,Metric Tonnes,4650.0,Rs./Quintal
Maharashtra,Pune,Cereals,Bajra(Pearl Millet/Cumbu),12-04-2025,39.5,Metric Tonnes,3100.0,Rs./Quintal
Maharashtra,Pune,Cereals,Jowar(Sorghum),12-04-2025,75.5,Metric Tonnes,4800.0,Rs./Quintal
Maharashtra,Pune,Cereals,Maize,12-04-2025,0.3,Metric Tonnes,2600.0,Rs./Quintal
Maharashtra,Pune,Cereals,Wheat,12-04-2025,44.0,Metric Tonnes,4800.0,Rs./Quintal
Maharashtra,Pune,Cereals,Bajra(Pearl Millet/Cumbu),13-04-2025,4.2,Metric Tonnes,2625.0,Rs./Quintal
Maharashtra,Pune,Cereals,Jowar(Sorghum),13-04-2025,18.6,Metric Tonnes,2900.0,Rs./Quintal
Maharashtra,Pune,Cereals,Maize,13-04-2025,40.6,Metric Tonnes,2225.0,Rs./Quintal
Maharashtra,Pune,Cereals,Wheat,13-04-2025,65.1,Metric Tonnes,2800.0,Rs./Quintal
Maharashtra,Pune,Cereals,Bajra(Pearl Millet/Cumbu),14-04-2025,77.5,Metric Tonnes,2879.23,Rs./Quintal
Maharashtra,Pune,Cereals,Jowar(Sorghum),14-04-2025,243.7,Metric Tonnes,3963.64,Rs./Quintal
Maharashtra,Pune,Cereals,Maize,14-04-2025,35.8,Metric Tonnes,2230.5,Rs./Quintal
Maharashtra,Pune,Cereals,Wheat,14-04-2025,179.2,Metric Tonnes,2650.0,Rs./Quintal
Maharashtra,Pune,Cereals,Bajra(Pearl Millet/Cumbu),15-04-2025,40.0,Metric Tonnes,3100.0,Rs./Quintal
Maharashtra,Pune,Cereals,Jowar(Sorghum),15-04-2025,75.7,Metric Tonnes,4900.0,Rs./Quintal
Maharashtra,Pune,Cereals,Maize,15-04-2025,0.4,Metric Tonnes,2600.0,Rs./Quintal
Maharashtra,Pune,Cereals,Bajra(Pearl Millet/Cumbu),16-04-2025,40.2,Metric Tonnes,3194.03,Rs./Quintal
Maharashtra,Pune,Cereals,Jowar(Sorghum),16-04-2025,76.3,Metric Tonnes,4734.53,Rs./Quintal
Maharashtra,Pune,Cereals,Maize,16-04-2025,1.0,Metric Tonnes,2350.0,Rs./Quintal
Maharashtra,Pune,Cereals,Wheat,16-04-2025,0.5,Metric Tonnes,2300.0,Rs./Quintal
Maharashtra,Pune,Cereals,Bajra(Pearl Millet/Cumbu),17-04-2025,63.6,Metric Tonnes,2948.55,Rs./Quintal
Maharashtra,Pune,Cereals,Jowar(Sorghum),17-04-2025,180.5,Metric Tonnes,4185.48,Rs./Quintal
Maharashtra,Pune,Cereals,Maize,17-04-2025,40.5,Metric Tonnes,2230.56,Rs./Quintal
Maharashtra,Pune,Cereals,Wheat,17-04-2025,169.7,Metric Tonnes,2626.98,Rs./Quintal
Maharashtra,Pune,Cereals,Bajra(Pearl Millet/Cumbu),18-04-2025,40.2,Metric Tonnes,3100.0,Rs./Quintal
Maharashtra,Pune,Cereals,Jowar(Sorghum),18-04-2025,76.0,Metric Tonnes,4900.0,Rs./Quintal
Maharashtra,Pune,Cereals,Maize,18-04-2025,0.2,Metric Tonnes,2600.0,Rs./Quintal
Maharashtra,Pune,Cereals,Bajra(Pearl Millet/Cumbu),19-04-2025,40.4,Metric Tonnes,3050.0,Rs./Quintal
Maharashtra,Pune,Cereals,Jowar(Sorghum),19-04-2025,76.4,Metric Tonnes,4800.0,Rs./Quintal
Maharashtra,Pune,Cereals,Maize,19-04-2025,0.3,Metric Tonnes,2500.0,Rs./Quintal
Maharashtra,Pune,Cereals,Bajra(Pearl Millet/Cumbu),20-04-2025,0.2,Metric Tonnes,2800.0,Rs./Quintal
Maharashtra,Pune,Cereals,Maize,20-04-2025,0.1,Metric Tonnes,2550.0,Rs./Quintal
Maharashtra,Pune,Cereals,Wheat,20-04-2025,6.1,Metric Tonnes,2700.0,Rs./Quintal
Maharashtra,Pune,Cereals,Bajra(Pearl Millet/Cumbu),21-04-2025,49.4,Metric Tonnes,2930.57,Rs./Quintal
Maharashtra,Pune,Cereals,Jowar(Sorghum),21-04-2025,205.1,Metric Tonnes,3954.24,Rs./Quintal
Maharashtra,Pune,Cereals,Maize,21-04-2025,155.3,Metric Tonnes,2227.41,Rs./Quintal
Maharashtra,Pune,Cereals,Wheat,21-04-2025,101.6,Metric Tonnes,2734.55,Rs./Quintal
Maharashtra,Pune,Cereals,Bajra(Pearl Millet/Cumbu),22-04-2025,55.2,Metric Tonnes,3050.0,Rs./Quintal
Maharashtra,Pune,Cereals,Jowar(Sorghum),22-04-2025,76.9,Metric Tonnes,4800.0,Rs./Quintal
Maharashtra,Pune,Cereals,Maize,22-04-2025,0.2,Metric Tonnes,2500.0,Rs./Quintal
Maharashtra,Pune,Cereals,Bajra(Pearl Millet/Cumbu),23-04-2025,41.0,Metric Tonnes,3100.0,Rs./Quintal
Maharashtra,Pune,Cereals,Jowar(Sorghum),23-04-2025,77.1,Metric Tonnes,4700.0,Rs./Quintal
Maharashtra,Pune,Cereals,Maize,23-04-2025,0.4,Metric Tonnes,2400.0,Rs./Quintal
Maharashtra,Pune,Cereals,Bajra(Pearl Millet/Cumbu),24-04-2025,0.1,Metric Tonnes,2850.0,Rs./Quintal
Maharashtra,Pune,Cereals,Jowar(Sorghum),24-04-2025,77.5,Metric Tonnes,4798.53,Rs./Quintal
Maharashtra,Pune,Cereals,Maize,24-04-2025,1.4,Metric Tonnes,2736.43,Rs./Quintal
Maharashtra,Pune,Cereals,Wheat,24-04-2025,6.0,Metric Tonnes,2700.0,Rs./Quintal
Maharashtra,Pune,Cereals,Bajra(Pearl Millet/Cumbu),25-04-2025,47.8,Metric Tonnes,3159.62,Rs./Quintal
Maharashtra,Pune,Cereals,Jowar(Sorghum),25-04-2025,138.2,Metric Tonnes,4285.02,Rs./Quintal
Maharashtra,Pune,Cereals,Maize,25-04-2025,46.1,Metric Tonnes,2259.98,Rs./Quintal
Maharashtra,Pune,Cereals,Wheat,25-04-2025,116.0,Metric Tonnes,2625.0,Rs./Quintal
Maharashtra,Pune,Cereals,Bajra(Pearl Millet/Cumbu),26-04-2025,42.0,Metric Tonnes,3089.82,Rs./Quintal
Maharashtra,Pune,Cereals,Jowar(Sorghum),26-04-2025,77.3,Metric Tonnes,4700.0,Rs./Quintal
Maharashtra,Pune,Cereals,Maize,26-04-2025,0.5,Metric Tonnes,2340.0,Rs./Quintal
Maharashtra,Pune,Cereals,Bajra(Pearl Millet/Cumbu),27-04-2025,0.2,Metric Tonnes,2900.0,Rs./Quintal
Maharashtra,Pune,Cereals,Wheat,27-04-2025,4.1,Metric Tonnes,2700.0,Rs./Quintal
Maharashtra,Pune,Cereals,Bajra(Pearl Millet/Cumbu),28-04-2025,62.8,Metric Tonnes,3027.47,Rs./Quintal
Maharashtra,Pune,Cereals,Jowar(Sorghum),28-04-2025,197.4,Metric Tonnes,4061.68,Rs./Quintal
Maharashtra,Pune,Cereals,Maize,28-04-2025,38.5,Metric Tonnes,2228.38,Rs./Quintal
Maharashtra,Pune,Cereals,Wheat,28-04-2025,115.3,Metric Tonnes,2700.0,Rs./Quintal
Maharashtra,Pune,Cereals,Bajra(Pearl Millet/Cumbu),29-04-2025,41.0,Metric Tonnes,3150.0,Rs./Quintal
Maharashtra,Pune,Cereals,Jowar(Sorghum),29-04-2025,78.1,Metric Tonnes,5100.0,Rs./Quintal
Maharashtra,Pune,Cereals,Maize,29-04-2025,0.2,Metric Tonnes,2500.0,Rs./Quintal
Maharashtra,Pune,Cereals,Bajra(Pearl Millet/Cumbu),30-04-2025,41.3,Metric Tonnes,3200.0,Rs./Quintal
Maharashtra,Pune,Cereals,Jowar(Sorghum),30-04-2025,78.4,Metric Tonnes,5200.0,Rs./Quintal
Maharashtra,Pune,Cereals,Maize,30-04-2025,0.4,Metric Tonnes,2550.0,Rs./Quintal
Maharashtra,Pune,Cereals,Bajra(Pearl Millet/Cumbu),02-05-2025,41.5,Metric Tonnes,3150.0,Rs./Quintal
Maharashtra,Pune,Cereals,Jowar(Sorghum),02-05-2025,78.0,Metric Tonnes,5100.0,Rs./Quintal
Maharashtra,Pune,Cereals,Maize,02-05-2025,0.2,Metric Tonnes,2500.0,Rs./Quintal
Maharashtra,Pune,Cereals,Bajra(Pearl Millet/Cumbu),03-05-2025,55.2,Metric Tonnes,3300.0,Rs./Quintal
Maharashtra,Pune,Cereals,Jowar(Sorghum),03-05-2025,78.3,Metric Tonnes,5200.0,Rs./Quintal
Maharashtra,Pune,Cereals,Maize,03-05-2025,0.2,Metric Tonnes,2550.0,Rs./Quintal
Maharashtra,Pune,Cereals,Bajra(Pearl Millet/Cumbu),04-05-2025,1.7,Metric Tonnes,2750.0,Rs./Quintal
Maharashtra,Pune,Cereals,Jowar(Sorghum),04-05-2025,15.8,Metric Tonnes,2600.0,Rs./Quintal
Maharashtra,Pune,Cereals,Maize,04-05-2025,56.8,Metric Tonnes,2225.0,Rs./Quintal
Maharashtra,Pune,Cereals,Wheat,04-05-2025,47.9,Metric Tonnes,2350.94,Rs./Quintal
Maharashtra,Pune,Cereals,Bajra(Pearl Millet/Cumbu),05-05-2025,54.7,Metric Tonnes,3060.69,Rs./Quintal
Maharashtra,Pune,Cereals,Jowar(Sorghum),05-05-2025,156.1,Metric Tonnes,4304.61,Rs./Quintal
Maharashtra,Pune,Cereals,Maize,05-05-2025,61.0,Metric Tonnes,2240.95,Rs./Quintal
Maharashtra,Pune,Cereals,Wheat,05-05-2025,111.7,Metric Tonnes,2583.33,Rs./Quintal
Maharashtra,Pune,Cereals,Bajra(Pearl Millet/Cumbu),06-05-2025,41.7,Metric Tonnes,3250.0,Rs./Quintal
Maharashtra,Pune,Cereals,Jowar(Sorghum),06-05-2025,78.7,Metric Tonnes,5100.0,Rs./Quintal
Maharashtra,Pune,Cereals,Maize,06-05-2025,0.2,Metric Tonnes,2600.0,Rs./Quintal
Maharashtra,Pune,Cereals,Bajra(Pearl Millet/Cumbu),07-05-2025,41.6,Metric Tonnes,3200.0,Rs./Quintal
Maharashtra,Pune,Cereals,Jowar(Sorghum),07-05-2025,78.9,Metric Tonnes,5250.0,Rs./Quintal
Maharashtra,Pune,Cereals,Maize,07-05-2025,0.2,Metric Tonnes,2550.0,Rs./Quintal
Maharashtra,Pune,Cereals,Bajra(Pearl Millet/Cumbu),08-05-2025,42.0,Metric Tonnes,2996.69,Rs./Quintal
Maharashtra,Pune,Cereals,Jowar(Sorghum),08-05-2025,138.1,Metric Tonnes,4530.99,Rs./Quintal
Maharashtra,Pune,Cereals,Maize,08-05-2025,56.3,Metric Tonnes,2232.52,Rs./Quintal
Maharashtra,Pune,Cereals,Wheat,08-05-2025,79.6,Metric Tonnes,2566.56,Rs./Quintal
Maharashtra,Pune,Cereals,Bajra(Pearl Millet/Cumbu),09-05-2025,55.5,Metric Tonnes,3150.0,Rs./Quintal
Maharashtra,Pune,Cereals,Jowar(Sorghum),09-05-2025,79.5,Metric Tonnes,5250.0,Rs./Quintal
Maharashtra,Pune,Cereals,Maize,09-05-2025,0.2,Metric Tonnes,2600.0,Rs./Quintal
Maharashtra,Pune,Cereals,Bajra(Pearl Millet/Cumbu),10-05-2025,42.2,Metric Tonnes,3200.0,Rs./Quintal
Maharashtra,Pune,Cereals,Jowar(Sorghum),10-05-2025,78.7,Metric Tonnes,5100.0,Rs./Quintal
Maharashtra,Pune,Cereals,Maize,10-05-2025,0.2,Metric Tonnes,2500.0,Rs./Quintal
Maharashtra,Pune,Cereals,Bajra(Pearl Millet/Cumbu),11-05-2025,3.0,Metric Tonnes,2426.67,Rs./Quintal
Maharashtra,Pune,Cereals,Jowar(Sorghum),11-05-2025,8.2,Metric Tonnes,2200.0,Rs./Quintal
Maharashtra,Pune,Cereals,Maize,11-05-2025,29.9,Metric Tonnes,2172.74,Rs./Quintal
Maharashtra,Pune,Cereals,Wheat,11-05-2025,53.4,Metric Tonnes,2286.99,Rs./Quintal
Maharashtra,Pune,Cereals,Bajra(Pearl Millet/Cumbu),12-05-2025,51.9,Metric Tonnes,3195.66,Rs./Quintal
Maharashtra,Pune,Cereals,Jowar(Sorghum),12-05-2025,109.9,Metric Tonnes,4742.86,Rs./Quintal
Maharashtra,Pune,Cereals,Maize,12-05-2025,3.0,Metric Tonnes,2145.0,Rs./Quintal
Maharashtra,Pune,Cereals,Wheat,12-05-2025,72.2,Metric Tonnes,2565.65,Rs./Quintal
Maharashtra,Pune,Cereals,Bajra(Pearl Millet/Cumbu),13-05-2025,42.3,Metric Tonnes,3050.0,Rs./Quintal
Maharashtra,Pune,Cereals,Jowar(Sorghum),13-05-2025,78.7,Metric Tonnes,5300.0,Rs./Quintal
Maharashtra,Pune,Cereals,Maize,13-05-2025,0.8,Metric Tonnes,2206.25,Rs./Quintal
Maharashtra,Pune,Cereals,Bajra(Pearl Millet/Cumbu),15-05-2025,59.1,Metric Tonnes,3029.44,Rs./Quintal
Maharashtra,Pune,Cereals,Jowar(Sorghum),15-05-2025,113.4,Metric Tonnes,4595.41,Rs./Quintal
Maharashtra,Pune,Cereals,Maize,15-05-2025,32.9,Metric Tonnes,2230.94,Rs./Quintal
Maharashtra,Pune,Cereals,Wheat,15-05-2025,71.1,Metric Tonnes,2594.0,Rs./Quintal
Maharashtra,Pune,Cereals,Bajra(Pearl Millet/Cumbu),16-05-2025,42.1,Metric Tonnes,3300.0,Rs./Quintal
Maharashtra,Pune,Cereals,Jowar(Sorghum),16-05-2025,78.0,Metric Tonnes,5300.0,Rs./Quintal
Maharashtra,Pune,Cereals,Maize,16-05-2025,0.3,Metric Tonnes,2600.0,Rs./Quintal
Maharashtra,Pune,Cereals,Bajra(Pearl Millet/Cumbu),17-05-2025,42.4,Metric Tonnes,3250.0,Rs./Quintal
Maharashtra,Pune,Cereals,Jowar(Sorghum),17-05-2025,76.7,Metric Tonnes,5400.0,Rs./Quintal
Maharashtra,Pune,Cereals,Maize,17-05-2025,0.4,Metric Tonnes,2500.0,Rs./Quintal
Maharashtra,Pune,Cereals,Bajra(Pearl Millet/Cumbu),18-05-2025,0.5,Metric Tonnes,3000.0,Rs./Quintal
Maharashtra,Pune,Cereals,Jowar(Sorghum),18-05-2025,0.1,Metric Tonnes,2400.0,Rs./Quintal
Maharashtra,Pune,Cereals,Wheat,18-05-2025,6.9,Metric Tonnes,2700.0,Rs./Quintal
Maharashtra,Pune,Cereals,Bajra(Pearl Millet/Cumbu),19-05-2025,58.8,Metric Tonnes,3114.84,Rs./Quintal
Maharashtra,Pune,Cereals,Jowar(Sorghum),19-05-2025,76.9,Metric Tonnes,5500.0,Rs./Quintal
Maharashtra,Pune,Cereals,Maize,19-05-2025,22.0,Metric Tonnes,2211.84,Rs./Quintal
Maharashtra,Pune,Cereals,Wheat,19-05-2025,45.2,Metric Tonnes,2751.0,Rs./Quintal
Maharashtra,Pune,Cereals,Bajra(Pearl Millet/Cumbu),20-05-2025,42.3,Metric Tonnes,3300.0,Rs./Quintal
Maharashtra,Pune,Cereals,Jowar(Sorghum),20-05-2025,77.1,Metric Tonnes,5350.0,Rs./Quintal
Maharashtra,Pune,Cereals,Maize,20-05-2025,0.3,Metric Tonnes,2500.0,Rs./Quintal
Maharashtra,Pune,Cereals,Bajra(Pearl Millet/Cumbu),21-05-2025,56.2,Metric Tonnes,3200.0,Rs./Quintal
Maharashtra,Pune,Cereals,Jowar(Sorghum),21-05-2025,77.4,Metric Tonnes,5450.0,Rs./Quintal
Maharashtra,Pune,Cereals,Maize,21-05-2025,0.4,Metric Tonnes,2600.0,Rs./Quintal
Maharashtra,Pune,Cereals,Bajra(Pearl Millet/Cumbu),22-05-2025,41.6,Metric Tonnes,3250.0,Rs./Quintal
Maharashtra,Pune,Cereals,Jowar(Sorghum),22-05-2025,77.1,Metric Tonnes,5500.0,Rs./Quintal
Maharashtra,Pune,Cereals,Maize,22-05-2025,37.9,Metric Tonnes,2203.66,Rs./Quintal
Maharashtra,Pune,Cereals,Wheat,22-05-2025,40.2,Metric Tonnes,2675.5,Rs./Quintal
Maharashtra,Pune,Cereals,Bajra(Pearl Millet/Cumbu),23-05-2025,41.9,Metric Tonnes,3150.0,Rs./Quintal
Maharashtra,Pune,Cereals,Jowar(Sorghum),23-05-2025,77.4,Metric Tonnes,5400.0,Rs./Quintal
Maharashtra,Pune,Cereals,Maize,23-05-2025,0.2,Metric Tonnes,2450.0,Rs./Quintal
Maharashtra,Pune,Cereals,Bajra(Pearl Millet/Cumbu),24-05-2025,42.2,Metric Tonnes,3250.0,Rs./Quintal
Maharashtra,Pune,Cereals,Jowar(Sorghum),24-05-2025,77.4,Metric Tonnes,5500.0,Rs./Quintal
Maharashtra,Pune,Cereals,Maize,24-05-2025,0.2,Metric Tonnes,2500.0,Rs./Quintal
Maharashtra,Pune,Cereals,Bajra(Pearl Millet/Cumbu),26-05-2025,41.5,Metric Tonnes,3200.0,Rs./Quintal
Maharashtra,Pune,Cereals,Jowar(Sorghum),26-05-2025,77.1,Metric Tonnes,5500.0,Rs./Quintal
Maharashtra,Pune,Cereals,Maize,26-05-2025,0.4,Metric Tonnes,2600.0,Rs./Quintal
Maharashtra,Pune,Cereals,Bajra(Pearl Millet/Cumbu),27-05-2025,42.1,Metric Tonnes,3287.53,Rs./Quintal
Maharashtra,Pune,Cereals,Jowar(Sorghum),27-05-2025,77.8,Metric Tonnes,5486.5,Rs./Quintal
Maharashtra,Pune,Cereals,Maize,27-05-2025,0.2,Metric Tonnes,2550.0,Rs./Quintal
Maharashtra,Pune,Cereals,Wheat,27-05-2025,0.2,Metric Tonnes,2600.0,Rs./Quintal
Maharashtra,Pune,Cereals,Bajra(Pearl Millet/Cumbu),28-05-2025,41.6,Metric Tonnes,3339.18,Rs./Quintal
Maharashtra,Pune,Cereals,Jowar(Sorghum),28-05-2025,77.6,Metric Tonnes,5382.47,Rs./Quintal
Maharashtra,Pune,Cereals,Maize,28-05-2025,0.5,Metric Tonnes,2200.0,Rs./Quintal
Maharashtra,Pune,Cereals,Wheat,28-05-2025,0.6,Metric Tonnes,2300.0,Rs./Quintal
Maharashtra,Pune,Cereals,Bajra(Pearl Millet/Cumbu),29-05-2025,44.3,Metric Tonnes,3242.33,Rs./Quintal
Maharashtra,Pune,Cereals,Jowar(Sorghum),29-05-2025,77.1,Metric Tonnes,5545.14,Rs./Quintal
Maharashtra,Pune,Cereals,Maize,29-05-2025,0.7,Metric Tonnes,2300.0,Rs./Quintal
Maharashtra,Pune,Cereals,Wheat,29-05-2025,4.6,Metric Tonnes,2471.74,Rs./Quintal
Maharashtra,Pune,Cereals,Bajra(Pearl Millet/Cumbu),30-05-2025,44.2,Metric Tonnes,3240.1,Rs./Quintal
Maharashtra,Pune,Cereals,Jowar(Sorghum),30-05-2025,77.3,Metric Tonnes,5495.86,Rs./Quintal
Maharashtra,Pune,Cereals,Maize,30-05-2025,0.8,Metric Tonnes,2250.0,Rs./Quintal
Maharashtra,Pune,Cereals,Bajra(Pearl Millet/Cumbu),31-05-2025,43.6,Metric Tonnes,3150.0,Rs./Quintal
Maharashtra,Pune,Cereals,Jowar(Sorghum),31-05-2025,77.5,Metric Tonnes,5500.0,Rs./Quintal
Maharashtra,Pune,Cereals,Maize,31-05-2025,0.2,Metric Tonnes,2450.0,Rs./Quintal
Maharashtra,Pune,Cereals,Bajra(Pearl Millet/Cumbu),01-06-2025,0.5,Metric Tonnes,2900.0,Rs./Quintal
Maharashtra,Pune,Cereals,Maize,01-06-2025,0.5,Metric Tonnes,2151.0,Rs./Quintal
Maharashtra,Pune,Cereals,Wheat,01-06-2025,6.3,Metric Tonnes,2400.0,Rs./Quintal
Maharashtra,Pune,Cereals,Bajra(Pearl Millet/Cumbu),02-06-2025,67.1,Metric Tonnes,3089.72,Rs./Quintal
Maharashtra,Pune,Cereals,Jowar(Sorghum),02-06-2025,77.0,Metric Tonnes,5300.0,Rs./Quintal
Maharashtra,Pune,Cereals,Maize,02-06-2025,23.9,Metric Tonnes,2291.32,Rs./Quintal
Maharashtra,Pune,Cereals,Wheat,02-06-2025,77.6,Metric Tonnes,2587.0,Rs./Quintal
Maharashtra,Pune,Cereals,Bajra(Pearl Millet/Cumbu),03-06-2025,57.0,Metric Tonnes,3095.7,Rs./Quintal
Maharashtra,Pune,Cereals,Jowar(Sorghum),03-06-2025,77.4,Metric Tonnes,5400.0,Rs./Quintal
Maharashtra,Pune,Cereals,Maize,03-06-2025,1.1,Metric Tonnes,2304.55,Rs./Quintal
Maharashtra,Pune,Cereals,Bajra(Pearl Millet/Cumbu),04-06-2025,42.5,Metric Tonnes,3300.0,Rs./Quintal
Maharashtra,Pune,Cereals,Jowar(Sorghum),04-06-2025,77.5,Metric Tonnes,5490.97,Rs./Quintal
Maharashtra,Pune,Cereals,Maize,04-06-2025,0.7,Metric Tonnes,2342.86,Rs./Quintal
Maharashtra,Pune,Cereals,Wheat,04-06-2025,0.2,Metric Tonnes,2300.0,Rs./Quintal
Maharashtra,Pune,Cereals,Bajra(Pearl Millet/Cumbu),05-06-2025,78.2,Metric Tonnes,3053.42,Rs./Quintal
Maharashtra,Pune,Cereals,Jowar(Sorghum),05-06-2025,77.5,Metric Tonnes,5450.0,Rs./Quintal
Maharashtra,Pune,Cereals,Maize,05-06-2025,34.7,Metric Tonnes,2236.23,Rs./Quintal
Maharashtra,Pune,Cereals,Wheat,05-06-2025,35.6,Metric Tonnes,2560.58,Rs./Quintal
Maharashtra,Pune,Cereals,Bajra(Pearl Millet/Cumbu),06-06-2025,42.1,Metric Tonnes,3246.91,Rs./Quintal
Maharashtra,Pune,Cereals,Jowar(Sorghum),06-06-2025,78.2,Metric Tonnes,5580.56,Rs./Quintal
Maharashtra,Pune,Cereals,Maize,06-06-2025,0.7,Metric Tonnes,2264.29,Rs./Quintal
Maharashtra,Pune,Cereals,Bajra(Pearl Millet/Cumbu),07-06-2025,43.1,Metric Tonnes,3344.78,Rs./Quintal
Maharashtra,Pune,Cereals,Jowar(Sorghum),07-06-2025,77.2,Metric Tonnes,5400.0,Rs./Quintal
Maharashtra,Pune,Cereals,Maize,07-06-2025,2.2,Metric Tonnes,2140.91,Rs./Quintal
Maharashtra,Pune,Cereals,Bajra(Pearl Millet/Cumbu),08-06-2025,1.5,Metric Tonnes,2520.1,Rs./Quintal
Maharashtra,Pune,Cereals,Wheat,08-06-2025,4.4,Metric Tonnes,2425.0,Rs./Quintal
Maharashtra,Pune,Cereals,Bajra(Pearl Millet/Cumbu),09-06-2025,87.7,Metric Tonnes,3044.24,Rs./Quintal
Maharashtra,Pune,Cereals,Jowar(Sorghum),09-06-2025,77.7,Metric Tonnes,5588.03,Rs./Quintal
Maharashtra,Pune,Cereals,Maize,09-06-2025,0.3,Metric Tonnes,2500.0,Rs./Quintal
Maharashtra,Pune,Cereals,Wheat,09-06-2025,51.7,Metric Tonnes,2645.33,Rs./Quintal
Maharashtra,Pune,Cereals,Bajra(Pearl Millet/Cumbu),10-06-2025,43.2,Metric Tonnes,3250.0,Rs./Quintal
Maharashtra,Pune,Cereals,Jowar(Sorghum),10-06-2025,77.6,Metric Tonnes,5500.0,Rs./Quintal
Maharashtra,Pune,Cereals,Maize,10-06-2025,0.2,Metric Tonnes,2450.0,Rs./Quintal
Maharashtra,Pune,Cereals,Bajra(Pearl Millet/Cumbu),11-06-2025,43.5,Metric Tonnes,3300.0,Rs./Quintal
Maharashtra,Pune,Cereals,Jowar(Sorghum),11-06-2025,77.3,Metric Tonnes,5600.0,Rs./Quintal
Maharashtra,Pune,Cereals,Maize,11-06-2025,0.3,Metric Tonnes,2600.0,Rs./Quintal
Maharashtra,Pune,Cereals,Bajra(Pearl Millet/Cumbu),12-06-2025,73.2,Metric Tonnes,3192.76,Rs./Quintal
Maharashtra,Pune,Cereals,Jowar(Sorghum),12-06-2025,77.0,Metric Tonnes,5600.0,Rs./Quintal
Maharashtra,Pune,Cereals,Maize,12-06-2025,61.1,Metric Tonnes,2324.68,Rs./Quintal
Maharashtra,Pune,Cereals,Wheat,12-06-2025,49.8,Metric Tonnes,2542.52,Rs./Quintal
Maharashtra,Pune,Cereals,Bajra(Pearl Millet/Cumbu),13-06-2025,44.6,Metric Tonnes,3370.18,Rs./Quintal
Maharashtra,Pune,Cereals,Jowar(Sorghum),13-06-2025,77.5,Metric Tonnes,5700.0,Rs./Quintal
Maharashtra,Pune,Cereals,Maize,13-06-2025,0.7,Metric Tonnes,2250.0,Rs./Quintal
Maharashtra,Pune,Cereals,Bajra(Pearl Millet/Cumbu),14-06-2025,43.2,Metric Tonnes,3300.0,Rs./Quintal
Maharashtra,Pune,Cereals,Jowar(Sorghum),14-06-2025,77.5,Metric Tonnes,5600.0,Rs./Quintal
Maharashtra,Pune,Cereals,Maize,14-06-2025,0.4,Metric Tonnes,2600.0,Rs./Quintal
Maharashtra,Pune,Cereals,Jowar(Sorghum),15-06-2025,0.1,Metric Tonnes,2900.0,Rs./Quintal
Maharashtra,Pune,Cereals,Maize,15-06-2025,0.6,Metric Tonnes,2025.0,Rs./Quintal
Maharashtra,Pune,Cereals,Wheat,15-06-2025,5.5,Metric Tonnes,2700.0,Rs./Quintal
Maharashtra,Pune,Cereals,Bajra(Pearl Millet/Cumbu),16-06-2025,114.9,Metric Tonnes,3198.36,Rs./Quintal
Maharashtra,Pune,Cereals,Jowar(Sorghum),16-06-2025,154.6,Metric Tonnes,5500.0,Rs./Quintal
Maharashtra,Pune,Cereals,Maize,16-06-2025,9.5,Metric Tonnes,2096.21,Rs./Quintal
Maharashtra,Pune,Cereals,Wheat,16-06-2025,39.0,Metric Tonnes,2566.67,Rs./Quintal
Maharashtra,Pune,Cereals,Bajra(Pearl Millet/Cumbu),17-06-2025,43.1,Metric Tonnes,3400.0,Rs./Quintal
Maharashtra,Pune,Cereals,Jowar(Sorghum),17-06-2025,77.0,Metric Tonnes,5400.0,Rs./Quintal
Maharashtra,Pune,Cereals,Maize,17-06-2025,0.2,Metric Tonnes,2650.0,Rs./Quintal
Maharashtra,Pune,Cereals,Bajra(Pearl Millet/Cumbu),18-06-2025,43.4,Metric Tonnes,3300.0,Rs./Quintal
Maharashtra,Pune,Cereals,Maize,18-06-2025,0.3,Metric Tonnes,2550.0,Rs./Quintal
Maharashtra,Pune,Cereals,Bajra(Pearl Millet/Cumbu),19-06-2025,70.1,Metric Tonnes,3140.37,Rs./Quintal
Maharashtra,Pune,Cereals,Jowar(Sorghum),19-06-2025,77.4,Metric Tonnes,5600.0,Rs./Quintal
Maharashtra,Pune,Cereals,Maize,19-06-2025,41.7,Metric Tonnes,2366.18,Rs./Quintal
Maharashtra,Pune,Cereals,Wheat,19-06-2025,61.2,Metric Tonnes,2555.72,Rs./Quintal
Maharashtra,Pune,Cereals,Bajra(Pearl Millet/Cumbu),20-06-2025,46.0,Metric Tonnes,3306.96,Rs./Quintal
Maharashtra,Pune,Cereals,Jowar(Sorghum),20-06-2025,78.2,Metric Tonnes,5495.65,Rs./Quintal
Maharashtra,Pune,Cereals,Maize,20-06-2025,0.4,Metric Tonnes,2700.0,Rs./Quintal
Maharashtra,Pune,Cereals,Wheat,20-06-2025,0.1,Metric Tonnes,2000.0,Rs./Quintal
Maharashtra,Pune,Cereals,Bajra(Pearl Millet/Cumbu),21-06-2025,44.0,Metric Tonnes,3385.68,Rs./Quintal
Maharashtra,Pune,Cereals,Jowar(Sorghum),21-06-2025,76.9,Metric Tonnes,5400.0,Rs./Quintal
Maharashtra,Pune,Cereals,Maize,21-06-2025,0.2,Metric Tonnes,2650.0,Rs./Quintal
Maharashtra,Pune,Cereals,Wheat,21-06-2025,0.1,Metric Tonnes,2200.0,Rs./Quintal
Maharashtra,Pune,Cereals,Bajra(Pearl Millet/Cumbu),22-06-2025,0.7,Metric Tonnes,2762.5,Rs./Quintal
Maharashtra,Pune,Cereals,Maize,22-06-2025,3.5,Metric Tonnes,2000.0,Rs./Quintal
Maharashtra,Pune,Cereals,Wheat,22-06-2025,3.1,Metric Tonnes,2850.0,Rs./Quintal
Maharashtra,Pune,Cereals,Bajra(Pearl Millet/Cumbu),23-06-2025,55.3,Metric Tonnes,3228.66,Rs./Quintal
Maharashtra,Pune,Cereals,Jowar(Sorghum),23-06-2025,76.4,Metric Tonnes,5600.0,Rs./Quintal
Maharashtra,Pune,Cereals,Maize,23-06-2025,9.6,Metric Tonnes,2161.46,Rs./Quintal
Maharashtra,Pune,Cereals,Wheat,23-06-2025,47.2,Metric Tonnes,2680.0,Rs./Quintal
Maharashtra,Pune,Cereals,Bajra(Pearl Millet/Cumbu),24-06-2025,42.8,Metric Tonnes,3400.0,Rs./Quintal
Maharashtra,Pune,Cereals,Jowar(Sorghum),24-06-2025,76.2,Metric Tonnes,5750.0,Rs./Quintal
Maharashtra,Pune,Cereals,Maize,24-06-2025,0.2,Metric Tonnes,2600.0,Rs./Quintal
Maharashtra,Pune,Cereals,Bajra(Pearl Millet/Cumbu),25-06-2025,43.1,Metric Tonnes,3450.0,Rs./Quintal
Maharashtra,Pune,Cereals,Jowar(Sorghum),25-06-2025,76.6,Metric Tonnes,5800.0,Rs./Quintal
Maharashtra,Pune,Cereals,Maize,25-06-2025,0.2,Metric Tonnes,2550.0,Rs./Quintal
Maharashtra,Pune,Cereals,Bajra(Pearl Millet/Cumbu),26-06-2025,43.6,Metric Tonnes,3344.36,Rs./Quintal
Maharashtra,Pune,Cereals,Jowar(Sorghum),26-06-2025,76.4,Metric Tonnes,5600.0,Rs./Quintal
Maharashtra,Pune,Cereals,Maize,26-06-2025,0.4,Metric Tonnes,2700.0,Rs./Quintal
Maharashtra,Pune,Cereals,Wheat,26-06-2025,1.2,Metric Tonnes,2650.0,Rs./Quintal
Maharashtra,Pune,Cereals,Bajra(Pearl Millet/Cumbu),27-06-2025,43.1,Metric Tonnes,3300.0,Rs./Quintal
Maharashtra,Pune,Cereals,Jowar(Sorghum),27-06-2025,76.0,Metric Tonnes,5750.0,Rs./Quintal
Maharashtra,Pune,Cereals,Maize,27-06-2025,0.3,Metric Tonnes,2600.0,Rs./Quintal
Maharashtra,Pune,Cereals,Bajra(Pearl Millet/Cumbu),28-06-2025,43.5,Metric Tonnes,3350.0,Rs./Quintal
Maharashtra,Pune,Cereals,Jowar(Sorghum),28-06-2025,76.1,Metric Tonnes,5600.0,Rs./Quintal
Maharashtra,Pune,Cereals,Maize,28-06-2025,0.3,Metric Tonnes,2700.0,Rs./Quintal
Maharashtra,Pune,Cereals,Bajra(Pearl Millet/Cumbu),29-06-2025,0.2,Metric Tonnes,2050.0,Rs./Quintal
Maharashtra,Pune,Cereals,Maize,29-06-2025,0.1,Metric Tonnes,2200.0,Rs./Quintal
Maharashtra,Pune,Cereals,Wheat,29-06-2025,4.8,Metric Tonnes,2500.0,Rs./Quintal
Maharashtra,Pune,Cereals,Bajra(Pearl Millet/Cumbu),30-06-2025,43.3,Metric Tonnes,3400.0,Rs./Quintal
Maharashtra,Pune,Cereals,Jowar(Sorghum),30-06-2025,76.5,Metric Tonnes,5700.0,Rs./Quintal
Maharashtra,Pune,Cereals,Maize,30-06-2025,0.2,Metric Tonnes,2650.0,Rs./Quintal
Maharashtra,Pune,Cereals,Wheat,30-06-2025,86.2,Metric Tonnes,2575.0,Rs./Quintal
Maharashtra,Pune,Cereals,Bajra(Pearl Millet/Cumbu),01-07-2025,43.0,Metric Tonnes,3350.0,Rs./Quintal
Maharashtra,Pune,Cereals,Jowar(Sorghum),01-07-2025,76.7,Metric Tonnes,5600.0,Rs./Quintal
Maharashtra,Pune,Cereals,Maize,01-07-2025,0.3,Metric Tonnes,2600.0,Rs./Quintal
Maharashtra,Pune,Cereals,Bajra(Pearl Millet/Cumbu),03-07-2025,43.4,Metric Tonnes,3250.0,Rs./Quintal
Maharashtra,Pune,Cereals,Jowar(Sorghum),03-07-2025,77.0,Metric Tonnes,5750.0,Rs./Quintal
Maharashtra,Pune,Cereals,Maize,03-07-2025,0.7,Metric Tonnes,2100.0,Rs./Quintal
Maharashtra,Pune,Cereals,Wheat,03-07-2025,53.9,Metric Tonnes,2600.0,Rs./Quintal
Maharashtra,Pune,Cereals,Bajra(Pearl Millet/Cumbu),04-07-2025,43.2,Metric Tonnes,3350.0,Rs./Quintal
Maharashtra,Pune,Cereals,Jowar(Sorghum),04-07-2025,76.9,Metric Tonnes,5600.0,Rs./Quintal
Maharashtra,Pune,Cereals,Maize,04-07-2025,0.2,Metric Tonnes,2600.0,Rs./Quintal
Maharashtra,Pune,Cereals,Bajra(Pearl Millet/Cumbu),05-07-2025,43.0,Metric Tonnes,3350.0,Rs./Quintal
Maharashtra,Pune,Cereals,Jowar(Sorghum),05-07-2025,77.4,Metric Tonnes,5750.0,Rs./Quintal
Maharashtra,Pune,Cereals,Maize,05-07-2025,0.2,Metric Tonnes,2550.0,Rs./Quintal
Maharashtra,Pune,Cereals,Bajra(Pearl Millet/Cumbu),06-07-2025,0.1,Metric Tonnes,2900.0,Rs./Quintal
Maharashtra,Pune,Cereals,Wheat,06-07-2025,0.2,Metric Tonnes,2600.0,Rs./Quintal
Maharashtra,Pune,Cereals,Bajra(Pearl Millet/Cumbu),07-07-2025,52.2,Metric Tonnes,3270.98,Rs./Quintal
Maharashtra,Pune,Cereals,Jowar(Sorghum),07-07-2025,77.3,Metric Tonnes,5750.0,Rs./Quintal
Maharashtra,Pune,Cereals,Maize,07-07-2025,6.3,Metric Tonnes,2345.24,Rs./Quintal
Maharashtra,Pune,Cereals,Wheat,07-07-2025,55.2,Metric Tonnes,2553.13,Rs./Quintal
Maharashtra,Pune,Cereals,Bajra(Pearl Millet/Cumbu),08-07-2025,45.9,Metric Tonnes,3463.67,Rs./Quintal
Maharashtra,Pune,Cereals,Jowar(Sorghum),08-07-2025,77.6,Metric Tonnes,5600.0,Rs./Quintal
Maharashtra,Pune,Cereals,Maize,08-07-2025,0.2,Metric Tonnes,2550.0,Rs./Quintal
Maharashtra,Pune,Cereals,Bajra(Pearl Millet/Cumbu),09-07-2025,43.2,Metric Tonnes,3550.0,Rs./Quintal
Maharashtra,Pune,Cereals,Jowar(Sorghum),09-07-2025,77.1,Metric Tonnes,5750.0,Rs./Quintal
Maharashtra,Pune,Cereals,Maize,09-07-2025,0.2,Metric Tonnes,2550.0,Rs./Quintal
Maharashtra,Pune,Cereals,Bajra(Pearl Millet/Cumbu),10-07-2025,62.7,Metric Tonnes,3290.52,Rs./Quintal
Maharashtra,Pune,Cereals,Jowar(Sorghum),10-07-2025,77.0,Metric Tonnes,5690.52,Rs./Quintal
Maharashtra,Pune,Cereals,Maize,10-07-2025,13.6,Metric Tonnes,2377.76,Rs./Quintal
Maharashtra,Pune,Cereals,Wheat,10-07-2025,55.5,Metric Tonnes,2602.86,Rs./Quintal
Maharashtra,Pune,Cereals,Bajra(Pearl Millet/Cumbu),11-07-2025,44.5,Metric Tonnes,3427.08,Rs./Quintal
Maharashtra,Pune,Cereals,Jowar(Sorghum),11-07-2025,76.8,Metric Tonnes,5785.74,Rs./Quintal
Maharashtra,Pune,Cereals,Maize,11-07-2025,0.2,Metric Tonnes,2450.0,Rs./Quintal
Maharashtra,Pune,Cereals,Wheat,11-07-2025,1.2,Metric Tonnes,2550.0,Rs./Quintal
Maharashtra,Pune,Cereals,Bajra(Pearl Millet/Cumbu),12-07-2025,43.4,Metric Tonnes,3500.0,Rs./Quintal
Maharashtra,Pune,Cereals,Jowar(Sorghum),12-07-2025,77.5,Metric Tonnes,5600.0,Rs./Quintal
Maharashtra,Pune,Cereals,Maize,12-07-2025,0.3,Metric Tonnes,2600.0,Rs./Quintal
Maharashtra,Pune,Cereals,Jowar(Sorghum),13-07-2025,0.1,Metric Tonnes,2525.0,Rs./Quintal
Maharashtra,Pune,Cereals,Maize,13-07-2025,0.9,Metric Tonnes,2100.0,Rs./Quintal
Maharashtra,Pune,Cereals,Wheat,13-07-2025,3.8,Metric Tonnes,2500.0,Rs./Quintal
Maharashtra,Pune,Cereals,Bajra(Pearl Millet/Cumbu),14-07-2025,44.5,Metric Tonnes,3423.26,Rs./Quintal
Maharashtra,Pune,Cereals,Jowar(Sorghum),14-07-2025,76.6,Metric Tonnes,5894.65,Rs./Quintal
Maharashtra,Pune,Cereals,Maize,14-07-2025,0.7,Metric Tonnes,2264.29,Rs./Quintal
Maharashtra,Pune,Cereals,Bajra(Pearl Millet/Cumbu),15-07-2025,45.8,Metric Tonnes,3367.58,Rs./Quintal
Maharashtra,Pune,Cereals,Jowar(Sorghum),15-07-2025,76.3,Metric Tonnes,5743.58,Rs./Quintal
Maharashtra,Pune,Cereals,Maize,15-07-2025,0.9,Metric Tonnes,2433.33,Rs./Quintal
Maharashtra,Pune,Cereals,Wheat,15-07-2025,0.4,Metric Tonnes,2750.0,Rs./Quintal
Maharashtra,Pune,Cereals,Bajra(Pearl Millet/Cumbu),16-07-2025,43.6,Metric Tonnes,3446.33,Rs./Quintal
Maharashtra,Pune,Cereals,Jowar(Sorghum),16-07-2025,76.0,Metric Tonnes,5600.0,Rs./Quintal
Maharashtra,Pune,Cereals,Maize,16-07-2025,1.9,Metric Tonnes,1973.68,Rs./Quintal
Maharashtra,Pune,Cereals,Bajra(Pearl Millet/Cumbu),17-07-2025,43.9,Metric Tonnes,3340.43,Rs./Quintal
Maharashtra,Pune,Cereals,Jowar(Sorghum),17-07-2025,76.4,Metric Tonnes,5400.0,Rs./Quintal
Maharashtra,Pune,Cereals,Maize,17-07-2025,0.6,Metric Tonnes,2400.0,Rs./Quintal
Maharashtra,Pune,Cereals,Wheat,17-07-2025,0.3,Metric Tonnes,2300.0,Rs./Quintal
Maharashtra,Pune,Cereals,Bajra(Pearl Millet/Cumbu),18-07-2025,43.3,Metric Tonnes,3450.0,Rs./Quintal
Maharashtra,Pune,Cereals,Jowar(Sorghum),18-07-2025,76.8,Metric Tonnes,5900.0,Rs./Quintal
Maharashtra,Pune,Cereals,Maize,18-07-2025,0.3,Metric Tonnes,2550.0,Rs./Quintal
Maharashtra,Pune,Cereals,Bajra(Pearl Millet/Cumbu),19-07-2025,43.7,Metric Tonnes,3400.0,Rs./Quintal
Maharashtra,Pune,Cereals,Jowar(Sorghum),19-07-2025,76.2,Metric Tonnes,5750.0,Rs./Quintal
Maharashtra,Pune,Cereals,Maize,19-07-2025,0.3,Metric Tonnes,2600.0,Rs./Quintal
Maharashtra,Pune,Cereals,Bajra(Pearl Millet/Cumbu),21-07-2025,43.1,Metric Tonnes,3350.0,Rs./Quintal
Maharashtra,Pune,Cereals,Jowar(Sorghum),21-07-2025,76.6,Metric Tonnes,5400.0,Rs./Quintal
Maharashtra,Pune,Cereals,Maize,21-07-2025,0.2,Metric Tonnes,2550.0,Rs./Quintal
Maharashtra,Pune,Cereals,Bajra(Pearl Millet/Cumbu),22-07-2025,42.7,Metric Tonnes,3400.0,Rs./Quintal
Maharashtra,Pune,Cereals,Jowar(Sorghum),22-07-2025,76.3,Metric Tonnes,5300.0,Rs./Quintal
Maharashtra,Pune,Cereals,Maize,22-07-2025,0.3,Metric Tonnes,2500.0,Rs./Quintal
Maharashtra,Pune,Cereals,Bajra(Pearl Millet/Cumbu),23-07-2025,42.3,Metric Tonnes,3450.0,Rs./Quintal
Maharashtra,Pune,Cereals,Jowar(Sorghum),23-07-2025,76.3,Metric Tonnes,5500.0,Rs./Quintal
Maharashtra,Pune,Cereals,Maize,23-07-2025,0.2,Metric Tonnes,2550.0,Rs./Quintal
Maharashtra,Pune,Cereals,Bajra(Pearl Millet/Cumbu),24-07-2025,65.5,Metric Tonnes,3183.21,Rs./Quintal
Maharashtra,Pune,Cereals,Jowar(Sorghum),24-07-2025,76.6,Metric Tonnes,5750.0,Rs./Quintal
Maharashtra,Pune,Cereals,Maize,24-07-2025,10.1,Metric Tonnes,2369.04,Rs./Quintal
Maharashtra,Pune,Cereals,Wheat,24-07-2025,62.9,Metric Tonnes,2633.33,Rs./Quintal
Maharashtra,Pune,Cereals,Bajra(Pearl Millet/Cumbu),25-07-2025,42.4,Metric Tonnes,3350.0,Rs./Quintal
Maharashtra,Pune,Cereals,Jowar(Sorghum),25-07-2025,76.7,Metric Tonnes,5600.0,Rs./Quintal
Maharashtra,Pune,Cereals,Maize,25-07-2025,0.2,Metric Tonnes,2600.0,Rs./Quintal
Maharashtra,Pune,Cereals,Bajra(Pearl Millet/Cumbu),27-07-2025,1.4,Metric Tonnes,2625.0,Rs./Quintal
Maharashtra,Pune,Cereals,Maize,27-07-2025,0.1,Metric Tonnes,2000.0,Rs./Quintal
Maharashtra,Pune,Cereals,Wheat,27-07-2025,10.2,Metric Tonnes,2525.0,Rs./Quintal
Maharashtra,Pune,Cereals,Bajra(Pearl Millet/Cumbu),28-07-2025,42.7,Metric Tonnes,3450.0,Rs./Quintal
Maharashtra,Pune,Cereals,Jowar(Sorghum),28-07-2025,76.4,Metric Tonnes,5400.0,Rs./Quintal
Maharashtra,Pune,Cereals,Maize,28-07-2025,5.5,Metric Tonnes,2367.5,Rs./Quintal
Maharashtra,Pune,Cereals,Bajra(Pearl Millet/Cumbu),29-07-2025,42.2,Metric Tonnes,3450.0,Rs./Quintal
Maharashtra,Pune,Cereals,Jowar(Sorghum),29-07-2025,75.9,Metric Tonnes,5250.0,Rs./Quintal
Maharashtra,Pune,Cereals,Maize,29-07-2025,0.3,Metric Tonnes,2550.0,Rs./Quintal
Maharashtra,Pune,Cereals,Bajra(Pearl Millet/Cumbu),30-07-2025,44.2,Metric Tonnes,3328.28,Rs./Quintal
Maharashtra,Pune,Cereals,Jowar(Sorghum),30-07-2025,76.2,Metric Tonnes,5600.0,Rs./Quintal
Maharashtra,Pune,Cereals,Maize,30-07-2025,0.5,Metric Tonnes,2465.0,Rs./Quintal
Maharashtra,Pune,Cereals,Wheat,30-07-2025,0.3,Metric Tonnes,2525.0,Rs./Quintal
Maharashtra,Pune,Cereals,Bajra(Pearl Millet/Cumbu),31-07-2025,44.1,Metric Tonnes,3379.25,Rs./Quintal
Maharashtra,Pune,Cereals,Jowar(Sorghum),31-07-2025,76.4,Metric Tonnes,5150.0,Rs./Quintal
Maharashtra,Pune,Cereals,Maize,31-07-2025,0.6,Metric Tonnes,2100.0,Rs./Quintal
Maharashtra,Pune,Cereals,Wheat,31-07-2025,4.8,Metric Tonnes,2525.0,Rs./Quintal
Maharashtra,Pune,Cereals,Bajra(Pearl Millet/Cumbu),01-08-2025,45.0,Metric Tonnes,3406.67,Rs./Quintal
Maharashtra,Pune,Cereals,Jowar(Sorghum),01-08-2025,76.3,Metric Tonnes,5241.22,Rs./Quintal
Maharashtra,Pune,Cereals,Maize,01-08-2025,0.2,Metric Tonnes,2550.0,Rs./Quintal
Maharashtra,Pune,Cereals,Wheat,01-08-2025,0.2,Metric Tonnes,2400.0,Rs./Quintal
Maharashtra,Pune,Cereals,Bajra(Pearl Millet/Cumbu),02-08-2025,42.4,Metric Tonnes,3450.0,Rs./Quintal
Maharashtra,Pune,Cereals,Jowar(Sorghum),02-08-2025,76.2,Metric Tonnes,5400.0,Rs./Quintal
Maharashtra,Pune,Cereals,Maize,02-08-2025,0.2,Metric Tonnes,2500.0,Rs./Quintal
Maharashtra,Pune,Cereals,Bajra(Pearl Millet/Cumbu),03-08-2025,0.6,Metric Tonnes,2726.0,Rs./Quintal
Maharashtra,Pune,Cereals,Wheat,03-08-2025,3.8,Metric Tonnes,2651.0,Rs./Quintal
Maharashtra,Pune,Cereals,Bajra(Pearl Millet/Cumbu),04-08-2025,42.5,Metric Tonnes,3400.0,Rs./Quintal
Maharashtra,Pune,Cereals,Jowar(Sorghum),04-08-2025,76.0,Metric Tonnes,5150.0,Rs./Quintal
Maharashtra,Pune,Cereals,Maize,04-08-2025,3.6,Metric Tonnes,2411.11,Rs./Quintal
Maharashtra,Pune,Cereals,Bajra(Pearl Millet/Cumbu),05-08-2025,44.5,Metric Tonnes,3509.94,Rs./Quintal
Maharashtra,Pune,Cereals,Jowar(Sorghum),05-08-2025,75.7,Metric Tonnes,5050.0,Rs./Quintal
Maharashtra,Pune,Cereals,Maize,05-08-2025,0.3,Metric Tonnes,2550.0,Rs./Quintal
Maharashtra,Pune,Cereals,Wheat,05-08-2025,47.2,Metric Tonnes,4695.34,Rs./Quintal
Maharashtra,Pune,Cereals,Bajra(Pearl Millet/Cumbu),06-08-2025,42.0,Metric Tonnes,3490.48,Rs./Quintal
Maharashtra,Pune,Cereals,Jowar(Sorghum),06-08-2025,76.1,Metric Tonnes,4989.49,Rs./Quintal
Maharashtra,Pune,Cereals,Maize,06-08-2025,1.7,Metric Tonnes,2376.47,Rs./Quintal
Maharashtra,Pune,Cereals,Wheat,06-08-2025,46.7,Metric Tonnes,4750.0,Rs./Quintal
Maharashtra,Pune,Cereals,Bajra(Pearl Millet/Cumbu),07-08-2025,70.1,Metric Tonnes,3139.73,Rs./Quintal
Maharashtra,Pune,Cereals,Jowar(Sorghum),07-08-2025,75.7,Metric Tonnes,5050.0,Rs./Quintal
Maharashtra,Pune,Cereals,Maize,07-08-2025,6.9,Metric Tonnes,2418.26,Rs./Quintal
Maharashtra,Pune,Cereals,Wheat,07-08-2025,104.3,Metric Tonnes,3629.8,Rs./Quintal
Maharashtra,Pune,Cereals,Bajra(Pearl Millet/Cumbu),08-08-2025,41.3,Metric Tonnes,3500.0,Rs./Quintal
Maharashtra,Pune,Cereals,Jowar(Sorghum),08-08-2025,75.4,Metric Tonnes,5000.0,Rs./Quintal
Maharashtra,Pune,Cereals,Maize,08-08-2025,0.2,Metric Tonnes,2500.0,Rs./Quintal
Maharashtra,Pune,Cereals,Wheat,08-08-2025,47.1,Metric Tonnes,4750.0,Rs./Quintal
Maharashtra,Pune,Cereals,Bajra(Pearl Millet/Cumbu),10-08-2025,8.2,Metric Tonnes,2578.9,Rs./Quintal
Maharashtra,Pune,Cereals,Jowar(Sorghum),10-08-2025,1.9,Metric Tonnes,2178.95,Rs./Quintal
Maharashtra,Pune,Cereals,Maize,10-08-2025,7.3,Metric Tonnes,2380.82,Rs./Quintal
Maharashtra,Pune,Cereals,Wheat,10-08-2025,27.0,Metric Tonnes,2620.46,Rs./Quintal
Maharashtra,Pune,Cereals,Bajra(Pearl Millet/Cumbu),11-08-2025,57.2,Metric Tonnes,3308.47,Rs./Quintal
Maharashtra,Pune,Cereals,Jowar(Sorghum),11-08-2025,95.8,Metric Tonnes,4774.53,Rs./Quintal
Maharashtra,Pune,Cereals,Maize,11-08-2025,3.2,Metric Tonnes,2396.56,Rs./Quintal
Maharashtra,Pune,Cereals,Wheat,11-08-2025,92.7,Metric Tonnes,3740.84,Rs./Quintal
Maharashtra,Pune,Cereals,Bajra(Pearl Millet/Cumbu),12-08-2025,56.7,Metric Tonnes,3300.0,Rs./Quintal
Maharashtra,Pune,Cereals,Jowar(Sorghum),12-08-2025,75.7,Metric Tonnes,5000.0,Rs./Quintal
Maharashtra,Pune,Cereals,Maize,12-08-2025,0.3,Metric Tonnes,2500.0,Rs./Quintal
Maharashtra,Pune,Cereals,Wheat,12-08-2025,46.7,Metric Tonnes,4750.0,Rs./Quintal
Maharashtra,Pune,Cereals,Bajra(Pearl Millet/Cumbu),13-08-2025,41.5,Metric Tonnes,3445.9,Rs./Quintal
Maharashtra,Pune,Cereals,Jowar(Sorghum),13-08-2025,75.7,Metric Tonnes,5050.0,Rs./Quintal
Maharashtra,Pune,Cereals,Maize,13-08-2025,1.1,Metric Tonnes,2486.36,Rs./Quintal
Maharashtra,Pune,Cereals,Wheat,13-08-2025,47.0,Metric Tonnes,4794.89,Rs./Quintal
Maharashtra,Pune,Cereals,Bajra(Pearl Millet/Cumbu),14-08-2025,42.1,Metric Tonnes,3380.9,Rs./Quintal
Maharashtra,Pune,Cereals,Jowar(Sorghum),14-08-2025,75.8,Metric Tonnes,5100.0,Rs./Quintal
Maharashtra,Pune,Cereals,Maize,14-08-2025,0.5,Metric Tonnes,2600.0,Rs./Quintal
Maharashtra,Pune,Cereals,Wheat,14-08-2025,55.6,Metric Tonnes,4492.35,Rs./Quintal
Maharashtra,Pune,Cereals,Bajra(Pearl Millet/Cumbu),16-08-2025,42.0,Metric Tonnes,3450.0,Rs./Quintal
Maharashtra,Pune,Cereals,Jowar(Sorghum),16-08-2025,75.1,Metric Tonnes,5300.0,Rs./Quintal
Maharashtra,Pune,Cereals,Maize,16-08-2025,0.3,Metric Tonnes,2500.0,Rs./Quintal
Maharashtra,Pune,Cereals,Wheat,16-08-2025,46.8,Metric Tonnes,4850.0,Rs./Quintal
Maharashtra,Pune,Cereals,Bajra(Pearl Millet/Cumbu),17-08-2025,11.2,Metric Tonnes,2765.63,Rs./Quintal
Maharashtra,Pune,Cereals,Jowar(Sorghum),17-08-2025,1.6,Metric Tonnes,2400.0,Rs./Quintal
Maharashtra,Pune,Cereals,Maize,17-08-2025,7.5,Metric Tonnes,2375.43,Rs./Quintal
Maharashtra,Pune,Cereals,Wheat,17-08-2025,35.2,Metric Tonnes,2613.64,Rs./Quintal
Maharashtra,Pune,Cereals,Bajra(Pearl Millet/Cumbu),18-08-2025,65.7,Metric Tonnes,3313.47,Rs./Quintal
Maharashtra,Pune,Cereals,Jowar(Sorghum),18-08-2025,75.6,Metric Tonnes,5100.0,Rs./Quintal
Maharashtra,Pune,Cereals,Maize,18-08-2025,9.0,Metric Tonnes,2399.9,Rs./Quintal
Maharashtra,Pune,Cereals,Wheat,18-08-2025,83.6,Metric Tonnes,3785.41,Rs./Quintal
Maharashtra,Pune,Cereals,Bajra(Pearl Millet/Cumbu),19-08-2025,43.6,Metric Tonnes,3516.28,Rs./Quintal
Maharashtra,Pune,Cereals,Jowar(Sorghum),19-08-2025,74.8,Metric Tonnes,5000.0,Rs./Quintal
Maharashtra,Pune,Cereals,Maize,19-08-2025,0.1,Metric Tonnes,2550.0,Rs./Quintal
Maharashtra,Pune,Cereals,Wheat,19-08-2025,47.7,Metric Tonnes,4721.38,Rs./Quintal
Maharashtra,Pune,Cereals,Bajra(Pearl Millet/Cumbu),20-08-2025,42.8,Metric Tonnes,3538.08,Rs./Quintal
Maharashtra,Pune,Cereals,Jowar(Sorghum),20-08-2025,74.0,Metric Tonnes,5046.15,Rs./Quintal
Maharashtra,Pune,Cereals,Maize,20-08-2025,0.2,Metric Tonnes,2600.0,Rs./Quintal
Maharashtra,Pune,Cereals,Wheat,20-08-2025,46.7,Metric Tonnes,4744.11,Rs./Quintal
Maharashtra,Pune,Cereals,Bajra(Pearl Millet/Cumbu),21-08-2025,76.8,Metric Tonnes,3199.93,Rs./Quintal
Maharashtra,Pune,Cereals,Jowar(Sorghum),21-08-2025,75.3,Metric Tonnes,5300.0,Rs./Quintal
Maharashtra,Pune,Cereals,Maize,21-08-2025,6.7,Metric Tonnes,2378.73,Rs./Quintal
Maharashtra,Pune,Cereals,Wheat,21-08-2025,107.6,Metric Tonnes,3667.1,Rs./Quintal
Maharashtra,Pune,Cereals,Bajra(Pearl Millet/Cumbu),22-08-2025,43.7,Metric Tonnes,3517.91,Rs./Quintal
Maharashtra,Pune,Cereals,Jowar(Sorghum),22-08-2025,74.2,Metric Tonnes,5000.0,Rs./Quintal
Maharashtra,Pune,Cereals,Maize,22-08-2025,0.3,Metric Tonnes,2550.0,Rs./Quintal
Maharashtra,Pune,Cereals,Wheat,22-08-2025,46.9,Metric Tonnes,4744.35,Rs./Quintal
Maharashtra,Pune,Cereals,Bajra(Pearl Millet/Cumbu),23-08-2025,43.9,Metric Tonnes,3569.25,Rs./Quintal
Maharashtra,Pune,Cereals,Jowar(Sorghum),23-08-2025,75.2,Metric Tonnes,5096.54,Rs./Quintal
Maharashtra,Pune,Cereals,Maize,23-08-2025,0.2,Metric Tonnes,2600.0,Rs./Quintal
Maharashtra,Pune,Cereals,Wheat,23-08-2025,49.2,Metric Tonnes,4578.66,Rs./Quintal
Maharashtra,Pune,Cereals,Bajra(Pearl Millet/Cumbu),24-08-2025,2.8,Metric Tonnes,2442.86,Rs./Quintal
Maharashtra,Pune,Cereals,Maize,24-08-2025,0.1,Metric Tonnes,2200.0,Rs./Quintal
Maharashtra,Pune,Cereals,Wheat,24-08-2025,6.6,Metric Tonnes,2494.36,Rs./Quintal
Maharashtra,Pune,Cereals,Bajra(Pearl Millet/Cumbu),25-08-2025,63.4,Metric Tonnes,3329.02,Rs./Quintal
Maharashtra,Pune,Cereals,Jowar(Sorghum),25-08-2025,73.5,Metric Tonnes,5050.0,Rs./Quintal
Maharashtra,Pune,Cereals,Maize,25-08-2025,9.2,Metric Tonnes,2402.17,Rs./Quintal
Maharashtra,Pune,Cereals,Wheat,25-08-2025,94.9,Metric Tonnes,3677.03,Rs./Quintal
Maharashtra,Pune,Cereals,Bajra(Pearl Millet/Cumbu),26-08-2025,43.7,Metric Tonnes,3522.54,Rs./Quintal
Maharashtra,Pune,Cereals,Jowar(Sorghum),26-08-2025,74.9,Metric Tonnes,4984.98,Rs./Quintal
Maharashtra,Pune,Cereals,Maize,26-08-2025,0.2,Metric Tonnes,2550.0,Rs./Quintal
Maharashtra,Pune,Cereals,Wheat,26-08-2025,47.1,Metric Tonnes,4750.0,Rs./Quintal
Maharashtra,Pune,Cereals,Bajra(Pearl Millet/Cumbu),27-08-2025,42.2,Metric Tonnes,3550.0,Rs./Quintal
Maharashtra,Pune,Cereals,Jowar(Sorghum),27-08-2025,73.2,Metric Tonnes,5050.0,Rs./Quintal
Maharashtra,Pune,Cereals,Maize,27-08-2025,0.3,Metric Tonnes,2600.0,Rs./Quintal
Maharashtra,Pune,Cereals,Wheat,27-08-2025,46.5,Metric Tonnes,4750.0,Rs./Quintal
Maharashtra,Pune,Cereals,Bajra(Pearl Millet/Cumbu),28-08-2025,42.1,Metric Tonnes,3446.79,Rs./Quintal
Maharashtra,Pune,Cereals,Jowar(Sorghum),28-08-2025,72.9,Metric Tonnes,5150.0,Rs./Quintal
Maharashtra,Pune,Cereals,Maize,28-08-2025,0.3,Metric Tonnes,2466.67,Rs./Quintal
Maharashtra,Pune,Cereals,Wheat,28-08-2025,55.2,Metric Tonnes,4433.2,Rs./Quintal
Maharashtra,Pune,Cereals,Bajra(Pearl Millet/Cumbu),29-08-2025,42.2,Metric Tonnes,3400.0,Rs./Quintal
Maharashtra,Pune,Cereals,Jowar(Sorghum),29-08-2025,72.5,Metric Tonnes,5100.0,Rs./Quintal
Maharashtra,Pune,Cereals,Maize,29-08-2025,0.3,Metric Tonnes,2500.0,Rs./Quintal
Maharashtra,Pune,Cereals,Bajra(Pearl Millet/Cumbu),30-08-2025,42.1,Metric Tonnes,3550.0,Rs./Quintal
Maharashtra,Pune,Cereals,Jowar(Sorghum),30-08-2025,73.5,Metric Tonnes,5050.0,Rs./Quintal
Maharashtra,Pune,Cereals,Maize,30-08-2025,0.2,Metric Tonnes,2600.0,Rs./Quintal
Maharashtra,Pune,Cereals,Wheat,30-08-2025,46.7,Metric Tonnes,4750.0,Rs./Quintal
Maharashtra,Pune,Cereals,Bajra(Pearl Millet/Cumbu),31-08-2025,5.5,Metric Tonnes,2650.0,Rs./Quintal
Maharashtra,Pune,Cereals,Jowar(Sorghum),31-08-2025,1.3,Metric Tonnes,2200.0,Rs./Quintal
Maharashtra,Pune,Cereals,Maize,31-08-2025,7.1,Metric Tonnes,2350.5,Rs./Quintal
Maharashtra,Pune,Cereals,Wheat,31-08-2025,23.2,Metric Tonnes,2600.0,Rs./Quintal
Maharashtra,Pune,Cereals,Bajra(Pearl Millet/Cumbu),01-09-2025,68.7,Metric Tonnes,3169.43,Rs./Quintal
Maharashtra,Pune,Cereals,Jowar(Sorghum),01-09-2025,73.2,Metric Tonnes,5100.0,Rs./Quintal
Maharashtra,Pune,Cereals,Maize,01-09-2025,7.3,Metric Tonnes,2406.51,Rs./Quintal
Maharashtra,Pune,Cereals,Wheat,01-09-2025,37.7,Metric Tonnes,2600.33,Rs./Quintal
Maharashtra,Pune,Cereals,Bajra(Pearl Millet/Cumbu),02-09-2025,42.8,Metric Tonnes,3432.13,Rs./Quintal
Maharashtra,Pune,Cereals,Jowar(Sorghum),02-09-2025,73.5,Metric Tonnes,5000.0,Rs./Quintal
Maharashtra,Pune,Cereals,Maize,02-09-2025,0.4,Metric Tonnes,2600.0,Rs./Quintal
Maharashtra,Pune,Cereals,Wheat,02-09-2025,47.2,Metric Tonnes,4777.22,Rs./Quintal
Maharashtra,Pune,Cereals,Bajra(Pearl Millet/Cumbu),03-09-2025,44.1,Metric Tonnes,3371.43,Rs./Quintal
Maharashtra,Pune,Cereals,Jowar(Sorghum),03-09-2025,73.4,Metric Tonnes,4850.0,Rs./Quintal
Maharashtra,Pune,Cereals,Maize,03-09-2025,0.3,Metric Tonnes,2650.0,Rs./Quintal
Maharashtra,Pune,Cereals,Wheat,03-09-2025,46.7,Metric Tonnes,4691.65,Rs./Quintal
Maharashtra,Pune,Cereals,Bajra(Pearl Millet/Cumbu),04-09-2025,78.6,Metric Tonnes,3119.85,Rs./Quintal
Maharashtra,Pune,Cereals,Jowar(Sorghum),04-09-2025,73.1,Metric Tonnes,4850.0,Rs./Quintal
Maharashtra,Pune,Cereals,Maize,04-09-2025,5.4,Metric Tonnes,2447.78,Rs./Quintal
Maharashtra,Pune,Cereals,Wheat,04-09-2025,90.3,Metric Tonnes,3676.74,Rs./Quintal
Maharashtra,Pune,Cereals,Bajra(Pearl Millet/Cumbu),05-09-2025,62.2,Metric Tonnes,3119.25,Rs./Quintal
Maharashtra,Pune,Cereals,Jowar(Sorghum),05-09-2025,73.2,Metric Tonnes,5000.0,Rs./Quintal
Maharashtra,Pune,Cereals,Maize,05-09-2025,0.2,Metric Tonnes,2600.0,Rs./Quintal
Maharashtra,Pune,Cereals,Wheat,05-09-2025,47.1,Metric Tonnes,4764.33,Rs./Quintal
Maharashtra,Pune,Cereals,Bajra(Pearl Millet/Cumbu),06-09-2025,57.1,Metric Tonnes,3450.0,Rs./Quintal
Maharashtra,Pune,Cereals,Jowar(Sorghum),06-09-2025,78.4,Metric Tonnes,4758.93,Rs./Quintal
Maharashtra,Pune,Cereals,Maize,06-09-2025,773.1,Metric Tonnes,2350.03,Rs./Quintal
Maharashtra,Pune,Cereals,Wheat,06-09-2025,52.5,Metric Tonnes,4505.54,Rs./Quintal
Maharashtra,Pune,Cereals,Bajra(Pearl Millet/Cumbu),07-09-2025,8.0,Metric Tonnes,2696.25,Rs./Quintal
Maharashtra,Pune,Cereals,Jowar(Sorghum),07-09-2025,0.2,Metric Tonnes,3000.0,Rs./Quintal
Maharashtra,Pune,Cereals,Maize,07-09-2025,0.4,Metric Tonnes,2100.0,Rs./Quintal
Maharashtra,Pune,Cereals,Wheat,07-09-2025,3.3,Metric Tonnes,2493.94,Rs./Quintal
Maharashtra,Pune,Cereals,Bajra(Pearl Millet/Cumbu),08-09-2025,100.9,Metric Tonnes,3050.35,Rs./Quintal
Maharashtra,Pune,Cereals,Jowar(Sorghum),08-09-2025,72.8,Metric Tonnes,4850.0,Rs./Quintal
Maharashtra,Pune,Cereals,Maize,08-09-2025,4.8,Metric Tonnes,2415.63,Rs./Quintal
Maharashtra,Pune,Cereals,Wheat,08-09-2025,95.9,Metric Tonnes,3617.95,Rs./Quintal
Maharashtra,Pune,Cereals,Bajra(Pearl Millet/Cumbu),09-09-2025,49.6,Metric Tonnes,3243.85,Rs./Quintal
Maharashtra,Pune,Cereals,Jowar(Sorghum),09-09-2025,72.9,Metric Tonnes,4942.46,Rs./Quintal
Maharashtra,Pune,Cereals,Maize,09-09-2025,0.3,Metric Tonnes,2383.33,Rs./Quintal
Maharashtra,Pune,Cereals,Wheat,09-09-2025,46.8,Metric Tonnes,4845.51,Rs./Quintal
Maharashtra,Pune,Cereals,Bajra(Pearl Millet/Cumbu),10-09-2025,43.5,Metric Tonnes,3319.66,Rs./Quintal
Maharashtra,Pune,Cereals,Jowar(Sorghum),10-09-2025,72.5,Metric Tonnes,4950.0,Rs./Quintal
Maharashtra,Pune,Cereals,Maize,10-09-2025,0.3,Metric Tonnes,2550.0,Rs./Quintal
Maharashtra,Pune,Cereals,Wheat,10-09-2025,46.5,Metric Tonnes,4850.0,Rs./Quintal
Maharashtra,Pune,Cereals,Bajra(Pearl Millet/Cumbu),11-09-2025,270.2,Metric Tonnes,2894.52,Rs./Quintal
Maharashtra,Pune,Cereals,Jowar(Sorghum),11-09-2025,124.3,Metric Tonnes,4471.04,Rs./Quintal
Maharashtra,Pune,Cereals,Maize,11-09-2025,12.5,Metric Tonnes,2258.72,Rs./Quintal
Maharashtra,Pune,Cereals,Wheat,11-09-2025,195.7,Metric Tonnes,3123.43,Rs./Quintal
Maharashtra,Pune,Cereals,Bajra(Pearl Millet/Cumbu),12-09-2025,40.7,Metric Tonnes,3400.0,Rs./Quintal
Maharashtra,Pune,Cereals,Jowar(Sorghum),12-09-2025,71.8,Metric Tonnes,4950.0,Rs./Quintal
Maharashtra,Pune,Cereals,Maize,12-09-2025,0.3,Metric Tonnes,2650.0,Rs./Quintal
Maharashtra,Pune,Cereals,Wheat,12-09-2025,46.0,Metric Tonnes,4750.0,Rs./Quintal
Maharashtra,Pune,Cereals,Jowar(Sorghum),13-09-2025,6.0,Metric Tonnes,2611.0,Rs./Quintal
Maharashtra,Pune,Cereals,Maize,13-09-2025,107.0,Metric Tonnes,2341.0,Rs./Quintal
Maharashtra,Pune,Cereals,Wheat,13-09-2025,1.3,Metric Tonnes,2551.0,Rs./Quintal
Maharashtra,Pune,Cereals,Wheat,14-09-2025,1.7,Metric Tonnes,2700.0,Rs./Quintal
Maharashtra,Pune,Cereals,Bajra(Pearl Millet/Cumbu),15-09-2025,12.4,Metric Tonnes,2893.55,Rs./Quintal
Maharashtra,Pune,Cereals,Jowar(Sorghum),15-09-2025,15.2,Metric Tonnes,3800.0,Rs./Quintal
Maharashtra,Pune,Cereals,Maize,15-09-2025,3.1,Metric Tonnes,2395.5,Rs./Quintal
Maharashtra,Pune,Cereals,Wheat,15-09-2025,19.0,Metric Tonnes,2705.5,Rs./Quintal
Maharashtra,Pune,Cereals,Bajra(Pearl Millet/Cumbu),16-09-2025,44.2,Metric Tonnes,3300.82,Rs./Quintal
Maharashtra,Pune,Cereals,Jowar(Sorghum),16-09-2025,70.8,Metric Tonnes,5000.0,Rs./Quintal
Maharashtra,Pune,Cereals,Maize,16-09-2025,0.5,Metric Tonnes,2220.0,Rs./Quintal
Maharashtra,Pune,Cereals,Wheat,16-09-2025,46.2,Metric Tonnes,4734.74,Rs./Quintal
Maharashtra,Pune,Cereals,Bajra(Pearl Millet/Cumbu),17-09-2025,41.0,Metric Tonnes,3450.0,Rs./Quintal
Maharashtra,Pune,Cereals,Jowar(Sorghum),17-09-2025,72.1,Metric Tonnes,5000.0,Rs./Quintal
Maharashtra,Pune,Cereals,Maize,17-09-2025,0.4,Metric Tonnes,2600.0,Rs./Quintal
Maharashtra,Pune,Cereals,Wheat,17-09-2025,46.2,Metric Tonnes,4800.0,Rs./Quintal
Maharashtra,Pune,Cereals,Bajra(Pearl Millet/Cumbu),18-09-2025,53.7,Metric Tonnes,2795.16,Rs./Quintal
Maharashtra,Pune,Cereals,Jowar(Sorghum),18-09-2025,39.3,Metric Tonnes,3775.0,Rs./Quintal
Maharashtra,Pune,Cereals,Maize,18-09-2025,7.4,Metric Tonnes,2357.09,Rs./Quintal
Maharashtra,Pune,Cereals,Wheat,18-09-2025,60.6,Metric Tonnes,2636.63,Rs./Quintal
Maharashtra,Pune,Cereals,Bajra(Pearl Millet/Cumbu),19-09-2025,43.5,Metric Tonnes,3391.15,Rs./Quintal
Maharashtra,Pune,Cereals,Jowar(Sorghum),19-09-2025,71.1,Metric Tonnes,4850.0,Rs./Quintal
Maharashtra,Pune,Cereals,Maize,19-09-2025,0.2,Metric Tonnes,2450.0,Rs./Quintal
Maharashtra,Pune,Cereals,Wheat,19-09-2025,47.7,Metric Tonnes,4696.33,Rs./Quintal
Maharashtra,Pune,Cereals,Bajra(Pearl Millet/Cumbu),20-09-2025,40.3,Metric Tonnes,3345.78,Rs./Quintal
Maharashtra,Pune,Cereals,Jowar(Sorghum),20-09-2025,72.4,Metric Tonnes,4944.75,Rs./Quintal
Maharashtra,Pune,Cereals,Maize,20-09-2025,220.0,Metric Tonnes,2199.84,Rs./Quintal
Maharashtra,Pune,Cereals,Wheat,20-09-2025,55.7,Metric Tonnes,4381.96,Rs./Quintal
Maharashtra,Pune,Cereals,Bajra(Pearl Millet/Cumbu),21-09-2025,8.0,Metric Tonnes,2586.25,Rs./Quintal
Maharashtra,Pune,Cereals,Jowar(Sorghum),21-09-2025,3.6,Metric Tonnes,2291.67,Rs./Quintal
Maharashtra,Pune,Cereals,Maize,21-09-2025,31.6,Metric Tonnes,2100.0,Rs./Quintal
Maharashtra,Pune,Cereals,Wheat,21-09-2025,17.8,Metric Tonnes,2523.74,Rs./Quintal
Maharashtra,Pune,Cereals,Bajra(Pearl Millet/Cumbu),22-09-2025,40.3,Metric Tonnes,3450.0,Rs./Quintal
Maharashtra,Pune,Cereals,Jowar(Sorghum),22-09-2025,71.9,Metric Tonnes,5000.0,Rs./Quintal
Maharashtra,Pune,Cereals,Maize,22-09-2025,0.2,Metric Tonnes,2600.0,Rs./Quintal
Maharashtra,Pune,Cereals,Wheat,22-09-2025,45.5,Metric Tonnes,4800.0,Rs./Quintal
Maharashtra,Pune,Cereals,Bajra(Pearl Millet/Cumbu),23-09-2025,45.0,Metric Tonnes,3273.78,Rs./Quintal
Maharashtra,Pune,Cereals,Jowar(Sorghum),23-09-2025,70.5,Metric Tonnes,4995.46,Rs./Quintal
Maharashtra,Pune,Cereals,Maize,23-09-2025,0.3,Metric Tonnes,2550.0,Rs./Quintal
Maharashtra,Pune,Cereals,Wheat,23-09-2025,46.0,Metric Tonnes,4736.3,Rs./Quintal
Maharashtra,Pune,Cereals,Bajra(Pearl Millet/Cumbu),24-09-2025,58.8,Metric Tonnes,3380.95,Rs./Quintal
Maharashtra,Pune,Cereals,Jowar(Sorghum),24-09-2025,71.9,Metric Tonnes,4900.0,Rs./Quintal
Maharashtra,Pune,Cereals,Maize,24-09-2025,6.3,Metric Tonnes,2017.46,Rs./Quintal
Maharashtra,Pune,Cereals,Wheat,24-09-2025,45.6,Metric Tonnes,4695.83,Rs./Quintal
Maharashtra,Pune,Cereals,Bajra(Pearl Millet/Cumbu),25-09-2025,86.2,Metric Tonnes,3156.5,Rs./Quintal
Maharashtra,Pune,Cereals,Jowar(Sorghum),25-09-2025,106.6,Metric Tonnes,4611.63,Rs./Quintal
Maharashtra,Pune,Cereals,Maize,25-09-2025,10.5,Metric Tonnes,2232.14,Rs./Quintal
Maharashtra,Pune,Cereals,Wheat,25-09-2025,120.9,Metric Tonnes,3448.75,Rs./Quintal
Maharashtra,Pune,Cereals,Bajra(Pearl Millet/Cumbu),26-09-2025,57.2,Metric Tonnes,3350.0,Rs./Quintal
Maharashtra,Pune,Cereals,Jowar(Sorghum),26-09-2025,71.7,Metric Tonnes,5000.0,Rs./Quintal
Maharashtra,Pune,Cereals,Maize,26-09-2025,0.3,Metric Tonnes,2550.0,Rs./Quintal
Maharashtra,Pune,Cereals,Wheat,26-09-2025,45.7,Metric Tonnes,4750.0,Rs./Quintal
Maharashtra,Pune,Cereals,Bajra(Pearl Millet/Cumbu),27-09-2025,40.2,Metric Tonnes,3450.0,Rs./Quintal
Maharashtra,Pune,Cereals,Jowar(Sorghum),27-09-2025,72.1,Metric Tonnes,5000.0,Rs./Quintal
Maharashtra,Pune,Cereals,Maize,27-09-2025,11.7,Metric Tonnes,2220.97,Rs./Quintal
Maharashtra,Pune,Cereals,Wheat,27-09-2025,45.7,Metric Tonnes,4800.0,Rs./Quintal
Maharashtra,Pune,Cereals,Bajra(Pearl Millet/Cumbu),28-09-2025,1.2,Metric Tonnes,1500.0,Rs./Quintal
Maharashtra,Pune,Cereals,Maize,28-09-2025,0.5,Metric Tonnes,2150.0,Rs./Quintal
Maharashtra,Pune,Cereals,Wheat,28-09-2025,1.7,Metric Tonnes,2450.0,Rs./Quintal
Maharashtra,Pune,Cereals,Bajra(Pearl Millet/Cumbu),29-09-2025,85.8,Metric Tonnes,3099.13,Rs./Quintal
Maharashtra,Pune,Cereals,Jowar(Sorghum),29-09-2025,96.9,Metric Tonnes,4686.57,Rs./Quintal
Maharashtra,Pune,Cereals,Maize,29-09-2025,23.9,Metric Tonnes,2292.73,Rs./Quintal
Maharashtra,Pune,Cereals,Wheat,29-09-2025,96.1,Metric Tonnes,3658.96,Rs./Quintal
Maharashtra,Pune,Cereals,Bajra(Pearl Millet/Cumbu),30-09-2025,40.1,Metric Tonnes,3350.0,Rs./Quintal
Maharashtra,Pune,Cereals,Jowar(Sorghum),30-09-2025,72.1,Metric Tonnes,4750.0,Rs./Quintal
Maharashtra,Pune,Cereals,Maize,30-09-2025,0.3,Metric Tonnes,2450.0,Rs./Quintal
Maharashtra,Pune,Cereals,Wheat,30-09-2025,45.9,Metric Tonnes,4750.0,Rs./Quintal
Maharashtra,Pune,Cereals,Bajra(Pearl Millet/Cumbu),01-10-2025,57.3,Metric Tonnes,3350.0,Rs./Quintal
Maharashtra,Pune,Cereals,Jowar(Sorghum),01-10-2025,71.8,Metric Tonnes,5000.0,Rs./Quintal
Maharashtra,Pune,Cereals,Maize,01-10-2025,0.2,Metric Tonnes,2550.0,Rs./Quintal
Maharashtra,Pune,Cereals,Wheat,01-10-2025,45.8,Metric Tonnes,4750.0,Rs./Quintal
Maharashtra,Pune,Cereals,Bajra(Pearl Millet/Cumbu),02-10-2025,41.8,Metric Tonnes,3424.64,Rs./Quintal
Maharashtra,Pune,Cereals,Jowar(Sorghum),02-10-2025,71.6,Metric Tonnes,5000.0,Rs./Quintal
Maharashtra,Pune,Cereals,Maize,02-10-2025,3.7,Metric Tonnes,2313.51,Rs./Quintal
Maharashtra,Pune,Cereals,Wheat,02-10-2025,47.2,Metric Tonnes,4702.54,Rs./Quintal
Maharashtra,Pune,Cereals,Bajra(Pearl Millet/Cumbu),03-10-2025,40.7,Metric Tonnes,3324.57,Rs./Quintal
Maharashtra,Pune,Cereals,Jowar(Sorghum),03-10-2025,72.4,Metric Tonnes,4743.78,Rs./Quintal
Maharashtra,Pune,Cereals,Maize,03-10-2025,4.2,Metric Tonnes,2021.43,Rs./Quintal
Maharashtra,Pune,Cereals,Wheat,03-10-2025,45.8,Metric Tonnes,4744.65,Rs./Quintal
Maharashtra,Pune,Cereals,Bajra(Pearl Millet/Cumbu),04-10-2025,40.2,Metric Tonnes,3350.0,Rs./Quintal
Maharashtra,Pune,Cereals,Jowar(Sorghum),04-10-2025,72.0,Metric Tonnes,4750.0,Rs./Quintal
Maharashtra,Pune,Cereals,Maize,04-10-2025,0.3,Metric Tonnes,2450.0,Rs./Quintal
Maharashtra,Pune,Cereals,Wheat,04-10-2025,45.5,Metric Tonnes,4750.0,Rs./Quintal
Maharashtra,Pune,Cereals,Bajra(Pearl Millet/Cumbu),05-10-2025,3.2,Metric Tonnes,2650.0,Rs./Quintal
Maharashtra,Pune,Cereals,Maize,05-10-2025,0.8,Metric Tonnes,2000.0,Rs./Quintal
Maharashtra,Pune,Cereals,Wheat,05-10-2025,9.4,Metric Tonnes,2650.0,Rs./Quintal
Maharashtra,Pune,Cereals,Bajra(Pearl Millet/Cumbu),06-10-2025,123.3,Metric Tonnes,3172.95,Rs./Quintal
Maharashtra,Pune,Cereals,Jowar(Sorghum),06-10-2025,116.4,Metric Tonnes,4541.24,Rs./Quintal
Maharashtra,Pune,Cereals,Maize,06-10-2025,82.0,Metric Tonnes,2153.72,Rs./Quintal
Maharashtra,Pune,Cereals,Wheat,06-10-2025,149.1,Metric Tonnes,3311.7,Rs./Quintal
Maharashtra,Pune,Cereals,Bajra(Pearl Millet/Cumbu),07-10-2025,40.3,Metric Tonnes,3350.0,Rs./Quintal
Maharashtra,Pune,Cereals,Jowar(Sorghum),07-10-2025,72.1,Metric Tonnes,4750.0,Rs./Quintal
Maharashtra,Pune,Cereals,Maize,07-10-2025,0.2,Metric Tonnes,2450.0,Rs./Quintal
Maharashtra,Pune,Cereals,Wheat,07-10-2025,45.6,Metric Tonnes,4750.0,Rs./Quintal
Maharashtra,Pune,Cereals,Bajra(Pearl Millet/Cumbu),08-10-2025,47.2,Metric Tonnes,3339.41,Rs./Quintal
Maharashtra,Pune,Cereals,Jowar(Sorghum),08-10-2025,72.6,Metric Tonnes,4984.02,Rs./Quintal
Maharashtra,Pune,Cereals,Maize,08-10-2025,11.4,Metric Tonnes,2064.47,Rs./Quintal
Maharashtra,Pune,Cereals,Wheat,08-10-2025,46.2,Metric Tonnes,4757.14,Rs./Quintal
Maharashtra,Pune,Cereals,Bajra(Pearl Millet/Cumbu),09-10-2025,40.2,Metric Tonnes,3350.0,Rs./Quintal
Maharashtra,Pune,Cereals,Jowar(Sorghum),09-10-2025,72.0,Metric Tonnes,5000.0,Rs./Quintal
Maharashtra,Pune,Cereals,Maize,09-10-2025,0.3,Metric Tonnes,2550.0,Rs./Quintal
Maharashtra,Pune,Cereals,Wheat,09-10-2025,45.6,Metric Tonnes,4750.0,Rs./Quintal
Maharashtra,Pune,Cereals,Bajra(Pearl Millet/Cumbu),10-10-2025,4.0,Metric Tonnes,2500.0,Rs./Quintal
Maharashtra,Pune,Cereals,Jowar(Sorghum),10-10-2025,0.1,Metric Tonnes,3200.0,Rs./Quintal
Maharashtra,Pune,Cereals,Maize,10-10-2025,14.6,Metric Tonnes,2150.0,Rs./Quintal
Maharashtra,Pune,Cereals,Wheat,10-10-2025,2.7,Metric Tonnes,2350.0,Rs./Quintal
Maharashtra,Pune,Cereals,Bajra(Pearl Millet/Cumbu),11-10-2025,42.8,Metric Tonnes,3287.38,Rs./Quintal
Maharashtra,Pune,Cereals,Jowar(Sorghum),11-10-2025,74.8,Metric Tonnes,4665.01,Rs./Quintal
Maharashtra,Pune,Cereals,Maize,11-10-2025,1614.9,Metric Tonnes,2180.79,Rs./Quintal
Maharashtra,Pune,Cereals,Wheat,11-10-2025,56.9,Metric Tonnes,4278.66,Rs./Quintal
Maharashtra,Pune,Cereals,Bajra(Pearl Millet/Cumbu),12-10-2025,12.8,Metric Tonnes,2737.14,Rs./Quintal
Maharashtra,Pune,Cereals,Jowar(Sorghum),12-10-2025,0.2,Metric Tonnes,3400.0,Rs./Quintal
Maharashtra,Pune,Cereals,Maize,12-10-2025,12.9,Metric Tonnes,2052.33,Rs./Quintal
Maharashtra,Pune,Cereals,Wheat,12-10-2025,20.8,Metric Tonnes,2602.93,Rs./Quintal
Maharashtra,Pune,Cereals,Bajra(Pearl Millet/Cumbu),13-10-2025,40.3,Metric Tonnes,3500.0,Rs./Quintal
Maharashtra,Pune,Cereals,Jowar(Sorghum),13-10-2025,72.0,Metric Tonnes,5100.0,Rs./Quintal
Maharashtra,Pune,Cereals,Maize,13-10-2025,0.2,Metric Tonnes,2650.0,Rs./Quintal
Maharashtra,Pune,Cereals,Wheat,13-10-2025,45.2,Metric Tonnes,4750.0,Rs./Quintal
Maharashtra,Pune,Cereals,Bajra(Pearl Millet/Cumbu),14-10-2025,42.2,Metric Tonnes,3450.71,Rs./Quintal
Maharashtra,Pune,Cereals,Jowar(Sorghum),14-10-2025,72.2,Metric Tonnes,5137.74,Rs./Quintal
Maharashtra,Pune,Cereals,Maize,14-10-2025,3.8,Metric Tonnes,1889.47,Rs./Quintal
Maharashtra,Pune,Cereals,Wheat,14-10-2025,45.8,Metric Tonnes,4735.26,Rs./Quintal
Maharashtra,Pune,Cereals,Bajra(Pearl Millet/Cumbu),15-10-2025,53.8,Metric Tonnes,3248.65,Rs./Quintal
Maharashtra,Pune,Cereals,Jowar(Sorghum),15-10-2025,77.3,Metric Tonnes,4931.82,Rs./Quintal
Maharashtra,Pune,Cereals,Maize,15-10-2025,2451.3,Metric Tonnes,2000.07,Rs./Quintal
Maharashtra,Pune,Cereals,Wheat,15-10-2025,52.0,Metric Tonnes,4534.38,Rs./Quintal
Maharashtra,Pune,Cereals,Bajra(Pearl Millet/Cumbu),16-10-2025,45.8,Metric Tonnes,3443.01,Rs./Quintal
Maharashtra,Pune,Cereals,Jowar(Sorghum),16-10-2025,72.0,Metric Tonnes,5150.0,Rs./Quintal
Maharashtra,Pune,Cereals,Maize,16-10-2025,19.9,Metric Tonnes,2021.86,Rs./Quintal
Maharashtra,Pune,Cereals,Wheat,16-10-2025,50.9,Metric Tonnes,4520.14,Rs./Quintal
Maharashtra,Pune,Cereals,Bajra(Pearl Millet/Cumbu),17-10-2025,47.4,Metric Tonnes,3228.06,Rs./Quintal
Maharashtra,Pune,Cereals,Jowar(Sorghum),17-10-2025,72.1,Metric Tonnes,4995.56,Rs./Quintal
Maharashtra,Pune,Cereals,Maize,17-10-2025,4.3,Metric Tonnes,2038.37,Rs./Quintal
Maharashtra,Pune,Cereals,Wheat,17-10-2025,46.9,Metric Tonnes,4707.36,Rs./Quintal
Maharashtra,Pune,Cereals,Bajra(Pearl Millet/Cumbu),18-10-2025,41.1,Metric Tonnes,3331.51,Rs./Quintal
Maharashtra,Pune,Cereals,Jowar(Sorghum),18-10-2025,72.1,Metric Tonnes,4750.0,Rs./Quintal
Maharashtra,Pune,Cereals,Maize,18-10-2025,3.6,Metric Tonnes,1930.56,Rs./Quintal
Maharashtra,Pune,Cereals,Wheat,18-10-2025,45.6,Metric Tonnes,4750.0,Rs./Quintal
Maharashtra,Pune,Cereals,Bajra(Pearl Millet/Cumbu),19-10-2025,0.8,Metric Tonnes,2600.0,Rs./Quintal
Maharashtra,Pune,Cereals,Maize,19-10-2025,8.5,Metric Tonnes,1950.0,Rs./Quintal
Maharashtra,Pune,Cereals,Wheat,19-10-2025,0.2,Metric Tonnes,2400.0,Rs./Quintal
Maharashtra,Pune,Cereals,Bajra(Pearl Millet/Cumbu),20-10-2025,41.1,Metric Tonnes,3500.0,Rs./Quintal
Maharashtra,Pune,Cereals,Jowar(Sorghum),20-10-2025,72.3,Metric Tonnes,5150.0,Rs./Quintal
Maharashtra,Pune,Cereals,Maize,20-10-2025,0.4,Metric Tonnes,2600.0,Rs./Quintal
Maharashtra,Pune,Cereals,Wheat,20-10-2025,46.0,Metric Tonnes,4750.0,Rs./Quintal
Maharashtra,Pune,Cereals,Bajra(Pearl Millet/Cumbu),22-10-2025,41.0,Metric Tonnes,3500.0,Rs./Quintal
Maharashtra,Pune,Cereals,Jowar(Sorghum),22-10-2025,72.6,Metric Tonnes,5100.0,Rs./Quintal
Maharashtra,Pune,Cereals,Maize,22-10-2025,0.3,Metric Tonnes,2650.0,Rs./Quintal
Maharashtra,Pune,Cereals,Wheat,22-10-2025,45.4,Metric Tonnes,4750.0,Rs./Quintal
Maharashtra,Pune,Cereals,Bajra(Pearl Millet/Cumbu),23-10-2025,40.5,Metric Tonnes,3550.0,Rs./Quintal
Maharashtra,Pune,Cereals,Jowar(Sorghum),23-10-2025,73.3,Metric Tonnes,5150.0,Rs./Quintal
Maharashtra,Pune,Cereals,Maize,23-10-2025,0.5,Metric Tonnes,2550.0,Rs./Quintal
Maharashtra,Pune,Cereals,Wheat,23-10-2025,46.2,Metric Tonnes,4750.0,Rs./Quintal
Maharashtra,Pune,Cereals,Maize,25-10-2025,166.1,Metric Tonnes,1800.0,Rs./Quintal
Maharashtra,Pune,Cereals,Wheat,25-10-2025,0.4,Metric Tonnes,2500.0,Rs./Quintal
Maharashtra,Pune,Cereals,Bajra(Pearl Millet/Cumbu),26-10-2025,1.1,Metric Tonnes,2701.0,Rs./Quintal
Maharashtra,Pune,Cereals,Wheat,26-10-2025,2.2,Metric Tonnes,2450.0,Rs./Quintal
Maharashtra,Pune,Cereals,Bajra(Pearl Millet/Cumbu),27-10-2025,73.1,Metric Tonnes,3279.07,Rs./Quintal
Maharashtra,Pune,Cereals,Jowar(Sorghum),27-10-2025,110.2,Metric Tonnes,4680.81,Rs./Quintal
Maharashtra,Pune,Cereals,Maize,27-10-2025,427.2,Metric Tonnes,1751.4,Rs./Quintal
Maharashtra,Pune,Cereals,Wheat,27-10-2025,118.0,Metric Tonnes,3459.58,Rs./Quintal
Maharashtra,Pune,Cereals,Bajra(Pearl Millet/Cumbu),28-10-2025,40.2,Metric Tonnes,3600.0,Rs./Quintal
Maharashtra,Pune,Cereals,Jowar(Sorghum),28-10-2025,71.1,Metric Tonnes,5100.0,Rs./Quintal
Maharashtra,Pune,Cereals,Maize,28-10-2025,0.2,Metric Tonnes,2500.0,Rs./Quintal
Maharashtra,Pune,Cereals,Wheat,28-10-2025,45.0,Metric Tonnes,4650.0,Rs./Quintal
Maharashtra,Pune,Cereals,Bajra(Pearl Millet/Cumbu),29-10-2025,43.0,Metric Tonnes,3465.7,Rs./Quintal
Maharashtra,Pune,Cereals,Jowar(Sorghum),29-10-2025,72.0,Metric Tonnes,5100.0,Rs./Quintal
Maharashtra,Pune,Cereals,Maize,29-10-2025,4.5,Metric Tonnes,1786.67,Rs./Quintal
Maharashtra,Pune,Cereals,Wheat,29-10-2025,45.7,Metric Tonnes,4735.23,Rs./Quintal
Maharashtra,Pune,Cereals,Bajra(Pearl Millet/Cumbu),30-10-2025,92.6,Metric Tonnes,3053.46,Rs./Quintal
Maharashtra,Pune,Cereals,Jowar(Sorghum),30-10-2025,104.0,Metric Tonnes,4618.56,Rs./Quintal
Maharashtra,Pune,Cereals,Maize,30-10-2025,299.6,Metric Tonnes,1799.67,Rs./Quintal
Maharashtra,Pune,Cereals,Wheat,30-10-2025,105.0,Metric Tonnes,3564.77,Rs./Quintal
Maharashtra,Pune,Cereals,Bajra(Pearl Millet/Cumbu),31-10-2025,41.8,Metric Tonnes,3326.67,Rs./Quintal
Maharashtra,Pune,Cereals,Jowar(Sorghum),31-10-2025,72.3,Metric Tonnes,5000.0,Rs./Quintal
Maharashtra,Pune,Cereals,Maize,31-10-2025,11.5,Metric Tonnes,1812.17,Rs./Quintal
Maharashtra,Pune,Cereals,Wheat,31-10-2025,45.6,Metric Tonnes,4750.0,Rs./Quintal
Maharashtra,Pune,Cereals,Bajra(Pearl Millet/Cumbu),01-11-2025,41.3,Metric Tonnes,3329.42,Rs./Quintal
Maharashtra,Pune,Cereals,Jowar(Sorghum),01-11-2025,82.1,Metric Tonnes,4451.58,Rs./Quintal
Maharashtra,Pune,Cereals,Maize,01-11-2025,1499.1,Metric Tonnes,1751.05,Rs./Quintal
Maharashtra,Pune,Cereals,Wheat,01-11-2025,46.4,Metric Tonnes,4705.82,Rs./Quintal
Maharashtra,Pune,Cereals,Bajra(Pearl Millet/Cumbu),02-11-2025,1.5,Metric Tonnes,2650.0,Rs./Quintal
Maharashtra,Pune,Cereals,Maize,02-11-2025,0.5,Metric Tonnes,2451.0,Rs./Quintal
Maharashtra,Pune,Cereals,Wheat,02-11-2025,1.2,Metric Tonnes,2475.0,Rs./Quintal
Maharashtra,Pune,Cereals,Bajra(Pearl Millet/Cumbu),03-11-2025,57.2,Metric Tonnes,3100.0,Rs./Quintal
Maharashtra,Pune,Cereals,Jowar(Sorghum),03-11-2025,72.2,Metric Tonnes,5100.0,Rs./Quintal
Maharashtra,Pune,Cereals,Maize,03-11-2025,0.2,Metric Tonnes,2650.0,Rs./Quintal
Maharashtra,Pune,Cereals,Wheat,03-11-2025,45.3,Metric Tonnes,4750.0,Rs./Quintal
Maharashtra,Pune,Cereals,Bajra(Pearl Millet/Cumbu),04-11-2025,40.4,Metric Tonnes,3350.0,Rs./Quintal
Maharashtra,Pune,Cereals,Jowar(Sorghum),04-11-2025,71.9,Metric Tonnes,4750.0,Rs./Quintal
Maharashtra,Pune,Cereals,Maize,04-11-2025,0.3,Metric Tonnes,2450.0,Rs./Quintal
Maharashtra,Pune,Cereals,Wheat,04-11-2025,45.5,Metric Tonnes,4750.0,Rs./Quintal
Maharashtra,Pune,Cereals,Bajra(Pearl Millet/Cumbu),05-11-2025,40.3,Metric Tonnes,3500.0,Rs./Quintal
Maharashtra,Pune,Cereals,Jowar(Sorghum),05-11-2025,73.8,Metric Tonnes,5029.54,Rs./Quintal
Maharashtra,Pune,Cereals,Maize,05-11-2025,936.2,Metric Tonnes,1751.19,Rs./Quintal
Maharashtra,Pune,Cereals,Wheat,05-11-2025,46.4,Metric Tonnes,4705.82,Rs./Quintal
Maharashtra,Pune,Cereals,Bajra(Pearl Millet/Cumbu),06-11-2025,20.1,Metric Tonnes,2799.25,Rs./Quintal
Maharashtra,Pune,Cereals,Jowar(Sorghum),06-11-2025,25.2,Metric Tonnes,2998.41,Rs./Quintal
Maharashtra,Pune,Cereals,Maize,06-11-2025,228.3,Metric Tonnes,1799.78,Rs./Quintal
Maharashtra,Pune,Cereals,Wheat,06-11-2025,58.1,Metric Tonnes,2650.95,Rs./Quintal
Maharashtra,Pune,Cereals,Bajra(Pearl Millet/Cumbu),07-11-2025,40.4,Metric Tonnes,3350.0,Rs./Quintal
Maharashtra,Pune,Cereals,Jowar(Sorghum),07-11-2025,72.8,Metric Tonnes,5000.0,Rs./Quintal
Maharashtra,Pune,Cereals,Maize,07-11-2025,0.2,Metric Tonnes,2500.0,Rs./Quintal
Maharashtra,Pune,Cereals,Wheat,07-11-2025,45.3,Metric Tonnes,4750.0,Rs./Quintal
Maharashtra,Pune,Cereals,Bajra(Pearl Millet/Cumbu),08-11-2025,40.9,Metric Tonnes,3500.0,Rs./Quintal
Maharashtra,Pune,Cereals,Jowar(Sorghum),08-11-2025,73.0,Metric Tonnes,5050.0,Rs./Quintal
Maharashtra,Pune,Cereals,Maize,08-11-2025,0.1,Metric Tonnes,2600.0,Rs./Quintal
Maharashtra,Pune,Cereals,Wheat,08-11-2025,45.5,Metric Tonnes,4850.0,Rs./Quintal
Maharashtra,Pune,Cereals,Bajra(Pearl Millet/Cumbu),10-11-2025,58.2,Metric Tonnes,3142.18,Rs./Quintal
Maharashtra,Pune,Cereals,Jowar(Sorghum),10-11-2025,73.0,Metric Tonnes,5250.0,Rs./Quintal
Maharashtra,Pune,Cereals,Maize,10-11-2025,9.2,Metric Tonnes,1858.05,Rs./Quintal
Maharashtra,Pune,Cereals,Wheat,10-11-2025,0.7,Metric Tonnes,2435.71,Rs./Quintal
Maharashtra,Pune,Cereals,Bajra(Pearl Millet/Cumbu),11-11-2025,40.4,Metric Tonnes,3500.0,Rs./Quintal
Maharashtra,Pune,Cereals,Jowar(Sorghum),11-11-2025,72.8,Metric Tonnes,5100.0,Rs./Quintal
Maharashtra,Pune,Cereals,Maize,11-11-2025,0.2,Metric Tonnes,2650.0,Rs./Quintal
Maharashtra,Pune,Cereals,Wheat,11-11-2025,45.3,Metric Tonnes,4750.0,Rs./Quintal
Maharashtra,Pune,Cereals,Bajra(Pearl Millet/Cumbu),12-11-2025,58.9,Metric Tonnes,3136.76,Rs./Quintal
Maharashtra,Pune,Cereals,Jowar(Sorghum),12-11-2025,72.7,Metric Tonnes,5250.0,Rs./Quintal
Maharashtra,Pune,Cereals,Maize,12-11-2025,16.8,Metric Tonnes,1857.74,Rs./Quintal
Maharashtra,Pune,Cereals,Wheat,12-11-2025,0.6,Metric Tonnes,2650.0,Rs./Quintal
Maharashtra,Pune,Cereals,Bajra(Pearl Millet/Cumbu),13-11-2025,45.8,Metric Tonnes,3542.03,Rs./Quintal
Maharashtra,Pune,Cereals,Jowar(Sorghum),13-11-2025,72.4,Metric Tonnes,5100.0,Rs./Quintal
Maharashtra,Pune,Cereals,Maize,13-11-2025,1.6,Metric Tonnes,1666.56,Rs./Quintal
Maharashtra,Pune,Cereals,Wheat,13-11-2025,0.6,Metric Tonnes,2751.0,Rs./Quintal
Maharashtra,Pune,Cereals,Bajra(Pearl Millet/Cumbu),14-11-2025,41.9,Metric Tonnes,3700.0,Rs./Quintal
Maharashtra,Pune,Cereals,Jowar(Sorghum),14-11-2025,72.7,Metric Tonnes,5000.0,Rs./Quintal
Maharashtra,Pune,Cereals,Maize,14-11-2025,0.2,Metric Tonnes,2550.0,Rs./Quintal
Maharashtra,Pune,Cereals,Bajra(Pearl Millet/Cumbu),15-11-2025,42.1,Metric Tonnes,3750.0,Rs./Quintal
Maharashtra,Pune,Cereals,Jowar(Sorghum),15-11-2025,72.3,Metric Tonnes,5100.0,Rs./Quintal
Maharashtra,Pune,Cereals,Maize,15-11-2025,0.1,Metric Tonnes,2600.0,Rs./Quintal
Maharashtra,Pune,Cereals,Bajra(Pearl Millet/Cumbu),16-11-2025,1.0,Metric Tonnes,2350.0,Rs./Quintal
Maharashtra,Pune,Cereals,Wheat,16-11-2025,4.6,Metric Tonnes,2600.0,Rs./Quintal
Maharashtra,Pune,Cereals,Bajra(Pearl Millet/Cumbu),17-11-2025,42.3,Metric Tonnes,3750.0,Rs./Quintal
Maharashtra,Pune,Cereals,Jowar(Sorghum),17-11-2025,72.6,Metric Tonnes,5200.0,Rs./Quintal
Maharashtra,Pune,Cereals,Maize,17-11-2025,8.6,Metric Tonnes,1805.52,Rs./Quintal
Maharashtra,Pune,Cereals,Wheat,17-11-2025,0.9,Metric Tonnes,2800.0,Rs./Quintal
Maharashtra,Pune,Cereals,Bajra(Pearl Millet/Cumbu),18-11-2025,42.6,Metric Tonnes,3700.0,Rs./Quintal
Maharashtra,Pune,Cereals,Jowar(Sorghum),18-11-2025,72.3,Metric Tonnes,5300.0,Rs./Quintal
Maharashtra,Pune,Cereals,Maize,18-11-2025,0.2,Metric Tonnes,2600.0,Rs./Quintal
Maharashtra,Pune,Cereals,Bajra(Pearl Millet/Cumbu),19-11-2025,42.4,Metric Tonnes,3750.0,Rs./Quintal
Maharashtra,Pune,Cereals,Jowar(Sorghum),19-11-2025,71.9,Metric Tonnes,5350.0,Rs./Quintal
Maharashtra,Pune,Cereals,Maize,19-11-2025,0.3,Metric Tonnes,2550.0,Rs./Quintal
Maharashtra,Pune,Cereals,Bajra(Pearl Millet/Cumbu),20-11-2025,42.8,Metric Tonnes,3800.0,Rs./Quintal
Maharashtra,Pune,Cereals,Jowar(Sorghum),20-11-2025,72.2,Metric Tonnes,5500.0,Rs./Quintal
Maharashtra,Pune,Cereals,Maize,20-11-2025,0.2,Metric Tonnes,2450.0,Rs./Quintal
Maharashtra,Pune,Cereals,Wheat,20-11-2025,43.7,Metric Tonnes,4850.0,Rs./Quintal
Maharashtra,Pune,Cereals,Bajra(Pearl Millet/Cumbu),21-11-2025,57.2,Metric Tonnes,3350.0,Rs./Quintal
Maharashtra,Pune,Cereals,Jowar(Sorghum),21-11-2025,72.8,Metric Tonnes,5000.0,Rs./Quintal
Maharashtra,Pune,Cereals,Maize,21-11-2025,0.2,Metric Tonnes,2500.0,Rs./Quintal
Maharashtra,Pune,Cereals,Wheat,21-11-2025,45.3,Metric Tonnes,4750.0,Rs./Quintal
Maharashtra,Pune,Cereals,Bajra(Pearl Millet/Cumbu),22-11-2025,42.6,Metric Tonnes,3800.0,Rs./Quintal
Maharashtra,Pune,Cereals,Jowar(Sorghum),22-11-2025,72.3,Metric Tonnes,5500.0,Rs./Quintal
Maharashtra,Pune,Cereals,Maize,22-11-2025,0.3,Metric Tonnes,2450.0,Rs./Quintal
Maharashtra,Pune,Cereals,Wheat,22-11-2025,43.5,Metric Tonnes,4850.0,Rs./Quintal
Maharashtra,Pune,Cereals,Bajra(Pearl Millet/Cumbu),23-11-2025,0.8,Metric Tonnes,2475.0,Rs./Quintal
Maharashtra,Pune,Cereals,Maize,23-11-2025,12.0,Metric Tonnes,1700.0,Rs./Quintal
Maharashtra,Pune,Cereals,Wheat,23-11-2025,4.2,Metric Tonnes,2651.19,Rs./Quintal
Maharashtra,Pune,Cereals,Bajra(Pearl Millet/Cumbu),24-11-2025,99.2,Metric Tonnes,3386.29,Rs./Quintal
Maharashtra,Pune,Cereals,Jowar(Sorghum),24-11-2025,95.8,Metric Tonnes,4942.38,Rs./Quintal
Maharashtra,Pune,Cereals,Maize,24-11-2025,251.4,Metric Tonnes,1726.25,Rs./Quintal
Maharashtra,Pune,Cereals,Wheat,24-11-2025,88.1,Metric Tonnes,3699.94,Rs./Quintal
Maharashtra,Pune,Cereals,Bajra(Pearl Millet/Cumbu),25-11-2025,42.9,Metric Tonnes,4100.0,Rs./Quintal
Maharashtra,Pune,Cereals,Jowar(Sorghum),25-11-2025,72.3,Metric Tonnes,5400.0,Rs./Quintal
Maharashtra,Pune,Cereals,Maize,25-11-2025,0.1,Metric Tonnes,2600.0,Rs./Quintal
Maharashtra,Pune,Cereals,Wheat,25-11-2025,44.1,Metric Tonnes,4850.0,Rs./Quintal
Maharashtra,Pune,Cereals,Bajra(Pearl Millet/Cumbu),26-11-2025,42.6,Metric Tonnes,4100.0,Rs./Quintal
Maharashtra,Pune,Cereals,Jowar(Sorghum),26-11-2025,72.6,Metric Tonnes,5300.0,Rs./Quintal
Maharashtra,Pune,Cereals,Maize,26-11-2025,0.2,Metric Tonnes,2650.0,Rs./Quintal
Maharashtra,Pune,Cereals,Bajra(Pearl Millet/Cumbu),27-11-2025,43.4,Metric Tonnes,3929.26,Rs./Quintal
Maharashtra,Pune,Cereals,Jowar(Sorghum),27-11-2025,72.2,Metric Tonnes,5200.0,Rs./Quintal
Maharashtra,Pune,Cereals,Maize,27-11-2025,1.2,Metric Tonnes,1725.0,Rs./Quintal
Maharashtra,Pune,Cereals,Wheat,27-11-2025,43.8,Metric Tonnes,4784.94,Rs./Quintal
Maharashtra,Pune,Cereals,Bajra(Pearl Millet/Cumbu),28-11-2025,43.2,Metric Tonnes,4100.0,Rs./Quintal
Maharashtra,Pune,Cereals,Jowar(Sorghum),28-11-2025,71.9,Metric Tonnes,5400.0,Rs./Quintal
Maharashtra,Pune,Cereals,Maize,28-11-2025,0.3,Metric Tonnes,2550.0,Rs./Quintal
Maharashtra,Pune,Cereals,Wheat,28-11-2025,43.3,Metric Tonnes,4750.0,Rs./Quintal
Maharashtra,Pune,Cereals,Bajra(Pearl Millet/Cumbu),29-11-2025,43.5,Metric Tonnes,4100.0,Rs./Quintal
Maharashtra,Pune,Cereals,Jowar(Sorghum),29-11-2025,72.2,Metric Tonnes,5400.0,Rs./Quintal
Maharashtra,Pune,Cereals,Maize,29-11-2025,2087.2,Metric Tonnes,1700.09,Rs./Quintal
Maharashtra,Pune,Cereals,Wheat,29-11-2025,44.7,Metric Tonnes,4753.02,Rs./Quintal
Maharashtra,Pune,Cereals,Bajra(Pearl Millet/Cumbu),01-12-2025,43.8,Metric Tonnes,4200.0,Rs./Quintal
Maharashtra,Pune,Cereals,Jowar(Sorghum),01-12-2025,71.9,Metric Tonnes,5500.0,Rs./Quintal
Maharashtra,Pune,Cereals,Maize,01-12-2025,0.3,Metric Tonnes,2650.0,Rs./Quintal
Maharashtra,Pune,Cereals,Wheat,01-12-2025,43.3,Metric Tonnes,4700.0,Rs./Quintal
Maharashtra,Pune,Cereals,Bajra(Pearl Millet/Cumbu),02-12-2025,43.1,Metric Tonnes,4150.0,Rs./Quintal
Maharashtra,Pune,Cereals,Jowar(Sorghum),02-12-2025,71.4,Metric Tonnes,5400.0,Rs./Quintal
Maharashtra,Pune,Cereals,Maize,02-12-2025,0.2,Metric Tonnes,2700.0,Rs./Quintal
Maharashtra,Pune,Cereals,Wheat,02-12-2025,43.6,Metric Tonnes,4750.0,Rs./Quintal
Maharashtra,Pune,Cereals,Bajra(Pearl Millet/Cumbu),03-12-2025,42.7,Metric Tonnes,4250.0,Rs./Quintal
Maharashtra,Pune,Cereals,Jowar(Sorghum),03-12-2025,71.1,Metric Tonnes,5350.0,Rs./Quintal
Maharashtra,Pune,Cereals,Maize,03-12-2025,0.1,Metric Tonnes,2650.0,Rs./Quintal
Maharashtra,Pune,Cereals,Wheat,03-12-2025,44.2,Metric Tonnes,4700.0,Rs./Quintal
Maharashtra,Pune,Cereals,Bajra(Pearl Millet/Cumbu),04-12-2025,43.2,Metric Tonnes,4293.06,Rs./Quintal
Maharashtra,Pune,Cereals,Jowar(Sorghum),04-12-2025,71.4,Metric Tonnes,5450.0,Rs./Quintal
Maharashtra,Pune,Cereals,Maize,04-12-2025,1.2,Metric Tonnes,1850.0,Rs./Quintal
Maharashtra,Pune,Cereals,Wheat,04-12-2025,97.6,Metric Tonnes,3637.2,Rs./Quintal
Maharashtra,Pune,Cereals,Bajra(Pearl Millet/Cumbu),06-12-2025,42.3,Metric Tonnes,4150.0,Rs./Quintal
Maharashtra,Pune,Cereals,Jowar(Sorghum),06-12-2025,71.2,Metric Tonnes,5400.0,Rs./Quintal
Maharashtra,Pune,Cereals,Maize,06-12-2025,0.1,Metric Tonnes,2700.0,Rs./Quintal
Maharashtra,Pune,Cereals,Wheat,06-12-2025,43.9,Metric Tonnes,4750.0,Rs./Quintal
Maharashtra,Pune,Cereals,Bajra(Pearl Millet/Cumbu),08-12-2025,58.8,Metric Tonnes,3891.18,Rs./Quintal
Maharashtra,Pune,Cereals,Jowar(Sorghum),08-12-2025,95.8,Metric Tonnes,4818.09,Rs./Quintal
Maharashtra,Pune,Cereals,Maize,08-12-2025,242.3,Metric Tonnes,1801.49,Rs./Quintal
Maharashtra,Pune,Cereals,Wheat,08-12-2025,83.9,Metric Tonnes,3749.49,Rs./Quintal
Maharashtra,Pune,Cereals,Bajra(Pearl Millet/Cumbu),09-12-2025,0.5,Metric Tonnes,2200.0,Rs./Quintal
Maharashtra,Pune,Cereals,Jowar(Sorghum),09-12-2025,0.2,Metric Tonnes,2200.0,Rs./Quintal
Maharashtra,Pune,Cereals,Maize,09-12-2025,3.2,Metric Tonnes,1750.0,Rs./Quintal
Maharashtra,Pune,Cereals,Wheat,09-12-2025,0.7,Metric Tonnes,2571.43,Rs./Quintal
Maharashtra,Pune,Cereals,Bajra(Pearl Millet/Cumbu),10-12-2025,42.2,Metric Tonnes,4200.0,Rs./Quintal
Maharashtra,Pune,Cereals,Jowar(Sorghum),10-12-2025,71.7,Metric Tonnes,5500.0,Rs./Quintal
Maharashtra,Pune,Cereals,Maize,10-12-2025,0.3,Metric Tonnes,2650.0,Rs./Quintal
Maharashtra,Pune,Cereals,Wheat,10-12-2025,44.7,Metric Tonnes,4850.0,Rs./Quintal
Maharashtra,Pune,Cereals,Bajra(Pearl Millet/Cumbu),11-12-2025,75.9,Metric Tonnes,3484.52,Rs./Quintal
Maharashtra,Pune,Cereals,Jowar(Sorghum),11-12-2025,91.6,Metric Tonnes,5086.46,Rs./Quintal
Maharashtra,Pune,Cereals,Maize,11-12-2025,123.7,Metric Tonnes,1846.16,Rs./Quintal
Maharashtra,Pune,Cereals,Wheat,11-12-2025,42.8,Metric Tonnes,2761.03,Rs./Quintal
Maharashtra,Pune,Cereals,Bajra(Pearl Millet/Cumbu),12-12-2025,42.2,Metric Tonnes,4100.0,Rs./Quintal
Maharashtra,Pune,Cereals,Jowar(Sorghum),12-12-2025,71.2,Metric Tonnes,5700.0,Rs./Quintal
Maharashtra,Pune,Cereals,Maize,12-12-2025,0.1,Metric Tonnes,2750.0,Rs./Quintal
Maharashtra,Pune,Cereals,Bajra(Pearl Millet/Cumbu),13-12-2025,42.2,Metric Tonnes,4300.0,Rs./Quintal
Maharashtra,Pune,Cereals,Jowar(Sorghum),13-12-2025,71.7,Metric Tonnes,5300.0,Rs./Quintal
Maharashtra,Pune,Cereals,Maize,13-12-2025,0.3,Metric Tonnes,2700.0,Rs./Quintal
Maharashtra,Pune,Cereals,Wheat,13-12-2025,44.7,Metric Tonnes,4800.0,Rs./Quintal
Maharashtra,Pune,Cereals,Bajra(Pearl Millet/Cumbu),15-12-2025,73.5,Metric Tonnes,3496.05,Rs./Quintal
Maharashtra,Pune,Cereals,Jowar(Sorghum),15-12-2025,82.5,Metric Tonnes,5497.94,Rs./Quintal
Maharashtra,Pune,Cereals,Maize,15-12-2025,112.3,Metric Tonnes,1876.94,Rs./Quintal
Maharashtra,Pune,Cereals,Wheat,15-12-2025,24.7,Metric Tonnes,2681.78,Rs./Quintal
Maharashtra,Pune,Cereals,Bajra(Pearl Millet/Cumbu),16-12-2025,42.3,Metric Tonnes,3900.0,Rs./Quintal
Maharashtra,Pune,Cereals,Jowar(Sorghum),16-12-2025,70.5,Metric Tonnes,5850.0,Rs./Quintal
Maharashtra,Pune,Cereals,Maize,16-12-2025,0.2,Metric Tonnes,2650.0,Rs./Quintal
Maharashtra,Pune,Cereals,Bajra(Pearl Millet/Cumbu),17-12-2025,42.5,Metric Tonnes,3950.0,Rs./Quintal
Maharashtra,Pune,Cereals,Jowar(Sorghum),17-12-2025,70.2,Metric Tonnes,5800.0,Rs./Quintal
Maharashtra,Pune,Cereals,Maize,17-12-2025,0.1,Metric Tonnes,2650.0,Rs./Quintal
Maharashtra,Pune,Cereals,Bajra(Pearl Millet/Cumbu),18-12-2025,86.7,Metric Tonnes,3135.01,Rs./Quintal
Maharashtra,Pune,Cereals,Jowar(Sorghum),18-12-2025,86.0,Metric Tonnes,5356.05,Rs./Quintal
Maharashtra,Pune,Cereals,Maize,18-12-2025,153.4,Metric Tonnes,1888.62,Rs./Quintal
Maharashtra,Pune,Cereals,Wheat,18-12-2025,42.3,Metric Tonnes,2689.41,Rs./Quintal
Maharashtra,Pune,Cereals,Bajra(Pearl Millet/Cumbu),19-12-2025,42.5,Metric Tonnes,3900.0,Rs./Quintal
Maharashtra,Pune,Cereals,Jowar(Sorghum),19-12-2025,70.8,Metric Tonnes,5700.0,Rs./Quintal
Maharashtra,Pune,Cereals,Maize,19-12-2025,0.2,Metric Tonnes,2700.0,Rs./Quintal
Maharashtra,Pune,Cereals,Bajra(Pearl Millet/Cumbu),20-12-2025,42.9,Metric Tonnes,3900.0,Rs./Quintal
Maharashtra,Pune,Cereals,Jowar(Sorghum),20-12-2025,70.4,Metric Tonnes,5700.0,Rs./Quintal
Maharashtra,Pune,Cereals,Maize,20-12-2025,0.3,Metric Tonnes,2700.0,Rs./Quintal
Maharashtra,Pune,Cereals,Bajra(Pearl Millet/Cumbu),21-12-2025,1.4,Metric Tonnes,2671.43,Rs./Quintal
Maharashtra,Pune,Cereals,Maize,21-12-2025,4.8,Metric Tonnes,1750.0,Rs./Quintal
Maharashtra,Pune,Cereals,Bajra(Pearl Millet/Cumbu),22-12-2025,45.4,Metric Tonnes,3784.58,Rs./Quintal
Maharashtra,Pune,Cereals,Jowar(Sorghum),22-12-2025,42.5,Metric Tonnes,5800.0,Rs./Quintal
Maharashtra,Pune,Cereals,Maize,22-12-2025,8.5,Metric Tonnes,1867.65,Rs./Quintal
Maharashtra,Pune,Cereals,Wheat,22-12-2025,0.5,Metric Tonnes,2420.0,Rs./Quintal
Maharashtra,Pune,Cereals,Bajra(Pearl Millet/Cumbu),23-12-2025,45.8,Metric Tonnes,3746.07,Rs./Quintal
Maharashtra,Pune,Cereals,Jowar(Sorghum),23-12-2025,71.2,Metric Tonnes,5850.0,Rs./Quintal
Maharashtra,Pune,Cereals,Maize,23-12-2025,5.2,Metric Tonnes,1789.9,Rs./Quintal
Maharashtra,Pune,Cereals,Wheat,23-12-2025,45.9,Metric Tonnes,4782.57,Rs./Quintal
Maharashtra,Pune,Cereals,Bajra(Pearl Millet/Cumbu),24-12-2025,44.4,Metric Tonnes,3689.19,Rs./Quintal
Maharashtra,Pune,Cereals,Jowar(Sorghum),24-12-2025,71.7,Metric Tonnes,5894.56,Rs./Quintal
Maharashtra,Pune,Cereals,Maize,24-12-2025,2.5,Metric Tonnes,1972.0,Rs./Quintal
Maharashtra,Pune,Cereals,Wheat,24-12-2025,0.2,Metric Tonnes,2900.0,Rs./Quintal
Maharashtra,Pune,Cereals,Bajra(Pearl Millet/Cumbu),25-12-2025,47.3,Metric Tonnes,3724.31,Rs./Quintal
Maharashtra,Pune,Cereals,Jowar(Sorghum),25-12-2025,81.6,Metric Tonnes,5506.86,Rs./Quintal
Maharashtra,Pune,Cereals,Maize,25-12-2025,5.7,Metric Tonnes,1903.07,Rs./Quintal
Maharashtra,Pune,Cereals,Wheat,25-12-2025,38.5,Metric Tonnes,2726.37,Rs./Quintal
Maharashtra,Pune,Cereals,Bajra(Pearl Millet/Cumbu),26-12-2025,45.8,Metric Tonnes,3778.6,Rs./Quintal
Maharashtra,Pune,Cereals,Jowar(Sorghum),26-12-2025,71.2,Metric Tonnes,5950.0,Rs./Quintal
Maharashtra,Pune,Cereals,Maize,26-12-2025,3.5,Metric Tonnes,1819.29,Rs./Quintal
Maharashtra,Pune,Cereals,Bajra(Pearl Millet/Cumbu),27-12-2025,44.8,Metric Tonnes,3700.0,Rs./Quintal
Maharashtra,Pune,Cereals,Jowar(Sorghum),27-12-2025,71.4,Metric Tonnes,5900.0,Rs./Quintal
Maharashtra,Pune,Cereals,Maize,27-12-2025,0.3,Metric Tonnes,2500.0,Rs./Quintal
Maharashtra,Pune,Cereals,Jowar(Sorghum),28-12-2025,0.1,Metric Tonnes,3500.0,Rs./Quintal
Maharashtra,Pune,Cereals,Maize,28-12-2025,0.9,Metric Tonnes,1875.0,Rs./Quintal
Maharashtra,Pune,Cereals,Wheat,28-12-2025,0.2,Metric Tonnes,2800.0,Rs./Quintal
Maharashtra,Pune,Cereals,Bajra(Pearl Millet/Cumbu),29-12-2025,56.4,Metric Tonnes,3639.1,Rs./Quintal
Maharashtra,Pune,Cereals,Jowar(Sorghum),29-12-2025,87.5,Metric Tonnes,5518.51,Rs./Quintal
Maharashtra,Pune,Cereals,Maize,29-12-2025,202.0,Metric Tonnes,1881.2,Rs./Quintal
Maharashtra,Pune,Cereals,Wheat,29-12-2025,93.4,Metric Tonnes,3723.81,Rs./Quintal
Maharashtra,Pune,Cereals,Bajra(Pearl Millet/Cumbu),30-12-2025,46.2,Metric Tonnes,3770.35,Rs./Quintal
Maharashtra,Pune,Cereals,Jowar(Sorghum),30-12-2025,71.2,Metric Tonnes,6000.0,Rs./Quintal
Maharashtra,Pune,Cereals,Maize,30-12-2025,3.7,Metric Tonnes,1929.73,Rs./Quintal
Maharashtra,Pune,Cereals,Wheat,30-12-2025,47.1,Metric Tonnes,4762.63,Rs./Quintal
Maharashtra,Pune,Cereals,Bajra(Pearl Millet/Cumbu),31-12-2025,45.7,Metric Tonnes,3800.0,Rs./Quintal
Maharashtra,Pune,Cereals,Jowar(Sorghum),31-12-2025,72.0,Metric Tonnes,6000.0,Rs./Quintal
Maharashtra,Pune,Cereals,Maize,31-12-2025,0.2,Metric Tonnes,2550.0,Rs./Quintal
Maharashtra,Pune,Cereals,Wheat,31-12-2025,47.0,Metric Tonnes,4850.0,Rs./Quintal
