State/UT,District,Commodity Group,Commodity,Date,Arrival Quantity,Arrival Unit,Modal Price,Price Unit
Maharashtra,Pune,Pulses,Bengal Gram(Gram)(Whole),01-01-2021,2.0,Metric Tonnes,5700.0,Rs./Quintal
Maharashtra,Pune,Pulses,Green Gram(Moong)(Whole),01-01-2021,2.0,Metric Tonnes,8800.0,Rs./Quintal
Maharashtra,Pune,Pulses,Bengal Gram(Gram)(Whole),02-01-2021,2.0,Metric Tonnes,5650.0,Rs./Quintal
Maharashtra,Pune,Pulses,Green Gram(Moong)(Whole),02-01-2021,2.0,Metric Tonnes,8650.0,Rs./Quintal
Maharashtra,Pune,Pulses,Red gram/Arhar/Tur(whole),02-01-2021,1.0,Metric Tonnes,4750.0,Rs./Quintal
Maharashtra,Pune,Pulses,Bengal Gram(Gram)(Whole),03-01-2021,2.0,Metric Tonnes,3600.0,Rs./Quintal
Maharashtra,Pune,Pulses,Black Gram(Urd Beans)(Whole),03-01-2021,1.0,Metric Tonnes,5100.0,Rs./Quintal
Maharashtra,Pune,Pulses,Red gram/Arhar/Tur(whole),03-01-2021,27.0,Metric Tonnes,5200.0,Rs./Quintal
Maharashtra,Pune,Pulses,Bengal Gram(Gram)(Whole),04-01-2021,2.0,Metric Tonnes,5700.0,Rs./Quintal
Maharashtra,Pune,Pulses,Green Gram(Moong)(Whole),04-01-2021,2.0,Metric Tonnes,8450.0,Rs./Quintal
Maharashtra,Pune,Pulses,Red gram/Arhar/Tur(whole),04-01-2021,13.0,Metric Tonnes,5250.0,Rs./Quintal
Maharashtra,Pune,Pulses,Bengal Gram(Gram)(Whole),05-01-2021,2.0,Metric Tonnes,5700.0,Rs./Quintal
Maharashtra,Pune,Pulses,Green Gram(Moong)(Whole),05-01-2021,2.0,Metric Tonnes,8450.0,Rs./Quintal
Maharashtra,Pune,Pulses,Bengal Gram(Gram)(Whole),06-01-2021,2.0,Metric Tonnes,5700.0,Rs./Quintal
Maharashtra,Pune,Pulses,Green Gram(Moong)(Whole),06-01-2021,2.0,Metric Tonnes,8450.0,Rs./Quintal
Maharashtra,Pune,Pulses,Bengal Gram(Gram)(Whole),14-01-2021,2.0,Metric Tonnes,5800.0,Rs./Quintal
Maharashtra,Pune,Pulses,Green Gram(Moong)(Whole),14-01-2021,2.0,Metric Tonnes,8750.0,Rs./Quintal
Maharashtra,Pune,Pulses,Bengal Gram(Gram)(Whole),15-01-2021,2.0,Metric Tonnes,5800.0,Rs./Quintal
Maharashtra,Pune,Pulses,Green Gram(Moong)(Whole),15-01-2021,2.0,Metric Tonnes,8550.0,Rs./Quintal
Maharashtra,Pune,Pulses,Red gram/Arhar/Tur(whole),15-01-2021,1.0,Metric Tonnes,5100.0,Rs./Quintal
Maharashtra,Pune,Pulses,Bengal Gram(Gram)(Whole),16-01-2021,2.0,Metric Tonnes,5700.0,Rs./Quintal
Maharashtra,Pune,Pulses,Green Gram(Moong)(Whole),16-01-2021,2.0,Metric Tonnes,8450.0,Rs./Quintal
Maharashtra,Pune,Pulses,Red gram/Arhar/Tur(whole),17-01-2021,2.0,Metric Tonnes,4800.0,Rs./Quintal
Maharashtra,Pune,Pulses,Bengal Gram(Gram)(Whole),18-01-2021,2.0,Metric Tonnes,5650.0,Rs./Quintal
Maharashtra,Pune,Pulses,Green Gram(Moong)(Whole),18-01-2021,3.0,Metric Tonnes,7666.67,Rs./Quintal
Maharashtra,Pune,Pulses,Bengal Gram(Gram)(Whole),19-01-2021,2.0,Metric Tonnes,5650.0,Rs./Quintal
Maharashtra,Pune,Pulses,Green Gram(Moong)(Whole),19-01-2021,2.0,Metric Tonnes,8500.0,Rs./Quintal
Maharashtra,Pune,Pulses,Bengal Gram(Gram)(Whole),20-01-2021,2.0,Metric Tonnes,5600.0,Rs./Quintal
Maharashtra,Pune,Pulses,Green Gram(Moong)(Whole),20-01-2021,2.0,Metric Tonnes,8700.0,Rs./Quintal
Maharashtra,Pune,Pulses,Bengal Gram(Gram)(Whole),21-01-2021,3.0,Metric Tonnes,4900.0,Rs./Quintal
Maharashtra,Pune,Pulses,Green Gram(Moong)(Whole),21-01-2021,3.0,Metric Tonnes,7200.0,Rs./Quintal
Maharashtra,Pune,Pulses,Red gram/Arhar/Tur(whole),21-01-2021,2.0,Metric Tonnes,4975.0,Rs./Quintal
Maharashtra,Pune,Pulses,Bengal Gram(Gram)(Whole),22-01-2021,2.0,Metric Tonnes,5600.0,Rs./Quintal
Maharashtra,Pune,Pulses,Green Gram(Moong)(Whole),22-01-2021,2.0,Metric Tonnes,8450.0,Rs./Quintal
Maharashtra,Pune,Pulses,Bengal Gram(Gram)(Whole),23-01-2021,2.0,Metric Tonnes,5600.0,Rs./Quintal
Maharashtra,Pune,Pulses,Green Gram(Moong)(Whole),23-01-2021,2.0,Metric Tonnes,8450.0,Rs./Quintal
Maharashtra,Pune,Pulses,Bengal Gram(Gram)(Whole),25-01-2021,2.0,Metric Tonnes,5500.0,Rs./Quintal
Maharashtra,Pune,Pulses,Green Gram(Moong)(Whole),25-01-2021,2.0,Metric Tonnes,8500.0,Rs./Quintal
Maharashtra,Pune,Pulses,Red gram/Arhar/Tur(whole),25-01-2021,1.0,Metric Tonnes,5150.0,Rs./Quintal
Maharashtra,Pune,Pulses,Bengal Gram(Gram)(Whole),27-01-2021,2.0,Metric Tonnes,5500.0,Rs./Quintal
Maharashtra,Pune,Pulses,Green Gram(Moong)(Whole),27-01-2021,2.0,Metric Tonnes,8500.0,Rs./Quintal
Maharashtra,Pune,Pulses,Bengal Gram(Gram)(Whole),28-01-2021,2.0,Metric Tonnes,5550.0,Rs./Quintal
Maharashtra,Pune,Pulses,Black Gram(Urd Beans)(Whole),28-01-2021,2.0,Metric Tonnes,5500.0,Rs./Quintal
Maharashtra,Pune,Pulses,Green Gram(Moong)(Whole),28-01-2021,2.0,Metric Tonnes,8500.0,Rs./Quintal
Maharashtra,Pune,Pulses,Red gram/Arhar/Tur(whole),28-01-2021,2.0,Metric Tonnes,5050.0,Rs./Quintal
Maharashtra,Pune,Pulses,Bengal Gram(Gram)(Whole),29-01-2021,2.0,Metric Tonnes,5550.0,Rs./Quintal
Maharashtra,Pune,Pulses,Green Gram(Moong)(Whole),29-01-2021,2.0,Metric Tonnes,8500.0,Rs./Quintal
Maharashtra,Pune,Pulses,Red gram/Arhar/Tur(whole),29-01-2021,1.0,Metric Tonnes,5300.0,Rs./Quintal
Maharashtra,Pune,Pulses,Bengal Gram(Gram)(Whole),30-01-2021,2.0,Metric Tonnes,5550.0,Rs./Quintal
Maharashtra,Pune,Pulses,Green Gram(Moong)(Whole),30-01-2021,2.0,Metric Tonnes,8500.0,Rs./Quintal
Maharashtra,Pune,Pulses,Red gram/Arhar/Tur(whole),30-01-2021,1.0,Metric Tonnes,5100.0,Rs./Quintal
Maharashtra,Pune,Pulses,Bengal Gram(Gram)(Whole),01-02-2021,2.0,Metric Tonnes,5650.0,Rs./Quintal
Maharashtra,Pune,Pulses,Black Gram(Urd Beans)(Whole),01-02-2021,1.0,Metric Tonnes,5700.0,Rs./Quintal
Maharashtra,Pune,Pulses,Green Gram(Moong)(Whole),01-02-2021,2.0,Metric Tonnes,8500.0,Rs./Quintal
Maharashtra,Pune,Pulses,Bengal Gram(Gram)(Whole),02-02-2021,2.0,Metric Tonnes,5650.0,Rs./Quintal
Maharashtra,Pune,Pulses,Green Gram(Moong)(Whole),02-02-2021,2.0,Metric Tonnes,8450.0,Rs./Quintal
Maharashtra,Pune,Pulses,Red gram/Arhar/Tur(whole),02-02-2021,1.0,Metric Tonnes,5350.0,Rs./Quintal
Maharashtra,Pune,Pulses,Bengal Gram(Gram)(Whole),03-02-2021,2.0,Metric Tonnes,5550.0,Rs./Quintal
Maharashtra,Pune,Pulses,Green Gram(Moong)(Whole),03-02-2021,2.0,Metric Tonnes,8450.0,Rs./Quintal
Maharashtra,Pune,Pulses,Bengal Gram(Gram)(Whole),04-02-2021,2.0,Metric Tonnes,5450.0,Rs./Quintal
Maharashtra,Pune,Pulses,Green Gram(Moong)(Whole),04-02-2021,3.0,Metric Tonnes,7383.33,Rs./Quintal
Maharashtra,Pune,Pulses,Red gram/Arhar/Tur(whole),04-02-2021,1.0,Metric Tonnes,5050.0,Rs./Quintal
Maharashtra,Pune,Pulses,Bengal Gram(Gram)(Whole),05-02-2021,2.0,Metric Tonnes,5450.0,Rs./Quintal
Maharashtra,Pune,Pulses,Green Gram(Moong)(Whole),05-02-2021,2.0,Metric Tonnes,8450.0,Rs./Quintal
Maharashtra,Pune,Pulses,Bengal Gram(Gram)(Whole),06-02-2021,2.0,Metric Tonnes,5650.0,Rs./Quintal
Maharashtra,Pune,Pulses,Green Gram(Moong)(Whole),06-02-2021,2.0,Metric Tonnes,8450.0,Rs./Quintal
Maharashtra,Pune,Pulses,Red gram/Arhar/Tur(whole),07-02-2021,1.0,Metric Tonnes,5400.0,Rs./Quintal
Maharashtra,Pune,Pulses,Black Gram(Urd Beans)(Whole),08-02-2021,1.0,Metric Tonnes,6501.0,Rs./Quintal
Maharashtra,Pune,Pulses,Bengal Gram(Gram)(Whole),09-02-2021,2.0,Metric Tonnes,5550.0,Rs./Quintal
Maharashtra,Pune,Pulses,Green Gram(Moong)(Whole),09-02-2021,2.0,Metric Tonnes,8500.0,Rs./Quintal
Maharashtra,Pune,Pulses,Bengal Gram(Gram)(Whole),10-02-2021,2.0,Metric Tonnes,5500.0,Rs./Quintal
Maharashtra,Pune,Pulses,Green Gram(Moong)(Whole),10-02-2021,2.0,Metric Tonnes,8600.0,Rs./Quintal
Maharashtra,Pune,Pulses,Bengal Gram(Gram)(Whole),11-02-2021,3.0,Metric Tonnes,5033.33,Rs./Quintal
Maharashtra,Pune,Pulses,Green Gram(Moong)(Whole),11-02-2021,3.0,Metric Tonnes,7933.33,Rs./Quintal
Maharashtra,Pune,Pulses,Red gram/Arhar/Tur(whole),11-02-2021,1.0,Metric Tonnes,5700.0,Rs./Quintal
Maharashtra,Pune,Pulses,Bengal Gram(Gram)(Whole),12-02-2021,2.0,Metric Tonnes,5450.0,Rs./Quintal
Maharashtra,Pune,Pulses,Green Gram(Moong)(Whole),12-02-2021,2.0,Metric Tonnes,8900.0,Rs./Quintal
Maharashtra,Pune,Pulses,Bengal Gram(Gram)(Whole),13-02-2021,2.0,Metric Tonnes,5450.0,Rs./Quintal
Maharashtra,Pune,Pulses,Green Gram(Moong)(Whole),13-02-2021,2.0,Metric Tonnes,8900.0,Rs./Quintal
Maharashtra,Pune,Pulses,Bengal Gram(Gram)(Whole),15-02-2021,2.0,Metric Tonnes,5350.0,Rs./Quintal
Maharashtra,Pune,Pulses,Green Gram(Moong)(Whole),15-02-2021,3.0,Metric Tonnes,7866.67,Rs./Quintal
Maharashtra,Pune,Pulses,Bengal Gram(Gram)(Whole),16-02-2021,2.0,Metric Tonnes,5300.0,Rs./Quintal
Maharashtra,Pune,Pulses,Green Gram(Moong)(Whole),16-02-2021,2.0,Metric Tonnes,8750.0,Rs./Quintal
Maharashtra,Pune,Pulses,Red gram/Arhar/Tur(whole),16-02-2021,1.0,Metric Tonnes,6300.0,Rs./Quintal
Maharashtra,Pune,Pulses,Bengal Gram(Gram)(Whole),17-02-2021,2.0,Metric Tonnes,5350.0,Rs./Quintal
Maharashtra,Pune,Pulses,Green Gram(Moong)(Whole),17-02-2021,2.0,Metric Tonnes,8600.0,Rs./Quintal
Maharashtra,Pune,Pulses,Bengal Gram(Gram)(Whole),18-02-2021,3.0,Metric Tonnes,5017.0,Rs./Quintal
Maharashtra,Pune,Pulses,Black Gram(Urd Beans)(Whole),18-02-2021,1.0,Metric Tonnes,6000.0,Rs./Quintal
Maharashtra,Pune,Pulses,Green Gram(Moong)(Whole),18-02-2021,2.0,Metric Tonnes,8600.0,Rs./Quintal
Maharashtra,Pune,Pulses,Bengal Gram(Gram)(Whole),19-02-2021,1.0,Metric Tonnes,4200.0,Rs./Quintal
Maharashtra,Pune,Pulses,Bengal Gram(Gram)(Whole),20-02-2021,2.0,Metric Tonnes,5350.0,Rs./Quintal
Maharashtra,Pune,Pulses,Green Gram(Moong)(Whole),20-02-2021,2.0,Metric Tonnes,8800.0,Rs./Quintal
Maharashtra,Pune,Pulses,Bengal Gram(Gram)(Whole),22-02-2021,4.0,Metric Tonnes,5050.0,Rs./Quintal
Maharashtra,Pune,Pulses,Green Gram(Moong)(Whole),22-02-2021,2.0,Metric Tonnes,8850.0,Rs./Quintal
Maharashtra,Pune,Pulses,Bengal Gram(Gram)(Whole),23-02-2021,2.0,Metric Tonnes,5500.0,Rs./Quintal
Maharashtra,Pune,Pulses,Green Gram(Moong)(Whole),23-02-2021,2.0,Metric Tonnes,8850.0,Rs./Quintal
Maharashtra,Pune,Pulses,Bengal Gram(Gram)(Whole),24-02-2021,2.0,Metric Tonnes,5500.0,Rs./Quintal
Maharashtra,Pune,Pulses,Green Gram(Moong)(Whole),24-02-2021,2.0,Metric Tonnes,8650.0,Rs./Quintal
Maharashtra,Pune,Pulses,Bengal Gram(Gram)(Whole),25-02-2021,3.0,Metric Tonnes,5133.33,Rs./Quintal
Maharashtra,Pune,Pulses,Green Gram(Moong)(Whole),25-02-2021,2.0,Metric Tonnes,8700.0,Rs./Quintal
Maharashtra,Pune,Pulses,Bengal Gram(Gram)(Whole),26-02-2021,2.0,Metric Tonnes,4200.0,Rs./Quintal
Maharashtra,Pune,Pulses,Bengal Gram(Gram)(Whole),27-02-2021,2.0,Metric Tonnes,5600.0,Rs./Quintal
Maharashtra,Pune,Pulses,Green Gram(Moong)(Whole),27-02-2021,2.0,Metric Tonnes,8700.0,Rs./Quintal
Maharashtra,Pune,Pulses,Bengal Gram(Gram)(Whole),01-03-2021,3.0,Metric Tonnes,5200.0,Rs./Quintal
Maharashtra,Pune,Pulses,Green Gram(Moong)(Whole),01-03-2021,2.0,Metric Tonnes,8550.0,Rs./Quintal
Maharashtra,Pune,Pulses,Bengal Gram(Gram)(Whole),02-03-2021,2.0,Metric Tonnes,5700.0,Rs./Quintal
Maharashtra,Pune,Pulses,Green Gram(Moong)(Whole),02-03-2021,2.0,Metric Tonnes,8400.0,Rs./Quintal
Maharashtra,Pune,Pulses,Bengal Gram(Gram)(Whole),03-03-2021,2.0,Metric Tonnes,5700.0,Rs./Quintal
Maharashtra,Pune,Pulses,Green Gram(Moong)(Whole),03-03-2021,2.0,Metric Tonnes,8300.0,Rs./Quintal
Maharashtra,Pune,Pulses,Bengal Gram(Gram)(Whole),04-03-2021,4.0,Metric Tonnes,5150.0,Rs./Quintal
Maharashtra,Pune,Pulses,Green Gram(Moong)(Whole),04-03-2021,2.0,Metric Tonnes,8300.0,Rs./Quintal
Maharashtra,Pune,Pulses,Bengal Gram(Gram)(Whole),05-03-2021,3.0,Metric Tonnes,5266.67,Rs./Quintal
Maharashtra,Pune,Pulses,Green Gram(Moong)(Whole),05-03-2021,2.0,Metric Tonnes,8500.0,Rs./Quintal
Maharashtra,Pune,Pulses,Bengal Gram(Gram)(Whole),06-03-2021,3.0,Metric Tonnes,5366.67,Rs./Quintal
Maharashtra,Pune,Pulses,Green Gram(Moong)(Whole),06-03-2021,2.0,Metric Tonnes,8400.0,Rs./Quintal
Maharashtra,Pune,Pulses,Bengal Gram(Gram)(Whole),07-03-2021,1.0,Metric Tonnes,4700.0,Rs./Quintal
Maharashtra,Pune,Pulses,Bengal Gram(Gram)(Whole),08-03-2021,3.0,Metric Tonnes,5266.67,Rs./Quintal
Maharashtra,Pune,Pulses,Green Gram(Moong)(Whole),08-03-2021,3.0,Metric Tonnes,7266.67,Rs./Quintal
Maharashtra,Pune,Pulses,Bengal Gram(Gram)(Whole),09-03-2021,2.0,Metric Tonnes,5700.0,Rs./Quintal
Maharashtra,Pune,Pulses,Black Gram(Urd Beans)(Whole),09-03-2021,1.0,Metric Tonnes,8950.0,Rs./Quintal
Maharashtra,Pune,Pulses,Green Gram(Moong)(Whole),09-03-2021,2.0,Metric Tonnes,8750.0,Rs./Quintal
Maharashtra,Pune,Pulses,Bengal Gram(Gram)(Whole),10-03-2021,2.0,Metric Tonnes,5600.0,Rs./Quintal
Maharashtra,Pune,Pulses,Green Gram(Moong)(Whole),10-03-2021,3.0,Metric Tonnes,8700.0,Rs./Quintal
Maharashtra,Pune,Pulses,Bengal Gram(Gram)(Whole),11-03-2021,4.0,Metric Tonnes,5050.0,Rs./Quintal
Maharashtra,Pune,Pulses,Green Gram(Moong)(Whole),11-03-2021,2.0,Metric Tonnes,8700.0,Rs./Quintal
Maharashtra,Pune,Pulses,Red gram/Arhar/Tur(whole),11-03-2021,2.0,Metric Tonnes,5700.0,Rs./Quintal
Maharashtra,Pune,Pulses,Bengal Gram(Gram)(Whole),12-03-2021,3.0,Metric Tonnes,5300.0,Rs./Quintal
Maharashtra,Pune,Pulses,Black Gram(Urd Beans)(Whole),12-03-2021,1.0,Metric Tonnes,9000.0,Rs./Quintal
Maharashtra,Pune,Pulses,Green Gram(Moong)(Whole),12-03-2021,3.0,Metric Tonnes,8600.0,Rs./Quintal
Maharashtra,Pune,Pulses,Bengal Gram(Gram)(Whole),13-03-2021,3.0,Metric Tonnes,5233.33,Rs./Quintal
Maharashtra,Pune,Pulses,Black Gram(Urd Beans)(Whole),13-03-2021,1.0,Metric Tonnes,9000.0,Rs./Quintal
Maharashtra,Pune,Pulses,Green Gram(Moong)(Whole),13-03-2021,2.0,Metric Tonnes,8600.0,Rs./Quintal
Maharashtra,Pune,Pulses,Bengal Gram(Gram)(Whole),14-03-2021,1.0,Metric Tonnes,4500.0,Rs./Quintal
Maharashtra,Pune,Pulses,Bengal Gram(Gram)(Whole),15-03-2021,3.0,Metric Tonnes,5850.0,Rs./Quintal
Maharashtra,Pune,Pulses,Black Gram(Urd Beans)(Whole),15-03-2021,1.0,Metric Tonnes,8900.0,Rs./Quintal
Maharashtra,Pune,Pulses,Green Gram(Moong)(Whole),15-03-2021,3.0,Metric Tonnes,8400.0,Rs./Quintal
Maharashtra,Pune,Pulses,Bengal Gram(Gram)(Whole),16-03-2021,2.0,Metric Tonnes,5850.0,Rs./Quintal
Maharashtra,Pune,Pulses,Black Gram(Urd Beans)(Whole),16-03-2021,1.0,Metric Tonnes,8900.0,Rs./Quintal
Maharashtra,Pune,Pulses,Green Gram(Moong)(Whole),16-03-2021,3.0,Metric Tonnes,8300.0,Rs./Quintal
Maharashtra,Pune,Pulses,Bengal Gram(Gram)(Whole),19-03-2021,1.0,Metric Tonnes,4600.0,Rs./Quintal
Maharashtra,Pune,Pulses,Bengal Gram(Gram)(Whole),20-03-2021,1.0,Metric Tonnes,4350.0,Rs./Quintal
Maharashtra,Pune,Pulses,Bengal Gram(Gram)(Whole),22-03-2021,5.0,Metric Tonnes,5290.0,Rs./Quintal
Maharashtra,Pune,Pulses,Black Gram(Urd Beans)(Whole),22-03-2021,1.0,Metric Tonnes,8700.0,Rs./Quintal
Maharashtra,Pune,Pulses,Green Gram(Moong)(Whole),22-03-2021,3.0,Metric Tonnes,8200.0,Rs./Quintal
Maharashtra,Pune,Pulses,Bengal Gram(Gram)(Whole),23-03-2021,4.0,Metric Tonnes,5475.0,Rs./Quintal
Maharashtra,Pune,Pulses,Black Gram(Urd Beans)(Whole),23-03-2021,1.0,Metric Tonnes,8700.0,Rs./Quintal
Maharashtra,Pune,Pulses,Green Gram(Moong)(Whole),23-03-2021,3.0,Metric Tonnes,8200.0,Rs./Quintal
Maharashtra,Pune,Pulses,Bengal Gram(Gram)(Whole),24-03-2021,3.0,Metric Tonnes,5800.0,Rs./Quintal
Maharashtra,Pune,Pulses,Black Gram(Urd Beans)(Whole),24-03-2021,1.0,Metric Tonnes,8550.0,Rs./Quintal
Maharashtra,Pune,Pulses,Green Gram(Moong)(Whole),24-03-2021,3.0,Metric Tonnes,8400.0,Rs./Quintal
Maharashtra,Pune,Pulses,Bengal Gram(Gram)(Whole),25-03-2021,5.0,Metric Tonnes,5240.0,Rs./Quintal
Maharashtra,Pune,Pulses,Black Gram(Urd Beans)(Whole),25-03-2021,1.0,Metric Tonnes,8650.0,Rs./Quintal
Maharashtra,Pune,Pulses,Green Gram(Moong)(Whole),25-03-2021,3.0,Metric Tonnes,8300.0,Rs./Quintal
Maharashtra,Pune,Pulses,Bengal Gram(Gram)(Whole),26-03-2021,4.0,Metric Tonnes,5375.0,Rs./Quintal
Maharashtra,Pune,Pulses,Black Gram(Urd Beans)(Whole),26-03-2021,1.0,Metric Tonnes,8650.0,Rs./Quintal
Maharashtra,Pune,Pulses,Green Gram(Moong)(Whole),26-03-2021,3.0,Metric Tonnes,8300.0,Rs./Quintal
Maharashtra,Pune,Pulses,Bengal Gram(Gram)(Whole),27-03-2021,4.0,Metric Tonnes,5400.0,Rs./Quintal
Maharashtra,Pune,Pulses,Black Gram(Urd Beans)(Whole),27-03-2021,1.0,Metric Tonnes,8650.0,Rs./Quintal
Maharashtra,Pune,Pulses,Green Gram(Moong)(Whole),27-03-2021,3.0,Metric Tonnes,8300.0,Rs./Quintal
Maharashtra,Pune,Pulses,Bengal Gram(Gram)(Whole),28-03-2021,2.0,Metric Tonnes,4400.0,Rs./Quintal
Maharashtra,Pune,Pulses,Bengal Gram(Gram)(Whole),29-03-2021,3.0,Metric Tonnes,5800.0,Rs./Quintal
Maharashtra,Pune,Pulses,Black Gram(Urd Beans)(Whole),29-03-2021,1.0,Metric Tonnes,8650.0,Rs./Quintal
Maharashtra,Pune,Pulses,Green Gram(Moong)(Whole),29-03-2021,3.0,Metric Tonnes,8300.0,Rs./Quintal
Maharashtra,Pune,Pulses,Bengal Gram(Gram)(Whole),30-03-2021,4.0,Metric Tonnes,5412.5,Rs./Quintal
Maharashtra,Pune,Pulses,Black Gram(Urd Beans)(Whole),30-03-2021,1.0,Metric Tonnes,8750.0,Rs./Quintal
Maharashtra,Pune,Pulses,Green Gram(Moong)(Whole),30-03-2021,2.0,Metric Tonnes,8400.0,Rs./Quintal
Maharashtra,Pune,Pulses,Bengal Gram(Gram)(Whole),31-03-2021,3.0,Metric Tonnes,5650.0,Rs./Quintal
Maharashtra,Pune,Pulses,Black Gram(Urd Beans)(Whole),31-03-2021,1.0,Metric Tonnes,8550.0,Rs./Quintal
Maharashtra,Pune,Pulses,Green Gram(Moong)(Whole),31-03-2021,3.0,Metric Tonnes,8300.0,Rs./Quintal
Maharashtra,Pune,Pulses,Bengal Gram(Gram)(Whole),01-04-2021,5.0,Metric Tonnes,5200.0,Rs./Quintal
Maharashtra,Pune,Pulses,Black Gram(Urd Beans)(Whole),01-04-2021,1.0,Metric Tonnes,8550.0,Rs./Quintal
Maharashtra,Pune,Pulses,Green Gram(Moong)(Whole),01-04-2021,3.0,Metric Tonnes,8500.0,Rs./Quintal
Maharashtra,Pune,Pulses,Bengal Gram(Gram)(Whole),02-04-2021,4.0,Metric Tonnes,5325.0,Rs./Quintal
Maharashtra,Pune,Pulses,Black Gram(Urd Beans)(Whole),02-04-2021,1.0,Metric Tonnes,8550.0,Rs./Quintal
Maharashtra,Pune,Pulses,Green Gram(Moong)(Whole),02-04-2021,3.0,Metric Tonnes,8500.0,Rs./Quintal
Maharashtra,Pune,Pulses,Bengal Gram(Gram)(Whole),03-04-2021,3.0,Metric Tonnes,5600.0,Rs./Quintal
Maharashtra,Pune,Pulses,Black Gram(Urd Beans)(Whole),03-04-2021,1.0,Metric Tonnes,8550.0,Rs./Quintal
Maharashtra,Pune,Pulses,Green Gram(Moong)(Whole),03-04-2021,3.0,Metric Tonnes,8650.0,Rs./Quintal
Maharashtra,Pune,Pulses,Bengal Gram(Gram)(Whole),04-04-2021,1.0,Metric Tonnes,4500.0,Rs./Quintal
Maharashtra,Pune,Pulses,Bengal Gram(Gram)(Whole),05-04-2021,4.0,Metric Tonnes,5237.5,Rs./Quintal
Maharashtra,Pune,Pulses,Black Gram(Urd Beans)(Whole),05-04-2021,1.0,Metric Tonnes,8550.0,Rs./Quintal
Maharashtra,Pune,Pulses,Green Gram(Moong)(Whole),05-04-2021,3.0,Metric Tonnes,8650.0,Rs./Quintal
Maharashtra,Pune,Pulses,Red gram/Arhar/Tur(whole),05-04-2021,3.0,Metric Tonnes,5500.0,Rs./Quintal
Maharashtra,Pune,Pulses,Bengal Gram(Gram)(Whole),06-04-2021,4.0,Metric Tonnes,5275.0,Rs./Quintal
Maharashtra,Pune,Pulses,Black Gram(Urd Beans)(Whole),06-04-2021,1.0,Metric Tonnes,8700.0,Rs./Quintal
Maharashtra,Pune,Pulses,Green Gram(Moong)(Whole),06-04-2021,3.0,Metric Tonnes,8650.0,Rs./Quintal
Maharashtra,Pune,Pulses,Bengal Gram(Gram)(Whole),07-04-2021,4.0,Metric Tonnes,5343.75,Rs./Quintal
Maharashtra,Pune,Pulses,Black Gram(Urd Beans)(Whole),07-04-2021,1.0,Metric Tonnes,8650.0,Rs./Quintal
Maharashtra,Pune,Pulses,Green Gram(Moong)(Whole),07-04-2021,3.0,Metric Tonnes,8650.0,Rs./Quintal
Maharashtra,Pune,Pulses,Bengal Gram(Gram)(Whole),08-04-2021,4.0,Metric Tonnes,5325.0,Rs./Quintal
Maharashtra,Pune,Pulses,Black Gram(Urd Beans)(Whole),08-04-2021,1.0,Metric Tonnes,8600.0,Rs./Quintal
Maharashtra,Pune,Pulses,Green Gram(Moong)(Whole),08-04-2021,3.0,Metric Tonnes,8700.0,Rs./Quintal
Maharashtra,Pune,Pulses,Bengal Gram(Gram)(Whole),09-04-2021,4.0,Metric Tonnes,5400.0,Rs./Quintal
Maharashtra,Pune,Pulses,Black Gram(Urd Beans)(Whole),09-04-2021,1.0,Metric Tonnes,8750.0,Rs./Quintal
Maharashtra,Pune,Pulses,Green Gram(Moong)(Whole),09-04-2021,3.0,Metric Tonnes,8600.0,Rs./Quintal
Maharashtra,Pune,Pulses,Bengal Gram(Gram)(Whole),11-04-2021,1.0,Metric Tonnes,4700.0,Rs./Quintal
Maharashtra,Pune,Pulses,Bengal Gram(Gram)(Whole),12-04-2021,4.0,Metric Tonnes,5568.75,Rs./Quintal
Maharashtra,Pune,Pulses,Black Gram(Urd Beans)(Whole),12-04-2021,1.0,Metric Tonnes,8950.0,Rs./Quintal
Maharashtra,Pune,Pulses,Green Gram(Moong)(Whole),12-04-2021,4.0,Metric Tonnes,8550.0,Rs./Quintal
Maharashtra,Pune,Pulses,Red gram/Arhar/Tur(whole),12-04-2021,1.0,Metric Tonnes,5500.0,Rs./Quintal
Maharashtra,Pune,Pulses,Bengal Gram(Gram)(Whole),13-04-2021,3.0,Metric Tonnes,5500.0,Rs./Quintal
Maharashtra,Pune,Pulses,Black Gram(Urd Beans)(Whole),13-04-2021,1.0,Metric Tonnes,8600.0,Rs./Quintal
Maharashtra,Pune,Pulses,Green Gram(Moong)(Whole),13-04-2021,3.0,Metric Tonnes,8700.0,Rs./Quintal
Maharashtra,Pune,Pulses,Bengal Gram(Gram)(Whole),14-04-2021,3.0,Metric Tonnes,5900.0,Rs./Quintal
Maharashtra,Pune,Pulses,Black Gram(Urd Beans)(Whole),14-04-2021,2.0,Metric Tonnes,8950.0,Rs./Quintal
Maharashtra,Pune,Pulses,Green Gram(Moong)(Whole),14-04-2021,4.0,Metric Tonnes,8550.0,Rs./Quintal
Maharashtra,Pune,Pulses,Bengal Gram(Gram)(Whole),15-04-2021,7.0,Metric Tonnes,5457.14,Rs./Quintal
Maharashtra,Pune,Pulses,Black Gram(Urd Beans)(Whole),15-04-2021,1.0,Metric Tonnes,9100.0,Rs./Quintal
Maharashtra,Pune,Pulses,Green Gram(Moong)(Whole),15-04-2021,4.0,Metric Tonnes,8650.0,Rs./Quintal
Maharashtra,Pune,Pulses,Bengal Gram(Gram)(Whole),16-04-2021,3.0,Metric Tonnes,6000.0,Rs./Quintal
Maharashtra,Pune,Pulses,Black Gram(Urd Beans)(Whole),16-04-2021,1.0,Metric Tonnes,9100.0,Rs./Quintal
Maharashtra,Pune,Pulses,Green Gram(Moong)(Whole),16-04-2021,3.0,Metric Tonnes,8650.0,Rs./Quintal
Maharashtra,Pune,Pulses,Bengal Gram(Gram)(Whole),19-04-2021,3.0,Metric Tonnes,6150.0,Rs./Quintal
Maharashtra,Pune,Pulses,Black Gram(Urd Beans)(Whole),19-04-2021,1.0,Metric Tonnes,9000.0,Rs./Quintal
Maharashtra,Pune,Pulses,Green Gram(Moong)(Whole),19-04-2021,4.0,Metric Tonnes,8600.0,Rs./Quintal
Maharashtra,Pune,Pulses,Bengal Gram(Gram)(Whole),20-04-2021,3.0,Metric Tonnes,6200.0,Rs./Quintal
Maharashtra,Pune,Pulses,Black Gram(Urd Beans)(Whole),20-04-2021,1.0,Metric Tonnes,9050.0,Rs./Quintal
Maharashtra,Pune,Pulses,Green Gram(Moong)(Whole),20-04-2021,3.0,Metric Tonnes,8550.0,Rs./Quintal
Maharashtra,Pune,Pulses,Bengal Gram(Gram)(Whole),21-04-2021,4.0,Metric Tonnes,5868.75,Rs./Quintal
Maharashtra,Pune,Pulses,Black Gram(Urd Beans)(Whole),21-04-2021,1.0,Metric Tonnes,9050.0,Rs./Quintal
Maharashtra,Pune,Pulses,Green Gram(Moong)(Whole),21-04-2021,4.0,Metric Tonnes,8550.0,Rs./Quintal
Maharashtra,Pune,Pulses,Bengal Gram(Gram)(Whole),22-04-2021,3.0,Metric Tonnes,6150.0,Rs./Quintal
Maharashtra,Pune,Pulses,Black Gram(Urd Beans)(Whole),22-04-2021,1.0,Metric Tonnes,9050.0,Rs./Quintal
Maharashtra,Pune,Pulses,Green Gram(Moong)(Whole),22-04-2021,3.0,Metric Tonnes,8550.0,Rs./Quintal
Maharashtra,Pune,Pulses,Bengal Gram(Gram)(Whole),23-04-2021,3.0,Metric Tonnes,6150.0,Rs./Quintal
Maharashtra,Pune,Pulses,Black Gram(Urd Beans)(Whole),23-04-2021,1.0,Metric Tonnes,9100.0,Rs./Quintal
Maharashtra,Pune,Pulses,Green Gram(Moong)(Whole),23-04-2021,4.0,Metric Tonnes,8750.0,Rs./Quintal
Maharashtra,Pune,Pulses,Bengal Gram(Gram)(Whole),26-04-2021,3.0,Metric Tonnes,6150.0,Rs./Quintal
Maharashtra,Pune,Pulses,Black Gram(Urd Beans)(Whole),26-04-2021,1.0,Metric Tonnes,9000.0,Rs./Quintal
Maharashtra,Pune,Pulses,Green Gram(Moong)(Whole),26-04-2021,3.0,Metric Tonnes,8700.0,Rs./Quintal
Maharashtra,Pune,Pulses,Bengal Gram(Gram)(Whole),27-04-2021,3.0,Metric Tonnes,6150.0,Rs./Quintal
Maharashtra,Pune,Pulses,Black Gram(Urd Beans)(Whole),27-04-2021,1.0,Metric Tonnes,8800.0,Rs./Quintal
Maharashtra,Pune,Pulses,Green Gram(Moong)(Whole),27-04-2021,3.0,Metric Tonnes,8550.0,Rs./Quintal
Maharashtra,Pune,Pulses,Bengal Gram(Gram)(Whole),28-04-2021,3.0,Metric Tonnes,6150.0,Rs./Quintal
Maharashtra,Pune,Pulses,Black Gram(Urd Beans)(Whole),28-04-2021,1.0,Metric Tonnes,8800.0,Rs./Quintal
Maharashtra,Pune,Pulses,Green Gram(Moong)(Whole),28-04-2021,3.0,Metric Tonnes,8550.0,Rs./Quintal
Maharashtra,Pune,Pulses,Bengal Gram(Gram)(Whole),29-04-2021,3.0,Metric Tonnes,6100.0,Rs./Quintal
Maharashtra,Pune,Pulses,Black Gram(Urd Beans)(Whole),29-04-2021,1.0,Metric Tonnes,8750.0,Rs./Quintal
Maharashtra,Pune,Pulses,Green Gram(Moong)(Whole),29-04-2021,4.0,Metric Tonnes,8400.0,Rs./Quintal
Maharashtra,Pune,Pulses,Bengal Gram(Gram)(Whole),30-04-2021,3.0,Metric Tonnes,6100.0,Rs./Quintal
Maharashtra,Pune,Pulses,Black Gram(Urd Beans)(Whole),30-04-2021,1.0,Metric Tonnes,8550.0,Rs./Quintal
Maharashtra,Pune,Pulses,Green Gram(Moong)(Whole),30-04-2021,3.0,Metric Tonnes,8300.0,Rs./Quintal
Maharashtra,Pune,Pulses,Bengal Gram(Gram)(Whole),03-05-2021,3.0,Metric Tonnes,6050.0,Rs./Quintal
Maharashtra,Pune,Pulses,Black Gram(Urd Beans)(Whole),03-05-2021,1.0,Metric Tonnes,8650.0,Rs./Quintal
Maharashtra,Pune,Pulses,Green Gram(Moong)(Whole),03-05-2021,3.0,Metric Tonnes,8350.0,Rs./Quintal
Maharashtra,Pune,Pulses,Bengal Gram(Gram)(Whole),04-05-2021,3.0,Metric Tonnes,6050.0,Rs./Quintal
Maharashtra,Pune,Pulses,Black Gram(Urd Beans)(Whole),04-05-2021,1.0,Metric Tonnes,8750.0,Rs./Quintal
Maharashtra,Pune,Pulses,Green Gram(Moong)(Whole),04-05-2021,3.0,Metric Tonnes,8450.0,Rs./Quintal
Maharashtra,Pune,Pulses,Bengal Gram(Gram)(Whole),05-05-2021,4.0,Metric Tonnes,5756.25,Rs./Quintal
Maharashtra,Pune,Pulses,Black Gram(Urd Beans)(Whole),05-05-2021,1.0,Metric Tonnes,8750.0,Rs./Quintal
Maharashtra,Pune,Pulses,Green Gram(Moong)(Whole),05-05-2021,3.0,Metric Tonnes,8450.0,Rs./Quintal
Maharashtra,Pune,Pulses,Bengal Gram(Gram)(Whole),06-05-2021,4.0,Metric Tonnes,5737.75,Rs./Quintal
Maharashtra,Pune,Pulses,Black Gram(Urd Beans)(Whole),06-05-2021,1.0,Metric Tonnes,8900.0,Rs./Quintal
Maharashtra,Pune,Pulses,Green Gram(Moong)(Whole),06-05-2021,3.0,Metric Tonnes,8350.0,Rs./Quintal
Maharashtra,Pune,Pulses,Bengal Gram(Gram)(Whole),07-05-2021,3.0,Metric Tonnes,6100.0,Rs./Quintal
Maharashtra,Pune,Pulses,Black Gram(Urd Beans)(Whole),07-05-2021,1.0,Metric Tonnes,8900.0,Rs./Quintal
Maharashtra,Pune,Pulses,Green Gram(Moong)(Whole),07-05-2021,4.0,Metric Tonnes,8350.0,Rs./Quintal
Maharashtra,Pune,Pulses,Red gram/Arhar/Tur(whole),09-05-2021,1.0,Metric Tonnes,5801.0,Rs./Quintal
Maharashtra,Pune,Pulses,Bengal Gram(Gram)(Whole),10-05-2021,3.0,Metric Tonnes,6100.0,Rs./Quintal
Maharashtra,Pune,Pulses,Black Gram(Urd Beans)(Whole),10-05-2021,1.0,Metric Tonnes,8900.0,Rs./Quintal
Maharashtra,Pune,Pulses,Green Gram(Moong)(Whole),10-05-2021,3.0,Metric Tonnes,8350.0,Rs./Quintal
Maharashtra,Pune,Pulses,Bengal Gram(Gram)(Whole),11-05-2021,3.0,Metric Tonnes,6100.0,Rs./Quintal
Maharashtra,Pune,Pulses,Black Gram(Urd Beans)(Whole),11-05-2021,1.0,Metric Tonnes,8900.0,Rs./Quintal
Maharashtra,Pune,Pulses,Green Gram(Moong)(Whole),11-05-2021,3.0,Metric Tonnes,8350.0,Rs./Quintal
Maharashtra,Pune,Pulses,Bengal Gram(Gram)(Whole),12-05-2021,4.0,Metric Tonnes,5795.0,Rs./Quintal
Maharashtra,Pune,Pulses,Black Gram(Urd Beans)(Whole),12-05-2021,1.0,Metric Tonnes,8900.0,Rs./Quintal
Maharashtra,Pune,Pulses,Green Gram(Moong)(Whole),12-05-2021,3.0,Metric Tonnes,8250.0,Rs./Quintal
Maharashtra,Pune,Pulses,Bengal Gram(Gram)(Whole),13-05-2021,5.0,Metric Tonnes,5560.4,Rs./Quintal
Maharashtra,Pune,Pulses,Black Gram(Urd Beans)(Whole),13-05-2021,1.0,Metric Tonnes,8900.0,Rs./Quintal
Maharashtra,Pune,Pulses,Green Gram(Moong)(Whole),13-05-2021,3.0,Metric Tonnes,8250.0,Rs./Quintal
Maharashtra,Pune,Pulses,Bengal Gram(Gram)(Whole),14-05-2021,3.0,Metric Tonnes,6050.0,Rs./Quintal
Maharashtra,Pune,Pulses,Black Gram(Urd Beans)(Whole),14-05-2021,1.0,Metric Tonnes,9050.0,Rs./Quintal
Maharashtra,Pune,Pulses,Green Gram(Moong)(Whole),14-05-2021,3.0,Metric Tonnes,8300.0,Rs./Quintal
Maharashtra,Pune,Pulses,Bengal Gram(Gram)(Whole),16-05-2021,2.0,Metric Tonnes,4800.0,Rs./Quintal
Maharashtra,Pune,Pulses,Bengal Gram(Gram)(Whole),17-05-2021,3.0,Metric Tonnes,5950.0,Rs./Quintal
Maharashtra,Pune,Pulses,Black Gram(Urd Beans)(Whole),17-05-2021,1.0,Metric Tonnes,8850.0,Rs./Quintal
Maharashtra,Pune,Pulses,Green Gram(Moong)(Whole),17-05-2021,3.0,Metric Tonnes,8100.0,Rs./Quintal
Maharashtra,Pune,Pulses,Bengal Gram(Gram)(Whole),18-05-2021,3.0,Metric Tonnes,5950.0,Rs./Quintal
Maharashtra,Pune,Pulses,Black Gram(Urd Beans)(Whole),18-05-2021,1.0,Metric Tonnes,9050.0,Rs./Quintal
Maharashtra,Pune,Pulses,Green Gram(Moong)(Whole),18-05-2021,3.0,Metric Tonnes,8200.0,Rs./Quintal
Maharashtra,Pune,Pulses,Bengal Gram(Gram)(Whole),19-05-2021,3.0,Metric Tonnes,5950.0,Rs./Quintal
Maharashtra,Pune,Pulses,Black Gram(Urd Beans)(Whole),19-05-2021,1.0,Metric Tonnes,9050.0,Rs./Quintal
Maharashtra,Pune,Pulses,Green Gram(Moong)(Whole),19-05-2021,3.0,Metric Tonnes,8200.0,Rs./Quintal
Maharashtra,Pune,Pulses,Bengal Gram(Gram)(Whole),20-05-2021,4.0,Metric Tonnes,5575.0,Rs./Quintal
Maharashtra,Pune,Pulses,Black Gram(Urd Beans)(Whole),20-05-2021,1.0,Metric Tonnes,8950.0,Rs./Quintal
Maharashtra,Pune,Pulses,Green Gram(Moong)(Whole),20-05-2021,3.0,Metric Tonnes,8200.0,Rs./Quintal
Maharashtra,Pune,Pulses,Bengal Gram(Gram)(Whole),21-05-2021,3.0,Metric Tonnes,5900.0,Rs./Quintal
Maharashtra,Pune,Pulses,Black Gram(Urd Beans)(Whole),21-05-2021,1.0,Metric Tonnes,8950.0,Rs./Quintal
Maharashtra,Pune,Pulses,Green Gram(Moong)(Whole),21-05-2021,3.0,Metric Tonnes,8250.0,Rs./Quintal
Maharashtra,Pune,Pulses,Bengal Gram(Gram)(Whole),24-05-2021,3.0,Metric Tonnes,5850.0,Rs./Quintal
Maharashtra,Pune,Pulses,Black Gram(Urd Beans)(Whole),24-05-2021,3.0,Metric Tonnes,7167.33,Rs./Quintal
Maharashtra,Pune,Pulses,Green Gram(Moong)(Whole),24-05-2021,3.0,Metric Tonnes,8050.0,Rs./Quintal
Maharashtra,Pune,Pulses,Bengal Gram(Gram)(Whole),25-05-2021,3.0,Metric Tonnes,5950.0,Rs./Quintal
Maharashtra,Pune,Pulses,Black Gram(Urd Beans)(Whole),25-05-2021,1.0,Metric Tonnes,8600.0,Rs./Quintal
Maharashtra,Pune,Pulses,Green Gram(Moong)(Whole),25-05-2021,3.0,Metric Tonnes,7850.0,Rs./Quintal
Maharashtra,Pune,Pulses,Bengal Gram(Gram)(Whole),26-05-2021,4.0,Metric Tonnes,5650.25,Rs./Quintal
Maharashtra,Pune,Pulses,Black Gram(Urd Beans)(Whole),26-05-2021,1.0,Metric Tonnes,8600.0,Rs./Quintal
Maharashtra,Pune,Pulses,Green Gram(Moong)(Whole),26-05-2021,3.0,Metric Tonnes,7850.0,Rs./Quintal
Maharashtra,Pune,Pulses,Bengal Gram(Gram)(Whole),27-05-2021,7.0,Metric Tonnes,5207.71,Rs./Quintal
Maharashtra,Pune,Pulses,Black Gram(Urd Beans)(Whole),27-05-2021,8.0,Metric Tonnes,6668.75,Rs./Quintal
Maharashtra,Pune,Pulses,Green Gram(Moong)(Whole),27-05-2021,3.0,Metric Tonnes,7900.0,Rs./Quintal
Maharashtra,Pune,Pulses,Bengal Gram(Gram)(Whole),28-05-2021,3.0,Metric Tonnes,5800.0,Rs./Quintal
Maharashtra,Pune,Pulses,Black Gram(Urd Beans)(Whole),28-05-2021,1.0,Metric Tonnes,8550.0,Rs./Quintal
Maharashtra,Pune,Pulses,Green Gram(Moong)(Whole),28-05-2021,3.0,Metric Tonnes,7850.0,Rs./Quintal
Maharashtra,Pune,Pulses,Bengal Gram(Gram)(Whole),30-05-2021,1.0,Metric Tonnes,4500.0,Rs./Quintal
Maharashtra,Pune,Pulses,Bengal Gram(Gram)(Whole),31-05-2021,4.0,Metric Tonnes,5587.5,Rs./Quintal
Maharashtra,Pune,Pulses,Black Gram(Urd Beans)(Whole),31-05-2021,2.0,Metric Tonnes,7275.0,Rs./Quintal
Maharashtra,Pune,Pulses,Green Gram(Moong)(Whole),31-05-2021,3.0,Metric Tonnes,7700.0,Rs./Quintal
Maharashtra,Pune,Pulses,Bengal Gram(Gram)(Whole),01-06-2021,3.0,Metric Tonnes,5850.0,Rs./Quintal
Maharashtra,Pune,Pulses,Black Gram(Urd Beans)(Whole),01-06-2021,1.0,Metric Tonnes,8750.0,Rs./Quintal
Maharashtra,Pune,Pulses,Green Gram(Moong)(Whole),01-06-2021,3.0,Metric Tonnes,7650.0,Rs./Quintal
Maharashtra,Pune,Pulses,Bengal Gram(Gram)(Whole),02-06-2021,3.0,Metric Tonnes,5900.0,Rs./Quintal
Maharashtra,Pune,Pulses,Black Gram(Urd Beans)(Whole),02-06-2021,1.0,Metric Tonnes,8800.0,Rs./Quintal
Maharashtra,Pune,Pulses,Green Gram(Moong)(Whole),02-06-2021,3.0,Metric Tonnes,7850.0,Rs./Quintal
Maharashtra,Pune,Pulses,Bengal Gram(Gram)(Whole),03-06-2021,4.0,Metric Tonnes,5487.5,Rs./Quintal
Maharashtra,Pune,Pulses,Black Gram(Urd Beans)(Whole),03-06-2021,1.0,Metric Tonnes,8800.0,Rs./Quintal
Maharashtra,Pune,Pulses,Green Gram(Moong)(Whole),03-06-2021,4.0,Metric Tonnes,7462.5,Rs./Quintal
Maharashtra,Pune,Pulses,Red gram/Arhar/Tur(whole),03-06-2021,1.0,Metric Tonnes,5000.0,Rs./Quintal
Maharashtra,Pune,Pulses,Bengal Gram(Gram)(Whole),04-06-2021,4.0,Metric Tonnes,5500.0,Rs./Quintal
Maharashtra,Pune,Pulses,Green Gram(Moong)(Whole),04-06-2021,3.0,Metric Tonnes,7950.0,Rs./Quintal
Maharashtra,Pune,Pulses,Bengal Gram(Gram)(Whole),05-06-2021,3.0,Metric Tonnes,5700.0,Rs./Quintal
Maharashtra,Pune,Pulses,Black Gram(Urd Beans)(Whole),05-06-2021,1.0,Metric Tonnes,8700.0,Rs./Quintal
Maharashtra,Pune,Pulses,Green Gram(Moong)(Whole),05-06-2021,3.0,Metric Tonnes,7750.0,Rs./Quintal
Maharashtra,Pune,Pulses,Bengal Gram(Gram)(Whole),06-06-2021,1.0,Metric Tonnes,4500.0,Rs./Quintal
Maharashtra,Pune,Pulses,Bengal Gram(Gram)(Whole),07-06-2021,4.0,Metric Tonnes,5475.0,Rs./Quintal
Maharashtra,Pune,Pulses,Black Gram(Urd Beans)(Whole),07-06-2021,1.0,Metric Tonnes,8500.0,Rs./Quintal
Maharashtra,Pune,Pulses,Green Gram(Moong)(Whole),07-06-2021,4.0,Metric Tonnes,7400.0,Rs./Quintal
Maharashtra,Pune,Pulses,Red gram/Arhar/Tur(whole),07-06-2021,3.0,Metric Tonnes,4500.0,Rs./Quintal
Maharashtra,Pune,Pulses,Bengal Gram(Gram)(Whole),08-06-2021,3.0,Metric Tonnes,5800.0,Rs./Quintal
Maharashtra,Pune,Pulses,Black Gram(Urd Beans)(Whole),08-06-2021,1.0,Metric Tonnes,8500.0,Rs./Quintal
Maharashtra,Pune,Pulses,Green Gram(Moong)(Whole),08-06-2021,3.0,Metric Tonnes,7700.0,Rs./Quintal
Maharashtra,Pune,Pulses,Bengal Gram(Gram)(Whole),09-06-2021,3.0,Metric Tonnes,5950.0,Rs./Quintal
Maharashtra,Pune,Pulses,Black Gram(Urd Beans)(Whole),09-06-2021,1.0,Metric Tonnes,8700.0,Rs./Quintal
Maharashtra,Pune,Pulses,Green Gram(Moong)(Whole),09-06-2021,3.0,Metric Tonnes,7900.0,Rs./Quintal
Maharashtra,Pune,Pulses,Bengal Gram(Gram)(Whole),10-06-2021,10.0,Metric Tonnes,4785.0,Rs./Quintal
Maharashtra,Pune,Pulses,Black Gram(Urd Beans)(Whole),10-06-2021,8.0,Metric Tonnes,6609.63,Rs./Quintal
Maharashtra,Pune,Pulses,Green Gram(Moong)(Whole),10-06-2021,4.0,Metric Tonnes,7525.25,Rs./Quintal
Maharashtra,Pune,Pulses,Red gram/Arhar/Tur(whole),10-06-2021,4.0,Metric Tonnes,4800.0,Rs./Quintal
Maharashtra,Pune,Pulses,Bengal Gram(Gram)(Whole),11-06-2021,3.0,Metric Tonnes,5800.0,Rs./Quintal
Maharashtra,Pune,Pulses,Black Gram(Urd Beans)(Whole),11-06-2021,1.0,Metric Tonnes,8600.0,Rs./Quintal
Maharashtra,Pune,Pulses,Green Gram(Moong)(Whole),11-06-2021,3.0,Metric Tonnes,8050.0,Rs./Quintal
Maharashtra,Pune,Pulses,Bengal Gram(Gram)(Whole),12-06-2021,3.0,Metric Tonnes,5800.0,Rs./Quintal
Maharashtra,Pune,Pulses,Green Gram(Moong)(Whole),12-06-2021,3.0,Metric Tonnes,8050.0,Rs./Quintal
Maharashtra,Pune,Pulses,Bengal Gram(Gram)(Whole),13-06-2021,23.0,Metric Tonnes,4477.48,Rs./Quintal
Maharashtra,Pune,Pulses,Black Gram(Urd Beans)(Whole),13-06-2021,1.0,Metric Tonnes,5851.0,Rs./Quintal
Maharashtra,Pune,Pulses,Green Gram(Moong)(Whole),13-06-2021,1.0,Metric Tonnes,6000.0,Rs./Quintal
Maharashtra,Pune,Pulses,Red gram/Arhar/Tur(whole),13-06-2021,1.0,Metric Tonnes,5000.0,Rs./Quintal
Maharashtra,Pune,Pulses,Bengal Gram(Gram)(Whole),14-06-2021,11.0,Metric Tonnes,4891.64,Rs./Quintal
Maharashtra,Pune,Pulses,Black Gram(Urd Beans)(Whole),14-06-2021,8.0,Metric Tonnes,6575.0,Rs./Quintal
Maharashtra,Pune,Pulses,Green Gram(Moong)(Whole),14-06-2021,4.0,Metric Tonnes,7462.5,Rs./Quintal
Maharashtra,Pune,Pulses,Bengal Gram(Gram)(Whole),15-06-2021,4.0,Metric Tonnes,5487.5,Rs./Quintal
Maharashtra,Pune,Pulses,Green Gram(Moong)(Whole),15-06-2021,3.0,Metric Tonnes,7750.0,Rs./Quintal
Maharashtra,Pune,Pulses,Bengal Gram(Gram)(Whole),16-06-2021,3.0,Metric Tonnes,5850.0,Rs./Quintal
Maharashtra,Pune,Pulses,Green Gram(Moong)(Whole),16-06-2021,3.0,Metric Tonnes,7650.0,Rs./Quintal
Maharashtra,Pune,Pulses,Bengal Gram(Gram)(Whole),17-06-2021,4.0,Metric Tonnes,5312.5,Rs./Quintal
Maharashtra,Pune,Pulses,Black Gram(Urd Beans)(Whole),17-06-2021,1.0,Metric Tonnes,6481.0,Rs./Quintal
Maharashtra,Pune,Pulses,Green Gram(Moong)(Whole),17-06-2021,3.0,Metric Tonnes,7650.0,Rs./Quintal
Maharashtra,Pune,Pulses,Bengal Gram(Gram)(Whole),18-06-2021,4.0,Metric Tonnes,5387.5,Rs./Quintal
Maharashtra,Pune,Pulses,Green Gram(Moong)(Whole),18-06-2021,3.0,Metric Tonnes,7650.0,Rs./Quintal
Maharashtra,Pune,Pulses,Bengal Gram(Gram)(Whole),19-06-2021,3.0,Metric Tonnes,5550.0,Rs./Quintal
Maharashtra,Pune,Pulses,Green Gram(Moong)(Whole),19-06-2021,3.0,Metric Tonnes,7650.0,Rs./Quintal
Maharashtra,Pune,Pulses,Bengal Gram(Gram)(Whole),20-06-2021,26.0,Metric Tonnes,4350.5,Rs./Quintal
Maharashtra,Pune,Pulses,Black Gram(Urd Beans)(Whole),20-06-2021,1.0,Metric Tonnes,6000.0,Rs./Quintal
Maharashtra,Pune,Pulses,Green Gram(Moong)(Whole),20-06-2021,1.0,Metric Tonnes,5851.0,Rs./Quintal
Maharashtra,Pune,Pulses,Red gram/Arhar/Tur(whole),20-06-2021,1.0,Metric Tonnes,4500.0,Rs./Quintal
Maharashtra,Pune,Pulses,Bengal Gram(Gram)(Whole),21-06-2021,4.0,Metric Tonnes,5237.5,Rs./Quintal
Maharashtra,Pune,Pulses,Black Gram(Urd Beans)(Whole),21-06-2021,5.0,Metric Tonnes,6400.0,Rs./Quintal
Maharashtra,Pune,Pulses,Green Gram(Moong)(Whole),21-06-2021,5.0,Metric Tonnes,6790.0,Rs./Quintal
Maharashtra,Pune,Pulses,Red gram/Arhar/Tur(whole),21-06-2021,1.0,Metric Tonnes,5000.0,Rs./Quintal
Maharashtra,Pune,Pulses,Bengal Gram(Gram)(Whole),22-06-2021,3.0,Metric Tonnes,5700.0,Rs./Quintal
Maharashtra,Pune,Pulses,Green Gram(Moong)(Whole),22-06-2021,3.0,Metric Tonnes,7550.0,Rs./Quintal
Maharashtra,Pune,Pulses,Bengal Gram(Gram)(Whole),23-06-2021,3.0,Metric Tonnes,5800.0,Rs./Quintal
Maharashtra,Pune,Pulses,Green Gram(Moong)(Whole),23-06-2021,3.0,Metric Tonnes,7750.0,Rs./Quintal
Maharashtra,Pune,Pulses,Bengal Gram(Gram)(Whole),24-06-2021,4.0,Metric Tonnes,5287.5,Rs./Quintal
Maharashtra,Pune,Pulses,Black Gram(Urd Beans)(Whole),24-06-2021,2.0,Metric Tonnes,6360.0,Rs./Quintal
Maharashtra,Pune,Pulses,Green Gram(Moong)(Whole),24-06-2021,4.0,Metric Tonnes,7012.5,Rs./Quintal
Maharashtra,Pune,Pulses,Bengal Gram(Gram)(Whole),25-06-2021,3.0,Metric Tonnes,5450.0,Rs./Quintal
Maharashtra,Pune,Pulses,Green Gram(Moong)(Whole),25-06-2021,3.0,Metric Tonnes,7800.0,Rs./Quintal
Maharashtra,Pune,Pulses,Bengal Gram(Gram)(Whole),26-06-2021,3.0,Metric Tonnes,5450.0,Rs./Quintal
Maharashtra,Pune,Pulses,Green Gram(Moong)(Whole),26-06-2021,3.0,Metric Tonnes,7800.0,Rs./Quintal
Maharashtra,Pune,Pulses,Bengal Gram(Gram)(Whole),28-06-2021,3.0,Metric Tonnes,5600.0,Rs./Quintal
Maharashtra,Pune,Pulses,Black Gram(Urd Beans)(Whole),28-06-2021,1.0,Metric Tonnes,6252.0,Rs./Quintal
Maharashtra,Pune,Pulses,Green Gram(Moong)(Whole),28-06-2021,5.0,Metric Tonnes,6704.4,Rs./Quintal
Maharashtra,Pune,Pulses,Bengal Gram(Gram)(Whole),29-06-2021,3.0,Metric Tonnes,5600.0,Rs./Quintal
Maharashtra,Pune,Pulses,Green Gram(Moong)(Whole),29-06-2021,3.0,Metric Tonnes,7600.0,Rs./Quintal
Maharashtra,Pune,Pulses,Bengal Gram(Gram)(Whole),30-06-2021,3.0,Metric Tonnes,5550.0,Rs./Quintal
Maharashtra,Pune,Pulses,Green Gram(Moong)(Whole),30-06-2021,3.0,Metric Tonnes,7650.0,Rs./Quintal
Maharashtra,Pune,Pulses,Bengal Gram(Gram)(Whole),01-07-2021,3.0,Metric Tonnes,5550.0,Rs./Quintal
Maharashtra,Pune,Pulses,Black Gram(Urd Beans)(Whole),01-07-2021,1.0,Metric Tonnes,6000.0,Rs./Quintal
Maharashtra,Pune,Pulses,Green Gram(Moong)(Whole),01-07-2021,6.0,Metric Tonnes,6380.0,Rs./Quintal
Maharashtra,Pune,Pulses,Bengal Gram(Gram)(Whole),02-07-2021,3.0,Metric Tonnes,5550.0,Rs./Quintal
Maharashtra,Pune,Pulses,Green Gram(Moong)(Whole),02-07-2021,3.0,Metric Tonnes,7750.0,Rs./Quintal
Maharashtra,Pune,Pulses,Bengal Gram(Gram)(Whole),03-07-2021,3.0,Metric Tonnes,5550.0,Rs./Quintal
Maharashtra,Pune,Pulses,Green Gram(Moong)(Whole),03-07-2021,3.0,Metric Tonnes,7700.0,Rs./Quintal
Maharashtra,Pune,Pulses,Bengal Gram(Gram)(Whole),05-07-2021,3.0,Metric Tonnes,5450.0,Rs./Quintal
Maharashtra,Pune,Pulses,Black Gram(Urd Beans)(Whole),05-07-2021,1.0,Metric Tonnes,4900.0,Rs./Quintal
Maharashtra,Pune,Pulses,Green Gram(Moong)(Whole),05-07-2021,4.0,Metric Tonnes,7087.5,Rs./Quintal
Maharashtra,Pune,Pulses,Red gram/Arhar/Tur(whole),05-07-2021,1.0,Metric Tonnes,4250.0,Rs./Quintal
Maharashtra,Pune,Pulses,Bengal Gram(Gram)(Whole),06-07-2021,3.0,Metric Tonnes,5450.0,Rs./Quintal
Maharashtra,Pune,Pulses,Green Gram(Moong)(Whole),06-07-2021,3.0,Metric Tonnes,7550.0,Rs./Quintal
Maharashtra,Pune,Pulses,Bengal Gram(Gram)(Whole),07-07-2021,3.0,Metric Tonnes,5650.0,Rs./Quintal
Maharashtra,Pune,Pulses,Green Gram(Moong)(Whole),07-07-2021,3.0,Metric Tonnes,7700.0,Rs./Quintal
Maharashtra,Pune,Pulses,Bengal Gram(Gram)(Whole),08-07-2021,4.0,Metric Tonnes,5237.5,Rs./Quintal
Maharashtra,Pune,Pulses,Green Gram(Moong)(Whole),08-07-2021,3.0,Metric Tonnes,7700.0,Rs./Quintal
Maharashtra,Pune,Pulses,Bengal Gram(Gram)(Whole),09-07-2021,3.0,Metric Tonnes,5500.0,Rs./Quintal
Maharashtra,Pune,Pulses,Green Gram(Moong)(Whole),09-07-2021,3.0,Metric Tonnes,7650.0,Rs./Quintal
Maharashtra,Pune,Pulses,Bengal Gram(Gram)(Whole),10-07-2021,3.0,Metric Tonnes,5500.0,Rs./Quintal
Maharashtra,Pune,Pulses,Green Gram(Moong)(Whole),10-07-2021,3.0,Metric Tonnes,7650.0,Rs./Quintal
Maharashtra,Pune,Pulses,Bengal Gram(Gram)(Whole),12-07-2021,3.0,Metric Tonnes,5650.0,Rs./Quintal
Maharashtra,Pune,Pulses,Green Gram(Moong)(Whole),12-07-2021,4.0,Metric Tonnes,7112.5,Rs./Quintal
Maharashtra,Pune,Pulses,Bengal Gram(Gram)(Whole),13-07-2021,3.0,Metric Tonnes,5650.0,Rs./Quintal
Maharashtra,Pune,Pulses,Green Gram(Moong)(Whole),13-07-2021,3.0,Metric Tonnes,7650.0,Rs./Quintal
Maharashtra,Pune,Pulses,Bengal Gram(Gram)(Whole),14-07-2021,3.0,Metric Tonnes,5550.0,Rs./Quintal
Maharashtra,Pune,Pulses,Green Gram(Moong)(Whole),14-07-2021,3.0,Metric Tonnes,7650.0,Rs./Quintal
Maharashtra,Pune,Pulses,Bengal Gram(Gram)(Whole),15-07-2021,3.0,Metric Tonnes,5600.0,Rs./Quintal
Maharashtra,Pune,Pulses,Green Gram(Moong)(Whole),15-07-2021,3.0,Metric Tonnes,7750.0,Rs./Quintal
Maharashtra,Pune,Pulses,Bengal Gram(Gram)(Whole),17-07-2021,3.0,Metric Tonnes,5550.0,Rs./Quintal
Maharashtra,Pune,Pulses,Green Gram(Moong)(Whole),17-07-2021,3.0,Metric Tonnes,7600.0,Rs./Quintal
Maharashtra,Pune,Pulses,Bengal Gram(Gram)(Whole),19-07-2021,3.0,Metric Tonnes,5400.0,Rs./Quintal
Maharashtra,Pune,Pulses,Green Gram(Moong)(Whole),19-07-2021,3.0,Metric Tonnes,7600.0,Rs./Quintal
Maharashtra,Pune,Pulses,Bengal Gram(Gram)(Whole),20-07-2021,3.0,Metric Tonnes,5450.0,Rs./Quintal
Maharashtra,Pune,Pulses,Green Gram(Moong)(Whole),20-07-2021,3.0,Metric Tonnes,7650.0,Rs./Quintal
Maharashtra,Pune,Pulses,Bengal Gram(Gram)(Whole),21-07-2021,3.0,Metric Tonnes,5450.0,Rs./Quintal
Maharashtra,Pune,Pulses,Green Gram(Moong)(Whole),21-07-2021,3.0,Metric Tonnes,7650.0,Rs./Quintal
Maharashtra,Pune,Pulses,Bengal Gram(Gram)(Whole),22-07-2021,4.0,Metric Tonnes,5162.5,Rs./Quintal
Maharashtra,Pune,Pulses,Green Gram(Moong)(Whole),22-07-2021,3.0,Metric Tonnes,7650.0,Rs./Quintal
Maharashtra,Pune,Pulses,Bengal Gram(Gram)(Whole),23-07-2021,3.0,Metric Tonnes,5500.0,Rs./Quintal
Maharashtra,Pune,Pulses,Green Gram(Moong)(Whole),23-07-2021,3.0,Metric Tonnes,7700.0,Rs./Quintal
Maharashtra,Pune,Pulses,Bengal Gram(Gram)(Whole),24-07-2021,3.0,Metric Tonnes,5500.0,Rs./Quintal
Maharashtra,Pune,Pulses,Green Gram(Moong)(Whole),24-07-2021,3.0,Metric Tonnes,7700.0,Rs./Quintal
Maharashtra,Pune,Pulses,Bengal Gram(Gram)(Whole),25-07-2021,1.0,Metric Tonnes,4350.0,Rs./Quintal
Maharashtra,Pune,Pulses,Bengal Gram(Gram)(Whole),26-07-2021,3.0,Metric Tonnes,5650.0,Rs./Quintal
Maharashtra,Pune,Pulses,Green Gram(Moong)(Whole),26-07-2021,6.0,Metric Tonnes,6810.0,Rs./Quintal
Maharashtra,Pune,Pulses,Bengal Gram(Gram)(Whole),27-07-2021,3.0,Metric Tonnes,5650.0,Rs./Quintal
Maharashtra,Pune,Pulses,Green Gram(Moong)(Whole),27-07-2021,3.0,Metric Tonnes,7750.0,Rs./Quintal
Maharashtra,Pune,Pulses,Bengal Gram(Gram)(Whole),28-07-2021,3.0,Metric Tonnes,5600.0,Rs./Quintal
Maharashtra,Pune,Pulses,Green Gram(Moong)(Whole),28-07-2021,3.0,Metric Tonnes,7800.0,Rs./Quintal
Maharashtra,Pune,Pulses,Bengal Gram(Gram)(Whole),29-07-2021,4.0,Metric Tonnes,5350.0,Rs./Quintal
Maharashtra,Pune,Pulses,Black Gram(Urd Beans)(Whole),29-07-2021,1.0,Metric Tonnes,5600.0,Rs./Quintal
Maharashtra,Pune,Pulses,Green Gram(Moong)(Whole),29-07-2021,5.0,Metric Tonnes,6400.0,Rs./Quintal
Maharashtra,Pune,Pulses,Bengal Gram(Gram)(Whole),30-07-2021,4.0,Metric Tonnes,5262.5,Rs./Quintal
Maharashtra,Pune,Pulses,Green Gram(Moong)(Whole),30-07-2021,3.0,Metric Tonnes,8000.0,Rs./Quintal
Maharashtra,Pune,Pulses,Bengal Gram(Gram)(Whole),31-07-2021,3.0,Metric Tonnes,5650.0,Rs./Quintal
Maharashtra,Pune,Pulses,Green Gram(Moong)(Whole),31-07-2021,3.0,Metric Tonnes,7800.0,Rs./Quintal
Maharashtra,Pune,Pulses,Bengal Gram(Gram)(Whole),01-08-2021,1.0,Metric Tonnes,4000.0,Rs./Quintal
Maharashtra,Pune,Pulses,Bengal Gram(Gram)(Whole),02-08-2021,4.0,Metric Tonnes,5275.0,Rs./Quintal
Maharashtra,Pune,Pulses,Green Gram(Moong)(Whole),02-08-2021,3.0,Metric Tonnes,7700.0,Rs./Quintal
Maharashtra,Pune,Pulses,Bengal Gram(Gram)(Whole),03-08-2021,3.0,Metric Tonnes,5500.0,Rs./Quintal
Maharashtra,Pune,Pulses,Green Gram(Moong)(Whole),03-08-2021,3.0,Metric Tonnes,7550.0,Rs./Quintal
Maharashtra,Pune,Pulses,Bengal Gram(Gram)(Whole),04-08-2021,3.0,Metric Tonnes,5450.0,Rs./Quintal
Maharashtra,Pune,Pulses,Green Gram(Moong)(Whole),04-08-2021,3.0,Metric Tonnes,7500.0,Rs./Quintal
Maharashtra,Pune,Pulses,Black Gram(Urd Beans)(Whole),05-08-2021,1.0,Metric Tonnes,5700.0,Rs./Quintal
Maharashtra,Pune,Pulses,Green Gram(Moong)(Whole),05-08-2021,1.0,Metric Tonnes,5000.0,Rs./Quintal
Maharashtra,Pune,Pulses,Bengal Gram(Gram)(Whole),06-08-2021,3.0,Metric Tonnes,5750.0,Rs./Quintal
Maharashtra,Pune,Pulses,Green Gram(Moong)(Whole),06-08-2021,3.0,Metric Tonnes,7750.0,Rs./Quintal
Maharashtra,Pune,Pulses,Bengal Gram(Gram)(Whole),07-08-2021,3.0,Metric Tonnes,5750.0,Rs./Quintal
Maharashtra,Pune,Pulses,Green Gram(Moong)(Whole),07-08-2021,4.0,Metric Tonnes,7412.5,Rs./Quintal
Maharashtra,Pune,Pulses,Bengal Gram(Gram)(Whole),08-08-2021,1.0,Metric Tonnes,4000.0,Rs./Quintal
Maharashtra,Pune,Pulses,Green Gram(Moong)(Whole),08-08-2021,1.0,Metric Tonnes,6300.0,Rs./Quintal
Maharashtra,Pune,Pulses,Bengal Gram(Gram)(Whole),09-08-2021,3.0,Metric Tonnes,5650.0,Rs./Quintal
Maharashtra,Pune,Pulses,Black Gram(Urd Beans)(Whole),09-08-2021,1.0,Metric Tonnes,5501.0,Rs./Quintal
Maharashtra,Pune,Pulses,Green Gram(Moong)(Whole),09-08-2021,8.0,Metric Tonnes,6668.75,Rs./Quintal
Maharashtra,Pune,Pulses,Bengal Gram(Gram)(Whole),10-08-2021,3.0,Metric Tonnes,5550.0,Rs./Quintal
Maharashtra,Pune,Pulses,Green Gram(Moong)(Whole),10-08-2021,14.0,Metric Tonnes,6767.86,Rs./Quintal
Maharashtra,Pune,Pulses,Bengal Gram(Gram)(Whole),11-08-2021,3.0,Metric Tonnes,5350.0,Rs./Quintal
Maharashtra,Pune,Pulses,Green Gram(Moong)(Whole),11-08-2021,12.0,Metric Tonnes,6637.5,Rs./Quintal
Maharashtra,Pune,Pulses,Bengal Gram(Gram)(Whole),12-08-2021,3.0,Metric Tonnes,5350.0,Rs./Quintal
Maharashtra,Pune,Pulses,Green Gram(Moong)(Whole),12-08-2021,26.0,Metric Tonnes,6467.31,Rs./Quintal
Maharashtra,Pune,Pulses,Red gram/Arhar/Tur(whole),12-08-2021,2.0,Metric Tonnes,5800.0,Rs./Quintal
Maharashtra,Pune,Pulses,Bengal Gram(Gram)(Whole),13-08-2021,4.0,Metric Tonnes,5100.0,Rs./Quintal
Maharashtra,Pune,Pulses,Green Gram(Moong)(Whole),13-08-2021,25.0,Metric Tonnes,6480.0,Rs./Quintal
Maharashtra,Pune,Pulses,Bengal Gram(Gram)(Whole),14-08-2021,3.0,Metric Tonnes,5400.0,Rs./Quintal
Maharashtra,Pune,Pulses,Green Gram(Moong)(Whole),14-08-2021,41.0,Metric Tonnes,6409.76,Rs./Quintal
Maharashtra,Pune,Pulses,Bengal Gram(Gram)(Whole),15-08-2021,1.0,Metric Tonnes,3900.0,Rs./Quintal
Maharashtra,Pune,Pulses,Green Gram(Moong)(Whole),15-08-2021,6.0,Metric Tonnes,6300.0,Rs./Quintal
Maharashtra,Pune,Pulses,Bengal Gram(Gram)(Whole),16-08-2021,3.0,Metric Tonnes,5450.0,Rs./Quintal
Maharashtra,Pune,Pulses,Green Gram(Moong)(Whole),16-08-2021,35.0,Metric Tonnes,6583.49,Rs./Quintal
Maharashtra,Pune,Pulses,Bengal Gram(Gram)(Whole),17-08-2021,3.0,Metric Tonnes,5400.0,Rs./Quintal
Maharashtra,Pune,Pulses,Green Gram(Moong)(Whole),17-08-2021,20.0,Metric Tonnes,6702.5,Rs./Quintal
Maharashtra,Pune,Pulses,Bengal Gram(Gram)(Whole),18-08-2021,3.0,Metric Tonnes,5650.0,Rs./Quintal
Maharashtra,Pune,Pulses,Green Gram(Moong)(Whole),18-08-2021,11.0,Metric Tonnes,6672.73,Rs./Quintal
Maharashtra,Pune,Pulses,Bengal Gram(Gram)(Whole),19-08-2021,4.0,Metric Tonnes,5262.5,Rs./Quintal
Maharashtra,Pune,Pulses,Green Gram(Moong)(Whole),19-08-2021,28.0,Metric Tonnes,6625.18,Rs./Quintal
Maharashtra,Pune,Pulses,Bengal Gram(Gram)(Whole),20-08-2021,3.0,Metric Tonnes,5850.0,Rs./Quintal
Maharashtra,Pune,Pulses,Green Gram(Moong)(Whole),20-08-2021,12.0,Metric Tonnes,6825.0,Rs./Quintal
Maharashtra,Pune,Pulses,Bengal Gram(Gram)(Whole),21-08-2021,3.0,Metric Tonnes,5850.0,Rs./Quintal
Maharashtra,Pune,Pulses,Green Gram(Moong)(Whole),21-08-2021,10.0,Metric Tonnes,6890.0,Rs./Quintal
Maharashtra,Pune,Pulses,Green Gram(Moong)(Whole),22-08-2021,7.0,Metric Tonnes,6600.0,Rs./Quintal
Maharashtra,Pune,Pulses,Bengal Gram(Gram)(Whole),23-08-2021,3.0,Metric Tonnes,6050.0,Rs./Quintal
Maharashtra,Pune,Pulses,Black Gram(Urd Beans)(Whole),23-08-2021,1.0,Metric Tonnes,6999.0,Rs./Quintal
Maharashtra,Pune,Pulses,Green Gram(Moong)(Whole),23-08-2021,17.0,Metric Tonnes,6744.12,Rs./Quintal
Maharashtra,Pune,Pulses,Bengal Gram(Gram)(Whole),24-08-2021,3.0,Metric Tonnes,6050.0,Rs./Quintal
Maharashtra,Pune,Pulses,Green Gram(Moong)(Whole),24-08-2021,11.0,Metric Tonnes,6840.91,Rs./Quintal
Maharashtra,Pune,Pulses,Bengal Gram(Gram)(Whole),25-08-2021,3.0,Metric Tonnes,6100.0,Rs./Quintal
Maharashtra,Pune,Pulses,Green Gram(Moong)(Whole),25-08-2021,7.0,Metric Tonnes,6821.43,Rs./Quintal
Maharashtra,Pune,Pulses,Bengal Gram(Gram)(Whole),26-08-2021,3.0,Metric Tonnes,6050.0,Rs./Quintal
Maharashtra,Pune,Pulses,Black Gram(Urd Beans)(Whole),26-08-2021,1.0,Metric Tonnes,6071.0,Rs./Quintal
Maharashtra,Pune,Pulses,Green Gram(Moong)(Whole),26-08-2021,18.0,Metric Tonnes,6675.0,Rs./Quintal
Maharashtra,Pune,Pulses,Bengal Gram(Gram)(Whole),27-08-2021,3.0,Metric Tonnes,6150.0,Rs./Quintal
Maharashtra,Pune,Pulses,Green Gram(Moong)(Whole),27-08-2021,7.0,Metric Tonnes,6864.29,Rs./Quintal
Maharashtra,Pune,Pulses,Bengal Gram(Gram)(Whole),28-08-2021,3.0,Metric Tonnes,6150.0,Rs./Quintal
Maharashtra,Pune,Pulses,Green Gram(Moong)(Whole),28-08-2021,7.0,Metric Tonnes,6921.43,Rs./Quintal
Maharashtra,Pune,Pulses,Green Gram(Moong)(Whole),29-08-2021,2.0,Metric Tonnes,6300.0,Rs./Quintal
Maharashtra,Pune,Pulses,Bengal Gram(Gram)(Whole),30-08-2021,3.0,Metric Tonnes,6300.0,Rs./Quintal
Maharashtra,Pune,Pulses,Black Gram(Urd Beans)(Whole),30-08-2021,6.0,Metric Tonnes,6200.0,Rs./Quintal
Maharashtra,Pune,Pulses,Green Gram(Moong)(Whole),30-08-2021,14.0,Metric Tonnes,6814.29,Rs./Quintal
Maharashtra,Pune,Pulses,Red gram/Arhar/Tur(whole),30-08-2021,1.0,Metric Tonnes,6500.0,Rs./Quintal
Maharashtra,Pune,Pulses,Bengal Gram(Gram)(Whole),31-08-2021,4.0,Metric Tonnes,5675.0,Rs./Quintal
Maharashtra,Pune,Pulses,Green Gram(Moong)(Whole),31-08-2021,6.0,Metric Tonnes,7050.0,Rs./Quintal
Maharashtra,Pune,Pulses,Bengal Gram(Gram)(Whole),01-09-2021,3.0,Metric Tonnes,6100.0,Rs./Quintal
Maharashtra,Pune,Pulses,Green Gram(Moong)(Whole),01-09-2021,4.0,Metric Tonnes,7375.0,Rs./Quintal
Maharashtra,Pune,Pulses,Bengal Gram(Gram)(Whole),02-09-2021,4.0,Metric Tonnes,5700.0,Rs./Quintal
Maharashtra,Pune,Pulses,Black Gram(Urd Beans)(Whole),02-09-2021,5.0,Metric Tonnes,6320.8,Rs./Quintal
Maharashtra,Pune,Pulses,Green Gram(Moong)(Whole),02-09-2021,18.0,Metric Tonnes,6800.0,Rs./Quintal
Maharashtra,Pune,Pulses,Bengal Gram(Gram)(Whole),03-09-2021,3.0,Metric Tonnes,6100.0,Rs./Quintal
Maharashtra,Pune,Pulses,Green Gram(Moong)(Whole),03-09-2021,4.0,Metric Tonnes,7475.0,Rs./Quintal
Maharashtra,Pune,Pulses,Bengal Gram(Gram)(Whole),04-09-2021,3.0,Metric Tonnes,6100.0,Rs./Quintal
Maharashtra,Pune,Pulses,Green Gram(Moong)(Whole),04-09-2021,4.0,Metric Tonnes,7425.0,Rs./Quintal
Maharashtra,Pune,Pulses,Bengal Gram(Gram)(Whole),05-09-2021,1.0,Metric Tonnes,4000.0,Rs./Quintal
Maharashtra,Pune,Pulses,Green Gram(Moong)(Whole),05-09-2021,3.0,Metric Tonnes,6400.0,Rs./Quintal
Maharashtra,Pune,Pulses,Bengal Gram(Gram)(Whole),06-09-2021,3.0,Metric Tonnes,6100.0,Rs./Quintal
Maharashtra,Pune,Pulses,Black Gram(Urd Beans)(Whole),06-09-2021,7.0,Metric Tonnes,7000.0,Rs./Quintal
Maharashtra,Pune,Pulses,Green Gram(Moong)(Whole),06-09-2021,11.0,Metric Tonnes,6654.55,Rs./Quintal
Maharashtra,Pune,Pulses,Bengal Gram(Gram)(Whole),07-09-2021,3.0,Metric Tonnes,6050.0,Rs./Quintal
Maharashtra,Pune,Pulses,Green Gram(Moong)(Whole),07-09-2021,3.0,Metric Tonnes,7550.0,Rs./Quintal
Maharashtra,Pune,Pulses,Bengal Gram(Gram)(Whole),08-09-2021,3.0,Metric Tonnes,6050.0,Rs./Quintal
Maharashtra,Pune,Pulses,Green Gram(Moong)(Whole),08-09-2021,3.0,Metric Tonnes,7550.0,Rs./Quintal
Maharashtra,Pune,Pulses,Bengal Gram(Gram)(Whole),09-09-2021,3.0,Metric Tonnes,6250.0,Rs./Quintal
Maharashtra,Pune,Pulses,Black Gram(Urd Beans)(Whole),09-09-2021,11.0,Metric Tonnes,6600.0,Rs./Quintal
Maharashtra,Pune,Pulses,Green Gram(Moong)(Whole),09-09-2021,15.0,Metric Tonnes,6540.0,Rs./Quintal
Maharashtra,Pune,Pulses,Bengal Gram(Gram)(Whole),10-09-2021,3.0,Metric Tonnes,6250.0,Rs./Quintal
Maharashtra,Pune,Pulses,Green Gram(Moong)(Whole),10-09-2021,3.0,Metric Tonnes,7500.0,Rs./Quintal
Maharashtra,Pune,Pulses,Bengal Gram(Gram)(Whole),11-09-2021,3.0,Metric Tonnes,6050.0,Rs./Quintal
Maharashtra,Pune,Pulses,Green Gram(Moong)(Whole),11-09-2021,1.0,Metric Tonnes,7550.0,Rs./Quintal
Maharashtra,Pune,Pulses,Bengal Gram(Gram)(Whole),12-09-2021,1.0,Metric Tonnes,4501.0,Rs./Quintal
Maharashtra,Pune,Pulses,Black Gram(Urd Beans)(Whole),12-09-2021,1.0,Metric Tonnes,6400.0,Rs./Quintal
Maharashtra,Pune,Pulses,Bengal Gram(Gram)(Whole),13-09-2021,3.0,Metric Tonnes,6150.0,Rs./Quintal
Maharashtra,Pune,Pulses,Black Gram(Urd Beans)(Whole),13-09-2021,25.0,Metric Tonnes,6250.0,Rs./Quintal
Maharashtra,Pune,Pulses,Green Gram(Moong)(Whole),13-09-2021,14.0,Metric Tonnes,6625.0,Rs./Quintal
Maharashtra,Pune,Pulses,Red gram/Arhar/Tur(whole),13-09-2021,1.0,Metric Tonnes,5900.0,Rs./Quintal
Maharashtra,Pune,Pulses,Bengal Gram(Gram)(Whole),14-09-2021,4.0,Metric Tonnes,5887.5,Rs./Quintal
Maharashtra,Pune,Pulses,Green Gram(Moong)(Whole),14-09-2021,6.0,Metric Tonnes,6900.0,Rs./Quintal
Maharashtra,Pune,Pulses,Bengal Gram(Gram)(Whole),15-09-2021,3.0,Metric Tonnes,6250.0,Rs./Quintal
Maharashtra,Pune,Pulses,Green Gram(Moong)(Whole),15-09-2021,3.0,Metric Tonnes,7600.0,Rs./Quintal
Maharashtra,Pune,Pulses,Bengal Gram(Gram)(Whole),16-09-2021,3.0,Metric Tonnes,6200.0,Rs./Quintal
Maharashtra,Pune,Pulses,Black Gram(Urd Beans)(Whole),16-09-2021,15.0,Metric Tonnes,6400.0,Rs./Quintal
Maharashtra,Pune,Pulses,Green Gram(Moong)(Whole),16-09-2021,10.0,Metric Tonnes,6700.0,Rs./Quintal
Maharashtra,Pune,Pulses,Red gram/Arhar/Tur(whole),16-09-2021,1.0,Metric Tonnes,5701.0,Rs./Quintal
Maharashtra,Pune,Pulses,Bengal Gram(Gram)(Whole),17-09-2021,3.0,Metric Tonnes,6200.0,Rs./Quintal
Maharashtra,Pune,Pulses,Green Gram(Moong)(Whole),17-09-2021,3.0,Metric Tonnes,7600.0,Rs./Quintal
Maharashtra,Pune,Pulses,Bengal Gram(Gram)(Whole),18-09-2021,3.0,Metric Tonnes,6200.0,Rs./Quintal
Maharashtra,Pune,Pulses,Green Gram(Moong)(Whole),18-09-2021,3.0,Metric Tonnes,7450.0,Rs./Quintal
Maharashtra,Pune,Pulses,Bengal Gram(Gram)(Whole),19-09-2021,1.0,Metric Tonnes,4400.0,Rs./Quintal
Maharashtra,Pune,Pulses,Green Gram(Moong)(Whole),19-09-2021,1.0,Metric Tonnes,6000.0,Rs./Quintal
Maharashtra,Pune,Pulses,Bengal Gram(Gram)(Whole),20-09-2021,6.0,Metric Tonnes,5950.0,Rs./Quintal
Maharashtra,Pune,Pulses,Black Gram(Urd Beans)(Whole),20-09-2021,19.0,Metric Tonnes,6300.0,Rs./Quintal
Maharashtra,Pune,Pulses,Green Gram(Moong)(Whole),20-09-2021,7.0,Metric Tonnes,6707.14,Rs./Quintal
Maharashtra,Pune,Pulses,Bengal Gram(Gram)(Whole),21-09-2021,3.0,Metric Tonnes,5950.0,Rs./Quintal
Maharashtra,Pune,Pulses,Green Gram(Moong)(Whole),21-09-2021,3.0,Metric Tonnes,7650.0,Rs./Quintal
Maharashtra,Pune,Pulses,Bengal Gram(Gram)(Whole),22-09-2021,3.0,Metric Tonnes,5800.0,Rs./Quintal
Maharashtra,Pune,Pulses,Green Gram(Moong)(Whole),22-09-2021,3.0,Metric Tonnes,7800.0,Rs./Quintal
Maharashtra,Pune,Pulses,Bengal Gram(Gram)(Whole),23-09-2021,3.0,Metric Tonnes,5950.0,Rs./Quintal
Maharashtra,Pune,Pulses,Black Gram(Urd Beans)(Whole),23-09-2021,14.0,Metric Tonnes,6214.29,Rs./Quintal
Maharashtra,Pune,Pulses,Green Gram(Moong)(Whole),23-09-2021,10.0,Metric Tonnes,6500.0,Rs./Quintal
Maharashtra,Pune,Pulses,Bengal Gram(Gram)(Whole),24-09-2021,3.0,Metric Tonnes,5950.0,Rs./Quintal
Maharashtra,Pune,Pulses,Green Gram(Moong)(Whole),24-09-2021,5.0,Metric Tonnes,7000.0,Rs./Quintal
Maharashtra,Pune,Pulses,Bengal Gram(Gram)(Whole),25-09-2021,3.0,Metric Tonnes,5800.0,Rs./Quintal
Maharashtra,Pune,Pulses,Green Gram(Moong)(Whole),25-09-2021,4.0,Metric Tonnes,7350.0,Rs./Quintal
Maharashtra,Pune,Pulses,Black Gram(Urd Beans)(Whole),27-09-2021,18.0,Metric Tonnes,6000.0,Rs./Quintal
Maharashtra,Pune,Pulses,Green Gram(Moong)(Whole),27-09-2021,2.0,Metric Tonnes,6000.0,Rs./Quintal
Maharashtra,Pune,Pulses,Bengal Gram(Gram)(Whole),28-09-2021,3.0,Metric Tonnes,5600.0,Rs./Quintal
Maharashtra,Pune,Pulses,Green Gram(Moong)(Whole),28-09-2021,3.0,Metric Tonnes,7600.0,Rs./Quintal
Maharashtra,Pune,Pulses,Bengal Gram(Gram)(Whole),29-09-2021,3.0,Metric Tonnes,5700.0,Rs./Quintal
Maharashtra,Pune,Pulses,Green Gram(Moong)(Whole),29-09-2021,3.0,Metric Tonnes,7800.0,Rs./Quintal
Maharashtra,Pune,Pulses,Bengal Gram(Gram)(Whole),30-09-2021,3.0,Metric Tonnes,5900.0,Rs./Quintal
Maharashtra,Pune,Pulses,Black Gram(Urd Beans)(Whole),30-09-2021,17.0,Metric Tonnes,6117.65,Rs./Quintal
Maharashtra,Pune,Pulses,Green Gram(Moong)(Whole),30-09-2021,9.0,Metric Tonnes,6633.33,Rs./Quintal
Maharashtra,Pune,Pulses,Bengal Gram(Gram)(Whole),01-10-2021,6.0,Metric Tonnes,6000.0,Rs./Quintal
Maharashtra,Pune,Pulses,Green Gram(Moong)(Whole),01-10-2021,3.0,Metric Tonnes,7850.0,Rs./Quintal
Maharashtra,Pune,Pulses,Bengal Gram(Gram)(Whole),02-10-2021,3.0,Metric Tonnes,6000.0,Rs./Quintal
Maharashtra,Pune,Pulses,Green Gram(Moong)(Whole),02-10-2021,3.0,Metric Tonnes,7850.0,Rs./Quintal
Maharashtra,Pune,Pulses,Black Gram(Urd Beans)(Whole),03-10-2021,5.0,Metric Tonnes,6100.0,Rs./Quintal
Maharashtra,Pune,Pulses,Bengal Gram(Gram)(Whole),04-10-2021,3.0,Metric Tonnes,6150.0,Rs./Quintal
Maharashtra,Pune,Pulses,Black Gram(Urd Beans)(Whole),04-10-2021,17.0,Metric Tonnes,5500.0,Rs./Quintal
Maharashtra,Pune,Pulses,Green Gram(Moong)(Whole),04-10-2021,6.0,Metric Tonnes,6775.0,Rs./Quintal
Maharashtra,Pune,Pulses,Bengal Gram(Gram)(Whole),05-10-2021,3.0,Metric Tonnes,6150.0,Rs./Quintal
Maharashtra,Pune,Pulses,Green Gram(Moong)(Whole),05-10-2021,3.0,Metric Tonnes,7850.0,Rs./Quintal
Maharashtra,Pune,Pulses,Bengal Gram(Gram)(Whole),06-10-2021,3.0,Metric Tonnes,6050.0,Rs./Quintal
Maharashtra,Pune,Pulses,Green Gram(Moong)(Whole),06-10-2021,3.0,Metric Tonnes,7750.0,Rs./Quintal
Maharashtra,Pune,Pulses,Bengal Gram(Gram)(Whole),07-10-2021,4.0,Metric Tonnes,6037.5,Rs./Quintal
Maharashtra,Pune,Pulses,Black Gram(Urd Beans)(Whole),07-10-2021,17.0,Metric Tonnes,6200.0,Rs./Quintal
Maharashtra,Pune,Pulses,Green Gram(Moong)(Whole),07-10-2021,7.0,Metric Tonnes,6464.29,Rs./Quintal
Maharashtra,Pune,Pulses,Bengal Gram(Gram)(Whole),08-10-2021,3.0,Metric Tonnes,6100.0,Rs./Quintal
Maharashtra,Pune,Pulses,Green Gram(Moong)(Whole),08-10-2021,4.0,Metric Tonnes,7225.0,Rs./Quintal
Maharashtra,Pune,Pulses,Bengal Gram(Gram)(Whole),09-10-2021,3.0,Metric Tonnes,6100.0,Rs./Quintal
Maharashtra,Pune,Pulses,Green Gram(Moong)(Whole),09-10-2021,3.0,Metric Tonnes,7800.0,Rs./Quintal
Maharashtra,Pune,Pulses,Bengal Gram(Gram)(Whole),12-10-2021,3.0,Metric Tonnes,6050.0,Rs./Quintal
Maharashtra,Pune,Pulses,Green Gram(Moong)(Whole),12-10-2021,4.0,Metric Tonnes,7850.0,Rs./Quintal
Maharashtra,Pune,Pulses,Bengal Gram(Gram)(Whole),13-10-2021,4.0,Metric Tonnes,6050.0,Rs./Quintal
Maharashtra,Pune,Pulses,Green Gram(Moong)(Whole),13-10-2021,3.0,Metric Tonnes,8000.0,Rs./Quintal
Maharashtra,Pune,Pulses,Bengal Gram(Gram)(Whole),14-10-2021,4.0,Metric Tonnes,5612.5,Rs./Quintal
Maharashtra,Pune,Pulses,Black Gram(Urd Beans)(Whole),14-10-2021,31.0,Metric Tonnes,6000.0,Rs./Quintal
Maharashtra,Pune,Pulses,Green Gram(Moong)(Whole),14-10-2021,9.0,Metric Tonnes,6616.67,Rs./Quintal
Maharashtra,Pune,Pulses,Bengal Gram(Gram)(Whole),15-10-2021,3.0,Metric Tonnes,6050.0,Rs./Quintal
Maharashtra,Pune,Pulses,Green Gram(Moong)(Whole),15-10-2021,3.0,Metric Tonnes,8050.0,Rs./Quintal
Maharashtra,Pune,Pulses,Bengal Gram(Gram)(Whole),16-10-2021,4.0,Metric Tonnes,6000.0,Rs./Quintal
Maharashtra,Pune,Pulses,Green Gram(Moong)(Whole),16-10-2021,3.0,Metric Tonnes,7800.0,Rs./Quintal
Maharashtra,Pune,Pulses,Bengal Gram(Gram)(Whole),17-10-2021,1.0,Metric Tonnes,4700.0,Rs./Quintal
Maharashtra,Pune,Pulses,Bengal Gram(Gram)(Whole),18-10-2021,3.0,Metric Tonnes,6000.0,Rs./Quintal
Maharashtra,Pune,Pulses,Black Gram(Urd Beans)(Whole),18-10-2021,7.0,Metric Tonnes,6300.0,Rs./Quintal
Maharashtra,Pune,Pulses,Green Gram(Moong)(Whole),18-10-2021,7.0,Metric Tonnes,6757.14,Rs./Quintal
Maharashtra,Pune,Pulses,Bengal Gram(Gram)(Whole),19-10-2021,3.0,Metric Tonnes,6000.0,Rs./Quintal
Maharashtra,Pune,Pulses,Green Gram(Moong)(Whole),19-10-2021,3.0,Metric Tonnes,7700.0,Rs./Quintal
Maharashtra,Pune,Pulses,Bengal Gram(Gram)(Whole),20-10-2021,3.0,Metric Tonnes,6000.0,Rs./Quintal
Maharashtra,Pune,Pulses,Green Gram(Moong)(Whole),20-10-2021,3.0,Metric Tonnes,7700.0,Rs./Quintal
Maharashtra,Pune,Pulses,Bengal Gram(Gram)(Whole),21-10-2021,3.0,Metric Tonnes,6200.0,Rs./Quintal
Maharashtra,Pune,Pulses,Black Gram(Urd Beans)(Whole),21-10-2021,9.0,Metric Tonnes,6300.0,Rs./Quintal
Maharashtra,Pune,Pulses,Green Gram(Moong)(Whole),21-10-2021,4.0,Metric Tonnes,7300.0,Rs./Quintal
Maharashtra,Pune,Pulses,Bengal Gram(Gram)(Whole),22-10-2021,4.0,Metric Tonnes,5850.0,Rs./Quintal
Maharashtra,Pune,Pulses,Green Gram(Moong)(Whole),22-10-2021,4.0,Metric Tonnes,7425.0,Rs./Quintal
Maharashtra,Pune,Pulses,Bengal Gram(Gram)(Whole),23-10-2021,3.0,Metric Tonnes,6300.0,Rs./Quintal
Maharashtra,Pune,Pulses,Green Gram(Moong)(Whole),23-10-2021,3.0,Metric Tonnes,7800.0,Rs./Quintal
Maharashtra,Pune,Pulses,Bengal Gram(Gram)(Whole),24-10-2021,2.0,Metric Tonnes,4900.0,Rs./Quintal
Maharashtra,Pune,Pulses,Bengal Gram(Gram)(Whole),25-10-2021,3.0,Metric Tonnes,6200.0,Rs./Quintal
Maharashtra,Pune,Pulses,Black Gram(Urd Beans)(Whole),25-10-2021,7.0,Metric Tonnes,6000.0,Rs./Quintal
Maharashtra,Pune,Pulses,Green Gram(Moong)(Whole),25-10-2021,3.0,Metric Tonnes,8000.0,Rs./Quintal
Maharashtra,Pune,Pulses,Bengal Gram(Gram)(Whole),26-10-2021,4.0,Metric Tonnes,6100.0,Rs./Quintal
Maharashtra,Pune,Pulses,Green Gram(Moong)(Whole),26-10-2021,3.0,Metric Tonnes,8000.0,Rs./Quintal
Maharashtra,Pune,Pulses,Bengal Gram(Gram)(Whole),27-10-2021,3.0,Metric Tonnes,6100.0,Rs./Quintal
Maharashtra,Pune,Pulses,Green Gram(Moong)(Whole),27-10-2021,3.0,Metric Tonnes,8200.0,Rs./Quintal
Maharashtra,Pune,Pulses,Bengal Gram(Gram)(Whole),28-10-2021,6.0,Metric Tonnes,5650.0,Rs./Quintal
Maharashtra,Pune,Pulses,Black Gram(Urd Beans)(Whole),28-10-2021,6.0,Metric Tonnes,6000.0,Rs./Quintal
Maharashtra,Pune,Pulses,Green Gram(Moong)(Whole),28-10-2021,4.0,Metric Tonnes,7675.0,Rs./Quintal
Maharashtra,Pune,Pulses,Bengal Gram(Gram)(Whole),29-10-2021,3.0,Metric Tonnes,6200.0,Rs./Quintal
Maharashtra,Pune,Pulses,Green Gram(Moong)(Whole),29-10-2021,3.0,Metric Tonnes,8500.0,Rs./Quintal
Maharashtra,Pune,Pulses,Bengal Gram(Gram)(Whole),30-10-2021,3.0,Metric Tonnes,6200.0,Rs./Quintal
Maharashtra,Pune,Pulses,Green Gram(Moong)(Whole),30-10-2021,3.0,Metric Tonnes,8500.0,Rs./Quintal
Maharashtra,Pune,Pulses,Bengal Gram(Gram)(Whole),01-11-2021,4.0,Metric Tonnes,6100.0,Rs./Quintal
Maharashtra,Pune,Pulses,Green Gram(Moong)(Whole),01-11-2021,3.0,Metric Tonnes,8300.0,Rs./Quintal
Maharashtra,Pune,Pulses,Bengal Gram(Gram)(Whole),02-11-2021,3.0,Metric Tonnes,6100.0,Rs./Quintal
Maharashtra,Pune,Pulses,Green Gram(Moong)(Whole),02-11-2021,3.0,Metric Tonnes,8300.0,Rs./Quintal
Maharashtra,Pune,Pulses,Bengal Gram(Gram)(Whole),03-11-2021,5.0,Metric Tonnes,5630.0,Rs./Quintal
Maharashtra,Pune,Pulses,Green Gram(Moong)(Whole),03-11-2021,4.0,Metric Tonnes,8500.0,Rs./Quintal
Maharashtra,Pune,Pulses,Bengal Gram(Gram)(Whole),05-11-2021,3.0,Metric Tonnes,6100.0,Rs./Quintal
Maharashtra,Pune,Pulses,Green Gram(Moong)(Whole),05-11-2021,3.0,Metric Tonnes,8300.0,Rs./Quintal
Maharashtra,Pune,Pulses,Bengal Gram(Gram)(Whole),08-11-2021,4.0,Metric Tonnes,6050.0,Rs./Quintal
Maharashtra,Pune,Pulses,Black Gram(Urd Beans)(Whole),08-11-2021,1.0,Metric Tonnes,8500.0,Rs./Quintal
Maharashtra,Pune,Pulses,Green Gram(Moong)(Whole),08-11-2021,4.0,Metric Tonnes,8500.0,Rs./Quintal
Maharashtra,Pune,Pulses,Bengal Gram(Gram)(Whole),09-11-2021,4.0,Metric Tonnes,6000.0,Rs./Quintal
Maharashtra,Pune,Pulses,Green Gram(Moong)(Whole),09-11-2021,4.0,Metric Tonnes,8600.0,Rs./Quintal
Maharashtra,Pune,Pulses,Bengal Gram(Gram)(Whole),10-11-2021,3.0,Metric Tonnes,6100.0,Rs./Quintal
Maharashtra,Pune,Pulses,Green Gram(Moong)(Whole),10-11-2021,3.0,Metric Tonnes,8500.0,Rs./Quintal
Maharashtra,Pune,Pulses,Bengal Gram(Gram)(Whole),11-11-2021,3.0,Metric Tonnes,6100.0,Rs./Quintal
Maharashtra,Pune,Pulses,Black Gram(Urd Beans)(Whole),11-11-2021,3.0,Metric Tonnes,5500.0,Rs./Quintal
Maharashtra,Pune,Pulses,Green Gram(Moong)(Whole),11-11-2021,4.0,Metric Tonnes,7750.0,Rs./Quintal
Maharashtra,Pune,Pulses,Bengal Gram(Gram)(Whole),12-11-2021,3.0,Metric Tonnes,6150.0,Rs./Quintal
Maharashtra,Pune,Pulses,Green Gram(Moong)(Whole),12-11-2021,3.0,Metric Tonnes,8400.0,Rs./Quintal
Maharashtra,Pune,Pulses,Bengal Gram(Gram)(Whole),13-11-2021,3.0,Metric Tonnes,6150.0,Rs./Quintal
Maharashtra,Pune,Pulses,Green Gram(Moong)(Whole),13-11-2021,3.0,Metric Tonnes,8400.0,Rs./Quintal
Maharashtra,Pune,Pulses,Bengal Gram(Gram)(Whole),15-11-2021,3.0,Metric Tonnes,6050.0,Rs./Quintal
Maharashtra,Pune,Pulses,Black Gram(Urd Beans)(Whole),15-11-2021,5.0,Metric Tonnes,6100.0,Rs./Quintal
Maharashtra,Pune,Pulses,Green Gram(Moong)(Whole),15-11-2021,5.0,Metric Tonnes,7320.0,Rs./Quintal
Maharashtra,Pune,Pulses,Bengal Gram(Gram)(Whole),16-11-2021,6.0,Metric Tonnes,5900.0,Rs./Quintal
Maharashtra,Pune,Pulses,Green Gram(Moong)(Whole),16-11-2021,3.0,Metric Tonnes,8000.0,Rs./Quintal
Maharashtra,Pune,Pulses,Bengal Gram(Gram)(Whole),17-11-2021,3.0,Metric Tonnes,6050.0,Rs./Quintal
Maharashtra,Pune,Pulses,Green Gram(Moong)(Whole),17-11-2021,3.0,Metric Tonnes,8200.0,Rs./Quintal
Maharashtra,Pune,Pulses,Bengal Gram(Gram)(Whole),18-11-2021,3.0,Metric Tonnes,5900.0,Rs./Quintal
Maharashtra,Pune,Pulses,Black Gram(Urd Beans)(Whole),18-11-2021,4.0,Metric Tonnes,6000.0,Rs./Quintal
Maharashtra,Pune,Pulses,Green Gram(Moong)(Whole),18-11-2021,3.0,Metric Tonnes,8000.0,Rs./Quintal
Maharashtra,Pune,Pulses,Bengal Gram(Gram)(Whole),19-11-2021,3.0,Metric Tonnes,5900.0,Rs./Quintal
Maharashtra,Pune,Pulses,Green Gram(Moong)(Whole),19-11-2021,3.0,Metric Tonnes,8000.0,Rs./Quintal
Maharashtra,Pune,Pulses,Bengal Gram(Gram)(Whole),20-11-2021,3.0,Metric Tonnes,6000.0,Rs./Quintal
Maharashtra,Pune,Pulses,Green Gram(Moong)(Whole),20-11-2021,3.0,Metric Tonnes,8200.0,Rs./Quintal
Maharashtra,Pune,Pulses,Bengal Gram(Gram)(Whole),22-11-2021,3.0,Metric Tonnes,6100.0,Rs./Quintal
Maharashtra,Pune,Pulses,Black Gram(Urd Beans)(Whole),22-11-2021,8.0,Metric Tonnes,6000.0,Rs./Quintal
Maharashtra,Pune,Pulses,Green Gram(Moong)(Whole),22-11-2021,4.0,Metric Tonnes,7537.5,Rs./Quintal
Maharashtra,Pune,Pulses,Bengal Gram(Gram)(Whole),23-11-2021,3.0,Metric Tonnes,6050.0,Rs./Quintal
Maharashtra,Pune,Pulses,Green Gram(Moong)(Whole),23-11-2021,3.0,Metric Tonnes,7900.0,Rs./Quintal
Maharashtra,Pune,Pulses,Bengal Gram(Gram)(Whole),24-11-2021,4.0,Metric Tonnes,5556.25,Rs./Quintal
Maharashtra,Pune,Pulses,Green Gram(Moong)(Whole),24-11-2021,3.0,Metric Tonnes,7800.0,Rs./Quintal
Maharashtra,Pune,Pulses,Bengal Gram(Gram)(Whole),25-11-2021,3.0,Metric Tonnes,5900.0,Rs./Quintal
Maharashtra,Pune,Pulses,Black Gram(Urd Beans)(Whole),25-11-2021,3.0,Metric Tonnes,6000.0,Rs./Quintal
Maharashtra,Pune,Pulses,Green Gram(Moong)(Whole),25-11-2021,1.0,Metric Tonnes,5500.0,Rs./Quintal
Maharashtra,Pune,Pulses,Bengal Gram(Gram)(Whole),26-11-2021,3.0,Metric Tonnes,5700.0,Rs./Quintal
Maharashtra,Pune,Pulses,Green Gram(Moong)(Whole),26-11-2021,3.0,Metric Tonnes,7850.0,Rs./Quintal
Maharashtra,Pune,Pulses,Bengal Gram(Gram)(Whole),27-11-2021,3.0,Metric Tonnes,5700.0,Rs./Quintal
Maharashtra,Pune,Pulses,Green Gram(Moong)(Whole),27-11-2021,3.0,Metric Tonnes,7850.0,Rs./Quintal
Maharashtra,Pune,Pulses,Bengal Gram(Gram)(Whole),29-11-2021,4.0,Metric Tonnes,5687.5,Rs./Quintal
Maharashtra,Pune,Pulses,Black Gram(Urd Beans)(Whole),29-11-2021,2.0,Metric Tonnes,6000.0,Rs./Quintal
Maharashtra,Pune,Pulses,Green Gram(Moong)(Whole),29-11-2021,4.0,Metric Tonnes,7137.5,Rs./Quintal
Maharashtra,Pune,Pulses,Bengal Gram(Gram)(Whole),30-11-2021,3.0,Metric Tonnes,5750.0,Rs./Quintal
Maharashtra,Pune,Pulses,Green Gram(Moong)(Whole),30-11-2021,3.0,Metric Tonnes,7850.0,Rs./Quintal
Maharashtra,Pune,Pulses,Bengal Gram(Gram)(Whole),01-12-2021,4.0,Metric Tonnes,5443.75,Rs./Quintal
Maharashtra,Pune,Pulses,Green Gram(Moong)(Whole),01-12-2021,3.0,Metric Tonnes,7700.0,Rs./Quintal
Maharashtra,Pune,Pulses,Bengal Gram(Gram)(Whole),02-12-2021,3.0,Metric Tonnes,5750.0,Rs./Quintal
Maharashtra,Pune,Pulses,Black Gram(Urd Beans)(Whole),02-12-2021,1.0,Metric Tonnes,5500.0,Rs./Quintal
Maharashtra,Pune,Pulses,Green Gram(Moong)(Whole),02-12-2021,3.0,Metric Tonnes,7800.0,Rs./Quintal
Maharashtra,Pune,Pulses,Bengal Gram(Gram)(Whole),03-12-2021,3.0,Metric Tonnes,5650.0,Rs./Quintal
Maharashtra,Pune,Pulses,Green Gram(Moong)(Whole),03-12-2021,3.0,Metric Tonnes,7650.0,Rs./Quintal
Maharashtra,Pune,Pulses,Bengal Gram(Gram)(Whole),04-12-2021,3.0,Metric Tonnes,5550.0,Rs./Quintal
Maharashtra,Pune,Pulses,Green Gram(Moong)(Whole),04-12-2021,3.0,Metric Tonnes,7850.0,Rs./Quintal
Maharashtra,Pune,Pulses,Black Gram(Urd Beans)(Whole),06-12-2021,2.0,Metric Tonnes,6251.0,Rs./Quintal
Maharashtra,Pune,Pulses,Bengal Gram(Gram)(Whole),07-12-2021,3.0,Metric Tonnes,5600.0,Rs./Quintal
Maharashtra,Pune,Pulses,Green Gram(Moong)(Whole),07-12-2021,3.0,Metric Tonnes,7750.0,Rs./Quintal
Maharashtra,Pune,Pulses,Bengal Gram(Gram)(Whole),08-12-2021,3.0,Metric Tonnes,5600.0,Rs./Quintal
Maharashtra,Pune,Pulses,Green Gram(Moong)(Whole),08-12-2021,3.0,Metric Tonnes,7750.0,Rs./Quintal
Maharashtra,Pune,Pulses,Bengal Gram(Gram)(Whole),09-12-2021,3.0,Metric Tonnes,5800.0,Rs./Quintal
Maharashtra,Pune,Pulses,Black Gram(Urd Beans)(Whole),09-12-2021,3.0,Metric Tonnes,6400.0,Rs./Quintal
Maharashtra,Pune,Pulses,Green Gram(Moong)(Whole),09-12-2021,4.0,Metric Tonnes,7112.5,Rs./Quintal
Maharashtra,Pune,Pulses,Bengal Gram(Gram)(Whole),10-12-2021,3.0,Metric Tonnes,5900.0,Rs./Quintal
Maharashtra,Pune,Pulses,Green Gram(Moong)(Whole),10-12-2021,3.0,Metric Tonnes,7850.0,Rs./Quintal
Maharashtra,Pune,Pulses,Bengal Gram(Gram)(Whole),11-12-2021,3.0,Metric Tonnes,5800.0,Rs./Quintal
Maharashtra,Pune,Pulses,Green Gram(Moong)(Whole),11-12-2021,3.0,Metric Tonnes,7850.0,Rs./Quintal
Maharashtra,Pune,Pulses,Bengal Gram(Gram)(Whole),13-12-2021,3.0,Metric Tonnes,5900.0,Rs./Quintal
Maharashtra,Pune,Pulses,Black Gram(Urd Beans)(Whole),13-12-2021,2.0,Metric Tonnes,6000.0,Rs./Quintal
Maharashtra,Pune,Pulses,Green Gram(Moong)(Whole),13-12-2021,4.0,Metric Tonnes,7212.5,Rs./Quintal
Maharashtra,Pune,Pulses,Bengal Gram(Gram)(Whole),14-12-2021,3.0,Metric Tonnes,5900.0,Rs./Quintal
Maharashtra,Pune,Pulses,Green Gram(Moong)(Whole),14-12-2021,3.0,Metric Tonnes,7950.0,Rs./Quintal
Maharashtra,Pune,Pulses,Bengal Gram(Gram)(Whole),15-12-2021,3.0,Metric Tonnes,5950.0,Rs./Quintal
Maharashtra,Pune,Pulses,Green Gram(Moong)(Whole),15-12-2021,3.0,Metric Tonnes,8000.0,Rs./Quintal
Maharashtra,Pune,Pulses,Bengal Gram(Gram)(Whole),16-12-2021,3.0,Metric Tonnes,6000.0,Rs./Quintal
Maharashtra,Pune,Pulses,Black Gram(Urd Beans)(Whole),16-12-2021,1.0,Metric Tonnes,6000.0,Rs./Quintal
Maharashtra,Pune,Pulses,Green Gram(Moong)(Whole),16-12-2021,4.0,Metric Tonnes,7725.0,Rs./Quintal
Maharashtra,Pune,Pulses,Bengal Gram(Gram)(Whole),17-12-2021,3.0,Metric Tonnes,5900.0,Rs./Quintal
Maharashtra,Pune,Pulses,Green Gram(Moong)(Whole),17-12-2021,3.0,Metric Tonnes,7850.0,Rs./Quintal
Maharashtra,Pune,Pulses,Bengal Gram(Gram)(Whole),18-12-2021,3.0,Metric Tonnes,5850.0,Rs./Quintal
Maharashtra,Pune,Pulses,Green Gram(Moong)(Whole),18-12-2021,3.0,Metric Tonnes,8050.0,Rs./Quintal
Maharashtra,Pune,Pulses,Bengal Gram(Gram)(Whole),20-12-2021,4.0,Metric Tonnes,5262.5,Rs./Quintal
Maharashtra,Pune,Pulses,Black Gram(Urd Beans)(Whole),20-12-2021,3.0,Metric Tonnes,6000.0,Rs./Quintal
Maharashtra,Pune,Pulses,Green Gram(Moong)(Whole),20-12-2021,4.0,Metric Tonnes,7687.5,Rs./Quintal
Maharashtra,Pune,Pulses,Bengal Gram(Gram)(Whole),21-12-2021,3.0,Metric Tonnes,5750.0,Rs./Quintal
Maharashtra,Pune,Pulses,Green Gram(Moong)(Whole),21-12-2021,3.0,Metric Tonnes,8450.0,Rs./Quintal
Maharashtra,Pune,Pulses,Bengal Gram(Gram)(Whole),22-12-2021,4.0,Metric Tonnes,5491.0,Rs./Quintal
Maharashtra,Pune,Pulses,Green Gram(Moong)(Whole),22-12-2021,3.0,Metric Tonnes,8250.0,Rs./Quintal
Maharashtra,Pune,Pulses,Bengal Gram(Gram)(Whole),23-12-2021,3.0,Metric Tonnes,5800.0,Rs./Quintal
Maharashtra,Pune,Pulses,Black Gram(Urd Beans)(Whole),23-12-2021,1.0,Metric Tonnes,6200.0,Rs./Quintal
Maharashtra,Pune,Pulses,Green Gram(Moong)(Whole),23-12-2021,4.0,Metric Tonnes,7412.5,Rs./Quintal
Maharashtra,Pune,Pulses,Bengal Gram(Gram)(Whole),24-12-2021,3.0,Metric Tonnes,5900.0,Rs./Quintal
Maharashtra,Pune,Pulses,Green Gram(Moong)(Whole),24-12-2021,3.0,Metric Tonnes,8100.0,Rs./Quintal
Maharashtra,Pune,Pulses,Bengal Gram(Gram)(Whole),25-12-2021,3.0,Metric Tonnes,5900.0,Rs./Quintal
Maharashtra,Pune,Pulses,Green Gram(Moong)(Whole),25-12-2021,3.0,Metric Tonnes,7500.0,Rs./Quintal
Maharashtra,Pune,Pulses,Bengal Gram(Gram)(Whole),27-12-2021,3.0,Metric Tonnes,5850.0,Rs./Quintal
Maharashtra,Pune,Pulses,Black Gram(Urd Beans)(Whole),27-12-2021,1.0,Metric Tonnes,6200.0,Rs./Quintal
Maharashtra,Pune,Pulses,Green Gram(Moong)(Whole),27-12-2021,3.0,Metric Tonnes,8250.0,Rs./Quintal
Maharashtra,Pune,Pulses,Bengal Gram(Gram)(Whole),28-12-2021,3.0,Metric Tonnes,5850.0,Rs./Quintal
Maharashtra,Pune,Pulses,Green Gram(Moong)(Whole),28-12-2021,3.0,Metric Tonnes,8250.0,Rs./Quintal
Maharashtra,Pune,Pulses,Bengal Gram(Gram)(Whole),29-12-2021,3.0,Metric Tonnes,5750.0,Rs./Quintal
Maharashtra,Pune,Pulses,Green Gram(Moong)(Whole),29-12-2021,31.0,Metric Tonnes,10600.0,Rs./Quintal
Maharashtra,Pune,Pulses,Bengal Gram(Gram)(Whole),30-12-2021,3.0,Metric Tonnes,5750.0,Rs./Quintal
Maharashtra,Pune,Pulses,Black Gram(Urd Beans)(Whole),30-12-2021,1.0,Metric Tonnes,6260.0,Rs./Quintal
Maharashtra,Pune,Pulses,Green Gram(Moong)(Whole),30-12-2021,4.0,Metric Tonnes,7487.5,Rs./Quintal
Maharashtra,Pune,Pulses,Red gram/Arhar/Tur(whole),30-12-2021,2.0,Metric Tonnes,4900.0,Rs./Quintal
Maharashtra,Pune,Pulses,Bengal Gram(Gram)(Whole),31-12-2021,3.0,Metric Tonnes,5750.0,Rs./Quintal
Maharashtra,Pune,Pulses,Green Gram(Moong)(Whole),31-12-2021,3.0,Metric Tonnes,8150.0,Rs./Quintal
Maharashtra,Pune,Pulses,Bengal Gram(Gram)(Whole),01-01-2022,3.0,Metric Tonnes,5800.0,Rs./Quintal
Maharashtra,Pune,Pulses,Green Gram(Moong)(Whole),01-01-2022,3.0,Metric Tonnes,8250.0,Rs./Quintal
Maharashtra,Pune,Pulses,Bengal Gram(Gram)(Whole),03-01-2022,4.0,Metric Tonnes,5850.0,Rs./Quintal
Maharashtra,Pune,Pulses,Green Gram(Moong)(Whole),03-01-2022,3.0,Metric Tonnes,8350.0,Rs./Quintal
Maharashtra,Pune,Pulses,Red gram/Arhar/Tur(whole),03-01-2022,1.0,Metric Tonnes,5200.0,Rs./Quintal
Maharashtra,Pune,Pulses,Bengal Gram(Gram)(Whole),04-01-2022,3.0,Metric Tonnes,5800.0,Rs./Quintal
Maharashtra,Pune,Pulses,Green Gram(Moong)(Whole),04-01-2022,3.0,Metric Tonnes,8250.0,Rs./Quintal
Maharashtra,Pune,Pulses,Bengal Gram(Gram)(Whole),05-01-2022,4.0,Metric Tonnes,5410.0,Rs./Quintal
Maharashtra,Pune,Pulses,Green Gram(Moong)(Whole),05-01-2022,3.0,Metric Tonnes,8400.0,Rs./Quintal
Maharashtra,Pune,Pulses,Black Gram(Urd Beans)(Whole),06-01-2022,7.0,Metric Tonnes,4960.0,Rs./Quintal
Maharashtra,Pune,Pulses,Green Gram(Moong)(Whole),06-01-2022,6.0,Metric Tonnes,6500.0,Rs./Quintal
Maharashtra,Pune,Pulses,Bengal Gram(Gram)(Whole),07-01-2022,3.0,Metric Tonnes,5900.0,Rs./Quintal
Maharashtra,Pune,Pulses,Red gram/Arhar/Tur(whole),07-01-2022,1.0,Metric Tonnes,5200.0,Rs./Quintal
Maharashtra,Pune,Pulses,Bengal Gram(Gram)(Whole),08-01-2022,3.0,Metric Tonnes,5900.0,Rs./Quintal
Maharashtra,Pune,Pulses,Green Gram(Moong)(Whole),08-01-2022,3.0,Metric Tonnes,8500.0,Rs./Quintal
Maharashtra,Pune,Pulses,Bengal Gram(Gram)(Whole),10-01-2022,3.0,Metric Tonnes,5800.0,Rs./Quintal
Maharashtra,Pune,Pulses,Green Gram(Moong)(Whole),10-01-2022,3.0,Metric Tonnes,8300.0,Rs./Quintal
Maharashtra,Pune,Pulses,Bengal Gram(Gram)(Whole),11-01-2022,3.0,Metric Tonnes,5750.0,Rs./Quintal
Maharashtra,Pune,Pulses,Green Gram(Moong)(Whole),11-01-2022,3.0,Metric Tonnes,8150.0,Rs./Quintal
Maharashtra,Pune,Pulses,Bengal Gram(Gram)(Whole),12-01-2022,3.0,Metric Tonnes,5850.0,Rs./Quintal
Maharashtra,Pune,Pulses,Green Gram(Moong)(Whole),12-01-2022,3.0,Metric Tonnes,7950.0,Rs./Quintal
Maharashtra,Pune,Pulses,Bengal Gram(Gram)(Whole),14-01-2022,3.0,Metric Tonnes,5750.0,Rs./Quintal
Maharashtra,Pune,Pulses,Green Gram(Moong)(Whole),14-01-2022,3.0,Metric Tonnes,8000.0,Rs./Quintal
Maharashtra,Pune,Pulses,Bengal Gram(Gram)(Whole),15-01-2022,3.0,Metric Tonnes,5700.0,Rs./Quintal
Maharashtra,Pune,Pulses,Green Gram(Moong)(Whole),15-01-2022,3.0,Metric Tonnes,8100.0,Rs./Quintal
Maharashtra,Pune,Pulses,Red gram/Arhar/Tur(whole),15-01-2022,1.0,Metric Tonnes,5000.0,Rs./Quintal
Maharashtra,Pune,Pulses,Bengal Gram(Gram)(Whole),16-01-2022,1.0,Metric Tonnes,4550.0,Rs./Quintal
Maharashtra,Pune,Pulses,Red gram/Arhar/Tur(whole),16-01-2022,2.0,Metric Tonnes,5325.5,Rs./Quintal
Maharashtra,Pune,Pulses,Bengal Gram(Gram)(Whole),17-01-2022,3.0,Metric Tonnes,5650.0,Rs./Quintal
Maharashtra,Pune,Pulses,Black Gram(Urd Beans)(Whole),17-01-2022,1.0,Metric Tonnes,5701.0,Rs./Quintal
Maharashtra,Pune,Pulses,Green Gram(Moong)(Whole),17-01-2022,3.0,Metric Tonnes,8000.0,Rs./Quintal
Maharashtra,Pune,Pulses,Red gram/Arhar/Tur(whole),17-01-2022,1.0,Metric Tonnes,5100.0,Rs./Quintal
Maharashtra,Pune,Pulses,Bengal Gram(Gram)(Whole),18-01-2022,3.0,Metric Tonnes,5750.0,Rs./Quintal
Maharashtra,Pune,Pulses,Green Gram(Moong)(Whole),18-01-2022,3.0,Metric Tonnes,8100.0,Rs./Quintal
Maharashtra,Pune,Pulses,Red gram/Arhar/Tur(whole),18-01-2022,1.0,Metric Tonnes,5200.0,Rs./Quintal
Maharashtra,Pune,Pulses,Bengal Gram(Gram)(Whole),19-01-2022,3.0,Metric Tonnes,5700.0,Rs./Quintal
Maharashtra,Pune,Pulses,Green Gram(Moong)(Whole),19-01-2022,3.0,Metric Tonnes,8150.0,Rs./Quintal
Maharashtra,Pune,Pulses,Bengal Gram(Gram)(Whole),20-01-2022,3.0,Metric Tonnes,5750.0,Rs./Quintal
Maharashtra,Pune,Pulses,Black Gram(Urd Beans)(Whole),20-01-2022,1.0,Metric Tonnes,5400.0,Rs./Quintal
Maharashtra,Pune,Pulses,Green Gram(Moong)(Whole),20-01-2022,3.0,Metric Tonnes,8250.0,Rs./Quintal
Maharashtra,Pune,Pulses,Red gram/Arhar/Tur(whole),20-01-2022,1.0,Metric Tonnes,5000.0,Rs./Quintal
Maharashtra,Pune,Pulses,Bengal Gram(Gram)(Whole),21-01-2022,3.0,Metric Tonnes,5750.0,Rs./Quintal
Maharashtra,Pune,Pulses,Green Gram(Moong)(Whole),21-01-2022,3.0,Metric Tonnes,8250.0,Rs./Quintal
Maharashtra,Pune,Pulses,Red gram/Arhar/Tur(whole),21-01-2022,1.0,Metric Tonnes,5000.0,Rs./Quintal
Maharashtra,Pune,Pulses,Bengal Gram(Gram)(Whole),22-01-2022,3.0,Metric Tonnes,5750.0,Rs./Quintal
Maharashtra,Pune,Pulses,Green Gram(Moong)(Whole),22-01-2022,4.0,Metric Tonnes,7487.5,Rs./Quintal
Maharashtra,Pune,Pulses,Red gram/Arhar/Tur(whole),23-01-2022,1.0,Metric Tonnes,5050.0,Rs./Quintal
Maharashtra,Pune,Pulses,Bengal Gram(Gram)(Whole),24-01-2022,3.0,Metric Tonnes,5750.0,Rs./Quintal
Maharashtra,Pune,Pulses,Black Gram(Urd Beans)(Whole),24-01-2022,1.0,Metric Tonnes,5715.0,Rs./Quintal
Maharashtra,Pune,Pulses,Green Gram(Moong)(Whole),24-01-2022,3.0,Metric Tonnes,8050.0,Rs./Quintal
Maharashtra,Pune,Pulses,Bengal Gram(Gram)(Whole),25-01-2022,3.0,Metric Tonnes,5700.0,Rs./Quintal
Maharashtra,Pune,Pulses,Green Gram(Moong)(Whole),25-01-2022,3.0,Metric Tonnes,7900.0,Rs./Quintal
Maharashtra,Pune,Pulses,Bengal Gram(Gram)(Whole),27-01-2022,3.0,Metric Tonnes,5750.0,Rs./Quintal
Maharashtra,Pune,Pulses,Black Gram(Urd Beans)(Whole),27-01-2022,8.0,Metric Tonnes,5401.0,Rs./Quintal
Maharashtra,Pune,Pulses,Green Gram(Moong)(Whole),27-01-2022,4.0,Metric Tonnes,7600.0,Rs./Quintal
Maharashtra,Pune,Pulses,Bengal Gram(Gram)(Whole),28-01-2022,3.0,Metric Tonnes,5700.0,Rs./Quintal
Maharashtra,Pune,Pulses,Green Gram(Moong)(Whole),28-01-2022,3.0,Metric Tonnes,8350.0,Rs./Quintal
Maharashtra,Pune,Pulses,Red gram/Arhar/Tur(whole),28-01-2022,1.0,Metric Tonnes,5300.0,Rs./Quintal
Maharashtra,Pune,Pulses,Bengal Gram(Gram)(Whole),29-01-2022,3.0,Metric Tonnes,5750.0,Rs./Quintal
Maharashtra,Pune,Pulses,Green Gram(Moong)(Whole),29-01-2022,3.0,Metric Tonnes,8150.0,Rs./Quintal
Maharashtra,Pune,Pulses,Bengal Gram(Gram)(Whole),31-01-2022,3.0,Metric Tonnes,5700.0,Rs./Quintal
Maharashtra,Pune,Pulses,Green Gram(Moong)(Whole),31-01-2022,4.0,Metric Tonnes,7375.0,Rs./Quintal
Maharashtra,Pune,Pulses,Red gram/Arhar/Tur(whole),31-01-2022,1.0,Metric Tonnes,5825.0,Rs./Quintal
Maharashtra,Pune,Pulses,Bengal Gram(Gram)(Whole),01-02-2022,3.0,Metric Tonnes,5750.0,Rs./Quintal
Maharashtra,Pune,Pulses,Green Gram(Moong)(Whole),01-02-2022,3.0,Metric Tonnes,8150.0,Rs./Quintal
Maharashtra,Pune,Pulses,Bengal Gram(Gram)(Whole),02-02-2022,3.0,Metric Tonnes,5850.0,Rs./Quintal
Maharashtra,Pune,Pulses,Green Gram(Moong)(Whole),02-02-2022,3.0,Metric Tonnes,7900.0,Rs./Quintal
Maharashtra,Pune,Pulses,Bengal Gram(Gram)(Whole),03-02-2022,3.0,Metric Tonnes,5850.0,Rs./Quintal
Maharashtra,Pune,Pulses,Black Gram(Urd Beans)(Whole),03-02-2022,1.0,Metric Tonnes,6000.0,Rs./Quintal
Maharashtra,Pune,Pulses,Green Gram(Moong)(Whole),03-02-2022,4.0,Metric Tonnes,7425.0,Rs./Quintal
Maharashtra,Pune,Pulses,Bengal Gram(Gram)(Whole),04-02-2022,3.0,Metric Tonnes,5750.0,Rs./Quintal
Maharashtra,Pune,Pulses,Green Gram(Moong)(Whole),04-02-2022,3.0,Metric Tonnes,8100.0,Rs./Quintal
Maharashtra,Pune,Pulses,Bengal Gram(Gram)(Whole),05-02-2022,3.0,Metric Tonnes,5750.0,Rs./Quintal
Maharashtra,Pune,Pulses,Green Gram(Moong)(Whole),05-02-2022,3.0,Metric Tonnes,8300.0,Rs./Quintal
Maharashtra,Pune,Pulses,Bengal Gram(Gram)(Whole),06-02-2022,1.0,Metric Tonnes,5600.0,Rs./Quintal
Maharashtra,Pune,Pulses,Bengal Gram(Gram)(Whole),07-02-2022,7.0,Metric Tonnes,5542.86,Rs./Quintal
Maharashtra,Pune,Pulses,Green Gram(Moong)(Whole),07-02-2022,3.0,Metric Tonnes,8300.0,Rs./Quintal
Maharashtra,Pune,Pulses,Bengal Gram(Gram)(Whole),08-02-2022,3.0,Metric Tonnes,5650.0,Rs./Quintal
Maharashtra,Pune,Pulses,Green Gram(Moong)(Whole),08-02-2022,3.0,Metric Tonnes,8100.0,Rs./Quintal
Maharashtra,Pune,Pulses,Bengal Gram(Gram)(Whole),09-02-2022,3.0,Metric Tonnes,5700.0,Rs./Quintal
Maharashtra,Pune,Pulses,Green Gram(Moong)(Whole),09-02-2022,3.0,Metric Tonnes,8300.0,Rs./Quintal
Maharashtra,Pune,Pulses,Bengal Gram(Gram)(Whole),10-02-2022,3.0,Metric Tonnes,5700.0,Rs./Quintal
Maharashtra,Pune,Pulses,Black Gram(Urd Beans)(Whole),10-02-2022,1.0,Metric Tonnes,5000.0,Rs./Quintal
Maharashtra,Pune,Pulses,Green Gram(Moong)(Whole),10-02-2022,3.0,Metric Tonnes,8300.0,Rs./Quintal
Maharashtra,Pune,Pulses,Bengal Gram(Gram)(Whole),11-02-2022,3.0,Metric Tonnes,5750.0,Rs./Quintal
Maharashtra,Pune,Pulses,Green Gram(Moong)(Whole),11-02-2022,3.0,Metric Tonnes,8450.0,Rs./Quintal
Maharashtra,Pune,Pulses,Bengal Gram(Gram)(Whole),12-02-2022,3.0,Metric Tonnes,5750.0,Rs./Quintal
Maharashtra,Pune,Pulses,Green Gram(Moong)(Whole),12-02-2022,3.0,Metric Tonnes,8450.0,Rs./Quintal
Maharashtra,Pune,Pulses,Bengal Gram(Gram)(Whole),14-02-2022,3.0,Metric Tonnes,5750.0,Rs./Quintal
Maharashtra,Pune,Pulses,Black Gram(Urd Beans)(Whole),14-02-2022,1.0,Metric Tonnes,8300.0,Rs./Quintal
Maharashtra,Pune,Pulses,Green Gram(Moong)(Whole),14-02-2022,3.0,Metric Tonnes,8500.0,Rs./Quintal
Maharashtra,Pune,Pulses,Bengal Gram(Gram)(Whole),15-02-2022,3.0,Metric Tonnes,5750.0,Rs./Quintal
Maharashtra,Pune,Pulses,Green Gram(Moong)(Whole),15-02-2022,3.0,Metric Tonnes,8400.0,Rs./Quintal
Maharashtra,Pune,Pulses,Bengal Gram(Gram)(Whole),16-02-2022,4.0,Metric Tonnes,5300.0,Rs./Quintal
Maharashtra,Pune,Pulses,Green Gram(Moong)(Whole),16-02-2022,3.0,Metric Tonnes,8400.0,Rs./Quintal
Maharashtra,Pune,Pulses,Bengal Gram(Gram)(Whole),17-02-2022,3.0,Metric Tonnes,5750.0,Rs./Quintal
Maharashtra,Pune,Pulses,Green Gram(Moong)(Whole),17-02-2022,3.0,Metric Tonnes,8450.0,Rs./Quintal
Maharashtra,Pune,Pulses,Bengal Gram(Gram)(Whole),18-02-2022,3.0,Metric Tonnes,5650.0,Rs./Quintal
Maharashtra,Pune,Pulses,Green Gram(Moong)(Whole),18-02-2022,3.0,Metric Tonnes,8250.0,Rs./Quintal
Maharashtra,Pune,Pulses,Bengal Gram(Gram)(Whole),20-02-2022,2.0,Metric Tonnes,4275.5,Rs./Quintal
Maharashtra,Pune,Pulses,Bengal Gram(Gram)(Whole),21-02-2022,3.0,Metric Tonnes,5650.0,Rs./Quintal
Maharashtra,Pune,Pulses,Green Gram(Moong)(Whole),21-02-2022,3.0,Metric Tonnes,8250.0,Rs./Quintal
Maharashtra,Pune,Pulses,Red gram/Arhar/Tur(whole),21-02-2022,1.0,Metric Tonnes,5100.0,Rs./Quintal
Maharashtra,Pune,Pulses,Bengal Gram(Gram)(Whole),22-02-2022,3.0,Metric Tonnes,5700.0,Rs./Quintal
Maharashtra,Pune,Pulses,Green Gram(Moong)(Whole),22-02-2022,3.0,Metric Tonnes,8450.0,Rs./Quintal
Maharashtra,Pune,Pulses,Bengal Gram(Gram)(Whole),23-02-2022,4.0,Metric Tonnes,5400.0,Rs./Quintal
Maharashtra,Pune,Pulses,Green Gram(Moong)(Whole),23-02-2022,3.0,Metric Tonnes,8500.0,Rs./Quintal
Maharashtra,Pune,Pulses,Bengal Gram(Gram)(Whole),24-02-2022,3.0,Metric Tonnes,5650.0,Rs./Quintal
Maharashtra,Pune,Pulses,Green Gram(Moong)(Whole),24-02-2022,4.0,Metric Tonnes,7775.0,Rs./Quintal
Maharashtra,Pune,Pulses,Bengal Gram(Gram)(Whole),25-02-2022,3.0,Metric Tonnes,5750.0,Rs./Quintal
Maharashtra,Pune,Pulses,Green Gram(Moong)(Whole),25-02-2022,3.0,Metric Tonnes,8650.0,Rs./Quintal
Maharashtra,Pune,Pulses,Bengal Gram(Gram)(Whole),26-02-2022,3.0,Metric Tonnes,5750.0,Rs./Quintal
Maharashtra,Pune,Pulses,Green Gram(Moong)(Whole),26-02-2022,3.0,Metric Tonnes,8650.0,Rs./Quintal
Maharashtra,Pune,Pulses,Bengal Gram(Gram)(Whole),28-02-2022,4.0,Metric Tonnes,5437.5,Rs./Quintal
Maharashtra,Pune,Pulses,Green Gram(Moong)(Whole),28-02-2022,4.0,Metric Tonnes,7950.25,Rs./Quintal
Maharashtra,Pune,Pulses,Bengal Gram(Gram)(Whole),01-03-2022,3.0,Metric Tonnes,5750.0,Rs./Quintal
Maharashtra,Pune,Pulses,Green Gram(Moong)(Whole),01-03-2022,3.0,Metric Tonnes,8750.0,Rs./Quintal
Maharashtra,Pune,Pulses,Bengal Gram(Gram)(Whole),02-03-2022,3.0,Metric Tonnes,5700.0,Rs./Quintal
Maharashtra,Pune,Pulses,Green Gram(Moong)(Whole),02-03-2022,3.0,Metric Tonnes,8550.0,Rs./Quintal
Maharashtra,Pune,Pulses,Bengal Gram(Gram)(Whole),03-03-2022,5.0,Metric Tonnes,5050.0,Rs./Quintal
Maharashtra,Pune,Pulses,Black Gram(Urd Beans)(Whole),03-03-2022,1.0,Metric Tonnes,4840.0,Rs./Quintal
Maharashtra,Pune,Pulses,Green Gram(Moong)(Whole),03-03-2022,4.0,Metric Tonnes,8500.0,Rs./Quintal
Maharashtra,Pune,Pulses,Red gram/Arhar/Tur(whole),03-03-2022,1.0,Metric Tonnes,5600.0,Rs./Quintal
Maharashtra,Pune,Pulses,Bengal Gram(Gram)(Whole),04-03-2022,6.0,Metric Tonnes,5175.0,Rs./Quintal
Maharashtra,Pune,Pulses,Black Gram(Urd Beans)(Whole),04-03-2022,1.0,Metric Tonnes,8500.0,Rs./Quintal
Maharashtra,Pune,Pulses,Green Gram(Moong)(Whole),04-03-2022,3.0,Metric Tonnes,8600.0,Rs./Quintal
Maharashtra,Pune,Pulses,Bengal Gram(Gram)(Whole),05-03-2022,5.0,Metric Tonnes,5200.0,Rs./Quintal
Maharashtra,Pune,Pulses,Green Gram(Moong)(Whole),05-03-2022,3.0,Metric Tonnes,8700.0,Rs./Quintal
Maharashtra,Pune,Pulses,Bengal Gram(Gram)(Whole),07-03-2022,10.0,Metric Tonnes,4875.0,Rs./Quintal
Maharashtra,Pune,Pulses,Black Gram(Urd Beans)(Whole),07-03-2022,1.0,Metric Tonnes,4500.0,Rs./Quintal
Maharashtra,Pune,Pulses,Green Gram(Moong)(Whole),07-03-2022,5.0,Metric Tonnes,7590.2,Rs./Quintal
Maharashtra,Pune,Pulses,Red gram/Arhar/Tur(whole),07-03-2022,1.0,Metric Tonnes,5521.0,Rs./Quintal
Maharashtra,Pune,Pulses,Bengal Gram(Gram)(Whole),08-03-2022,4.0,Metric Tonnes,5400.0,Rs./Quintal
Maharashtra,Pune,Pulses,Green Gram(Moong)(Whole),08-03-2022,3.0,Metric Tonnes,8500.0,Rs./Quintal
Maharashtra,Pune,Pulses,Red gram/Arhar/Tur(whole),08-03-2022,1.0,Metric Tonnes,5200.0,Rs./Quintal
Maharashtra,Pune,Pulses,Bengal Gram(Gram)(Whole),09-03-2022,4.0,Metric Tonnes,5393.75,Rs./Quintal
Maharashtra,Pune,Pulses,Green Gram(Moong)(Whole),09-03-2022,3.0,Metric Tonnes,8500.0,Rs./Quintal
Maharashtra,Pune,Pulses,Bengal Gram(Gram)(Whole),10-03-2022,9.0,Metric Tonnes,4783.33,Rs./Quintal
Maharashtra,Pune,Pulses,Black Gram(Urd Beans)(Whole),10-03-2022,1.0,Metric Tonnes,8350.0,Rs./Quintal
Maharashtra,Pune,Pulses,Green Gram(Moong)(Whole),10-03-2022,3.0,Metric Tonnes,8300.0,Rs./Quintal
Maharashtra,Pune,Pulses,Red gram/Arhar/Tur(whole),10-03-2022,1.0,Metric Tonnes,5300.0,Rs./Quintal
Maharashtra,Pune,Pulses,Bengal Gram(Gram)(Whole),11-03-2022,4.0,Metric Tonnes,5387.5,Rs./Quintal
Maharashtra,Pune,Pulses,Green Gram(Moong)(Whole),11-03-2022,3.0,Metric Tonnes,8350.0,Rs./Quintal
Maharashtra,Pune,Pulses,Bengal Gram(Gram)(Whole),12-03-2022,5.0,Metric Tonnes,5230.0,Rs./Quintal
Maharashtra,Pune,Pulses,Green Gram(Moong)(Whole),12-03-2022,3.0,Metric Tonnes,8350.0,Rs./Quintal
Maharashtra,Pune,Pulses,Bengal Gram(Gram)(Whole),13-03-2022,1.0,Metric Tonnes,4200.0,Rs./Quintal
Maharashtra,Pune,Pulses,Green Gram(Moong)(Whole),13-03-2022,1.0,Metric Tonnes,6600.0,Rs./Quintal
Maharashtra,Pune,Pulses,Bengal Gram(Gram)(Whole),14-03-2022,7.0,Metric Tonnes,5021.86,Rs./Quintal
Maharashtra,Pune,Pulses,Green Gram(Moong)(Whole),14-03-2022,3.0,Metric Tonnes,8500.0,Rs./Quintal
Maharashtra,Pune,Pulses,Red gram/Arhar/Tur(whole),14-03-2022,3.0,Metric Tonnes,5200.0,Rs./Quintal
Maharashtra,Pune,Pulses,Bengal Gram(Gram)(Whole),15-03-2022,5.0,Metric Tonnes,5248.0,Rs./Quintal
Maharashtra,Pune,Pulses,Black Gram(Urd Beans)(Whole),15-03-2022,1.0,Metric Tonnes,8500.0,Rs./Quintal
Maharashtra,Pune,Pulses,Green Gram(Moong)(Whole),15-03-2022,3.0,Metric Tonnes,8300.0,Rs./Quintal
Maharashtra,Pune,Pulses,Bengal Gram(Gram)(Whole),16-03-2022,5.0,Metric Tonnes,5290.0,Rs./Quintal
Maharashtra,Pune,Pulses,Green Gram(Moong)(Whole),16-03-2022,4.0,Metric Tonnes,7950.0,Rs./Quintal
Maharashtra,Pune,Pulses,Bengal Gram(Gram)(Whole),17-03-2022,10.0,Metric Tonnes,4620.0,Rs./Quintal
Maharashtra,Pune,Pulses,Black Gram(Urd Beans)(Whole),17-03-2022,1.0,Metric Tonnes,8800.0,Rs./Quintal
Maharashtra,Pune,Pulses,Green Gram(Moong)(Whole),17-03-2022,3.0,Metric Tonnes,8150.0,Rs./Quintal
Maharashtra,Pune,Pulses,Red gram/Arhar/Tur(whole),17-03-2022,3.0,Metric Tonnes,5033.33,Rs./Quintal
Maharashtra,Pune,Pulses,Bengal Gram(Gram)(Whole),18-03-2022,3.0,Metric Tonnes,5500.0,Rs./Quintal
Maharashtra,Pune,Pulses,Green Gram(Moong)(Whole),18-03-2022,3.0,Metric Tonnes,8150.0,Rs./Quintal
Maharashtra,Pune,Pulses,Bengal Gram(Gram)(Whole),19-03-2022,5.0,Metric Tonnes,5040.0,Rs./Quintal
Maharashtra,Pune,Pulses,Green Gram(Moong)(Whole),19-03-2022,3.0,Metric Tonnes,8350.0,Rs./Quintal
Maharashtra,Pune,Pulses,Bengal Gram(Gram)(Whole),20-03-2022,1.0,Metric Tonnes,4600.0,Rs./Quintal
Maharashtra,Pune,Pulses,Bengal Gram(Gram)(Whole),21-03-2022,13.0,Metric Tonnes,4723.08,Rs./Quintal
Maharashtra,Pune,Pulses,Black Gram(Urd Beans)(Whole),21-03-2022,1.0,Metric Tonnes,4500.0,Rs./Quintal
Maharashtra,Pune,Pulses,Green Gram(Moong)(Whole),21-03-2022,3.0,Metric Tonnes,8250.0,Rs./Quintal
Maharashtra,Pune,Pulses,Bengal Gram(Gram)(Whole),22-03-2022,4.0,Metric Tonnes,5250.0,Rs./Quintal
Maharashtra,Pune,Pulses,Green Gram(Moong)(Whole),22-03-2022,3.0,Metric Tonnes,8050.0,Rs./Quintal
Maharashtra,Pune,Pulses,Bengal Gram(Gram)(Whole),23-03-2022,3.0,Metric Tonnes,5650.0,Rs./Quintal
Maharashtra,Pune,Pulses,Black Gram(Urd Beans)(Whole),23-03-2022,1.0,Metric Tonnes,8600.0,Rs./Quintal
Maharashtra,Pune,Pulses,Green Gram(Moong)(Whole),23-03-2022,3.0,Metric Tonnes,8250.0,Rs./Quintal
Maharashtra,Pune,Pulses,Bengal Gram(Gram)(Whole),24-03-2022,5.0,Metric Tonnes,5160.0,Rs./Quintal
Maharashtra,Pune,Pulses,Black Gram(Urd Beans)(Whole),24-03-2022,1.0,Metric Tonnes,5000.0,Rs./Quintal
Maharashtra,Pune,Pulses,Green Gram(Moong)(Whole),24-03-2022,5.0,Metric Tonnes,7660.0,Rs./Quintal
Maharashtra,Pune,Pulses,Bengal Gram(Gram)(Whole),25-03-2022,4.0,Metric Tonnes,5325.0,Rs./Quintal
Maharashtra,Pune,Pulses,Green Gram(Moong)(Whole),25-03-2022,3.0,Metric Tonnes,8400.0,Rs./Quintal
Maharashtra,Pune,Pulses,Bengal Gram(Gram)(Whole),26-03-2022,4.0,Metric Tonnes,5300.0,Rs./Quintal
Maharashtra,Pune,Pulses,Green Gram(Moong)(Whole),26-03-2022,3.0,Metric Tonnes,8450.0,Rs./Quintal
Maharashtra,Pune,Pulses,Bengal Gram(Gram)(Whole),27-03-2022,2.0,Metric Tonnes,4387.5,Rs./Quintal
Maharashtra,Pune,Pulses,Green Gram(Moong)(Whole),27-03-2022,1.0,Metric Tonnes,6831.0,Rs./Quintal
Maharashtra,Pune,Pulses,Bengal Gram(Gram)(Whole),28-03-2022,3.0,Metric Tonnes,5600.0,Rs./Quintal
Maharashtra,Pune,Pulses,Green Gram(Moong)(Whole),28-03-2022,3.0,Metric Tonnes,8400.0,Rs./Quintal
Maharashtra,Pune,Pulses,Bengal Gram(Gram)(Whole),29-03-2022,6.0,Metric Tonnes,5233.33,Rs./Quintal
Maharashtra,Pune,Pulses,Green Gram(Moong)(Whole),29-03-2022,4.0,Metric Tonnes,8200.0,Rs./Quintal
Maharashtra,Pune,Pulses,Bengal Gram(Gram)(Whole),30-03-2022,4.0,Metric Tonnes,5350.0,Rs./Quintal
Maharashtra,Pune,Pulses,Black Gram(Urd Beans)(Whole),30-03-2022,1.0,Metric Tonnes,8500.0,Rs./Quintal
Maharashtra,Pune,Pulses,Green Gram(Moong)(Whole),30-03-2022,3.0,Metric Tonnes,8300.0,Rs./Quintal
Maharashtra,Pune,Pulses,Bengal Gram(Gram)(Whole),31-03-2022,7.0,Metric Tonnes,5035.71,Rs./Quintal
Maharashtra,Pune,Pulses,Green Gram(Moong)(Whole),31-03-2022,4.0,Metric Tonnes,8300.0,Rs./Quintal
Maharashtra,Pune,Pulses,Bengal Gram(Gram)(Whole),01-04-2022,5.0,Metric Tonnes,5150.0,Rs./Quintal
Maharashtra,Pune,Pulses,Green Gram(Moong)(Whole),01-04-2022,3.0,Metric Tonnes,8500.0,Rs./Quintal
Maharashtra,Pune,Pulses,Bengal Gram(Gram)(Whole),02-04-2022,5.0,Metric Tonnes,5130.0,Rs./Quintal
Maharashtra,Pune,Pulses,Green Gram(Moong)(Whole),02-04-2022,3.0,Metric Tonnes,8500.0,Rs./Quintal
Maharashtra,Pune,Pulses,Bengal Gram(Gram)(Whole),03-04-2022,3.0,Metric Tonnes,4450.33,Rs./Quintal
Maharashtra,Pune,Pulses,Bengal Gram(Gram)(Whole),04-04-2022,4.0,Metric Tonnes,5400.0,Rs./Quintal
Maharashtra,Pune,Pulses,Green Gram(Moong)(Whole),04-04-2022,4.0,Metric Tonnes,7450.0,Rs./Quintal
Maharashtra,Pune,Pulses,Bengal Gram(Gram)(Whole),05-04-2022,3.0,Metric Tonnes,5550.0,Rs./Quintal
Maharashtra,Pune,Pulses,Green Gram(Moong)(Whole),05-04-2022,3.0,Metric Tonnes,8300.0,Rs./Quintal
Maharashtra,Pune,Pulses,Bengal Gram(Gram)(Whole),06-04-2022,5.0,Metric Tonnes,5310.2,Rs./Quintal
Maharashtra,Pune,Pulses,Black Gram(Urd Beans)(Whole),06-04-2022,1.0,Metric Tonnes,8550.0,Rs./Quintal
Maharashtra,Pune,Pulses,Green Gram(Moong)(Whole),06-04-2022,4.0,Metric Tonnes,8300.0,Rs./Quintal
Maharashtra,Pune,Pulses,Bengal Gram(Gram)(Whole),07-04-2022,17.0,Metric Tonnes,5122.79,Rs./Quintal
Maharashtra,Pune,Pulses,Green Gram(Moong)(Whole),07-04-2022,4.0,Metric Tonnes,7425.0,Rs./Quintal
Maharashtra,Pune,Pulses,Bengal Gram(Gram)(Whole),08-04-2022,5.0,Metric Tonnes,5290.0,Rs./Quintal
Maharashtra,Pune,Pulses,Green Gram(Moong)(Whole),08-04-2022,3.0,Metric Tonnes,8500.0,Rs./Quintal
Maharashtra,Pune,Pulses,Bengal Gram(Gram)(Whole),09-04-2022,9.0,Metric Tonnes,5750.0,Rs./Quintal
Maharashtra,Pune,Pulses,Black Gram(Urd Beans)(Whole),09-04-2022,1.0,Metric Tonnes,8500.0,Rs./Quintal
Maharashtra,Pune,Pulses,Green Gram(Moong)(Whole),09-04-2022,9.0,Metric Tonnes,8500.0,Rs./Quintal
Maharashtra,Pune,Pulses,Bengal Gram(Gram)(Whole),10-04-2022,3.0,Metric Tonnes,4433.33,Rs./Quintal
Maharashtra,Pune,Pulses,Bengal Gram(Gram)(Whole),11-04-2022,13.0,Metric Tonnes,4684.62,Rs./Quintal
Maharashtra,Pune,Pulses,Black Gram(Urd Beans)(Whole),11-04-2022,3.0,Metric Tonnes,5500.0,Rs./Quintal
Maharashtra,Pune,Pulses,Green Gram(Moong)(Whole),11-04-2022,2.0,Metric Tonnes,8500.0,Rs./Quintal
Maharashtra,Pune,Pulses,Bengal Gram(Gram)(Whole),12-04-2022,4.0,Metric Tonnes,5412.5,Rs./Quintal
Maharashtra,Pune,Pulses,Green Gram(Moong)(Whole),12-04-2022,3.0,Metric Tonnes,8500.0,Rs./Quintal
Maharashtra,Pune,Pulses,Bengal Gram(Gram)(Whole),13-04-2022,4.0,Metric Tonnes,5412.5,Rs./Quintal
Maharashtra,Pune,Pulses,Green Gram(Moong)(Whole),13-04-2022,3.0,Metric Tonnes,8300.0,Rs./Quintal
Maharashtra,Pune,Pulses,Bengal Gram(Gram)(Whole),14-04-2022,13.0,Metric Tonnes,4685.23,Rs./Quintal
Maharashtra,Pune,Pulses,Black Gram(Urd Beans)(Whole),14-04-2022,1.0,Metric Tonnes,5800.0,Rs./Quintal
Maharashtra,Pune,Pulses,Green Gram(Moong)(Whole),14-04-2022,3.0,Metric Tonnes,8300.0,Rs./Quintal
Maharashtra,Pune,Pulses,Red gram/Arhar/Tur(whole),14-04-2022,1.0,Metric Tonnes,5651.0,Rs./Quintal
Maharashtra,Pune,Pulses,Bengal Gram(Gram)(Whole),15-04-2022,4.0,Metric Tonnes,5412.5,Rs./Quintal
Maharashtra,Pune,Pulses,Green Gram(Moong)(Whole),15-04-2022,3.0,Metric Tonnes,8300.0,Rs./Quintal
Maharashtra,Pune,Pulses,Bengal Gram(Gram)(Whole),16-04-2022,3.0,Metric Tonnes,5750.0,Rs./Quintal
Maharashtra,Pune,Pulses,Green Gram(Moong)(Whole),16-04-2022,3.0,Metric Tonnes,8500.0,Rs./Quintal
Maharashtra,Pune,Pulses,Bengal Gram(Gram)(Whole),17-04-2022,24.0,Metric Tonnes,5811.67,Rs./Quintal
Maharashtra,Pune,Pulses,Bengal Gram(Gram)(Whole),18-04-2022,12.0,Metric Tonnes,4813.08,Rs./Quintal
Maharashtra,Pune,Pulses,Black Gram(Urd Beans)(Whole),18-04-2022,2.0,Metric Tonnes,6051.0,Rs./Quintal
Maharashtra,Pune,Pulses,Green Gram(Moong)(Whole),18-04-2022,3.0,Metric Tonnes,8300.0,Rs./Quintal
Maharashtra,Pune,Pulses,Red gram/Arhar/Tur(whole),18-04-2022,5.0,Metric Tonnes,4950.6,Rs./Quintal
Maharashtra,Pune,Pulses,Bengal Gram(Gram)(Whole),19-04-2022,4.0,Metric Tonnes,5375.0,Rs./Quintal
Maharashtra,Pune,Pulses,Green Gram(Moong)(Whole),19-04-2022,3.0,Metric Tonnes,8150.0,Rs./Quintal
Maharashtra,Pune,Pulses,Bengal Gram(Gram)(Whole),20-04-2022,3.0,Metric Tonnes,5700.0,Rs./Quintal
Maharashtra,Pune,Pulses,Green Gram(Moong)(Whole),20-04-2022,4.0,Metric Tonnes,8150.0,Rs./Quintal
Maharashtra,Pune,Pulses,Bengal Gram(Gram)(Whole),21-04-2022,8.0,Metric Tonnes,4787.5,Rs./Quintal
Maharashtra,Pune,Pulses,Black Gram(Urd Beans)(Whole),21-04-2022,4.0,Metric Tonnes,6400.0,Rs./Quintal
Maharashtra,Pune,Pulses,Green Gram(Moong)(Whole),21-04-2022,5.0,Metric Tonnes,7530.0,Rs./Quintal
Maharashtra,Pune,Pulses,Bengal Gram(Gram)(Whole),22-04-2022,4.0,Metric Tonnes,5275.0,Rs./Quintal
Maharashtra,Pune,Pulses,Green Gram(Moong)(Whole),22-04-2022,3.0,Metric Tonnes,8400.0,Rs./Quintal
Maharashtra,Pune,Pulses,Bengal Gram(Gram)(Whole),23-04-2022,4.0,Metric Tonnes,5550.0,Rs./Quintal
Maharashtra,Pune,Pulses,Green Gram(Moong)(Whole),23-04-2022,3.0,Metric Tonnes,8400.0,Rs./Quintal
Maharashtra,Pune,Pulses,Bengal Gram(Gram)(Whole),24-04-2022,1.0,Metric Tonnes,4352.0,Rs./Quintal
Maharashtra,Pune,Pulses,Bengal Gram(Gram)(Whole),25-04-2022,11.0,Metric Tonnes,4652.45,Rs./Quintal
Maharashtra,Pune,Pulses,Black Gram(Urd Beans)(Whole),25-04-2022,5.0,Metric Tonnes,5600.0,Rs./Quintal
Maharashtra,Pune,Pulses,Green Gram(Moong)(Whole),25-04-2022,4.0,Metric Tonnes,7825.0,Rs./Quintal
Maharashtra,Pune,Pulses,Red gram/Arhar/Tur(whole),25-04-2022,3.0,Metric Tonnes,5114.0,Rs./Quintal
Maharashtra,Pune,Pulses,Bengal Gram(Gram)(Whole),26-04-2022,3.0,Metric Tonnes,5550.0,Rs./Quintal
Maharashtra,Pune,Pulses,Green Gram(Moong)(Whole),26-04-2022,3.0,Metric Tonnes,8100.0,Rs./Quintal
Maharashtra,Pune,Pulses,Bengal Gram(Gram)(Whole),27-04-2022,4.0,Metric Tonnes,5175.0,Rs./Quintal
Maharashtra,Pune,Pulses,Black Gram(Urd Beans)(Whole),27-04-2022,1.0,Metric Tonnes,8650.0,Rs./Quintal
Maharashtra,Pune,Pulses,Green Gram(Moong)(Whole),27-04-2022,3.0,Metric Tonnes,7900.0,Rs./Quintal
Maharashtra,Pune,Pulses,Bengal Gram(Gram)(Whole),28-04-2022,2.0,Metric Tonnes,4425.5,Rs./Quintal
Maharashtra,Pune,Pulses,Bengal Gram(Gram)(Whole),29-04-2022,7.0,Metric Tonnes,5300.0,Rs./Quintal
Maharashtra,Pune,Pulses,Green Gram(Moong)(Whole),29-04-2022,4.0,Metric Tonnes,7900.0,Rs./Quintal
Maharashtra,Pune,Pulses,Bengal Gram(Gram)(Whole),30-04-2022,3.0,Metric Tonnes,5600.0,Rs./Quintal
Maharashtra,Pune,Pulses,Green Gram(Moong)(Whole),30-04-2022,3.0,Metric Tonnes,8100.0,Rs./Quintal
Maharashtra,Pune,Pulses,Bengal Gram(Gram)(Whole),01-05-2022,2.0,Metric Tonnes,4325.0,Rs./Quintal
Maharashtra,Pune,Pulses,Bengal Gram(Gram)(Whole),02-05-2022,4.0,Metric Tonnes,5150.0,Rs./Quintal
Maharashtra,Pune,Pulses,Black Gram(Urd Beans)(Whole),02-05-2022,2.0,Metric Tonnes,5652.0,Rs./Quintal
Maharashtra,Pune,Pulses,Green Gram(Moong)(Whole),02-05-2022,3.0,Metric Tonnes,8300.0,Rs./Quintal
Maharashtra,Pune,Pulses,Bengal Gram(Gram)(Whole),03-05-2022,4.0,Metric Tonnes,5125.0,Rs./Quintal
Maharashtra,Pune,Pulses,Green Gram(Moong)(Whole),03-05-2022,3.0,Metric Tonnes,8300.0,Rs./Quintal
Maharashtra,Pune,Pulses,Bengal Gram(Gram)(Whole),04-05-2022,3.0,Metric Tonnes,5350.0,Rs./Quintal
Maharashtra,Pune,Pulses,Green Gram(Moong)(Whole),04-05-2022,3.0,Metric Tonnes,8250.0,Rs./Quintal
Maharashtra,Pune,Pulses,Bengal Gram(Gram)(Whole),05-05-2022,4.0,Metric Tonnes,5087.5,Rs./Quintal
Maharashtra,Pune,Pulses,Black Gram(Urd Beans)(Whole),05-05-2022,1.0,Metric Tonnes,5200.0,Rs./Quintal
Maharashtra,Pune,Pulses,Green Gram(Moong)(Whole),05-05-2022,4.0,Metric Tonnes,8150.0,Rs./Quintal
Maharashtra,Pune,Pulses,Bengal Gram(Gram)(Whole),06-05-2022,3.0,Metric Tonnes,5350.0,Rs./Quintal
Maharashtra,Pune,Pulses,Black Gram(Urd Beans)(Whole),06-05-2022,1.0,Metric Tonnes,8400.0,Rs./Quintal
Maharashtra,Pune,Pulses,Green Gram(Moong)(Whole),06-05-2022,3.0,Metric Tonnes,8150.0,Rs./Quintal
Maharashtra,Pune,Pulses,Bengal Gram(Gram)(Whole),08-05-2022,26.0,Metric Tonnes,5300.0,Rs./Quintal
Maharashtra,Pune,Pulses,Black Gram(Urd Beans)(Whole),08-05-2022,1.0,Metric Tonnes,5451.0,Rs./Quintal
Maharashtra,Pune,Pulses,Red gram/Arhar/Tur(whole),08-05-2022,1.0,Metric Tonnes,4500.0,Rs./Quintal
Maharashtra,Pune,Pulses,Bengal Gram(Gram)(Whole),09-05-2022,7.0,Metric Tonnes,5246.43,Rs./Quintal
Maharashtra,Pune,Pulses,Green Gram(Moong)(Whole),09-05-2022,3.0,Metric Tonnes,7950.0,Rs./Quintal
Maharashtra,Pune,Pulses,Bengal Gram(Gram)(Whole),10-05-2022,4.0,Metric Tonnes,5500.0,Rs./Quintal
Maharashtra,Pune,Pulses,Green Gram(Moong)(Whole),10-05-2022,4.0,Metric Tonnes,7950.0,Rs./Quintal
Maharashtra,Pune,Pulses,Bengal Gram(Gram)(Whole),11-05-2022,4.0,Metric Tonnes,5050.0,Rs./Quintal
Maharashtra,Pune,Pulses,Green Gram(Moong)(Whole),11-05-2022,3.0,Metric Tonnes,7800.0,Rs./Quintal
Maharashtra,Pune,Pulses,Bengal Gram(Gram)(Whole),14-05-2022,6.0,Metric Tonnes,5310.0,Rs./Quintal
Maharashtra,Pune,Pulses,Black Gram(Urd Beans)(Whole),14-05-2022,1.0,Metric Tonnes,8500.0,Rs./Quintal
Maharashtra,Pune,Pulses,Green Gram(Moong)(Whole),14-05-2022,3.0,Metric Tonnes,7980.0,Rs./Quintal
Maharashtra,Pune,Pulses,Bengal Gram(Gram)(Whole),16-05-2022,4.0,Metric Tonnes,5037.5,Rs./Quintal
Maharashtra,Pune,Pulses,Black Gram(Urd Beans)(Whole),16-05-2022,1.0,Metric Tonnes,5600.0,Rs./Quintal
Maharashtra,Pune,Pulses,Green Gram(Moong)(Whole),16-05-2022,5.0,Metric Tonnes,7562.2,Rs./Quintal
Maharashtra,Pune,Pulses,Bengal Gram(Gram)(Whole),17-05-2022,3.0,Metric Tonnes,5300.0,Rs./Quintal
Maharashtra,Pune,Pulses,Black Gram(Urd Beans)(Whole),17-05-2022,1.0,Metric Tonnes,8400.0,Rs./Quintal
Maharashtra,Pune,Pulses,Green Gram(Moong)(Whole),17-05-2022,3.0,Metric Tonnes,7950.0,Rs./Quintal
Maharashtra,Pune,Pulses,Bengal Gram(Gram)(Whole),18-05-2022,7.0,Metric Tonnes,4697.86,Rs./Quintal
Maharashtra,Pune,Pulses,Green Gram(Moong)(Whole),18-05-2022,3.0,Metric Tonnes,7800.0,Rs./Quintal
Maharashtra,Pune,Pulses,Bengal Gram(Gram)(Whole),19-05-2022,5.0,Metric Tonnes,5060.0,Rs./Quintal
Maharashtra,Pune,Pulses,Green Gram(Moong)(Whole),19-05-2022,3.0,Metric Tonnes,7650.0,Rs./Quintal
Maharashtra,Pune,Pulses,Bengal Gram(Gram)(Whole),20-05-2022,4.0,Metric Tonnes,5200.0,Rs./Quintal
Maharashtra,Pune,Pulses,Green Gram(Moong)(Whole),20-05-2022,3.0,Metric Tonnes,7700.0,Rs./Quintal
Maharashtra,Pune,Pulses,Bengal Gram(Gram)(Whole),21-05-2022,3.0,Metric Tonnes,5200.0,Rs./Quintal
Maharashtra,Pune,Pulses,Green Gram(Moong)(Whole),21-05-2022,3.0,Metric Tonnes,7700.0,Rs./Quintal
Maharashtra,Pune,Pulses,Bengal Gram(Gram)(Whole),22-05-2022,1.0,Metric Tonnes,4150.0,Rs./Quintal
Maharashtra,Pune,Pulses,Bengal Gram(Gram)(Whole),23-05-2022,3.0,Metric Tonnes,5200.0,Rs./Quintal
Maharashtra,Pune,Pulses,Black Gram(Urd Beans)(Whole),23-05-2022,1.0,Metric Tonnes,5615.0,Rs./Quintal
Maharashtra,Pune,Pulses,Green Gram(Moong)(Whole),23-05-2022,3.0,Metric Tonnes,7650.0,Rs./Quintal
Maharashtra,Pune,Pulses,Bengal Gram(Gram)(Whole),24-05-2022,3.0,Metric Tonnes,5150.0,Rs./Quintal
Maharashtra,Pune,Pulses,Green Gram(Moong)(Whole),24-05-2022,3.0,Metric Tonnes,7650.0,Rs./Quintal
Maharashtra,Pune,Pulses,Bengal Gram(Gram)(Whole),25-05-2022,3.0,Metric Tonnes,5200.0,Rs./Quintal
Maharashtra,Pune,Pulses,Green Gram(Moong)(Whole),25-05-2022,3.0,Metric Tonnes,7600.0,Rs./Quintal
Maharashtra,Pune,Pulses,Bengal Gram(Gram)(Whole),26-05-2022,4.0,Metric Tonnes,5012.5,Rs./Quintal
Maharashtra,Pune,Pulses,Black Gram(Urd Beans)(Whole),26-05-2022,1.0,Metric Tonnes,5600.0,Rs./Quintal
Maharashtra,Pune,Pulses,Green Gram(Moong)(Whole),26-05-2022,3.0,Metric Tonnes,7550.0,Rs./Quintal
Maharashtra,Pune,Pulses,Red gram/Arhar/Tur(whole),26-05-2022,1.0,Metric Tonnes,5000.0,Rs./Quintal
Maharashtra,Pune,Pulses,Bengal Gram(Gram)(Whole),27-05-2022,3.0,Metric Tonnes,5250.0,Rs./Quintal
Maharashtra,Pune,Pulses,Green Gram(Moong)(Whole),27-05-2022,3.0,Metric Tonnes,7550.0,Rs./Quintal
Maharashtra,Pune,Pulses,Bengal Gram(Gram)(Whole),28-05-2022,6.0,Metric Tonnes,5250.0,Rs./Quintal
Maharashtra,Pune,Pulses,Green Gram(Moong)(Whole),28-05-2022,3.0,Metric Tonnes,7550.0,Rs./Quintal
Maharashtra,Pune,Pulses,Bengal Gram(Gram)(Whole),29-05-2022,1.0,Metric Tonnes,4200.0,Rs./Quintal
Maharashtra,Pune,Pulses,Bengal Gram(Gram)(Whole),30-05-2022,3.0,Metric Tonnes,5200.0,Rs./Quintal
Maharashtra,Pune,Pulses,Black Gram(Urd Beans)(Whole),30-05-2022,1.0,Metric Tonnes,5551.0,Rs./Quintal
Maharashtra,Pune,Pulses,Green Gram(Moong)(Whole),30-05-2022,3.0,Metric Tonnes,7700.0,Rs./Quintal
Maharashtra,Pune,Pulses,Bengal Gram(Gram)(Whole),31-05-2022,3.0,Metric Tonnes,5200.0,Rs./Quintal
Maharashtra,Pune,Pulses,Green Gram(Moong)(Whole),31-05-2022,3.0,Metric Tonnes,7700.0,Rs./Quintal
Maharashtra,Pune,Pulses,Bengal Gram(Gram)(Whole),01-06-2022,4.0,Metric Tonnes,4987.5,Rs./Quintal
Maharashtra,Pune,Pulses,Green Gram(Moong)(Whole),01-06-2022,4.0,Metric Tonnes,7550.0,Rs./Quintal
Maharashtra,Pune,Pulses,Bengal Gram(Gram)(Whole),02-06-2022,4.0,Metric Tonnes,4975.0,Rs./Quintal
Maharashtra,Pune,Pulses,Green Gram(Moong)(Whole),02-06-2022,4.0,Metric Tonnes,7500.0,Rs./Quintal
Maharashtra,Pune,Pulses,Bengal Gram(Gram)(Whole),04-06-2022,3.0,Metric Tonnes,5150.0,Rs./Quintal
Maharashtra,Pune,Pulses,Green Gram(Moong)(Whole),04-06-2022,3.0,Metric Tonnes,8050.0,Rs./Quintal
Maharashtra,Pune,Pulses,Bengal Gram(Gram)(Whole),05-06-2022,1.0,Metric Tonnes,4000.0,Rs./Quintal
Maharashtra,Pune,Pulses,Black Gram(Urd Beans)(Whole),06-06-2022,1.0,Metric Tonnes,5800.0,Rs./Quintal
Maharashtra,Pune,Pulses,Green Gram(Moong)(Whole),06-06-2022,2.0,Metric Tonnes,5925.0,Rs./Quintal
Maharashtra,Pune,Pulses,Red gram/Arhar/Tur(whole),06-06-2022,1.0,Metric Tonnes,4500.0,Rs./Quintal
Maharashtra,Pune,Pulses,Bengal Gram(Gram)(Whole),07-06-2022,3.0,Metric Tonnes,5300.0,Rs./Quintal
Maharashtra,Pune,Pulses,Green Gram(Moong)(Whole),07-06-2022,3.0,Metric Tonnes,7850.0,Rs./Quintal
Maharashtra,Pune,Pulses,Bengal Gram(Gram)(Whole),08-06-2022,4.0,Metric Tonnes,5050.0,Rs./Quintal
Maharashtra,Pune,Pulses,Green Gram(Moong)(Whole),08-06-2022,3.0,Metric Tonnes,7700.0,Rs./Quintal
Maharashtra,Pune,Pulses,Bengal Gram(Gram)(Whole),09-06-2022,4.0,Metric Tonnes,4975.0,Rs./Quintal
Maharashtra,Pune,Pulses,Black Gram(Urd Beans)(Whole),09-06-2022,1.0,Metric Tonnes,6160.0,Rs./Quintal
Maharashtra,Pune,Pulses,Green Gram(Moong)(Whole),09-06-2022,3.0,Metric Tonnes,7700.0,Rs./Quintal
Maharashtra,Pune,Pulses,Bengal Gram(Gram)(Whole),10-06-2022,3.0,Metric Tonnes,5500.0,Rs./Quintal
Maharashtra,Pune,Pulses,Green Gram(Moong)(Whole),10-06-2022,3.0,Metric Tonnes,7750.0,Rs./Quintal
Maharashtra,Pune,Pulses,Bengal Gram(Gram)(Whole),11-06-2022,4.0,Metric Tonnes,5125.0,Rs./Quintal
Maharashtra,Pune,Pulses,Green Gram(Moong)(Whole),11-06-2022,4.0,Metric Tonnes,7750.0,Rs./Quintal
Maharashtra,Pune,Pulses,Bengal Gram(Gram)(Whole),12-06-2022,1.0,Metric Tonnes,4200.0,Rs./Quintal
Maharashtra,Pune,Pulses,Black Gram(Urd Beans)(Whole),13-06-2022,1.0,Metric Tonnes,6000.0,Rs./Quintal
Maharashtra,Pune,Pulses,Green Gram(Moong)(Whole),13-06-2022,3.0,Metric Tonnes,7700.0,Rs./Quintal
Maharashtra,Pune,Pulses,Bengal Gram(Gram)(Whole),14-06-2022,3.0,Metric Tonnes,5400.0,Rs./Quintal
Maharashtra,Pune,Pulses,Green Gram(Moong)(Whole),14-06-2022,3.0,Metric Tonnes,7700.0,Rs./Quintal
Maharashtra,Pune,Pulses,Bengal Gram(Gram)(Whole),15-06-2022,4.0,Metric Tonnes,5050.0,Rs./Quintal
Maharashtra,Pune,Pulses,Green Gram(Moong)(Whole),15-06-2022,4.0,Metric Tonnes,7750.0,Rs./Quintal
Maharashtra,Pune,Pulses,Bengal Gram(Gram)(Whole),16-06-2022,4.0,Metric Tonnes,5012.5,Rs./Quintal
Maharashtra,Pune,Pulses,Black Gram(Urd Beans)(Whole),16-06-2022,5.0,Metric Tonnes,5960.0,Rs./Quintal
Maharashtra,Pune,Pulses,Green Gram(Moong)(Whole),16-06-2022,5.0,Metric Tonnes,6945.2,Rs./Quintal
Maharashtra,Pune,Pulses,Red gram/Arhar/Tur(whole),16-06-2022,1.0,Metric Tonnes,5000.0,Rs./Quintal
Maharashtra,Pune,Pulses,Bengal Gram(Gram)(Whole),17-06-2022,3.0,Metric Tonnes,5400.0,Rs./Quintal
Maharashtra,Pune,Pulses,Green Gram(Moong)(Whole),17-06-2022,3.0,Metric Tonnes,7550.0,Rs./Quintal
Maharashtra,Pune,Pulses,Bengal Gram(Gram)(Whole),18-06-2022,3.0,Metric Tonnes,5250.0,Rs./Quintal
Maharashtra,Pune,Pulses,Green Gram(Moong)(Whole),18-06-2022,3.0,Metric Tonnes,7750.0,Rs./Quintal
Maharashtra,Pune,Pulses,Black Gram(Urd Beans)(Whole),19-06-2022,1.0,Metric Tonnes,5651.0,Rs./Quintal
Maharashtra,Pune,Pulses,Bengal Gram(Gram)(Whole),20-06-2022,4.0,Metric Tonnes,5400.0,Rs./Quintal
Maharashtra,Pune,Pulses,Black Gram(Urd Beans)(Whole),20-06-2022,1.0,Metric Tonnes,6300.0,Rs./Quintal
Maharashtra,Pune,Pulses,Green Gram(Moong)(Whole),20-06-2022,4.0,Metric Tonnes,7700.0,Rs./Quintal
Maharashtra,Pune,Pulses,Bengal Gram(Gram)(Whole),21-06-2022,4.0,Metric Tonnes,5300.0,Rs./Quintal
Maharashtra,Pune,Pulses,Black Gram(Urd Beans)(Whole),21-06-2022,1.0,Metric Tonnes,8500.0,Rs./Quintal
Maharashtra,Pune,Pulses,Green Gram(Moong)(Whole),21-06-2022,3.0,Metric Tonnes,7550.0,Rs./Quintal
Maharashtra,Pune,Pulses,Bengal Gram(Gram)(Whole),22-06-2022,7.0,Metric Tonnes,4871.43,Rs./Quintal
Maharashtra,Pune,Pulses,Green Gram(Moong)(Whole),22-06-2022,4.0,Metric Tonnes,7550.0,Rs./Quintal
Maharashtra,Pune,Pulses,Bengal Gram(Gram)(Whole),23-06-2022,5.0,Metric Tonnes,5120.0,Rs./Quintal
Maharashtra,Pune,Pulses,Black Gram(Urd Beans)(Whole),23-06-2022,2.0,Metric Tonnes,6112.5,Rs./Quintal
Maharashtra,Pune,Pulses,Green Gram(Moong)(Whole),23-06-2022,3.0,Metric Tonnes,7750.0,Rs./Quintal
Maharashtra,Pune,Pulses,Bengal Gram(Gram)(Whole),24-06-2022,3.0,Metric Tonnes,5350.0,Rs./Quintal
Maharashtra,Pune,Pulses,Green Gram(Moong)(Whole),24-06-2022,3.0,Metric Tonnes,7500.0,Rs./Quintal
Maharashtra,Pune,Pulses,Bengal Gram(Gram)(Whole),25-06-2022,3.0,Metric Tonnes,5350.0,Rs./Quintal
Maharashtra,Pune,Pulses,Green Gram(Moong)(Whole),25-06-2022,3.0,Metric Tonnes,7500.0,Rs./Quintal
Maharashtra,Pune,Pulses,Bengal Gram(Gram)(Whole),26-06-2022,1.0,Metric Tonnes,4300.0,Rs./Quintal
Maharashtra,Pune,Pulses,Bengal Gram(Gram)(Whole),27-06-2022,3.0,Metric Tonnes,5450.0,Rs./Quintal
Maharashtra,Pune,Pulses,Black Gram(Urd Beans)(Whole),27-06-2022,2.0,Metric Tonnes,6471.0,Rs./Quintal
Maharashtra,Pune,Pulses,Green Gram(Moong)(Whole),27-06-2022,3.0,Metric Tonnes,7450.0,Rs./Quintal
Maharashtra,Pune,Pulses,Bengal Gram(Gram)(Whole),28-06-2022,3.0,Metric Tonnes,5300.0,Rs./Quintal
Maharashtra,Pune,Pulses,Green Gram(Moong)(Whole),28-06-2022,3.0,Metric Tonnes,7600.0,Rs./Quintal
Maharashtra,Pune,Pulses,Bengal Gram(Gram)(Whole),29-06-2022,1.0,Metric Tonnes,4300.0,Rs./Quintal
Maharashtra,Pune,Pulses,Green Gram(Moong)(Whole),29-06-2022,3.0,Metric Tonnes,7450.0,Rs./Quintal
Maharashtra,Pune,Pulses,Bengal Gram(Gram)(Whole),30-06-2022,3.0,Metric Tonnes,5550.0,Rs./Quintal
Maharashtra,Pune,Pulses,Black Gram(Urd Beans)(Whole),30-06-2022,1.0,Metric Tonnes,6500.0,Rs./Quintal
Maharashtra,Pune,Pulses,Green Gram(Moong)(Whole),30-06-2022,3.0,Metric Tonnes,7650.0,Rs./Quintal
Maharashtra,Pune,Pulses,Bengal Gram(Gram)(Whole),01-07-2022,3.0,Metric Tonnes,5400.0,Rs./Quintal
Maharashtra,Pune,Pulses,Green Gram(Moong)(Whole),01-07-2022,3.0,Metric Tonnes,7700.0,Rs./Quintal
Maharashtra,Pune,Pulses,Black Gram(Urd Beans)(Whole),03-07-2022,1.0,Metric Tonnes,5900.0,Rs./Quintal
Maharashtra,Pune,Pulses,Red gram/Arhar/Tur(whole),03-07-2022,1.0,Metric Tonnes,5400.0,Rs./Quintal
Maharashtra,Pune,Pulses,Bengal Gram(Gram)(Whole),04-07-2022,3.0,Metric Tonnes,5350.0,Rs./Quintal
Maharashtra,Pune,Pulses,Black Gram(Urd Beans)(Whole),04-07-2022,1.0,Metric Tonnes,6690.0,Rs./Quintal
Maharashtra,Pune,Pulses,Green Gram(Moong)(Whole),04-07-2022,3.0,Metric Tonnes,7700.0,Rs./Quintal
Maharashtra,Pune,Pulses,Bengal Gram(Gram)(Whole),05-07-2022,3.0,Metric Tonnes,5250.0,Rs./Quintal
Maharashtra,Pune,Pulses,Green Gram(Moong)(Whole),05-07-2022,3.0,Metric Tonnes,7700.0,Rs./Quintal
Maharashtra,Pune,Pulses,Bengal Gram(Gram)(Whole),06-07-2022,3.0,Metric Tonnes,5350.0,Rs./Quintal
Maharashtra,Pune,Pulses,Green Gram(Moong)(Whole),06-07-2022,3.0,Metric Tonnes,7900.0,Rs./Quintal
Maharashtra,Pune,Pulses,Bengal Gram(Gram)(Whole),07-07-2022,3.0,Metric Tonnes,5400.0,Rs./Quintal
Maharashtra,Pune,Pulses,Black Gram(Urd Beans)(Whole),07-07-2022,1.0,Metric Tonnes,6500.0,Rs./Quintal
Maharashtra,Pune,Pulses,Green Gram(Moong)(Whole),07-07-2022,4.0,Metric Tonnes,7462.5,Rs./Quintal
Maharashtra,Pune,Pulses,Bengal Gram(Gram)(Whole),08-07-2022,3.0,Metric Tonnes,5400.0,Rs./Quintal
Maharashtra,Pune,Pulses,Green Gram(Moong)(Whole),08-07-2022,3.0,Metric Tonnes,7900.0,Rs./Quintal
Maharashtra,Pune,Pulses,Bengal Gram(Gram)(Whole),09-07-2022,4.0,Metric Tonnes,5100.0,Rs./Quintal
Maharashtra,Pune,Pulses,Green Gram(Moong)(Whole),09-07-2022,3.0,Metric Tonnes,7900.0,Rs./Quintal
Maharashtra,Pune,Pulses,Bengal Gram(Gram)(Whole),11-07-2022,3.0,Metric Tonnes,5425.0,Rs./Quintal
Maharashtra,Pune,Pulses,Green Gram(Moong)(Whole),11-07-2022,4.0,Metric Tonnes,7950.0,Rs./Quintal
Maharashtra,Pune,Pulses,Bengal Gram(Gram)(Whole),12-07-2022,3.0,Metric Tonnes,5350.0,Rs./Quintal
Maharashtra,Pune,Pulses,Green Gram(Moong)(Whole),12-07-2022,3.0,Metric Tonnes,7900.0,Rs./Quintal
Maharashtra,Pune,Pulses,Bengal Gram(Gram)(Whole),13-07-2022,3.0,Metric Tonnes,5400.0,Rs./Quintal
Maharashtra,Pune,Pulses,Green Gram(Moong)(Whole),13-07-2022,3.0,Metric Tonnes,8000.0,Rs./Quintal
Maharashtra,Pune,Pulses,Bengal Gram(Gram)(Whole),14-07-2022,4.0,Metric Tonnes,5400.0,Rs./Quintal
Maharashtra,Pune,Pulses,Green Gram(Moong)(Whole),14-07-2022,4.0,Metric Tonnes,7362.75,Rs./Quintal
Maharashtra,Pune,Pulses,Bengal Gram(Gram)(Whole),15-07-2022,3.0,Metric Tonnes,5450.0,Rs./Quintal
Maharashtra,Pune,Pulses,Green Gram(Moong)(Whole),15-07-2022,3.0,Metric Tonnes,8100.0,Rs./Quintal
Maharashtra,Pune,Pulses,Bengal Gram(Gram)(Whole),16-07-2022,4.0,Metric Tonnes,5400.0,Rs./Quintal
Maharashtra,Pune,Pulses,Green Gram(Moong)(Whole),16-07-2022,3.0,Metric Tonnes,8100.0,Rs./Quintal
Maharashtra,Pune,Pulses,Black Gram(Urd Beans)(Whole),18-07-2022,1.0,Metric Tonnes,6661.0,Rs./Quintal
Maharashtra,Pune,Pulses,Bengal Gram(Gram)(Whole),19-07-2022,3.0,Metric Tonnes,5500.0,Rs./Quintal
Maharashtra,Pune,Pulses,Black Gram(Urd Beans)(Whole),19-07-2022,1.0,Metric Tonnes,8700.0,Rs./Quintal
Maharashtra,Pune,Pulses,Green Gram(Moong)(Whole),19-07-2022,4.0,Metric Tonnes,8050.0,Rs./Quintal
Maharashtra,Pune,Pulses,Red gram/Arhar/Tur(whole),19-07-2022,1.0,Metric Tonnes,6000.0,Rs./Quintal
Maharashtra,Pune,Pulses,Bengal Gram(Gram)(Whole),20-07-2022,3.0,Metric Tonnes,5450.0,Rs./Quintal
Maharashtra,Pune,Pulses,Green Gram(Moong)(Whole),20-07-2022,3.0,Metric Tonnes,7900.0,Rs./Quintal
Maharashtra,Pune,Pulses,Bengal Gram(Gram)(Whole),21-07-2022,4.0,Metric Tonnes,5156.25,Rs./Quintal
Maharashtra,Pune,Pulses,Black Gram(Urd Beans)(Whole),21-07-2022,2.0,Metric Tonnes,6900.0,Rs./Quintal
Maharashtra,Pune,Pulses,Green Gram(Moong)(Whole),21-07-2022,3.0,Metric Tonnes,8050.0,Rs./Quintal
Maharashtra,Pune,Pulses,Bengal Gram(Gram)(Whole),22-07-2022,3.0,Metric Tonnes,5500.0,Rs./Quintal
Maharashtra,Pune,Pulses,Green Gram(Moong)(Whole),22-07-2022,3.0,Metric Tonnes,8100.0,Rs./Quintal
Maharashtra,Pune,Pulses,Bengal Gram(Gram)(Whole),23-07-2022,3.0,Metric Tonnes,5500.0,Rs./Quintal
Maharashtra,Pune,Pulses,Green Gram(Moong)(Whole),23-07-2022,3.0,Metric Tonnes,8100.0,Rs./Quintal
Maharashtra,Pune,Pulses,Bengal Gram(Gram)(Whole),25-07-2022,3.0,Metric Tonnes,5550.0,Rs./Quintal
Maharashtra,Pune,Pulses,Green Gram(Moong)(Whole),25-07-2022,3.0,Metric Tonnes,8100.0,Rs./Quintal
Maharashtra,Pune,Pulses,Bengal Gram(Gram)(Whole),26-07-2022,4.0,Metric Tonnes,5550.0,Rs./Quintal
Maharashtra,Pune,Pulses,Black Gram(Urd Beans)(Whole),26-07-2022,1.0,Metric Tonnes,8600.0,Rs./Quintal
Maharashtra,Pune,Pulses,Green Gram(Moong)(Whole),26-07-2022,3.0,Metric Tonnes,8100.0,Rs./Quintal
Maharashtra,Pune,Pulses,Bengal Gram(Gram)(Whole),27-07-2022,4.0,Metric Tonnes,5107.5,Rs./Quintal
Maharashtra,Pune,Pulses,Green Gram(Moong)(Whole),27-07-2022,3.0,Metric Tonnes,8050.0,Rs./Quintal
Maharashtra,Pune,Pulses,Bengal Gram(Gram)(Whole),28-07-2022,3.0,Metric Tonnes,5400.0,Rs./Quintal
Maharashtra,Pune,Pulses,Green Gram(Moong)(Whole),28-07-2022,3.0,Metric Tonnes,8050.0,Rs./Quintal
Maharashtra,Pune,Pulses,Bengal Gram(Gram)(Whole),29-07-2022,3.0,Metric Tonnes,5450.0,Rs./Quintal
Maharashtra,Pune,Pulses,Green Gram(Moong)(Whole),29-07-2022,3.0,Metric Tonnes,8000.0,Rs./Quintal
Maharashtra,Pune,Pulses,Bengal Gram(Gram)(Whole),30-07-2022,4.0,Metric Tonnes,5175.0,Rs./Quintal
Maharashtra,Pune,Pulses,Green Gram(Moong)(Whole),30-07-2022,3.0,Metric Tonnes,8050.0,Rs./Quintal
Maharashtra,Pune,Pulses,Bengal Gram(Gram)(Whole),31-07-2022,6.0,Metric Tonnes,4500.0,Rs./Quintal
Maharashtra,Pune,Pulses,Black Gram(Urd Beans)(Whole),31-07-2022,2.0,Metric Tonnes,6500.0,Rs./Quintal
Maharashtra,Pune,Pulses,Black Gram(Urd Beans)(Whole),01-08-2022,1.0,Metric Tonnes,6851.0,Rs./Quintal
Maharashtra,Pune,Pulses,Bengal Gram(Gram)(Whole),02-08-2022,3.0,Metric Tonnes,5700.0,Rs./Quintal
Maharashtra,Pune,Pulses,Black Gram(Urd Beans)(Whole),02-08-2022,3.0,Metric Tonnes,6516.67,Rs./Quintal
Maharashtra,Pune,Pulses,Green Gram(Moong)(Whole),02-08-2022,5.0,Metric Tonnes,7760.0,Rs./Quintal
Maharashtra,Pune,Pulses,Bengal Gram(Gram)(Whole),03-08-2022,3.0,Metric Tonnes,5700.0,Rs./Quintal
Maharashtra,Pune,Pulses,Green Gram(Moong)(Whole),03-08-2022,4.0,Metric Tonnes,8200.0,Rs./Quintal
Maharashtra,Pune,Pulses,Bengal Gram(Gram)(Whole),04-08-2022,4.0,Metric Tonnes,5600.0,Rs./Quintal
Maharashtra,Pune,Pulses,Black Gram(Urd Beans)(Whole),04-08-2022,3.0,Metric Tonnes,5583.33,Rs./Quintal
Maharashtra,Pune,Pulses,Green Gram(Moong)(Whole),04-08-2022,5.0,Metric Tonnes,7480.0,Rs./Quintal
Maharashtra,Pune,Pulses,Bengal Gram(Gram)(Whole),05-08-2022,4.0,Metric Tonnes,5700.0,Rs./Quintal
Maharashtra,Pune,Pulses,Green Gram(Moong)(Whole),05-08-2022,3.0,Metric Tonnes,8200.0,Rs./Quintal
Maharashtra,Pune,Pulses,Bengal Gram(Gram)(Whole),07-08-2022,1.0,Metric Tonnes,5800.0,Rs./Quintal
Maharashtra,Pune,Pulses,Bengal Gram(Gram)(Whole),08-08-2022,4.0,Metric Tonnes,5275.0,Rs./Quintal
Maharashtra,Pune,Pulses,Black Gram(Urd Beans)(Whole),08-08-2022,3.0,Metric Tonnes,6500.0,Rs./Quintal
Maharashtra,Pune,Pulses,Green Gram(Moong)(Whole),08-08-2022,3.0,Metric Tonnes,8100.0,Rs./Quintal
Maharashtra,Pune,Pulses,Red gram/Arhar/Tur(whole),08-08-2022,1.0,Metric Tonnes,5300.0,Rs./Quintal
Maharashtra,Pune,Pulses,Bengal Gram(Gram)(Whole),09-08-2022,3.0,Metric Tonnes,5600.0,Rs./Quintal
Maharashtra,Pune,Pulses,Green Gram(Moong)(Whole),09-08-2022,4.0,Metric Tonnes,8100.0,Rs./Quintal
Maharashtra,Pune,Pulses,Bengal Gram(Gram)(Whole),10-08-2022,3.0,Metric Tonnes,5500.0,Rs./Quintal
Maharashtra,Pune,Pulses,Green Gram(Moong)(Whole),10-08-2022,3.0,Metric Tonnes,8050.0,Rs./Quintal
Maharashtra,Pune,Pulses,Bengal Gram(Gram)(Whole),11-08-2022,5.0,Metric Tonnes,5500.0,Rs./Quintal
Maharashtra,Pune,Pulses,Black Gram(Urd Beans)(Whole),11-08-2022,1.0,Metric Tonnes,4200.0,Rs./Quintal
Maharashtra,Pune,Pulses,Green Gram(Moong)(Whole),11-08-2022,3.0,Metric Tonnes,8050.0,Rs./Quintal
Maharashtra,Pune,Pulses,Bengal Gram(Gram)(Whole),12-08-2022,3.0,Metric Tonnes,5700.0,Rs./Quintal
Maharashtra,Pune,Pulses,Green Gram(Moong)(Whole),12-08-2022,3.0,Metric Tonnes,8200.0,Rs./Quintal
Maharashtra,Pune,Pulses,Bengal Gram(Gram)(Whole),13-08-2022,3.0,Metric Tonnes,5700.0,Rs./Quintal
Maharashtra,Pune,Pulses,Green Gram(Moong)(Whole),13-08-2022,3.0,Metric Tonnes,8200.0,Rs./Quintal
Maharashtra,Pune,Pulses,Bengal Gram(Gram)(Whole),14-08-2022,1.0,Metric Tonnes,4000.0,Rs./Quintal
Maharashtra,Pune,Pulses,Bengal Gram(Gram)(Whole),16-08-2022,7.0,Metric Tonnes,5700.0,Rs./Quintal
Maharashtra,Pune,Pulses,Green Gram(Moong)(Whole),16-08-2022,3.0,Metric Tonnes,8200.0,Rs./Quintal
Maharashtra,Pune,Pulses,Bengal Gram(Gram)(Whole),17-08-2022,4.0,Metric Tonnes,5303.75,Rs./Quintal
Maharashtra,Pune,Pulses,Green Gram(Moong)(Whole),17-08-2022,3.0,Metric Tonnes,8000.0,Rs./Quintal
Maharashtra,Pune,Pulses,Bengal Gram(Gram)(Whole),18-08-2022,3.0,Metric Tonnes,5650.0,Rs./Quintal
Maharashtra,Pune,Pulses,Black Gram(Urd Beans)(Whole),18-08-2022,1.0,Metric Tonnes,6725.0,Rs./Quintal
Maharashtra,Pune,Pulses,Green Gram(Moong)(Whole),18-08-2022,6.0,Metric Tonnes,7366.67,Rs./Quintal
Maharashtra,Pune,Pulses,Bengal Gram(Gram)(Whole),19-08-2022,4.0,Metric Tonnes,5650.0,Rs./Quintal
Maharashtra,Pune,Pulses,Green Gram(Moong)(Whole),19-08-2022,4.0,Metric Tonnes,8250.0,Rs./Quintal
Maharashtra,Pune,Pulses,Bengal Gram(Gram)(Whole),20-08-2022,4.0,Metric Tonnes,5650.0,Rs./Quintal
Maharashtra,Pune,Pulses,Green Gram(Moong)(Whole),20-08-2022,4.0,Metric Tonnes,8250.0,Rs./Quintal
Maharashtra,Pune,Pulses,Bengal Gram(Gram)(Whole),21-08-2022,1.0,Metric Tonnes,4500.0,Rs./Quintal
Maharashtra,Pune,Pulses,Green Gram(Moong)(Whole),21-08-2022,4.0,Metric Tonnes,5800.0,Rs./Quintal
Maharashtra,Pune,Pulses,Bengal Gram(Gram)(Whole),22-08-2022,5.0,Metric Tonnes,5460.0,Rs./Quintal
Maharashtra,Pune,Pulses,Black Gram(Urd Beans)(Whole),22-08-2022,2.0,Metric Tonnes,4100.0,Rs./Quintal
Maharashtra,Pune,Pulses,Green Gram(Moong)(Whole),22-08-2022,7.0,Metric Tonnes,6000.0,Rs./Quintal
Maharashtra,Pune,Pulses,Bengal Gram(Gram)(Whole),23-08-2022,4.0,Metric Tonnes,5600.0,Rs./Quintal
Maharashtra,Pune,Pulses,Green Gram(Moong)(Whole),23-08-2022,15.0,Metric Tonnes,6820.0,Rs./Quintal
Maharashtra,Pune,Pulses,Bengal Gram(Gram)(Whole),24-08-2022,4.0,Metric Tonnes,5600.0,Rs./Quintal
Maharashtra,Pune,Pulses,Green Gram(Moong)(Whole),24-08-2022,4.0,Metric Tonnes,8250.0,Rs./Quintal
Maharashtra,Pune,Pulses,Bengal Gram(Gram)(Whole),25-08-2022,6.0,Metric Tonnes,5100.0,Rs./Quintal
Maharashtra,Pune,Pulses,Black Gram(Urd Beans)(Whole),25-08-2022,2.0,Metric Tonnes,6351.0,Rs./Quintal
Maharashtra,Pune,Pulses,Green Gram(Moong)(Whole),25-08-2022,17.0,Metric Tonnes,6517.65,Rs./Quintal
Maharashtra,Pune,Pulses,Bengal Gram(Gram)(Whole),26-08-2022,4.0,Metric Tonnes,5500.0,Rs./Quintal
Maharashtra,Pune,Pulses,Green Gram(Moong)(Whole),26-08-2022,17.0,Metric Tonnes,6747.06,Rs./Quintal
Maharashtra,Pune,Pulses,Bengal Gram(Gram)(Whole),27-08-2022,5.0,Metric Tonnes,5260.0,Rs./Quintal
Maharashtra,Pune,Pulses,Green Gram(Moong)(Whole),27-08-2022,16.0,Metric Tonnes,6893.75,Rs./Quintal
Maharashtra,Pune,Pulses,Green Gram(Moong)(Whole),28-08-2022,13.0,Metric Tonnes,6000.0,Rs./Quintal
Maharashtra,Pune,Pulses,Red gram/Arhar/Tur(whole),28-08-2022,1.0,Metric Tonnes,5300.0,Rs./Quintal
Maharashtra,Pune,Pulses,Black Gram(Urd Beans)(Whole),29-08-2022,2.0,Metric Tonnes,6560.0,Rs./Quintal
Maharashtra,Pune,Pulses,Green Gram(Moong)(Whole),29-08-2022,14.0,Metric Tonnes,6128.57,Rs./Quintal
Maharashtra,Pune,Pulses,Bengal Gram(Gram)(Whole),30-08-2022,5.0,Metric Tonnes,5500.0,Rs./Quintal
Maharashtra,Pune,Pulses,Green Gram(Moong)(Whole),30-08-2022,13.0,Metric Tonnes,6815.38,Rs./Quintal
Maharashtra,Pune,Pulses,Bengal Gram(Gram)(Whole),31-08-2022,5.0,Metric Tonnes,5500.0,Rs./Quintal
Maharashtra,Pune,Pulses,Green Gram(Moong)(Whole),31-08-2022,5.0,Metric Tonnes,8200.0,Rs./Quintal
Maharashtra,Pune,Pulses,Bengal Gram(Gram)(Whole),01-09-2022,1.0,Metric Tonnes,4000.0,Rs./Quintal
Maharashtra,Pune,Pulses,Black Gram(Urd Beans)(Whole),01-09-2022,5.0,Metric Tonnes,6670.0,Rs./Quintal
Maharashtra,Pune,Pulses,Green Gram(Moong)(Whole),01-09-2022,10.0,Metric Tonnes,6300.0,Rs./Quintal
Maharashtra,Pune,Pulses,Red gram/Arhar/Tur(whole),01-09-2022,2.0,Metric Tonnes,5700.0,Rs./Quintal
Maharashtra,Pune,Pulses,Bengal Gram(Gram)(Whole),02-09-2022,8.0,Metric Tonnes,5400.0,Rs./Quintal
Maharashtra,Pune,Pulses,Green Gram(Moong)(Whole),02-09-2022,14.0,Metric Tonnes,6800.0,Rs./Quintal
Maharashtra,Pune,Pulses,Bengal Gram(Gram)(Whole),03-09-2022,4.0,Metric Tonnes,5500.0,Rs./Quintal
Maharashtra,Pune,Pulses,Green Gram(Moong)(Whole),03-09-2022,7.0,Metric Tonnes,7035.71,Rs./Quintal
Maharashtra,Pune,Pulses,Green Gram(Moong)(Whole),04-09-2022,6.0,Metric Tonnes,6000.0,Rs./Quintal
Maharashtra,Pune,Pulses,Bengal Gram(Gram)(Whole),05-09-2022,7.0,Metric Tonnes,4957.14,Rs./Quintal
Maharashtra,Pune,Pulses,Black Gram(Urd Beans)(Whole),05-09-2022,3.0,Metric Tonnes,6576.0,Rs./Quintal
Maharashtra,Pune,Pulses,Green Gram(Moong)(Whole),05-09-2022,10.0,Metric Tonnes,6835.0,Rs./Quintal
Maharashtra,Pune,Pulses,Green Gram(Moong)(Whole),06-09-2022,5.0,Metric Tonnes,6300.0,Rs./Quintal
Maharashtra,Pune,Pulses,Bengal Gram(Gram)(Whole),07-09-2022,4.0,Metric Tonnes,5450.0,Rs./Quintal
Maharashtra,Pune,Pulses,Green Gram(Moong)(Whole),07-09-2022,3.0,Metric Tonnes,7750.0,Rs./Quintal
Maharashtra,Pune,Pulses,Bengal Gram(Gram)(Whole),08-09-2022,6.0,Metric Tonnes,5070.33,Rs./Quintal
Maharashtra,Pune,Pulses,Black Gram(Urd Beans)(Whole),08-09-2022,1.0,Metric Tonnes,4000.0,Rs./Quintal
Maharashtra,Pune,Pulses,Green Gram(Moong)(Whole),08-09-2022,5.0,Metric Tonnes,7250.0,Rs./Quintal
Maharashtra,Pune,Pulses,Bengal Gram(Gram)(Whole),09-09-2022,4.0,Metric Tonnes,5600.0,Rs./Quintal
Maharashtra,Pune,Pulses,Green Gram(Moong)(Whole),09-09-2022,7.0,Metric Tonnes,6950.0,Rs./Quintal
Maharashtra,Pune,Pulses,Bengal Gram(Gram)(Whole),10-09-2022,7.0,Metric Tonnes,5450.0,Rs./Quintal
Maharashtra,Pune,Pulses,Green Gram(Moong)(Whole),10-09-2022,4.0,Metric Tonnes,7625.0,Rs./Quintal
Maharashtra,Pune,Pulses,Green Gram(Moong)(Whole),11-09-2022,2.0,Metric Tonnes,7500.0,Rs./Quintal
Maharashtra,Pune,Pulses,Black Gram(Urd Beans)(Whole),12-09-2022,4.0,Metric Tonnes,6640.0,Rs./Quintal
Maharashtra,Pune,Pulses,Green Gram(Moong)(Whole),12-09-2022,7.0,Metric Tonnes,6371.43,Rs./Quintal
Maharashtra,Pune,Pulses,Bengal Gram(Gram)(Whole),13-09-2022,4.0,Metric Tonnes,5400.0,Rs./Quintal
Maharashtra,Pune,Pulses,Green Gram(Moong)(Whole),13-09-2022,5.0,Metric Tonnes,7590.0,Rs./Quintal
Maharashtra,Pune,Pulses,Bengal Gram(Gram)(Whole),15-09-2022,4.0,Metric Tonnes,5400.0,Rs./Quintal
Maharashtra,Pune,Pulses,Black Gram(Urd Beans)(Whole),15-09-2022,10.0,Metric Tonnes,6900.0,Rs./Quintal
Maharashtra,Pune,Pulses,Green Gram(Moong)(Whole),15-09-2022,7.0,Metric Tonnes,7214.29,Rs./Quintal
Maharashtra,Pune,Pulses,Green Gram(Moong)(Whole),16-09-2022,1.0,Metric Tonnes,6500.0,Rs./Quintal
Maharashtra,Pune,Pulses,Bengal Gram(Gram)(Whole),17-09-2022,3.0,Metric Tonnes,5450.0,Rs./Quintal
Maharashtra,Pune,Pulses,Green Gram(Moong)(Whole),17-09-2022,4.0,Metric Tonnes,7687.5,Rs./Quintal
Maharashtra,Pune,Pulses,Black Gram(Urd Beans)(Whole),18-09-2022,2.0,Metric Tonnes,5500.0,Rs./Quintal
Maharashtra,Pune,Pulses,Green Gram(Moong)(Whole),18-09-2022,1.0,Metric Tonnes,6000.0,Rs./Quintal
Maharashtra,Pune,Pulses,Bengal Gram(Gram)(Whole),19-09-2022,4.0,Metric Tonnes,5500.0,Rs./Quintal
Maharashtra,Pune,Pulses,Black Gram(Urd Beans)(Whole),19-09-2022,28.0,Metric Tonnes,6875.0,Rs./Quintal
Maharashtra,Pune,Pulses,Green Gram(Moong)(Whole),19-09-2022,7.0,Metric Tonnes,7371.43,Rs./Quintal
Maharashtra,Pune,Pulses,Bengal Gram(Gram)(Whole),20-09-2022,3.0,Metric Tonnes,5500.0,Rs./Quintal
Maharashtra,Pune,Pulses,Green Gram(Moong)(Whole),20-09-2022,3.0,Metric Tonnes,7950.0,Rs./Quintal
Maharashtra,Pune,Pulses,Bengal Gram(Gram)(Whole),22-09-2022,3.0,Metric Tonnes,5450.0,Rs./Quintal
Maharashtra,Pune,Pulses,Black Gram(Urd Beans)(Whole),22-09-2022,16.0,Metric Tonnes,6600.0,Rs./Quintal
Maharashtra,Pune,Pulses,Green Gram(Moong)(Whole),22-09-2022,7.0,Metric Tonnes,7242.86,Rs./Quintal
Maharashtra,Pune,Pulses,Bengal Gram(Gram)(Whole),23-09-2022,3.0,Metric Tonnes,5550.0,Rs./Quintal
Maharashtra,Pune,Pulses,Green Gram(Moong)(Whole),23-09-2022,3.0,Metric Tonnes,7900.0,Rs./Quintal
Maharashtra,Pune,Pulses,Bengal Gram(Gram)(Whole),24-09-2022,3.0,Metric Tonnes,5550.0,Rs./Quintal
Maharashtra,Pune,Pulses,Green Gram(Moong)(Whole),24-09-2022,3.0,Metric Tonnes,7900.0,Rs./Quintal
Maharashtra,Pune,Pulses,Bengal Gram(Gram)(Whole),25-09-2022,1.0,Metric Tonnes,3500.0,Rs./Quintal
Maharashtra,Pune,Pulses,Black Gram(Urd Beans)(Whole),25-09-2022,5.0,Metric Tonnes,5500.0,Rs./Quintal
Maharashtra,Pune,Pulses,Bengal Gram(Gram)(Whole),26-09-2022,4.0,Metric Tonnes,5450.0,Rs./Quintal
Maharashtra,Pune,Pulses,Black Gram(Urd Beans)(Whole),26-09-2022,3.0,Metric Tonnes,6350.0,Rs./Quintal
Maharashtra,Pune,Pulses,Green Gram(Moong)(Whole),26-09-2022,3.0,Metric Tonnes,7900.0,Rs./Quintal
Maharashtra,Pune,Pulses,Bengal Gram(Gram)(Whole),28-09-2022,4.0,Metric Tonnes,5187.75,Rs./Quintal
Maharashtra,Pune,Pulses,Green Gram(Moong)(Whole),28-09-2022,3.0,Metric Tonnes,7900.0,Rs./Quintal
Maharashtra,Pune,Pulses,Bengal Gram(Gram)(Whole),29-09-2022,4.0,Metric Tonnes,5112.5,Rs./Quintal
Maharashtra,Pune,Pulses,Black Gram(Urd Beans)(Whole),29-09-2022,29.0,Metric Tonnes,6186.21,Rs./Quintal
Maharashtra,Pune,Pulses,Green Gram(Moong)(Whole),29-09-2022,6.0,Metric Tonnes,7400.0,Rs./Quintal
Maharashtra,Pune,Pulses,Bengal Gram(Gram)(Whole),30-09-2022,3.0,Metric Tonnes,5500.0,Rs./Quintal
Maharashtra,Pune,Pulses,Green Gram(Moong)(Whole),30-09-2022,4.0,Metric Tonnes,7262.5,Rs./Quintal
Maharashtra,Pune,Pulses,Bengal Gram(Gram)(Whole),01-10-2022,3.0,Metric Tonnes,5500.0,Rs./Quintal
Maharashtra,Pune,Pulses,Green Gram(Moong)(Whole),01-10-2022,3.0,Metric Tonnes,7850.0,Rs./Quintal
Maharashtra,Pune,Pulses,Black Gram(Urd Beans)(Whole),02-10-2022,12.0,Metric Tonnes,5283.33,Rs./Quintal
Maharashtra,Pune,Pulses,Bengal Gram(Gram)(Whole),03-10-2022,4.0,Metric Tonnes,5227.75,Rs./Quintal
Maharashtra,Pune,Pulses,Black Gram(Urd Beans)(Whole),03-10-2022,23.0,Metric Tonnes,5726.09,Rs./Quintal
Maharashtra,Pune,Pulses,Green Gram(Moong)(Whole),03-10-2022,8.0,Metric Tonnes,6900.0,Rs./Quintal
Maharashtra,Pune,Pulses,Red gram/Arhar/Tur(whole),03-10-2022,1.0,Metric Tonnes,4400.0,Rs./Quintal
Maharashtra,Pune,Pulses,Bengal Gram(Gram)(Whole),04-10-2022,3.0,Metric Tonnes,5500.0,Rs./Quintal
Maharashtra,Pune,Pulses,Green Gram(Moong)(Whole),04-10-2022,3.0,Metric Tonnes,7850.0,Rs./Quintal
Maharashtra,Pune,Pulses,Bengal Gram(Gram)(Whole),05-10-2022,3.0,Metric Tonnes,5500.0,Rs./Quintal
Maharashtra,Pune,Pulses,Green Gram(Moong)(Whole),05-10-2022,3.0,Metric Tonnes,7850.0,Rs./Quintal
Maharashtra,Pune,Pulses,Bengal Gram(Gram)(Whole),06-10-2022,3.0,Metric Tonnes,5600.0,Rs./Quintal
Maharashtra,Pune,Pulses,Black Gram(Urd Beans)(Whole),06-10-2022,15.0,Metric Tonnes,5653.33,Rs./Quintal
Maharashtra,Pune,Pulses,Green Gram(Moong)(Whole),06-10-2022,7.0,Metric Tonnes,6914.29,Rs./Quintal
Maharashtra,Pune,Pulses,Bengal Gram(Gram)(Whole),07-10-2022,3.0,Metric Tonnes,5550.0,Rs./Quintal
Maharashtra,Pune,Pulses,Green Gram(Moong)(Whole),07-10-2022,3.0,Metric Tonnes,7900.0,Rs./Quintal
Maharashtra,Pune,Pulses,Bengal Gram(Gram)(Whole),08-10-2022,4.0,Metric Tonnes,5550.0,Rs./Quintal
Maharashtra,Pune,Pulses,Green Gram(Moong)(Whole),08-10-2022,3.0,Metric Tonnes,7900.0,Rs./Quintal
Maharashtra,Pune,Pulses,Bengal Gram(Gram)(Whole),09-10-2022,3.0,Metric Tonnes,3300.0,Rs./Quintal
Maharashtra,Pune,Pulses,Black Gram(Urd Beans)(Whole),09-10-2022,6.0,Metric Tonnes,4800.0,Rs./Quintal
Maharashtra,Pune,Pulses,Bengal Gram(Gram)(Whole),10-10-2022,3.0,Metric Tonnes,5500.0,Rs./Quintal
Maharashtra,Pune,Pulses,Black Gram(Urd Beans)(Whole),10-10-2022,22.0,Metric Tonnes,5927.27,Rs./Quintal
Maharashtra,Pune,Pulses,Green Gram(Moong)(Whole),10-10-2022,10.0,Metric Tonnes,6605.0,Rs./Quintal
Maharashtra,Pune,Pulses,Bengal Gram(Gram)(Whole),12-10-2022,4.0,Metric Tonnes,5143.75,Rs./Quintal
Maharashtra,Pune,Pulses,Green Gram(Moong)(Whole),12-10-2022,3.0,Metric Tonnes,7900.0,Rs./Quintal
Maharashtra,Pune,Pulses,Bengal Gram(Gram)(Whole),13-10-2022,4.0,Metric Tonnes,5106.25,Rs./Quintal
Maharashtra,Pune,Pulses,Black Gram(Urd Beans)(Whole),13-10-2022,12.0,Metric Tonnes,6000.17,Rs./Quintal
Maharashtra,Pune,Pulses,Green Gram(Moong)(Whole),13-10-2022,8.0,Metric Tonnes,6775.0,Rs./Quintal
Maharashtra,Pune,Pulses,Bengal Gram(Gram)(Whole),14-10-2022,3.0,Metric Tonnes,5475.0,Rs./Quintal
Maharashtra,Pune,Pulses,Green Gram(Moong)(Whole),14-10-2022,3.0,Metric Tonnes,7900.0,Rs./Quintal
Maharashtra,Pune,Pulses,Bengal Gram(Gram)(Whole),15-10-2022,3.0,Metric Tonnes,5500.0,Rs./Quintal
Maharashtra,Pune,Pulses,Green Gram(Moong)(Whole),15-10-2022,3.0,Metric Tonnes,7850.0,Rs./Quintal
Maharashtra,Pune,Pulses,Bengal Gram(Gram)(Whole),16-10-2022,3.0,Metric Tonnes,3300.0,Rs./Quintal
Maharashtra,Pune,Pulses,Black Gram(Urd Beans)(Whole),16-10-2022,5.0,Metric Tonnes,5000.0,Rs./Quintal
Maharashtra,Pune,Pulses,Bengal Gram(Gram)(Whole),17-10-2022,4.0,Metric Tonnes,5500.0,Rs./Quintal
Maharashtra,Pune,Pulses,Black Gram(Urd Beans)(Whole),17-10-2022,20.0,Metric Tonnes,6320.0,Rs./Quintal
Maharashtra,Pune,Pulses,Green Gram(Moong)(Whole),17-10-2022,7.0,Metric Tonnes,6814.29,Rs./Quintal
Maharashtra,Pune,Pulses,Bengal Gram(Gram)(Whole),18-10-2022,4.0,Metric Tonnes,5500.0,Rs./Quintal
Maharashtra,Pune,Pulses,Green Gram(Moong)(Whole),18-10-2022,3.0,Metric Tonnes,7900.0,Rs./Quintal
Maharashtra,Pune,Pulses,Bengal Gram(Gram)(Whole),19-10-2022,3.0,Metric Tonnes,5500.0,Rs./Quintal
Maharashtra,Pune,Pulses,Green Gram(Moong)(Whole),19-10-2022,3.0,Metric Tonnes,7850.0,Rs./Quintal
Maharashtra,Pune,Pulses,Bengal Gram(Gram)(Whole),20-10-2022,4.0,Metric Tonnes,5156.25,Rs./Quintal
Maharashtra,Pune,Pulses,Black Gram(Urd Beans)(Whole),20-10-2022,20.0,Metric Tonnes,5987.75,Rs./Quintal
Maharashtra,Pune,Pulses,Green Gram(Moong)(Whole),20-10-2022,3.0,Metric Tonnes,7900.0,Rs./Quintal
Maharashtra,Pune,Pulses,Bengal Gram(Gram)(Whole),21-10-2022,3.0,Metric Tonnes,5475.0,Rs./Quintal
Maharashtra,Pune,Pulses,Green Gram(Moong)(Whole),21-10-2022,3.0,Metric Tonnes,7900.0,Rs./Quintal
Maharashtra,Pune,Pulses,Bengal Gram(Gram)(Whole),22-10-2022,3.0,Metric Tonnes,5475.0,Rs./Quintal
Maharashtra,Pune,Pulses,Green Gram(Moong)(Whole),22-10-2022,3.0,Metric Tonnes,7900.0,Rs./Quintal
Maharashtra,Pune,Pulses,Bengal Gram(Gram)(Whole),24-10-2022,4.0,Metric Tonnes,5475.0,Rs./Quintal
Maharashtra,Pune,Pulses,Black Gram(Urd Beans)(Whole),24-10-2022,1.0,Metric Tonnes,8600.0,Rs./Quintal
Maharashtra,Pune,Pulses,Green Gram(Moong)(Whole),24-10-2022,4.0,Metric Tonnes,7900.0,Rs./Quintal
Maharashtra,Pune,Pulses,Bengal Gram(Gram)(Whole),25-10-2022,4.0,Metric Tonnes,5500.0,Rs./Quintal
Maharashtra,Pune,Pulses,Black Gram(Urd Beans)(Whole),25-10-2022,1.0,Metric Tonnes,8600.0,Rs./Quintal
Maharashtra,Pune,Pulses,Green Gram(Moong)(Whole),25-10-2022,3.0,Metric Tonnes,7850.0,Rs./Quintal
Maharashtra,Pune,Pulses,Bengal Gram(Gram)(Whole),27-10-2022,6.0,Metric Tonnes,5421.83,Rs./Quintal
Maharashtra,Pune,Pulses,Black Gram(Urd Beans)(Whole),27-10-2022,1.0,Metric Tonnes,8500.0,Rs./Quintal
Maharashtra,Pune,Pulses,Green Gram(Moong)(Whole),27-10-2022,4.0,Metric Tonnes,7950.0,Rs./Quintal
Maharashtra,Pune,Pulses,Bengal Gram(Gram)(Whole),28-10-2022,5.0,Metric Tonnes,5600.0,Rs./Quintal
Maharashtra,Pune,Pulses,Black Gram(Urd Beans)(Whole),28-10-2022,1.0,Metric Tonnes,8500.0,Rs./Quintal
Maharashtra,Pune,Pulses,Green Gram(Moong)(Whole),28-10-2022,4.0,Metric Tonnes,7950.0,Rs./Quintal
Maharashtra,Pune,Pulses,Bengal Gram(Gram)(Whole),29-10-2022,4.0,Metric Tonnes,5475.0,Rs./Quintal
Maharashtra,Pune,Pulses,Black Gram(Urd Beans)(Whole),29-10-2022,1.0,Metric Tonnes,8600.0,Rs./Quintal
Maharashtra,Pune,Pulses,Green Gram(Moong)(Whole),29-10-2022,4.0,Metric Tonnes,7900.0,Rs./Quintal
Maharashtra,Pune,Pulses,Bengal Gram(Gram)(Whole),30-10-2022,2.0,Metric Tonnes,3500.0,Rs./Quintal
Maharashtra,Pune,Pulses,Black Gram(Urd Beans)(Whole),30-10-2022,5.0,Metric Tonnes,4800.2,Rs./Quintal
Maharashtra,Pune,Pulses,Black Gram(Urd Beans)(Whole),31-10-2022,27.0,Metric Tonnes,5962.11,Rs./Quintal
Maharashtra,Pune,Pulses,Green Gram(Moong)(Whole),31-10-2022,2.0,Metric Tonnes,6100.0,Rs./Quintal
Maharashtra,Pune,Pulses,Bengal Gram(Gram)(Whole),01-11-2022,4.0,Metric Tonnes,5550.0,Rs./Quintal
Maharashtra,Pune,Pulses,Green Gram(Moong)(Whole),01-11-2022,3.0,Metric Tonnes,7950.0,Rs./Quintal
Maharashtra,Pune,Pulses,Bengal Gram(Gram)(Whole),02-11-2022,3.0,Metric Tonnes,5500.0,Rs./Quintal
Maharashtra,Pune,Pulses,Green Gram(Moong)(Whole),02-11-2022,3.0,Metric Tonnes,8150.0,Rs./Quintal
Maharashtra,Pune,Pulses,Bengal Gram(Gram)(Whole),03-11-2022,3.0,Metric Tonnes,5500.0,Rs./Quintal
Maharashtra,Pune,Pulses,Black Gram(Urd Beans)(Whole),03-11-2022,20.0,Metric Tonnes,5660.0,Rs./Quintal
Maharashtra,Pune,Pulses,Green Gram(Moong)(Whole),03-11-2022,5.0,Metric Tonnes,7090.0,Rs./Quintal
Maharashtra,Pune,Pulses,Bengal Gram(Gram)(Whole),04-11-2022,3.0,Metric Tonnes,5450.0,Rs./Quintal
Maharashtra,Pune,Pulses,Green Gram(Moong)(Whole),04-11-2022,3.0,Metric Tonnes,8150.0,Rs./Quintal
Maharashtra,Pune,Pulses,Bengal Gram(Gram)(Whole),05-11-2022,3.0,Metric Tonnes,5550.0,Rs./Quintal
Maharashtra,Pune,Pulses,Green Gram(Moong)(Whole),05-11-2022,3.0,Metric Tonnes,8100.0,Rs./Quintal
Maharashtra,Pune,Pulses,Black Gram(Urd Beans)(Whole),06-11-2022,6.0,Metric Tonnes,5500.0,Rs./Quintal
Maharashtra,Pune,Pulses,Red gram/Arhar/Tur(whole),06-11-2022,1.0,Metric Tonnes,6000.0,Rs./Quintal
Maharashtra,Pune,Pulses,Bengal Gram(Gram)(Whole),07-11-2022,3.0,Metric Tonnes,5550.0,Rs./Quintal
Maharashtra,Pune,Pulses,Black Gram(Urd Beans)(Whole),07-11-2022,20.0,Metric Tonnes,5900.0,Rs./Quintal
Maharashtra,Pune,Pulses,Green Gram(Moong)(Whole),07-11-2022,4.0,Metric Tonnes,7300.0,Rs./Quintal
Maharashtra,Pune,Pulses,Bengal Gram(Gram)(Whole),08-11-2022,3.0,Metric Tonnes,5550.0,Rs./Quintal
Maharashtra,Pune,Pulses,Green Gram(Moong)(Whole),08-11-2022,3.0,Metric Tonnes,7900.0,Rs./Quintal
Maharashtra,Pune,Pulses,Bengal Gram(Gram)(Whole),09-11-2022,3.0,Metric Tonnes,5500.0,Rs./Quintal
Maharashtra,Pune,Pulses,Green Gram(Moong)(Whole),09-11-2022,3.0,Metric Tonnes,7850.0,Rs./Quintal
Maharashtra,Pune,Pulses,Bengal Gram(Gram)(Whole),10-11-2022,3.0,Metric Tonnes,5550.0,Rs./Quintal
Maharashtra,Pune,Pulses,Black Gram(Urd Beans)(Whole),10-11-2022,289.0,Metric Tonnes,5520.76,Rs./Quintal
Maharashtra,Pune,Pulses,Green Gram(Moong)(Whole),10-11-2022,8.0,Metric Tonnes,6693.75,Rs./Quintal
Maharashtra,Pune,Pulses,Bengal Gram(Gram)(Whole),11-11-2022,3.0,Metric Tonnes,5400.0,Rs./Quintal
Maharashtra,Pune,Pulses,Green Gram(Moong)(Whole),11-11-2022,3.0,Metric Tonnes,7850.0,Rs./Quintal
Maharashtra,Pune,Pulses,Bengal Gram(Gram)(Whole),12-11-2022,4.0,Metric Tonnes,5050.0,Rs./Quintal
Maharashtra,Pune,Pulses,Green Gram(Moong)(Whole),12-11-2022,3.0,Metric Tonnes,7850.0,Rs./Quintal
Maharashtra,Pune,Pulses,Bengal Gram(Gram)(Whole),13-11-2022,2.0,Metric Tonnes,4150.0,Rs./Quintal
Maharashtra,Pune,Pulses,Black Gram(Urd Beans)(Whole),13-11-2022,3.0,Metric Tonnes,5600.0,Rs./Quintal
Maharashtra,Pune,Pulses,Bengal Gram(Gram)(Whole),14-11-2022,1.0,Metric Tonnes,4200.0,Rs./Quintal
Maharashtra,Pune,Pulses,Black Gram(Urd Beans)(Whole),14-11-2022,1.0,Metric Tonnes,5000.0,Rs./Quintal
Maharashtra,Pune,Pulses,Bengal Gram(Gram)(Whole),15-11-2022,3.0,Metric Tonnes,5500.0,Rs./Quintal
Maharashtra,Pune,Pulses,Green Gram(Moong)(Whole),15-11-2022,3.0,Metric Tonnes,7950.0,Rs./Quintal
Maharashtra,Pune,Pulses,Bengal Gram(Gram)(Whole),16-11-2022,3.0,Metric Tonnes,5400.0,Rs./Quintal
Maharashtra,Pune,Pulses,Green Gram(Moong)(Whole),16-11-2022,3.0,Metric Tonnes,7850.0,Rs./Quintal
Maharashtra,Pune,Pulses,Bengal Gram(Gram)(Whole),17-11-2022,4.0,Metric Tonnes,5087.75,Rs./Quintal
Maharashtra,Pune,Pulses,Black Gram(Urd Beans)(Whole),17-11-2022,19.0,Metric Tonnes,5400.0,Rs./Quintal
Maharashtra,Pune,Pulses,Green Gram(Moong)(Whole),17-11-2022,4.0,Metric Tonnes,7512.5,Rs./Quintal
Maharashtra,Pune,Pulses,Bengal Gram(Gram)(Whole),18-11-2022,3.0,Metric Tonnes,5600.0,Rs./Quintal
Maharashtra,Pune,Pulses,Black Gram(Urd Beans)(Whole),18-11-2022,2.0,Metric Tonnes,6775.0,Rs./Quintal
Maharashtra,Pune,Pulses,Green Gram(Moong)(Whole),18-11-2022,3.0,Metric Tonnes,8050.0,Rs./Quintal
Maharashtra,Pune,Pulses,Bengal Gram(Gram)(Whole),19-11-2022,3.0,Metric Tonnes,5550.0,Rs./Quintal
Maharashtra,Pune,Pulses,Green Gram(Moong)(Whole),19-11-2022,3.0,Metric Tonnes,8000.0,Rs./Quintal
Maharashtra,Pune,Pulses,Black Gram(Urd Beans)(Whole),20-11-2022,1.0,Metric Tonnes,5500.0,Rs./Quintal
Maharashtra,Pune,Pulses,Bengal Gram(Gram)(Whole),21-11-2022,3.0,Metric Tonnes,5600.0,Rs./Quintal
Maharashtra,Pune,Pulses,Black Gram(Urd Beans)(Whole),21-11-2022,6.0,Metric Tonnes,6000.0,Rs./Quintal
Maharashtra,Pune,Pulses,Green Gram(Moong)(Whole),21-11-2022,3.0,Metric Tonnes,7950.0,Rs./Quintal
Maharashtra,Pune,Pulses,Red gram/Arhar/Tur(whole),21-11-2022,2.0,Metric Tonnes,5400.0,Rs./Quintal
Maharashtra,Pune,Pulses,Bengal Gram(Gram)(Whole),22-11-2022,3.0,Metric Tonnes,5600.0,Rs./Quintal
Maharashtra,Pune,Pulses,Green Gram(Moong)(Whole),22-11-2022,4.0,Metric Tonnes,8150.0,Rs./Quintal
Maharashtra,Pune,Pulses,Bengal Gram(Gram)(Whole),23-11-2022,3.0,Metric Tonnes,5600.0,Rs./Quintal
Maharashtra,Pune,Pulses,Green Gram(Moong)(Whole),23-11-2022,3.0,Metric Tonnes,8150.0,Rs./Quintal
Maharashtra,Pune,Pulses,Bengal Gram(Gram)(Whole),24-11-2022,3.0,Metric Tonnes,5600.0,Rs./Quintal
Maharashtra,Pune,Pulses,Black Gram(Urd Beans)(Whole),24-11-2022,1.0,Metric Tonnes,5500.0,Rs./Quintal
Maharashtra,Pune,Pulses,Green Gram(Moong)(Whole),24-11-2022,3.0,Metric Tonnes,8200.0,Rs./Quintal
Maharashtra,Pune,Pulses,Bengal Gram(Gram)(Whole),26-11-2022,3.0,Metric Tonnes,5600.0,Rs./Quintal
Maharashtra,Pune,Pulses,Green Gram(Moong)(Whole),26-11-2022,3.0,Metric Tonnes,8200.0,Rs./Quintal
Maharashtra,Pune,Pulses,Red gram/Arhar/Tur(whole),27-11-2022,4.0,Metric Tonnes,4500.0,Rs./Quintal
Maharashtra,Pune,Pulses,Bengal Gram(Gram)(Whole),28-11-2022,3.0,Metric Tonnes,5650.0,Rs./Quintal
Maharashtra,Pune,Pulses,Black Gram(Urd Beans)(Whole),28-11-2022,1.0,Metric Tonnes,4500.0,Rs./Quintal
Maharashtra,Pune,Pulses,Green Gram(Moong)(Whole),28-11-2022,3.0,Metric Tonnes,8100.0,Rs./Quintal
Maharashtra,Pune,Pulses,Bengal Gram(Gram)(Whole),30-11-2022,3.0,Metric Tonnes,5650.0,Rs./Quintal
Maharashtra,Pune,Pulses,Green Gram(Moong)(Whole),30-11-2022,3.0,Metric Tonnes,8100.0,Rs./Quintal
Maharashtra,Pune,Pulses,Bengal Gram(Gram)(Whole),01-12-2022,1.0,Metric Tonnes,3900.0,Rs./Quintal
Maharashtra,Pune,Pulses,Black Gram(Urd Beans)(Whole),01-12-2022,5.0,Metric Tonnes,5850.0,Rs./Quintal
Maharashtra,Pune,Pulses,Green Gram(Moong)(Whole),01-12-2022,1.0,Metric Tonnes,5900.0,Rs./Quintal
Maharashtra,Pune,Pulses,Bengal Gram(Gram)(Whole),02-12-2022,3.0,Metric Tonnes,5700.0,Rs./Quintal
Maharashtra,Pune,Pulses,Green Gram(Moong)(Whole),02-12-2022,3.0,Metric Tonnes,8200.0,Rs./Quintal
Maharashtra,Pune,Pulses,Bengal Gram(Gram)(Whole),03-12-2022,3.0,Metric Tonnes,5700.0,Rs./Quintal
Maharashtra,Pune,Pulses,Green Gram(Moong)(Whole),03-12-2022,3.0,Metric Tonnes,8050.0,Rs./Quintal
Maharashtra,Pune,Pulses,Bengal Gram(Gram)(Whole),04-12-2022,1.0,Metric Tonnes,5000.0,Rs./Quintal
Maharashtra,Pune,Pulses,Black Gram(Urd Beans)(Whole),04-12-2022,1.0,Metric Tonnes,5000.0,Rs./Quintal
Maharashtra,Pune,Pulses,Black Gram(Urd Beans)(Whole),05-12-2022,7.0,Metric Tonnes,5690.0,Rs./Quintal
Maharashtra,Pune,Pulses,Bengal Gram(Gram)(Whole),07-12-2022,2.0,Metric Tonnes,4250.0,Rs./Quintal
Maharashtra,Pune,Pulses,Bengal Gram(Gram)(Whole),08-12-2022,4.0,Metric Tonnes,5250.0,Rs./Quintal
Maharashtra,Pune,Pulses,Black Gram(Urd Beans)(Whole),08-12-2022,6.0,Metric Tonnes,5200.0,Rs./Quintal
Maharashtra,Pune,Pulses,Green Gram(Moong)(Whole),08-12-2022,3.0,Metric Tonnes,8150.0,Rs./Quintal
Maharashtra,Pune,Pulses,Bengal Gram(Gram)(Whole),09-12-2022,3.0,Metric Tonnes,5650.0,Rs./Quintal
Maharashtra,Pune,Pulses,Green Gram(Moong)(Whole),09-12-2022,3.0,Metric Tonnes,8100.0,Rs./Quintal
Maharashtra,Pune,Pulses,Bengal Gram(Gram)(Whole),10-12-2022,3.0,Metric Tonnes,5650.0,Rs./Quintal
Maharashtra,Pune,Pulses,Green Gram(Moong)(Whole),10-12-2022,3.0,Metric Tonnes,8100.0,Rs./Quintal
Maharashtra,Pune,Pulses,Red gram/Arhar/Tur(whole),10-12-2022,16.0,Metric Tonnes,3200.0,Rs./Quintal
Maharashtra,Pune,Pulses,Bengal Gram(Gram)(Whole),11-12-2022,2.0,Metric Tonnes,4235.5,Rs./Quintal
Maharashtra,Pune,Pulses,Black Gram(Urd Beans)(Whole),11-12-2022,1.0,Metric Tonnes,4500.0,Rs./Quintal
Maharashtra,Pune,Pulses,Red gram/Arhar/Tur(whole),11-12-2022,4.0,Metric Tonnes,3300.0,Rs./Quintal
Maharashtra,Pune,Pulses,Bengal Gram(Gram)(Whole),12-12-2022,3.0,Metric Tonnes,5600.0,Rs./Quintal
Maharashtra,Pune,Pulses,Black Gram(Urd Beans)(Whole),12-12-2022,2.0,Metric Tonnes,5500.0,Rs./Quintal
Maharashtra,Pune,Pulses,Green Gram(Moong)(Whole),12-12-2022,4.0,Metric Tonnes,7650.0,Rs./Quintal
Maharashtra,Pune,Pulses,Red gram/Arhar/Tur(whole),12-12-2022,6.0,Metric Tonnes,3000.0,Rs./Quintal
Maharashtra,Pune,Pulses,Red gram/Arhar/Tur(whole),13-12-2022,5.0,Metric Tonnes,3100.0,Rs./Quintal
Maharashtra,Pune,Pulses,Bengal Gram(Gram)(Whole),14-12-2022,5.0,Metric Tonnes,5000.0,Rs./Quintal
Maharashtra,Pune,Pulses,Green Gram(Moong)(Whole),14-12-2022,4.0,Metric Tonnes,8200.0,Rs./Quintal
Maharashtra,Pune,Pulses,Red gram/Arhar/Tur(whole),14-12-2022,5.0,Metric Tonnes,3000.0,Rs./Quintal
Maharashtra,Pune,Pulses,Bengal Gram(Gram)(Whole),15-12-2022,4.0,Metric Tonnes,5500.0,Rs./Quintal
Maharashtra,Pune,Pulses,Black Gram(Urd Beans)(Whole),15-12-2022,2.0,Metric Tonnes,5800.0,Rs./Quintal
Maharashtra,Pune,Pulses,Green Gram(Moong)(Whole),15-12-2022,4.0,Metric Tonnes,8150.0,Rs./Quintal
Maharashtra,Pune,Pulses,Red gram/Arhar/Tur(whole),16-12-2022,5.0,Metric Tonnes,3500.0,Rs./Quintal
Maharashtra,Pune,Pulses,Bengal Gram(Gram)(Whole),17-12-2022,3.0,Metric Tonnes,5650.0,Rs./Quintal
Maharashtra,Pune,Pulses,Green Gram(Moong)(Whole),17-12-2022,3.0,Metric Tonnes,8350.0,Rs./Quintal
Maharashtra,Pune,Pulses,Red gram/Arhar/Tur(whole),17-12-2022,4.0,Metric Tonnes,3500.0,Rs./Quintal
Maharashtra,Pune,Pulses,Bengal Gram(Gram)(Whole),19-12-2022,4.0,Metric Tonnes,5600.0,Rs./Quintal
Maharashtra,Pune,Pulses,Black Gram(Urd Beans)(Whole),19-12-2022,3.0,Metric Tonnes,5500.0,Rs./Quintal
Maharashtra,Pune,Pulses,Green Gram(Moong)(Whole),19-12-2022,3.0,Metric Tonnes,8150.0,Rs./Quintal
Maharashtra,Pune,Pulses,Red gram/Arhar/Tur(whole),19-12-2022,4.0,Metric Tonnes,3000.0,Rs./Quintal
Maharashtra,Pune,Pulses,Bengal Gram(Gram)(Whole),20-12-2022,3.0,Metric Tonnes,5650.0,Rs./Quintal
Maharashtra,Pune,Pulses,Green Gram(Moong)(Whole),20-12-2022,3.0,Metric Tonnes,8100.0,Rs./Quintal
Maharashtra,Pune,Pulses,Red gram/Arhar/Tur(whole),20-12-2022,3.0,Metric Tonnes,3500.0,Rs./Quintal
Maharashtra,Pune,Pulses,Bengal Gram(Gram)(Whole),21-12-2022,4.0,Metric Tonnes,5268.75,Rs./Quintal
Maharashtra,Pune,Pulses,Green Gram(Moong)(Whole),21-12-2022,3.0,Metric Tonnes,8100.0,Rs./Quintal
Maharashtra,Pune,Pulses,Black Gram(Urd Beans)(Whole),22-12-2022,2.0,Metric Tonnes,5300.0,Rs./Quintal
Maharashtra,Pune,Pulses,Green Gram(Moong)(Whole),22-12-2022,1.0,Metric Tonnes,7100.0,Rs./Quintal
Maharashtra,Pune,Pulses,Bengal Gram(Gram)(Whole),23-12-2022,3.0,Metric Tonnes,5600.0,Rs./Quintal
Maharashtra,Pune,Pulses,Green Gram(Moong)(Whole),23-12-2022,3.0,Metric Tonnes,8150.0,Rs./Quintal
Maharashtra,Pune,Pulses,Red gram/Arhar/Tur(whole),23-12-2022,3.0,Metric Tonnes,3500.0,Rs./Quintal
Maharashtra,Pune,Pulses,Bengal Gram(Gram)(Whole),24-12-2022,3.0,Metric Tonnes,5600.0,Rs./Quintal
Maharashtra,Pune,Pulses,Green Gram(Moong)(Whole),24-12-2022,3.0,Metric Tonnes,8150.0,Rs./Quintal
Maharashtra,Pune,Pulses,Red gram/Arhar/Tur(whole),24-12-2022,3.0,Metric Tonnes,3500.0,Rs./Quintal
Maharashtra,Pune,Pulses,Red gram/Arhar/Tur(whole),25-12-2022,2.0,Metric Tonnes,3500.0,Rs./Quintal
Maharashtra,Pune,Pulses,Bengal Gram(Gram)(Whole),26-12-2022,4.0,Metric Tonnes,5650.0,Rs./Quintal
Maharashtra,Pune,Pulses,Green Gram(Moong)(Whole),26-12-2022,3.0,Metric Tonnes,8100.0,Rs./Quintal
Maharashtra,Pune,Pulses,Bengal Gram(Gram)(Whole),28-12-2022,5.0,Metric Tonnes,5302.4,Rs./Quintal
Maharashtra,Pune,Pulses,Green Gram(Moong)(Whole),28-12-2022,4.0,Metric Tonnes,8150.0,Rs./Quintal
Maharashtra,Pune,Pulses,Bengal Gram(Gram)(Whole),29-12-2022,3.0,Metric Tonnes,5650.0,Rs./Quintal
Maharashtra,Pune,Pulses,Black Gram(Urd Beans)(Whole),29-12-2022,4.0,Metric Tonnes,5700.0,Rs./Quintal
Maharashtra,Pune,Pulses,Green Gram(Moong)(Whole),29-12-2022,3.0,Metric Tonnes,8150.0,Rs./Quintal
Maharashtra,Pune,Pulses,Bengal Gram(Gram)(Whole),30-12-2022,3.0,Metric Tonnes,5650.0,Rs./Quintal
Maharashtra,Pune,Pulses,Green Gram(Moong)(Whole),30-12-2022,3.0,Metric Tonnes,8150.0,Rs./Quintal
Maharashtra,Pune,Pulses,Red gram/Arhar/Tur(whole),30-12-2022,2.0,Metric Tonnes,3500.0,Rs./Quintal
Maharashtra,Pune,Pulses,Bengal Gram(Gram)(Whole),31-12-2022,3.0,Metric Tonnes,5750.0,Rs./Quintal
Maharashtra,Pune,Pulses,Green Gram(Moong)(Whole),31-12-2022,3.0,Metric Tonnes,8100.0,Rs./Quintal
Maharashtra,Pune,Pulses,Red gram/Arhar/Tur(whole),31-12-2022,2.0,Metric Tonnes,3000.0,Rs./Quintal
Maharashtra,Pune,Pulses,Red gram/Arhar/Tur(whole),01-01-2023,1.0,Metric Tonnes,6200.0,Rs./Quintal
Maharashtra,Pune,Pulses,Bengal Gram(Gram)(Whole),02-01-2023,4.0,Metric Tonnes,5500.0,Rs./Quintal
Maharashtra,Pune,Pulses,Black Gram(Urd Beans)(Whole),02-01-2023,6.0,Metric Tonnes,6266.67,Rs./Quintal
Maharashtra,Pune,Pulses,Green Gram(Moong)(Whole),02-01-2023,4.0,Metric Tonnes,8100.0,Rs./Quintal
Maharashtra,Pune,Pulses,Bengal Gram(Gram)(Whole),03-01-2023,3.0,Metric Tonnes,5650.0,Rs./Quintal
Maharashtra,Pune,Pulses,Green Gram(Moong)(Whole),03-01-2023,3.0,Metric Tonnes,8100.0,Rs./Quintal
Maharashtra,Pune,Pulses,Bengal Gram(Gram)(Whole),04-01-2023,3.0,Metric Tonnes,5650.0,Rs./Quintal
Maharashtra,Pune,Pulses,Green Gram(Moong)(Whole),04-01-2023,3.0,Metric Tonnes,8100.0,Rs./Quintal
Maharashtra,Pune,Pulses,Bengal Gram(Gram)(Whole),07-01-2023,3.0,Metric Tonnes,5650.0,Rs./Quintal
Maharashtra,Pune,Pulses,Green Gram(Moong)(Whole),07-01-2023,3.0,Metric Tonnes,8300.0,Rs./Quintal
Maharashtra,Pune,Pulses,Black Gram(Urd Beans)(Whole),09-01-2023,5.0,Metric Tonnes,5500.0,Rs./Quintal
Maharashtra,Pune,Pulses,Red gram/Arhar/Tur(whole),10-01-2023,1.0,Metric Tonnes,6300.0,Rs./Quintal
Maharashtra,Pune,Pulses,Bengal Gram(Gram)(Whole),11-01-2023,4.0,Metric Tonnes,5350.0,Rs./Quintal
Maharashtra,Pune,Pulses,Green Gram(Moong)(Whole),11-01-2023,3.0,Metric Tonnes,8200.0,Rs./Quintal
Maharashtra,Pune,Pulses,Bengal Gram(Gram)(Whole),12-01-2023,3.0,Metric Tonnes,5700.0,Rs./Quintal
Maharashtra,Pune,Pulses,Green Gram(Moong)(Whole),12-01-2023,4.0,Metric Tonnes,8200.0,Rs./Quintal
Maharashtra,Pune,Pulses,Red gram/Arhar/Tur(whole),12-01-2023,1.0,Metric Tonnes,6600.0,Rs./Quintal
Maharashtra,Pune,Pulses,Red gram/Arhar/Tur(whole),13-01-2023,1.0,Metric Tonnes,6350.0,Rs./Quintal
Maharashtra,Pune,Pulses,Bengal Gram(Gram)(Whole),14-01-2023,4.0,Metric Tonnes,5600.0,Rs./Quintal
Maharashtra,Pune,Pulses,Green Gram(Moong)(Whole),14-01-2023,3.0,Metric Tonnes,8300.0,Rs./Quintal
Maharashtra,Pune,Pulses,Black Gram(Urd Beans)(Whole),16-01-2023,3.0,Metric Tonnes,5500.0,Rs./Quintal
Maharashtra,Pune,Pulses,Bengal Gram(Gram)(Whole),17-01-2023,3.0,Metric Tonnes,5600.0,Rs./Quintal
Maharashtra,Pune,Pulses,Black Gram(Urd Beans)(Whole),17-01-2023,1.0,Metric Tonnes,8600.0,Rs./Quintal
Maharashtra,Pune,Pulses,Green Gram(Moong)(Whole),17-01-2023,3.0,Metric Tonnes,8250.0,Rs./Quintal
Maharashtra,Pune,Pulses,Black Gram(Urd Beans)(Whole),19-01-2023,5.0,Metric Tonnes,5350.0,Rs./Quintal
Maharashtra,Pune,Pulses,Red gram/Arhar/Tur(whole),19-01-2023,3.0,Metric Tonnes,6700.0,Rs./Quintal
Maharashtra,Pune,Pulses,Bengal Gram(Gram)(Whole),21-01-2023,3.0,Metric Tonnes,5600.0,Rs./Quintal
Maharashtra,Pune,Pulses,Black Gram(Urd Beans)(Whole),21-01-2023,1.0,Metric Tonnes,8600.0,Rs./Quintal
Maharashtra,Pune,Pulses,Green Gram(Moong)(Whole),21-01-2023,3.0,Metric Tonnes,8150.0,Rs./Quintal
Maharashtra,Pune,Pulses,Red gram/Arhar/Tur(whole),21-01-2023,1.0,Metric Tonnes,6500.0,Rs./Quintal
Maharashtra,Pune,Pulses,Black Gram(Urd Beans)(Whole),22-01-2023,1.0,Metric Tonnes,5050.0,Rs./Quintal
Maharashtra,Pune,Pulses,Bengal Gram(Gram)(Whole),23-01-2023,3.0,Metric Tonnes,5700.0,Rs./Quintal
Maharashtra,Pune,Pulses,Black Gram(Urd Beans)(Whole),23-01-2023,2.0,Metric Tonnes,5000.0,Rs./Quintal
Maharashtra,Pune,Pulses,Green Gram(Moong)(Whole),23-01-2023,7.0,Metric Tonnes,7057.14,Rs./Quintal
Maharashtra,Pune,Pulses,Red gram/Arhar/Tur(whole),23-01-2023,8.0,Metric Tonnes,6200.0,Rs./Quintal
Maharashtra,Pune,Pulses,Bengal Gram(Gram)(Whole),24-01-2023,4.0,Metric Tonnes,5700.0,Rs./Quintal
Maharashtra,Pune,Pulses,Green Gram(Moong)(Whole),24-01-2023,4.0,Metric Tonnes,8150.0,Rs./Quintal
Maharashtra,Pune,Pulses,Bengal Gram(Gram)(Whole),25-01-2023,3.0,Metric Tonnes,5700.0,Rs./Quintal
Maharashtra,Pune,Pulses,Green Gram(Moong)(Whole),25-01-2023,4.0,Metric Tonnes,8150.0,Rs./Quintal
Maharashtra,Pune,Pulses,Bengal Gram(Gram)(Whole),27-01-2023,4.0,Metric Tonnes,5600.0,Rs./Quintal
Maharashtra,Pune,Pulses,Green Gram(Moong)(Whole),27-01-2023,3.0,Metric Tonnes,8150.0,Rs./Quintal
Maharashtra,Pune,Pulses,Bengal Gram(Gram)(Whole),28-01-2023,3.0,Metric Tonnes,5600.0,Rs./Quintal
Maharashtra,Pune,Pulses,Green Gram(Moong)(Whole),28-01-2023,3.0,Metric Tonnes,8150.0,Rs./Quintal
Maharashtra,Pune,Pulses,Red gram/Arhar/Tur(whole),28-01-2023,1.0,Metric Tonnes,6161.0,Rs./Quintal
Maharashtra,Pune,Pulses,Bengal Gram(Gram)(Whole),30-01-2023,4.0,Metric Tonnes,5550.0,Rs./Quintal
Maharashtra,Pune,Pulses,Black Gram(Urd Beans)(Whole),30-01-2023,2.0,Metric Tonnes,6075.0,Rs./Quintal
Maharashtra,Pune,Pulses,Green Gram(Moong)(Whole),30-01-2023,4.0,Metric Tonnes,8000.0,Rs./Quintal
Maharashtra,Pune,Pulses,Bengal Gram(Gram)(Whole),31-01-2023,3.0,Metric Tonnes,5550.0,Rs./Quintal
Maharashtra,Pune,Pulses,Green Gram(Moong)(Whole),31-01-2023,3.0,Metric Tonnes,8000.0,Rs./Quintal
Maharashtra,Pune,Pulses,Bengal Gram(Gram)(Whole),01-02-2023,5.0,Metric Tonnes,5390.0,Rs./Quintal
Maharashtra,Pune,Pulses,Black Gram(Urd Beans)(Whole),01-02-2023,1.0,Metric Tonnes,8600.0,Rs./Quintal
Maharashtra,Pune,Pulses,Green Gram(Moong)(Whole),01-02-2023,3.0,Metric Tonnes,7950.0,Rs./Quintal
Maharashtra,Pune,Pulses,Bengal Gram(Gram)(Whole),02-02-2023,4.0,Metric Tonnes,5750.0,Rs./Quintal
Maharashtra,Pune,Pulses,Black Gram(Urd Beans)(Whole),02-02-2023,3.0,Metric Tonnes,4711.0,Rs./Quintal
Maharashtra,Pune,Pulses,Green Gram(Moong)(Whole),02-02-2023,3.0,Metric Tonnes,7900.0,Rs./Quintal
Maharashtra,Pune,Pulses,Bengal Gram(Gram)(Whole),03-02-2023,3.0,Metric Tonnes,5750.0,Rs./Quintal
Maharashtra,Pune,Pulses,Black Gram(Urd Beans)(Whole),03-02-2023,1.0,Metric Tonnes,8600.0,Rs./Quintal
Maharashtra,Pune,Pulses,Green Gram(Moong)(Whole),03-02-2023,3.0,Metric Tonnes,7900.0,Rs./Quintal
Maharashtra,Pune,Pulses,Bengal Gram(Gram)(Whole),04-02-2023,3.0,Metric Tonnes,5700.0,Rs./Quintal
Maharashtra,Pune,Pulses,Green Gram(Moong)(Whole),04-02-2023,3.0,Metric Tonnes,7950.0,Rs./Quintal
Maharashtra,Pune,Pulses,Bengal Gram(Gram)(Whole),05-02-2023,2.0,Metric Tonnes,4000.0,Rs./Quintal
Maharashtra,Pune,Pulses,Bengal Gram(Gram)(Whole),06-02-2023,4.0,Metric Tonnes,5600.0,Rs./Quintal
Maharashtra,Pune,Pulses,Black Gram(Urd Beans)(Whole),06-02-2023,2.0,Metric Tonnes,6655.5,Rs./Quintal
Maharashtra,Pune,Pulses,Green Gram(Moong)(Whole),06-02-2023,4.0,Metric Tonnes,8050.0,Rs./Quintal
Maharashtra,Pune,Pulses,Bengal Gram(Gram)(Whole),07-02-2023,3.0,Metric Tonnes,5550.0,Rs./Quintal
Maharashtra,Pune,Pulses,Green Gram(Moong)(Whole),07-02-2023,4.0,Metric Tonnes,8100.0,Rs./Quintal
Maharashtra,Pune,Pulses,Bengal Gram(Gram)(Whole),08-02-2023,4.0,Metric Tonnes,5550.0,Rs./Quintal
Maharashtra,Pune,Pulses,Black Gram(Urd Beans)(Whole),08-02-2023,1.0,Metric Tonnes,8500.0,Rs./Quintal
Maharashtra,Pune,Pulses,Green Gram(Moong)(Whole),08-02-2023,3.0,Metric Tonnes,8100.0,Rs./Quintal
Maharashtra,Pune,Pulses,Bengal Gram(Gram)(Whole),09-02-2023,3.0,Metric Tonnes,5600.0,Rs./Quintal
Maharashtra,Pune,Pulses,Black Gram(Urd Beans)(Whole),09-02-2023,1.0,Metric Tonnes,5200.0,Rs./Quintal
Maharashtra,Pune,Pulses,Green Gram(Moong)(Whole),09-02-2023,4.0,Metric Tonnes,8150.0,Rs./Quintal
Maharashtra,Pune,Pulses,Red gram/Arhar/Tur(whole),09-02-2023,3.0,Metric Tonnes,6000.0,Rs./Quintal
Maharashtra,Pune,Pulses,Bengal Gram(Gram)(Whole),10-02-2023,4.0,Metric Tonnes,5550.0,Rs./Quintal
Maharashtra,Pune,Pulses,Black Gram(Urd Beans)(Whole),10-02-2023,1.0,Metric Tonnes,8650.0,Rs./Quintal
Maharashtra,Pune,Pulses,Green Gram(Moong)(Whole),10-02-2023,3.0,Metric Tonnes,8100.0,Rs./Quintal
Maharashtra,Pune,Pulses,Red gram/Arhar/Tur(whole),10-02-2023,1.0,Metric Tonnes,6300.0,Rs./Quintal
Maharashtra,Pune,Pulses,Bengal Gram(Gram)(Whole),11-02-2023,3.0,Metric Tonnes,5550.0,Rs./Quintal
Maharashtra,Pune,Pulses,Green Gram(Moong)(Whole),11-02-2023,3.0,Metric Tonnes,8100.0,Rs./Quintal
Maharashtra,Pune,Pulses,Red gram/Arhar/Tur(whole),11-02-2023,1.0,Metric Tonnes,6300.0,Rs./Quintal
Maharashtra,Pune,Pulses,Bengal Gram(Gram)(Whole),12-02-2023,1.0,Metric Tonnes,4000.0,Rs./Quintal
Maharashtra,Pune,Pulses,Red gram/Arhar/Tur(whole),12-02-2023,1.0,Metric Tonnes,6600.0,Rs./Quintal
Maharashtra,Pune,Pulses,Bengal Gram(Gram)(Whole),13-02-2023,4.0,Metric Tonnes,5600.0,Rs./Quintal
Maharashtra,Pune,Pulses,Black Gram(Urd Beans)(Whole),13-02-2023,1.0,Metric Tonnes,8600.0,Rs./Quintal
Maharashtra,Pune,Pulses,Green Gram(Moong)(Whole),13-02-2023,5.0,Metric Tonnes,7720.0,Rs./Quintal
Maharashtra,Pune,Pulses,Red gram/Arhar/Tur(whole),13-02-2023,2.0,Metric Tonnes,6175.0,Rs./Quintal
Maharashtra,Pune,Pulses,Bengal Gram(Gram)(Whole),14-02-2023,4.0,Metric Tonnes,5650.0,Rs./Quintal
Maharashtra,Pune,Pulses,Green Gram(Moong)(Whole),14-02-2023,3.0,Metric Tonnes,8200.0,Rs./Quintal
Maharashtra,Pune,Pulses,Bengal Gram(Gram)(Whole),15-02-2023,4.0,Metric Tonnes,5212.5,Rs./Quintal
Maharashtra,Pune,Pulses,Green Gram(Moong)(Whole),15-02-2023,3.0,Metric Tonnes,8200.0,Rs./Quintal
Maharashtra,Pune,Pulses,Bengal Gram(Gram)(Whole),16-02-2023,3.0,Metric Tonnes,5600.0,Rs./Quintal
Maharashtra,Pune,Pulses,Black Gram(Urd Beans)(Whole),16-02-2023,2.0,Metric Tonnes,5500.0,Rs./Quintal
Maharashtra,Pune,Pulses,Green Gram(Moong)(Whole),16-02-2023,3.0,Metric Tonnes,8400.0,Rs./Quintal
Maharashtra,Pune,Pulses,Red gram/Arhar/Tur(whole),16-02-2023,2.0,Metric Tonnes,6800.0,Rs./Quintal
Maharashtra,Pune,Pulses,Bengal Gram(Gram)(Whole),17-02-2023,3.0,Metric Tonnes,5600.0,Rs./Quintal
Maharashtra,Pune,Pulses,Green Gram(Moong)(Whole),17-02-2023,3.0,Metric Tonnes,8400.0,Rs./Quintal
Maharashtra,Pune,Pulses,Bengal Gram(Gram)(Whole),18-02-2023,3.0,Metric Tonnes,5650.0,Rs./Quintal
Maharashtra,Pune,Pulses,Black Gram(Urd Beans)(Whole),18-02-2023,1.0,Metric Tonnes,8500.0,Rs./Quintal
Maharashtra,Pune,Pulses,Green Gram(Moong)(Whole),18-02-2023,3.0,Metric Tonnes,8200.0,Rs./Quintal
Maharashtra,Pune,Pulses,Red gram/Arhar/Tur(whole),19-02-2023,1.0,Metric Tonnes,7000.0,Rs./Quintal
Maharashtra,Pune,Pulses,Bengal Gram(Gram)(Whole),20-02-2023,4.0,Metric Tonnes,5600.0,Rs./Quintal
Maharashtra,Pune,Pulses,Black Gram(Urd Beans)(Whole),20-02-2023,1.0,Metric Tonnes,5800.0,Rs./Quintal
Maharashtra,Pune,Pulses,Green Gram(Moong)(Whole),20-02-2023,4.0,Metric Tonnes,8400.0,Rs./Quintal
Maharashtra,Pune,Pulses,Bengal Gram(Gram)(Whole),21-02-2023,3.0,Metric Tonnes,5600.0,Rs./Quintal
Maharashtra,Pune,Pulses,Green Gram(Moong)(Whole),21-02-2023,3.0,Metric Tonnes,8400.0,Rs./Quintal
Maharashtra,Pune,Pulses,Red gram/Arhar/Tur(whole),21-02-2023,1.0,Metric Tonnes,7000.0,Rs./Quintal
Maharashtra,Pune,Pulses,Bengal Gram(Gram)(Whole),22-02-2023,3.0,Metric Tonnes,5600.0,Rs./Quintal
Maharashtra,Pune,Pulses,Green Gram(Moong)(Whole),22-02-2023,4.0,Metric Tonnes,8500.0,Rs./Quintal
Maharashtra,Pune,Pulses,Bengal Gram(Gram)(Whole),23-02-2023,7.0,Metric Tonnes,5600.0,Rs./Quintal
Maharashtra,Pune,Pulses,Black Gram(Urd Beans)(Whole),23-02-2023,2.0,Metric Tonnes,4352.0,Rs./Quintal
Maharashtra,Pune,Pulses,Green Gram(Moong)(Whole),23-02-2023,3.0,Metric Tonnes,8500.0,Rs./Quintal
Maharashtra,Pune,Pulses,Bengal Gram(Gram)(Whole),24-02-2023,3.0,Metric Tonnes,5600.0,Rs./Quintal
Maharashtra,Pune,Pulses,Green Gram(Moong)(Whole),24-02-2023,4.0,Metric Tonnes,8400.0,Rs./Quintal
Maharashtra,Pune,Pulses,Bengal Gram(Gram)(Whole),25-02-2023,10.0,Metric Tonnes,5120.0,Rs./Quintal
Maharashtra,Pune,Pulses,Green Gram(Moong)(Whole),25-02-2023,4.0,Metric Tonnes,8400.0,Rs./Quintal
Maharashtra,Pune,Pulses,Red gram/Arhar/Tur(whole),25-02-2023,3.0,Metric Tonnes,6800.0,Rs./Quintal
Maharashtra,Pune,Pulses,Red gram/Arhar/Tur(whole),26-02-2023,1.0,Metric Tonnes,6750.0,Rs./Quintal
Maharashtra,Pune,Pulses,Bengal Gram(Gram)(Whole),27-02-2023,3.0,Metric Tonnes,5600.0,Rs./Quintal
Maharashtra,Pune,Pulses,Green Gram(Moong)(Whole),27-02-2023,3.0,Metric Tonnes,8400.0,Rs./Quintal
Maharashtra,Pune,Pulses,Bengal Gram(Gram)(Whole),28-02-2023,4.0,Metric Tonnes,5350.0,Rs./Quintal
Maharashtra,Pune,Pulses,Green Gram(Moong)(Whole),28-02-2023,3.0,Metric Tonnes,8500.0,Rs./Quintal
Maharashtra,Pune,Pulses,Bengal Gram(Gram)(Whole),01-03-2023,4.0,Metric Tonnes,5262.5,Rs./Quintal
Maharashtra,Pune,Pulses,Green Gram(Moong)(Whole),01-03-2023,3.0,Metric Tonnes,8300.0,Rs./Quintal
Maharashtra,Pune,Pulses,Bengal Gram(Gram)(Whole),02-03-2023,6.0,Metric Tonnes,4800.0,Rs./Quintal
Maharashtra,Pune,Pulses,Black Gram(Urd Beans)(Whole),02-03-2023,2.0,Metric Tonnes,4950.0,Rs./Quintal
Maharashtra,Pune,Pulses,Green Gram(Moong)(Whole),02-03-2023,3.0,Metric Tonnes,8300.0,Rs./Quintal
Maharashtra,Pune,Pulses,Bengal Gram(Gram)(Whole),03-03-2023,3.0,Metric Tonnes,5550.0,Rs./Quintal
Maharashtra,Pune,Pulses,Green Gram(Moong)(Whole),03-03-2023,3.0,Metric Tonnes,8250.0,Rs./Quintal
Maharashtra,Pune,Pulses,Bengal Gram(Gram)(Whole),04-03-2023,4.0,Metric Tonnes,5362.5,Rs./Quintal
Maharashtra,Pune,Pulses,Green Gram(Moong)(Whole),04-03-2023,3.0,Metric Tonnes,8350.0,Rs./Quintal
Maharashtra,Pune,Pulses,Bengal Gram(Gram)(Whole),05-03-2023,4.0,Metric Tonnes,4200.0,Rs./Quintal
Maharashtra,Pune,Pulses,Red gram/Arhar/Tur(whole),05-03-2023,1.0,Metric Tonnes,7200.0,Rs./Quintal
Maharashtra,Pune,Pulses,Bengal Gram(Gram)(Whole),06-03-2023,5.0,Metric Tonnes,5130.2,Rs./Quintal
Maharashtra,Pune,Pulses,Green Gram(Moong)(Whole),06-03-2023,4.0,Metric Tonnes,8200.0,Rs./Quintal
Maharashtra,Pune,Pulses,Bengal Gram(Gram)(Whole),07-03-2023,3.0,Metric Tonnes,5700.0,Rs./Quintal
Maharashtra,Pune,Pulses,Green Gram(Moong)(Whole),07-03-2023,3.0,Metric Tonnes,8200.0,Rs./Quintal
Maharashtra,Pune,Pulses,Bengal Gram(Gram)(Whole),08-03-2023,4.0,Metric Tonnes,5207.25,Rs./Quintal
Maharashtra,Pune,Pulses,Green Gram(Moong)(Whole),08-03-2023,3.0,Metric Tonnes,8100.0,Rs./Quintal
Maharashtra,Pune,Pulses,Bengal Gram(Gram)(Whole),09-03-2023,4.0,Metric Tonnes,5225.0,Rs./Quintal
Maharashtra,Pune,Pulses,Green Gram(Moong)(Whole),09-03-2023,4.0,Metric Tonnes,8100.0,Rs./Quintal
Maharashtra,Pune,Pulses,Bengal Gram(Gram)(Whole),10-03-2023,5.0,Metric Tonnes,5300.0,Rs./Quintal
Maharashtra,Pune,Pulses,Green Gram(Moong)(Whole),10-03-2023,3.0,Metric Tonnes,8150.0,Rs./Quintal
Maharashtra,Pune,Pulses,Bengal Gram(Gram)(Whole),11-03-2023,4.0,Metric Tonnes,5500.0,Rs./Quintal
Maharashtra,Pune,Pulses,Green Gram(Moong)(Whole),11-03-2023,4.0,Metric Tonnes,8150.0,Rs./Quintal
Maharashtra,Pune,Pulses,Bengal Gram(Gram)(Whole),12-03-2023,8.0,Metric Tonnes,4337.75,Rs./Quintal
Maharashtra,Pune,Pulses,Red gram/Arhar/Tur(whole),12-03-2023,1.0,Metric Tonnes,6500.0,Rs./Quintal
Maharashtra,Pune,Pulses,Bengal Gram(Gram)(Whole),13-03-2023,7.0,Metric Tonnes,4985.71,Rs./Quintal
Maharashtra,Pune,Pulses,Black Gram(Urd Beans)(Whole),13-03-2023,1.0,Metric Tonnes,8500.0,Rs./Quintal
Maharashtra,Pune,Pulses,Green Gram(Moong)(Whole),13-03-2023,4.0,Metric Tonnes,8050.0,Rs./Quintal
Maharashtra,Pune,Pulses,Bengal Gram(Gram)(Whole),14-03-2023,3.0,Metric Tonnes,5500.0,Rs./Quintal
Maharashtra,Pune,Pulses,Black Gram(Urd Beans)(Whole),14-03-2023,1.0,Metric Tonnes,8500.0,Rs./Quintal
Maharashtra,Pune,Pulses,Green Gram(Moong)(Whole),14-03-2023,4.0,Metric Tonnes,8050.0,Rs./Quintal
Maharashtra,Pune,Pulses,Bengal Gram(Gram)(Whole),15-03-2023,4.0,Metric Tonnes,5262.5,Rs./Quintal
Maharashtra,Pune,Pulses,Black Gram(Urd Beans)(Whole),15-03-2023,1.0,Metric Tonnes,8600.0,Rs./Quintal
Maharashtra,Pune,Pulses,Green Gram(Moong)(Whole),15-03-2023,4.0,Metric Tonnes,8150.0,Rs./Quintal
Maharashtra,Pune,Pulses,Bengal Gram(Gram)(Whole),16-03-2023,7.0,Metric Tonnes,5028.57,Rs./Quintal
Maharashtra,Pune,Pulses,Green Gram(Moong)(Whole),16-03-2023,4.0,Metric Tonnes,8150.0,Rs./Quintal
Maharashtra,Pune,Pulses,Red gram/Arhar/Tur(whole),16-03-2023,2.0,Metric Tonnes,7000.0,Rs./Quintal
Maharashtra,Pune,Pulses,Bengal Gram(Gram)(Whole),17-03-2023,5.0,Metric Tonnes,5320.0,Rs./Quintal
Maharashtra,Pune,Pulses,Black Gram(Urd Beans)(Whole),17-03-2023,1.0,Metric Tonnes,8400.0,Rs./Quintal
Maharashtra,Pune,Pulses,Green Gram(Moong)(Whole),17-03-2023,3.0,Metric Tonnes,8300.0,Rs./Quintal
Maharashtra,Pune,Pulses,Bengal Gram(Gram)(Whole),18-03-2023,4.0,Metric Tonnes,5200.0,Rs./Quintal
Maharashtra,Pune,Pulses,Green Gram(Moong)(Whole),18-03-2023,3.0,Metric Tonnes,8200.0,Rs./Quintal
Maharashtra,Pune,Pulses,Bengal Gram(Gram)(Whole),19-03-2023,2.0,Metric Tonnes,4500.0,Rs./Quintal
Maharashtra,Pune,Pulses,Red gram/Arhar/Tur(whole),19-03-2023,1.0,Metric Tonnes,6800.0,Rs./Quintal
Maharashtra,Pune,Pulses,Bengal Gram(Gram)(Whole),20-03-2023,5.0,Metric Tonnes,5340.0,Rs./Quintal
Maharashtra,Pune,Pulses,Green Gram(Moong)(Whole),20-03-2023,3.0,Metric Tonnes,8100.0,Rs./Quintal
Maharashtra,Pune,Pulses,Red gram/Arhar/Tur(whole),20-03-2023,3.0,Metric Tonnes,7500.0,Rs./Quintal
Maharashtra,Pune,Pulses,Bengal Gram(Gram)(Whole),21-03-2023,3.0,Metric Tonnes,5500.0,Rs./Quintal
Maharashtra,Pune,Pulses,Green Gram(Moong)(Whole),21-03-2023,3.0,Metric Tonnes,8200.0,Rs./Quintal
Maharashtra,Pune,Pulses,Bengal Gram(Gram)(Whole),22-03-2023,4.0,Metric Tonnes,5187.5,Rs./Quintal
Maharashtra,Pune,Pulses,Black Gram(Urd Beans)(Whole),22-03-2023,1.0,Metric Tonnes,8350.0,Rs./Quintal
Maharashtra,Pune,Pulses,Green Gram(Moong)(Whole),22-03-2023,3.0,Metric Tonnes,8200.0,Rs./Quintal
Maharashtra,Pune,Pulses,Bengal Gram(Gram)(Whole),23-03-2023,5.0,Metric Tonnes,5340.0,Rs./Quintal
Maharashtra,Pune,Pulses,Black Gram(Urd Beans)(Whole),23-03-2023,1.0,Metric Tonnes,5500.0,Rs./Quintal
Maharashtra,Pune,Pulses,Green Gram(Moong)(Whole),23-03-2023,3.0,Metric Tonnes,8100.0,Rs./Quintal
Maharashtra,Pune,Pulses,Red gram/Arhar/Tur(whole),23-03-2023,1.0,Metric Tonnes,7000.0,Rs./Quintal
Maharashtra,Pune,Pulses,Bengal Gram(Gram)(Whole),24-03-2023,4.0,Metric Tonnes,5550.0,Rs./Quintal
Maharashtra,Pune,Pulses,Black Gram(Urd Beans)(Whole),24-03-2023,1.0,Metric Tonnes,8300.0,Rs./Quintal
Maharashtra,Pune,Pulses,Green Gram(Moong)(Whole),24-03-2023,4.0,Metric Tonnes,8150.0,Rs./Quintal
Maharashtra,Pune,Pulses,Bengal Gram(Gram)(Whole),25-03-2023,4.0,Metric Tonnes,5550.0,Rs./Quintal
Maharashtra,Pune,Pulses,Green Gram(Moong)(Whole),25-03-2023,4.0,Metric Tonnes,8150.0,Rs./Quintal
Maharashtra,Pune,Pulses,Bengal Gram(Gram)(Whole),26-03-2023,1.0,Metric Tonnes,4600.0,Rs./Quintal
Maharashtra,Pune,Pulses,Bengal Gram(Gram)(Whole),27-03-2023,5.0,Metric Tonnes,5400.0,Rs./Quintal
Maharashtra,Pune,Pulses,Green Gram(Moong)(Whole),27-03-2023,4.0,Metric Tonnes,8100.0,Rs./Quintal
Maharashtra,Pune,Pulses,Bengal Gram(Gram)(Whole),28-03-2023,4.0,Metric Tonnes,5600.0,Rs./Quintal
Maharashtra,Pune,Pulses,Green Gram(Moong)(Whole),28-03-2023,4.0,Metric Tonnes,8100.0,Rs./Quintal
Maharashtra,Pune,Pulses,Bengal Gram(Gram)(Whole),29-03-2023,4.0,Metric Tonnes,5650.0,Rs./Quintal
Maharashtra,Pune,Pulses,Black Gram(Urd Beans)(Whole),29-03-2023,1.0,Metric Tonnes,8200.0,Rs./Quintal
Maharashtra,Pune,Pulses,Green Gram(Moong)(Whole),29-03-2023,3.0,Metric Tonnes,8150.0,Rs./Quintal
Maharashtra,Pune,Pulses,Bengal Gram(Gram)(Whole),30-03-2023,4.0,Metric Tonnes,5412.5,Rs./Quintal
Maharashtra,Pune,Pulses,Green Gram(Moong)(Whole),30-03-2023,3.0,Metric Tonnes,8150.0,Rs./Quintal
Maharashtra,Pune,Pulses,Bengal Gram(Gram)(Whole),31-03-2023,4.0,Metric Tonnes,5550.0,Rs./Quintal
Maharashtra,Pune,Pulses,Green Gram(Moong)(Whole),31-03-2023,4.0,Metric Tonnes,8050.0,Rs./Quintal
Maharashtra,Pune,Pulses,Bengal Gram(Gram)(Whole),01-04-2023,4.0,Metric Tonnes,5550.0,Rs./Quintal
Maharashtra,Pune,Pulses,Black Gram(Urd Beans)(Whole),01-04-2023,1.0,Metric Tonnes,8300.0,Rs./Quintal
Maharashtra,Pune,Pulses,Green Gram(Moong)(Whole),01-04-2023,4.0,Metric Tonnes,8050.0,Rs./Quintal
Maharashtra,Pune,Pulses,Bengal Gram(Gram)(Whole),02-04-2023,1.0,Metric Tonnes,4500.0,Rs./Quintal
Maharashtra,Pune,Pulses,Bengal Gram(Gram)(Whole),03-04-2023,4.0,Metric Tonnes,5650.0,Rs./Quintal
Maharashtra,Pune,Pulses,Green Gram(Moong)(Whole),03-04-2023,4.0,Metric Tonnes,8150.0,Rs./Quintal
Maharashtra,Pune,Pulses,Red gram/Arhar/Tur(whole),03-04-2023,2.0,Metric Tonnes,7000.0,Rs./Quintal
Maharashtra,Pune,Pulses,Bengal Gram(Gram)(Whole),04-04-2023,3.0,Metric Tonnes,5650.0,Rs./Quintal
Maharashtra,Pune,Pulses,Black Gram(Urd Beans)(Whole),04-04-2023,1.0,Metric Tonnes,8200.0,Rs./Quintal
Maharashtra,Pune,Pulses,Green Gram(Moong)(Whole),04-04-2023,4.0,Metric Tonnes,8150.0,Rs./Quintal
Maharashtra,Pune,Pulses,Bengal Gram(Gram)(Whole),05-04-2023,6.0,Metric Tonnes,5200.0,Rs./Quintal
Maharashtra,Pune,Pulses,Green Gram(Moong)(Whole),05-04-2023,3.0,Metric Tonnes,8200.0,Rs./Quintal
Maharashtra,Pune,Pulses,Bengal Gram(Gram)(Whole),06-04-2023,3.0,Metric Tonnes,5650.0,Rs./Quintal
Maharashtra,Pune,Pulses,Black Gram(Urd Beans)(Whole),06-04-2023,1.0,Metric Tonnes,6451.0,Rs./Quintal
Maharashtra,Pune,Pulses,Green Gram(Moong)(Whole),06-04-2023,3.0,Metric Tonnes,8350.0,Rs./Quintal
Maharashtra,Pune,Pulses,Red gram/Arhar/Tur(whole),06-04-2023,1.0,Metric Tonnes,7451.0,Rs./Quintal
Maharashtra,Pune,Pulses,Bengal Gram(Gram)(Whole),07-04-2023,3.0,Metric Tonnes,5600.0,Rs./Quintal
Maharashtra,Pune,Pulses,Green Gram(Moong)(Whole),07-04-2023,3.0,Metric Tonnes,8200.0,Rs./Quintal
Maharashtra,Pune,Pulses,Bengal Gram(Gram)(Whole),08-04-2023,4.0,Metric Tonnes,5312.5,Rs./Quintal
Maharashtra,Pune,Pulses,Green Gram(Moong)(Whole),08-04-2023,4.0,Metric Tonnes,8350.0,Rs./Quintal
Maharashtra,Pune,Pulses,Bengal Gram(Gram)(Whole),10-04-2023,4.0,Metric Tonnes,5550.0,Rs./Quintal
Maharashtra,Pune,Pulses,Black Gram(Urd Beans)(Whole),10-04-2023,2.0,Metric Tonnes,7399.5,Rs./Quintal
Maharashtra,Pune,Pulses,Green Gram(Moong)(Whole),10-04-2023,3.0,Metric Tonnes,8300.0,Rs./Quintal
Maharashtra,Pune,Pulses,Bengal Gram(Gram)(Whole),11-04-2023,3.0,Metric Tonnes,5550.0,Rs./Quintal
Maharashtra,Pune,Pulses,Green Gram(Moong)(Whole),11-04-2023,3.0,Metric Tonnes,8300.0,Rs./Quintal
Maharashtra,Pune,Pulses,Bengal Gram(Gram)(Whole),12-04-2023,5.0,Metric Tonnes,5355.0,Rs./Quintal
Maharashtra,Pune,Pulses,Green Gram(Moong)(Whole),12-04-2023,3.0,Metric Tonnes,8350.0,Rs./Quintal
Maharashtra,Pune,Pulses,Bengal Gram(Gram)(Whole),13-04-2023,3.0,Metric Tonnes,5650.0,Rs./Quintal
Maharashtra,Pune,Pulses,Green Gram(Moong)(Whole),13-04-2023,3.0,Metric Tonnes,8250.0,Rs./Quintal
Maharashtra,Pune,Pulses,Bengal Gram(Gram)(Whole),14-04-2023,4.0,Metric Tonnes,5650.0,Rs./Quintal
Maharashtra,Pune,Pulses,Black Gram(Urd Beans)(Whole),14-04-2023,1.0,Metric Tonnes,8200.0,Rs./Quintal
Maharashtra,Pune,Pulses,Green Gram(Moong)(Whole),14-04-2023,4.0,Metric Tonnes,8250.0,Rs./Quintal
Maharashtra,Pune,Pulses,Bengal Gram(Gram)(Whole),15-04-2023,4.0,Metric Tonnes,5650.0,Rs./Quintal
Maharashtra,Pune,Pulses,Green Gram(Moong)(Whole),15-04-2023,3.0,Metric Tonnes,8300.0,Rs./Quintal
Maharashtra,Pune,Pulses,Bengal Gram(Gram)(Whole),17-04-2023,4.0,Metric Tonnes,5550.0,Rs./Quintal
Maharashtra,Pune,Pulses,Green Gram(Moong)(Whole),17-04-2023,3.0,Metric Tonnes,8300.0,Rs./Quintal
Maharashtra,Pune,Pulses,Bengal Gram(Gram)(Whole),18-04-2023,4.0,Metric Tonnes,5650.0,Rs./Quintal
Maharashtra,Pune,Pulses,Green Gram(Moong)(Whole),18-04-2023,4.0,Metric Tonnes,8200.0,Rs./Quintal
Maharashtra,Pune,Pulses,Bengal Gram(Gram)(Whole),19-04-2023,4.0,Metric Tonnes,5650.0,Rs./Quintal
Maharashtra,Pune,Pulses,Green Gram(Moong)(Whole),19-04-2023,3.0,Metric Tonnes,8200.0,Rs./Quintal
Maharashtra,Pune,Pulses,Bengal Gram(Gram)(Whole),20-04-2023,4.0,Metric Tonnes,5600.0,Rs./Quintal
Maharashtra,Pune,Pulses,Black Gram(Urd Beans)(Whole),20-04-2023,1.0,Metric Tonnes,6000.0,Rs./Quintal
Maharashtra,Pune,Pulses,Green Gram(Moong)(Whole),20-04-2023,4.0,Metric Tonnes,8150.0,Rs./Quintal
Maharashtra,Pune,Pulses,Bengal Gram(Gram)(Whole),21-04-2023,4.0,Metric Tonnes,5600.0,Rs./Quintal
Maharashtra,Pune,Pulses,Green Gram(Moong)(Whole),21-04-2023,4.0,Metric Tonnes,8150.0,Rs./Quintal
Maharashtra,Pune,Pulses,Bengal Gram(Gram)(Whole),22-04-2023,3.0,Metric Tonnes,5600.0,Rs./Quintal
Maharashtra,Pune,Pulses,Green Gram(Moong)(Whole),22-04-2023,3.0,Metric Tonnes,8150.0,Rs./Quintal
Maharashtra,Pune,Pulses,Bengal Gram(Gram)(Whole),23-04-2023,1.0,Metric Tonnes,4500.0,Rs./Quintal
Maharashtra,Pune,Pulses,Bengal Gram(Gram)(Whole),24-04-2023,4.0,Metric Tonnes,5550.0,Rs./Quintal
Maharashtra,Pune,Pulses,Black Gram(Urd Beans)(Whole),24-04-2023,1.0,Metric Tonnes,8000.0,Rs./Quintal
Maharashtra,Pune,Pulses,Green Gram(Moong)(Whole),24-04-2023,4.0,Metric Tonnes,7425.0,Rs./Quintal
Maharashtra,Pune,Pulses,Bengal Gram(Gram)(Whole),25-04-2023,4.0,Metric Tonnes,5550.0,Rs./Quintal
Maharashtra,Pune,Pulses,Green Gram(Moong)(Whole),25-04-2023,4.0,Metric Tonnes,8050.0,Rs./Quintal
Maharashtra,Pune,Pulses,Bengal Gram(Gram)(Whole),26-04-2023,5.0,Metric Tonnes,5360.0,Rs./Quintal
Maharashtra,Pune,Pulses,Black Gram(Urd Beans)(Whole),26-04-2023,1.0,Metric Tonnes,8150.0,Rs./Quintal
Maharashtra,Pune,Pulses,Green Gram(Moong)(Whole),26-04-2023,4.0,Metric Tonnes,8150.0,Rs./Quintal
Maharashtra,Pune,Pulses,Bengal Gram(Gram)(Whole),27-04-2023,4.0,Metric Tonnes,5600.0,Rs./Quintal
Maharashtra,Pune,Pulses,Black Gram(Urd Beans)(Whole),27-04-2023,1.0,Metric Tonnes,6750.0,Rs./Quintal
Maharashtra,Pune,Pulses,Green Gram(Moong)(Whole),27-04-2023,4.0,Metric Tonnes,8150.0,Rs./Quintal
Maharashtra,Pune,Pulses,Bengal Gram(Gram)(Whole),28-04-2023,4.0,Metric Tonnes,5600.0,Rs./Quintal
Maharashtra,Pune,Pulses,Green Gram(Moong)(Whole),28-04-2023,3.0,Metric Tonnes,8150.0,Rs./Quintal
Maharashtra,Pune,Pulses,Bengal Gram(Gram)(Whole),29-04-2023,5.0,Metric Tonnes,5360.0,Rs./Quintal
Maharashtra,Pune,Pulses,Black Gram(Urd Beans)(Whole),29-04-2023,1.0,Metric Tonnes,8150.0,Rs./Quintal
Maharashtra,Pune,Pulses,Green Gram(Moong)(Whole),29-04-2023,4.0,Metric Tonnes,8150.0,Rs./Quintal
Maharashtra,Pune,Pulses,Bengal Gram(Gram)(Whole),30-04-2023,1.0,Metric Tonnes,4500.0,Rs./Quintal
Maharashtra,Pune,Pulses,Bengal Gram(Gram)(Whole),02-05-2023,4.0,Metric Tonnes,5700.0,Rs./Quintal
Maharashtra,Pune,Pulses,Green Gram(Moong)(Whole),02-05-2023,3.0,Metric Tonnes,8250.0,Rs./Quintal
Maharashtra,Pune,Pulses,Bengal Gram(Gram)(Whole),03-05-2023,5.0,Metric Tonnes,5180.0,Rs./Quintal
Maharashtra,Pune,Pulses,Green Gram(Moong)(Whole),03-05-2023,3.0,Metric Tonnes,8250.0,Rs./Quintal
Maharashtra,Pune,Pulses,Bengal Gram(Gram)(Whole),04-05-2023,4.0,Metric Tonnes,5600.0,Rs./Quintal
Maharashtra,Pune,Pulses,Black Gram(Urd Beans)(Whole),04-05-2023,1.0,Metric Tonnes,6610.0,Rs./Quintal
Maharashtra,Pune,Pulses,Green Gram(Moong)(Whole),04-05-2023,4.0,Metric Tonnes,8100.0,Rs./Quintal
Maharashtra,Pune,Pulses,Bengal Gram(Gram)(Whole),05-05-2023,3.0,Metric Tonnes,5600.0,Rs./Quintal
Maharashtra,Pune,Pulses,Green Gram(Moong)(Whole),05-05-2023,3.0,Metric Tonnes,8100.0,Rs./Quintal
Maharashtra,Pune,Pulses,Bengal Gram(Gram)(Whole),06-05-2023,5.0,Metric Tonnes,5460.0,Rs./Quintal
Maharashtra,Pune,Pulses,Green Gram(Moong)(Whole),06-05-2023,3.0,Metric Tonnes,7950.0,Rs./Quintal
Maharashtra,Pune,Pulses,Bengal Gram(Gram)(Whole),08-05-2023,4.0,Metric Tonnes,5600.0,Rs./Quintal
Maharashtra,Pune,Pulses,Black Gram(Urd Beans)(Whole),08-05-2023,1.0,Metric Tonnes,5000.0,Rs./Quintal
Maharashtra,Pune,Pulses,Green Gram(Moong)(Whole),08-05-2023,5.0,Metric Tonnes,7880.0,Rs./Quintal
Maharashtra,Pune,Pulses,Bengal Gram(Gram)(Whole),09-05-2023,4.0,Metric Tonnes,5650.0,Rs./Quintal
Maharashtra,Pune,Pulses,Green Gram(Moong)(Whole),09-05-2023,3.0,Metric Tonnes,8100.0,Rs./Quintal
Maharashtra,Pune,Pulses,Bengal Gram(Gram)(Whole),10-05-2023,5.0,Metric Tonnes,5360.0,Rs./Quintal
Maharashtra,Pune,Pulses,Black Gram(Urd Beans)(Whole),10-05-2023,1.0,Metric Tonnes,8300.0,Rs./Quintal
Maharashtra,Pune,Pulses,Green Gram(Moong)(Whole),10-05-2023,4.0,Metric Tonnes,8100.0,Rs./Quintal
Maharashtra,Pune,Pulses,Bengal Gram(Gram)(Whole),11-05-2023,4.0,Metric Tonnes,5550.0,Rs./Quintal
Maharashtra,Pune,Pulses,Black Gram(Urd Beans)(Whole),11-05-2023,1.0,Metric Tonnes,6410.0,Rs./Quintal
Maharashtra,Pune,Pulses,Green Gram(Moong)(Whole),11-05-2023,5.0,Metric Tonnes,7360.0,Rs./Quintal
Maharashtra,Pune,Pulses,Bengal Gram(Gram)(Whole),12-05-2023,4.0,Metric Tonnes,5650.0,Rs./Quintal
Maharashtra,Pune,Pulses,Black Gram(Urd Beans)(Whole),12-05-2023,1.0,Metric Tonnes,8200.0,Rs./Quintal
Maharashtra,Pune,Pulses,Green Gram(Moong)(Whole),12-05-2023,3.0,Metric Tonnes,8000.0,Rs./Quintal
Maharashtra,Pune,Pulses,Bengal Gram(Gram)(Whole),13-05-2023,4.0,Metric Tonnes,5241.0,Rs./Quintal
Maharashtra,Pune,Pulses,Green Gram(Moong)(Whole),13-05-2023,3.0,Metric Tonnes,7950.0,Rs./Quintal
Maharashtra,Pune,Pulses,Bengal Gram(Gram)(Whole),15-05-2023,4.0,Metric Tonnes,5750.0,Rs./Quintal
Maharashtra,Pune,Pulses,Black Gram(Urd Beans)(Whole),15-05-2023,1.0,Metric Tonnes,6811.0,Rs./Quintal
Maharashtra,Pune,Pulses,Green Gram(Moong)(Whole),15-05-2023,3.0,Metric Tonnes,8100.0,Rs./Quintal
Maharashtra,Pune,Pulses,Bengal Gram(Gram)(Whole),16-05-2023,3.0,Metric Tonnes,5650.0,Rs./Quintal
Maharashtra,Pune,Pulses,Black Gram(Urd Beans)(Whole),16-05-2023,1.0,Metric Tonnes,8400.0,Rs./Quintal
Maharashtra,Pune,Pulses,Green Gram(Moong)(Whole),16-05-2023,3.0,Metric Tonnes,8100.0,Rs./Quintal
Maharashtra,Pune,Pulses,Bengal Gram(Gram)(Whole),17-05-2023,5.0,Metric Tonnes,5370.0,Rs./Quintal
Maharashtra,Pune,Pulses,Green Gram(Moong)(Whole),17-05-2023,3.0,Metric Tonnes,8100.0,Rs./Quintal
Maharashtra,Pune,Pulses,Bengal Gram(Gram)(Whole),18-05-2023,2.0,Metric Tonnes,4400.0,Rs./Quintal
Maharashtra,Pune,Pulses,Black Gram(Urd Beans)(Whole),18-05-2023,1.0,Metric Tonnes,7000.0,Rs./Quintal
Maharashtra,Pune,Pulses,Green Gram(Moong)(Whole),18-05-2023,3.0,Metric Tonnes,8000.0,Rs./Quintal
Maharashtra,Pune,Pulses,Red gram/Arhar/Tur(whole),18-05-2023,1.0,Metric Tonnes,8600.0,Rs./Quintal
Maharashtra,Pune,Pulses,Bengal Gram(Gram)(Whole),19-05-2023,4.0,Metric Tonnes,5700.0,Rs./Quintal
Maharashtra,Pune,Pulses,Green Gram(Moong)(Whole),19-05-2023,4.0,Metric Tonnes,8000.0,Rs./Quintal
Maharashtra,Pune,Pulses,Bengal Gram(Gram)(Whole),20-05-2023,5.0,Metric Tonnes,5382.2,Rs./Quintal
Maharashtra,Pune,Pulses,Green Gram(Moong)(Whole),20-05-2023,4.0,Metric Tonnes,8100.0,Rs./Quintal
Maharashtra,Pune,Pulses,Black Gram(Urd Beans)(Whole),21-05-2023,1.0,Metric Tonnes,7200.0,Rs./Quintal
Maharashtra,Pune,Pulses,Bengal Gram(Gram)(Whole),22-05-2023,4.0,Metric Tonnes,5750.0,Rs./Quintal
Maharashtra,Pune,Pulses,Black Gram(Urd Beans)(Whole),22-05-2023,1.0,Metric Tonnes,8250.0,Rs./Quintal
Maharashtra,Pune,Pulses,Green Gram(Moong)(Whole),22-05-2023,4.0,Metric Tonnes,8100.0,Rs./Quintal
Maharashtra,Pune,Pulses,Bengal Gram(Gram)(Whole),23-05-2023,4.0,Metric Tonnes,5650.0,Rs./Quintal
Maharashtra,Pune,Pulses,Bengal Gram(Gram)(Whole),24-05-2023,3.0,Metric Tonnes,5650.0,Rs./Quintal
Maharashtra,Pune,Pulses,Green Gram(Moong)(Whole),24-05-2023,4.0,Metric Tonnes,8200.0,Rs./Quintal
Maharashtra,Pune,Pulses,Bengal Gram(Gram)(Whole),25-05-2023,5.0,Metric Tonnes,5380.0,Rs./Quintal
Maharashtra,Pune,Pulses,Black Gram(Urd Beans)(Whole),25-05-2023,2.0,Metric Tonnes,7600.0,Rs./Quintal
Maharashtra,Pune,Pulses,Green Gram(Moong)(Whole),25-05-2023,3.0,Metric Tonnes,8250.0,Rs./Quintal
Maharashtra,Pune,Pulses,Bengal Gram(Gram)(Whole),26-05-2023,4.0,Metric Tonnes,5600.0,Rs./Quintal
Maharashtra,Pune,Pulses,Black Gram(Urd Beans)(Whole),26-05-2023,1.0,Metric Tonnes,8100.0,Rs./Quintal
Maharashtra,Pune,Pulses,Green Gram(Moong)(Whole),26-05-2023,3.0,Metric Tonnes,8250.0,Rs./Quintal
Maharashtra,Pune,Pulses,Bengal Gram(Gram)(Whole),27-05-2023,5.0,Metric Tonnes,5392.2,Rs./Quintal
Maharashtra,Pune,Pulses,Green Gram(Moong)(Whole),27-05-2023,4.0,Metric Tonnes,8100.0,Rs./Quintal
Maharashtra,Pune,Pulses,Bengal Gram(Gram)(Whole),29-05-2023,4.0,Metric Tonnes,5600.0,Rs./Quintal
Maharashtra,Pune,Pulses,Black Gram(Urd Beans)(Whole),29-05-2023,2.0,Metric Tonnes,7920.0,Rs./Quintal
Maharashtra,Pune,Pulses,Green Gram(Moong)(Whole),29-05-2023,4.0,Metric Tonnes,8190.0,Rs./Quintal
Maharashtra,Pune,Pulses,Red gram/Arhar/Tur(whole),29-05-2023,1.0,Metric Tonnes,7000.0,Rs./Quintal
Maharashtra,Pune,Pulses,Bengal Gram(Gram)(Whole),30-05-2023,4.0,Metric Tonnes,5650.0,Rs./Quintal
Maharashtra,Pune,Pulses,Black Gram(Urd Beans)(Whole),30-05-2023,1.0,Metric Tonnes,8500.0,Rs./Quintal
Maharashtra,Pune,Pulses,Green Gram(Moong)(Whole),30-05-2023,4.0,Metric Tonnes,8100.0,Rs./Quintal
Maharashtra,Pune,Pulses,Bengal Gram(Gram)(Whole),31-05-2023,4.0,Metric Tonnes,5650.0,Rs./Quintal
Maharashtra,Pune,Pulses,Green Gram(Moong)(Whole),31-05-2023,4.0,Metric Tonnes,8250.0,Rs./Quintal
Maharashtra,Pune,Pulses,Bengal Gram(Gram)(Whole),01-06-2023,4.0,Metric Tonnes,5600.0,Rs./Quintal
Maharashtra,Pune,Pulses,Black Gram(Urd Beans)(Whole),01-06-2023,2.0,Metric Tonnes,7700.0,Rs./Quintal
Maharashtra,Pune,Pulses,Green Gram(Moong)(Whole),01-06-2023,5.0,Metric Tonnes,8042.0,Rs./Quintal
Maharashtra,Pune,Pulses,Bengal Gram(Gram)(Whole),02-06-2023,5.0,Metric Tonnes,5420.0,Rs./Quintal
Maharashtra,Pune,Pulses,Black Gram(Urd Beans)(Whole),02-06-2023,1.0,Metric Tonnes,8200.0,Rs./Quintal
Maharashtra,Pune,Pulses,Green Gram(Moong)(Whole),02-06-2023,4.0,Metric Tonnes,8150.0,Rs./Quintal
Maharashtra,Pune,Pulses,Bengal Gram(Gram)(Whole),03-06-2023,5.0,Metric Tonnes,5350.2,Rs./Quintal
Maharashtra,Pune,Pulses,Green Gram(Moong)(Whole),03-06-2023,4.0,Metric Tonnes,8200.0,Rs./Quintal
Maharashtra,Pune,Pulses,Bengal Gram(Gram)(Whole),04-06-2023,9.0,Metric Tonnes,4400.0,Rs./Quintal
Maharashtra,Pune,Pulses,Black Gram(Urd Beans)(Whole),04-06-2023,2.0,Metric Tonnes,6000.0,Rs./Quintal
Maharashtra,Pune,Pulses,Bengal Gram(Gram)(Whole),05-06-2023,5.0,Metric Tonnes,5420.0,Rs./Quintal
Maharashtra,Pune,Pulses,Black Gram(Urd Beans)(Whole),05-06-2023,2.0,Metric Tonnes,7920.0,Rs./Quintal
Maharashtra,Pune,Pulses,Green Gram(Moong)(Whole),05-06-2023,4.0,Metric Tonnes,7977.5,Rs./Quintal
Maharashtra,Pune,Pulses,Bengal Gram(Gram)(Whole),06-06-2023,4.0,Metric Tonnes,5700.0,Rs./Quintal
Maharashtra,Pune,Pulses,Green Gram(Moong)(Whole),06-06-2023,3.0,Metric Tonnes,8250.0,Rs./Quintal
Maharashtra,Pune,Pulses,Bengal Gram(Gram)(Whole),07-06-2023,4.0,Metric Tonnes,5300.0,Rs./Quintal
Maharashtra,Pune,Pulses,Green Gram(Moong)(Whole),07-06-2023,3.0,Metric Tonnes,8200.0,Rs./Quintal
Maharashtra,Pune,Pulses,Bengal Gram(Gram)(Whole),08-06-2023,5.0,Metric Tonnes,5570.0,Rs./Quintal
Maharashtra,Pune,Pulses,Black Gram(Urd Beans)(Whole),08-06-2023,2.0,Metric Tonnes,7650.0,Rs./Quintal
Maharashtra,Pune,Pulses,Green Gram(Moong)(Whole),08-06-2023,5.0,Metric Tonnes,8179.8,Rs./Quintal
Maharashtra,Pune,Pulses,Bengal Gram(Gram)(Whole),09-06-2023,4.0,Metric Tonnes,5700.0,Rs./Quintal
Maharashtra,Pune,Pulses,Green Gram(Moong)(Whole),09-06-2023,4.0,Metric Tonnes,8250.0,Rs./Quintal
Maharashtra,Pune,Pulses,Bengal Gram(Gram)(Whole),10-06-2023,4.0,Metric Tonnes,5700.0,Rs./Quintal
Maharashtra,Pune,Pulses,Black Gram(Urd Beans)(Whole),10-06-2023,1.0,Metric Tonnes,8500.0,Rs./Quintal
Maharashtra,Pune,Pulses,Green Gram(Moong)(Whole),10-06-2023,4.0,Metric Tonnes,8250.0,Rs./Quintal
Maharashtra,Pune,Pulses,Bengal Gram(Gram)(Whole),11-06-2023,2.0,Metric Tonnes,4400.0,Rs./Quintal
Maharashtra,Pune,Pulses,Bengal Gram(Gram)(Whole),12-06-2023,4.0,Metric Tonnes,5700.0,Rs./Quintal
Maharashtra,Pune,Pulses,Black Gram(Urd Beans)(Whole),12-06-2023,2.0,Metric Tonnes,8100.0,Rs./Quintal
Maharashtra,Pune,Pulses,Green Gram(Moong)(Whole),12-06-2023,4.0,Metric Tonnes,8250.0,Rs./Quintal
Maharashtra,Pune,Pulses,Bengal Gram(Gram)(Whole),13-06-2023,4.0,Metric Tonnes,5650.0,Rs./Quintal
Maharashtra,Pune,Pulses,Green Gram(Moong)(Whole),13-06-2023,4.0,Metric Tonnes,8200.0,Rs./Quintal
Maharashtra,Pune,Pulses,Bengal Gram(Gram)(Whole),14-06-2023,4.0,Metric Tonnes,5650.0,Rs./Quintal
Maharashtra,Pune,Pulses,Green Gram(Moong)(Whole),14-06-2023,3.0,Metric Tonnes,8200.0,Rs./Quintal
Maharashtra,Pune,Pulses,Bengal Gram(Gram)(Whole),15-06-2023,3.0,Metric Tonnes,5750.0,Rs./Quintal
Maharashtra,Pune,Pulses,Black Gram(Urd Beans)(Whole),15-06-2023,1.0,Metric Tonnes,7200.0,Rs./Quintal
Maharashtra,Pune,Pulses,Green Gram(Moong)(Whole),15-06-2023,4.0,Metric Tonnes,8400.0,Rs./Quintal
Maharashtra,Pune,Pulses,Bengal Gram(Gram)(Whole),16-06-2023,4.0,Metric Tonnes,5800.0,Rs./Quintal
Maharashtra,Pune,Pulses,Green Gram(Moong)(Whole),16-06-2023,3.0,Metric Tonnes,8200.0,Rs./Quintal
Maharashtra,Pune,Pulses,Bengal Gram(Gram)(Whole),17-06-2023,4.0,Metric Tonnes,5900.0,Rs./Quintal
Maharashtra,Pune,Pulses,Green Gram(Moong)(Whole),17-06-2023,4.0,Metric Tonnes,8400.0,Rs./Quintal
Maharashtra,Pune,Pulses,Bengal Gram(Gram)(Whole),19-06-2023,4.0,Metric Tonnes,5800.0,Rs./Quintal
Maharashtra,Pune,Pulses,Black Gram(Urd Beans)(Whole),19-06-2023,4.0,Metric Tonnes,8000.0,Rs./Quintal
Maharashtra,Pune,Pulses,Green Gram(Moong)(Whole),19-06-2023,5.0,Metric Tonnes,8220.0,Rs./Quintal
Maharashtra,Pune,Pulses,Bengal Gram(Gram)(Whole),20-06-2023,4.0,Metric Tonnes,5700.0,Rs./Quintal
Maharashtra,Pune,Pulses,Green Gram(Moong)(Whole),20-06-2023,3.0,Metric Tonnes,8400.0,Rs./Quintal
Maharashtra,Pune,Pulses,Bengal Gram(Gram)(Whole),21-06-2023,4.0,Metric Tonnes,5406.25,Rs./Quintal
Maharashtra,Pune,Pulses,Green Gram(Moong)(Whole),21-06-2023,3.0,Metric Tonnes,8250.0,Rs./Quintal
Maharashtra,Pune,Pulses,Bengal Gram(Gram)(Whole),22-06-2023,7.0,Metric Tonnes,5478.71,Rs./Quintal
Maharashtra,Pune,Pulses,Black Gram(Urd Beans)(Whole),22-06-2023,2.0,Metric Tonnes,8449.5,Rs./Quintal
Maharashtra,Pune,Pulses,Green Gram(Moong)(Whole),22-06-2023,3.0,Metric Tonnes,8300.0,Rs./Quintal
Maharashtra,Pune,Pulses,Red gram/Arhar/Tur(whole),22-06-2023,1.0,Metric Tonnes,8101.0,Rs./Quintal
Maharashtra,Pune,Pulses,Bengal Gram(Gram)(Whole),23-06-2023,3.0,Metric Tonnes,5750.0,Rs./Quintal
Maharashtra,Pune,Pulses,Green Gram(Moong)(Whole),23-06-2023,3.0,Metric Tonnes,8500.0,Rs./Quintal
Maharashtra,Pune,Pulses,Bengal Gram(Gram)(Whole),24-06-2023,3.0,Metric Tonnes,5750.0,Rs./Quintal
Maharashtra,Pune,Pulses,Green Gram(Moong)(Whole),24-06-2023,3.0,Metric Tonnes,8250.0,Rs./Quintal
Maharashtra,Pune,Pulses,Bengal Gram(Gram)(Whole),25-06-2023,2.0,Metric Tonnes,6000.0,Rs./Quintal
Maharashtra,Pune,Pulses,Bengal Gram(Gram)(Whole),26-06-2023,4.0,Metric Tonnes,5750.0,Rs./Quintal
Maharashtra,Pune,Pulses,Black Gram(Urd Beans)(Whole),26-06-2023,3.0,Metric Tonnes,8426.67,Rs./Quintal
Maharashtra,Pune,Pulses,Green Gram(Moong)(Whole),26-06-2023,4.0,Metric Tonnes,8450.0,Rs./Quintal
Maharashtra,Pune,Pulses,Bengal Gram(Gram)(Whole),27-06-2023,3.0,Metric Tonnes,5700.0,Rs./Quintal
Maharashtra,Pune,Pulses,Green Gram(Moong)(Whole),27-06-2023,3.0,Metric Tonnes,8400.0,Rs./Quintal
Maharashtra,Pune,Pulses,Bengal Gram(Gram)(Whole),28-06-2023,4.0,Metric Tonnes,5600.0,Rs./Quintal
Maharashtra,Pune,Pulses,Black Gram(Urd Beans)(Whole),28-06-2023,1.0,Metric Tonnes,8500.0,Rs./Quintal
Maharashtra,Pune,Pulses,Green Gram(Moong)(Whole),28-06-2023,3.0,Metric Tonnes,8350.0,Rs./Quintal
Maharashtra,Pune,Pulses,Bengal Gram(Gram)(Whole),29-06-2023,3.0,Metric Tonnes,5750.0,Rs./Quintal
Maharashtra,Pune,Pulses,Green Gram(Moong)(Whole),29-06-2023,4.0,Metric Tonnes,8087.5,Rs./Quintal
Maharashtra,Pune,Pulses,Bengal Gram(Gram)(Whole),30-06-2023,4.0,Metric Tonnes,5750.0,Rs./Quintal
Maharashtra,Pune,Pulses,Green Gram(Moong)(Whole),30-06-2023,3.0,Metric Tonnes,8450.0,Rs./Quintal
Maharashtra,Pune,Pulses,Bengal Gram(Gram)(Whole),01-07-2023,3.0,Metric Tonnes,5700.0,Rs./Quintal
Maharashtra,Pune,Pulses,Black Gram(Urd Beans)(Whole),01-07-2023,1.0,Metric Tonnes,8700.0,Rs./Quintal
Maharashtra,Pune,Pulses,Green Gram(Moong)(Whole),01-07-2023,3.0,Metric Tonnes,8600.0,Rs./Quintal
Maharashtra,Pune,Pulses,Bengal Gram(Gram)(Whole),03-07-2023,4.0,Metric Tonnes,5650.0,Rs./Quintal
Maharashtra,Pune,Pulses,Black Gram(Urd Beans)(Whole),03-07-2023,2.0,Metric Tonnes,7500.0,Rs./Quintal
Maharashtra,Pune,Pulses,Green Gram(Moong)(Whole),03-07-2023,5.0,Metric Tonnes,8610.0,Rs./Quintal
Maharashtra,Pune,Pulses,Bengal Gram(Gram)(Whole),04-07-2023,3.0,Metric Tonnes,5750.0,Rs./Quintal
Maharashtra,Pune,Pulses,Green Gram(Moong)(Whole),04-07-2023,3.0,Metric Tonnes,8800.0,Rs./Quintal
Maharashtra,Pune,Pulses,Bengal Gram(Gram)(Whole),05-07-2023,4.0,Metric Tonnes,5387.5,Rs./Quintal
Maharashtra,Pune,Pulses,Green Gram(Moong)(Whole),05-07-2023,4.0,Metric Tonnes,8600.0,Rs./Quintal
Maharashtra,Pune,Pulses,Bengal Gram(Gram)(Whole),06-07-2023,4.0,Metric Tonnes,5300.25,Rs./Quintal
Maharashtra,Pune,Pulses,Green Gram(Moong)(Whole),06-07-2023,3.0,Metric Tonnes,8700.0,Rs./Quintal
Maharashtra,Pune,Pulses,Bengal Gram(Gram)(Whole),07-07-2023,4.0,Metric Tonnes,5750.0,Rs./Quintal
Maharashtra,Pune,Pulses,Green Gram(Moong)(Whole),07-07-2023,3.0,Metric Tonnes,8800.0,Rs./Quintal
Maharashtra,Pune,Pulses,Bengal Gram(Gram)(Whole),08-07-2023,4.0,Metric Tonnes,5700.0,Rs./Quintal
Maharashtra,Pune,Pulses,Green Gram(Moong)(Whole),08-07-2023,4.0,Metric Tonnes,8950.0,Rs./Quintal
Maharashtra,Pune,Pulses,Bengal Gram(Gram)(Whole),10-07-2023,4.0,Metric Tonnes,5750.0,Rs./Quintal
Maharashtra,Pune,Pulses,Black Gram(Urd Beans)(Whole),10-07-2023,3.0,Metric Tonnes,8300.0,Rs./Quintal
Maharashtra,Pune,Pulses,Green Gram(Moong)(Whole),10-07-2023,3.0,Metric Tonnes,9000.0,Rs./Quintal
Maharashtra,Pune,Pulses,Bengal Gram(Gram)(Whole),11-07-2023,3.0,Metric Tonnes,5700.0,Rs./Quintal
Maharashtra,Pune,Pulses,Green Gram(Moong)(Whole),11-07-2023,3.0,Metric Tonnes,8900.0,Rs./Quintal
Maharashtra,Pune,Pulses,Bengal Gram(Gram)(Whole),12-07-2023,4.0,Metric Tonnes,5850.0,Rs./Quintal
Maharashtra,Pune,Pulses,Black Gram(Urd Beans)(Whole),12-07-2023,1.0,Metric Tonnes,8800.0,Rs./Quintal
Maharashtra,Pune,Pulses,Green Gram(Moong)(Whole),12-07-2023,3.0,Metric Tonnes,9000.0,Rs./Quintal
Maharashtra,Pune,Pulses,Bengal Gram(Gram)(Whole),13-07-2023,3.0,Metric Tonnes,5800.0,Rs./Quintal
Maharashtra,Pune,Pulses,Green Gram(Moong)(Whole),13-07-2023,3.0,Metric Tonnes,9200.0,Rs./Quintal
Maharashtra,Pune,Pulses,Bengal Gram(Gram)(Whole),14-07-2023,3.0,Metric Tonnes,5800.0,Rs./Quintal
Maharashtra,Pune,Pulses,Black Gram(Urd Beans)(Whole),14-07-2023,1.0,Metric Tonnes,8750.0,Rs./Quintal
Maharashtra,Pune,Pulses,Green Gram(Moong)(Whole),14-07-2023,4.0,Metric Tonnes,9250.0,Rs./Quintal
Maharashtra,Pune,Pulses,Bengal Gram(Gram)(Whole),15-07-2023,3.0,Metric Tonnes,5850.0,Rs./Quintal
Maharashtra,Pune,Pulses,Green Gram(Moong)(Whole),15-07-2023,3.0,Metric Tonnes,9000.0,Rs./Quintal
Maharashtra,Pune,Pulses,Bengal Gram(Gram)(Whole),17-07-2023,4.0,Metric Tonnes,5800.0,Rs./Quintal
Maharashtra,Pune,Pulses,Black Gram(Urd Beans)(Whole),17-07-2023,1.0,Metric Tonnes,8040.0,Rs./Quintal
Maharashtra,Pune,Pulses,Green Gram(Moong)(Whole),17-07-2023,4.0,Metric Tonnes,9150.0,Rs./Quintal
Maharashtra,Pune,Pulses,Bengal Gram(Gram)(Whole),18-07-2023,3.0,Metric Tonnes,5850.0,Rs./Quintal
Maharashtra,Pune,Pulses,Green Gram(Moong)(Whole),18-07-2023,3.0,Metric Tonnes,9250.0,Rs./Quintal
Maharashtra,Pune,Pulses,Bengal Gram(Gram)(Whole),19-07-2023,4.0,Metric Tonnes,5500.0,Rs./Quintal
Maharashtra,Pune,Pulses,Green Gram(Moong)(Whole),19-07-2023,3.0,Metric Tonnes,9100.0,Rs./Quintal
Maharashtra,Pune,Pulses,Bengal Gram(Gram)(Whole),20-07-2023,3.0,Metric Tonnes,5800.0,Rs./Quintal
Maharashtra,Pune,Pulses,Green Gram(Moong)(Whole),20-07-2023,3.0,Metric Tonnes,9150.0,Rs./Quintal
Maharashtra,Pune,Pulses,Bengal Gram(Gram)(Whole),21-07-2023,3.0,Metric Tonnes,5800.0,Rs./Quintal
Maharashtra,Pune,Pulses,Green Gram(Moong)(Whole),21-07-2023,3.0,Metric Tonnes,8950.0,Rs./Quintal
Maharashtra,Pune,Pulses,Bengal Gram(Gram)(Whole),22-07-2023,4.0,Metric Tonnes,5475.25,Rs./Quintal
Maharashtra,Pune,Pulses,Green Gram(Moong)(Whole),22-07-2023,3.0,Metric Tonnes,9250.0,Rs./Quintal
Maharashtra,Pune,Pulses,Bengal Gram(Gram)(Whole),24-07-2023,4.0,Metric Tonnes,5800.0,Rs./Quintal
Maharashtra,Pune,Pulses,Black Gram(Urd Beans)(Whole),24-07-2023,1.0,Metric Tonnes,8900.0,Rs./Quintal
Maharashtra,Pune,Pulses,Green Gram(Moong)(Whole),24-07-2023,3.0,Metric Tonnes,9050.0,Rs./Quintal
Maharashtra,Pune,Pulses,Bengal Gram(Gram)(Whole),25-07-2023,3.0,Metric Tonnes,5750.0,Rs./Quintal
Maharashtra,Pune,Pulses,Green Gram(Moong)(Whole),25-07-2023,3.0,Metric Tonnes,9050.0,Rs./Quintal
Maharashtra,Pune,Pulses,Bengal Gram(Gram)(Whole),26-07-2023,3.0,Metric Tonnes,5800.0,Rs./Quintal
Maharashtra,Pune,Pulses,Green Gram(Moong)(Whole),26-07-2023,3.0,Metric Tonnes,9150.0,Rs./Quintal
Maharashtra,Pune,Pulses,Bengal Gram(Gram)(Whole),27-07-2023,3.0,Metric Tonnes,5700.0,Rs./Quintal
Maharashtra,Pune,Pulses,Black Gram(Urd Beans)(Whole),27-07-2023,2.0,Metric Tonnes,8400.0,Rs./Quintal
Maharashtra,Pune,Pulses,Green Gram(Moong)(Whole),27-07-2023,3.0,Metric Tonnes,9200.0,Rs./Quintal
Maharashtra,Pune,Pulses,Red gram/Arhar/Tur(whole),27-07-2023,1.0,Metric Tonnes,4151.0,Rs./Quintal
Maharashtra,Pune,Pulses,Bengal Gram(Gram)(Whole),28-07-2023,4.0,Metric Tonnes,5850.0,Rs./Quintal
Maharashtra,Pune,Pulses,Green Gram(Moong)(Whole),28-07-2023,3.0,Metric Tonnes,9150.0,Rs./Quintal
Maharashtra,Pune,Pulses,Bengal Gram(Gram)(Whole),29-07-2023,3.0,Metric Tonnes,5800.0,Rs./Quintal
Maharashtra,Pune,Pulses,Green Gram(Moong)(Whole),29-07-2023,4.0,Metric Tonnes,9200.0,Rs./Quintal
Maharashtra,Pune,Pulses,Bengal Gram(Gram)(Whole),31-07-2023,3.0,Metric Tonnes,5950.0,Rs./Quintal
Maharashtra,Pune,Pulses,Black Gram(Urd Beans)(Whole),31-07-2023,1.0,Metric Tonnes,4960.0,Rs./Quintal
Maharashtra,Pune,Pulses,Green Gram(Moong)(Whole),31-07-2023,4.0,Metric Tonnes,9300.0,Rs./Quintal
Maharashtra,Pune,Pulses,Bengal Gram(Gram)(Whole),01-08-2023,4.0,Metric Tonnes,5900.0,Rs./Quintal
Maharashtra,Pune,Pulses,Black Gram(Urd Beans)(Whole),01-08-2023,1.0,Metric Tonnes,9300.0,Rs./Quintal
Maharashtra,Pune,Pulses,Green Gram(Moong)(Whole),01-08-2023,4.0,Metric Tonnes,9400.0,Rs./Quintal
Maharashtra,Pune,Pulses,Bengal Gram(Gram)(Whole),02-08-2023,5.0,Metric Tonnes,5470.0,Rs./Quintal
Maharashtra,Pune,Pulses,Green Gram(Moong)(Whole),02-08-2023,4.0,Metric Tonnes,9300.0,Rs./Quintal
Maharashtra,Pune,Pulses,Bengal Gram(Gram)(Whole),03-08-2023,3.0,Metric Tonnes,5650.0,Rs./Quintal
Maharashtra,Pune,Pulses,Green Gram(Moong)(Whole),03-08-2023,3.0,Metric Tonnes,9300.0,Rs./Quintal
Maharashtra,Pune,Pulses,Bengal Gram(Gram)(Whole),04-08-2023,3.0,Metric Tonnes,5700.0,Rs./Quintal
Maharashtra,Pune,Pulses,Green Gram(Moong)(Whole),04-08-2023,4.0,Metric Tonnes,9200.0,Rs./Quintal
Maharashtra,Pune,Pulses,Bengal Gram(Gram)(Whole),05-08-2023,3.0,Metric Tonnes,5750.0,Rs./Quintal
Maharashtra,Pune,Pulses,Green Gram(Moong)(Whole),05-08-2023,3.0,Metric Tonnes,9300.0,Rs./Quintal
Maharashtra,Pune,Pulses,Bengal Gram(Gram)(Whole),07-08-2023,4.0,Metric Tonnes,5850.0,Rs./Quintal
Maharashtra,Pune,Pulses,Green Gram(Moong)(Whole),07-08-2023,5.0,Metric Tonnes,8948.0,Rs./Quintal
Maharashtra,Pune,Pulses,Bengal Gram(Gram)(Whole),08-08-2023,4.0,Metric Tonnes,6000.0,Rs./Quintal
Maharashtra,Pune,Pulses,Green Gram(Moong)(Whole),08-08-2023,3.0,Metric Tonnes,9300.0,Rs./Quintal
Maharashtra,Pune,Pulses,Bengal Gram(Gram)(Whole),09-08-2023,4.0,Metric Tonnes,5850.0,Rs./Quintal
Maharashtra,Pune,Pulses,Black Gram(Urd Beans)(Whole),09-08-2023,1.0,Metric Tonnes,9500.0,Rs./Quintal
Maharashtra,Pune,Pulses,Green Gram(Moong)(Whole),09-08-2023,4.0,Metric Tonnes,9400.0,Rs./Quintal
Maharashtra,Pune,Pulses,Bengal Gram(Gram)(Whole),10-08-2023,4.0,Metric Tonnes,5512.5,Rs./Quintal
Maharashtra,Pune,Pulses,Black Gram(Urd Beans)(Whole),10-08-2023,1.0,Metric Tonnes,7500.0,Rs./Quintal
Maharashtra,Pune,Pulses,Green Gram(Moong)(Whole),10-08-2023,3.0,Metric Tonnes,9300.0,Rs./Quintal
Maharashtra,Pune,Pulses,Red gram/Arhar/Tur(whole),10-08-2023,1.0,Metric Tonnes,4600.0,Rs./Quintal
Maharashtra,Pune,Pulses,Bengal Gram(Gram)(Whole),11-08-2023,4.0,Metric Tonnes,5750.0,Rs./Quintal
Maharashtra,Pune,Pulses,Green Gram(Moong)(Whole),11-08-2023,4.0,Metric Tonnes,9450.0,Rs./Quintal
Maharashtra,Pune,Pulses,Bengal Gram(Gram)(Whole),12-08-2023,4.0,Metric Tonnes,5850.0,Rs./Quintal
Maharashtra,Pune,Pulses,Black Gram(Urd Beans)(Whole),12-08-2023,1.0,Metric Tonnes,9500.0,Rs./Quintal
Maharashtra,Pune,Pulses,Green Gram(Moong)(Whole),12-08-2023,3.0,Metric Tonnes,9400.0,Rs./Quintal
Maharashtra,Pune,Pulses,Bengal Gram(Gram)(Whole),14-08-2023,3.0,Metric Tonnes,5900.0,Rs./Quintal
Maharashtra,Pune,Pulses,Green Gram(Moong)(Whole),14-08-2023,5.0,Metric Tonnes,8800.0,Rs./Quintal
Maharashtra,Pune,Pulses,Bengal Gram(Gram)(Whole),17-08-2023,5.0,Metric Tonnes,5600.0,Rs./Quintal
Maharashtra,Pune,Pulses,Black Gram(Urd Beans)(Whole),17-08-2023,1.0,Metric Tonnes,9800.0,Rs./Quintal
Maharashtra,Pune,Pulses,Green Gram(Moong)(Whole),17-08-2023,4.0,Metric Tonnes,9300.0,Rs./Quintal
Maharashtra,Pune,Pulses,Bengal Gram(Gram)(Whole),18-08-2023,4.0,Metric Tonnes,5900.0,Rs./Quintal
Maharashtra,Pune,Pulses,Green Gram(Moong)(Whole),18-08-2023,3.0,Metric Tonnes,9500.0,Rs./Quintal
Maharashtra,Pune,Pulses,Bengal Gram(Gram)(Whole),19-08-2023,4.0,Metric Tonnes,6050.0,Rs./Quintal
Maharashtra,Pune,Pulses,Black Gram(Urd Beans)(Whole),19-08-2023,1.0,Metric Tonnes,9500.0,Rs./Quintal
Maharashtra,Pune,Pulses,Green Gram(Moong)(Whole),19-08-2023,3.0,Metric Tonnes,9350.0,Rs./Quintal
Maharashtra,Pune,Pulses,Bengal Gram(Gram)(Whole),21-08-2023,4.0,Metric Tonnes,6150.0,Rs./Quintal
Maharashtra,Pune,Pulses,Black Gram(Urd Beans)(Whole),21-08-2023,2.0,Metric Tonnes,8250.0,Rs./Quintal
Maharashtra,Pune,Pulses,Green Gram(Moong)(Whole),21-08-2023,4.0,Metric Tonnes,9400.0,Rs./Quintal
Maharashtra,Pune,Pulses,Bengal Gram(Gram)(Whole),22-08-2023,3.0,Metric Tonnes,6100.0,Rs./Quintal
Maharashtra,Pune,Pulses,Black Gram(Urd Beans)(Whole),22-08-2023,1.0,Metric Tonnes,9300.0,Rs./Quintal
Maharashtra,Pune,Pulses,Green Gram(Moong)(Whole),22-08-2023,4.0,Metric Tonnes,9500.0,Rs./Quintal
Maharashtra,Pune,Pulses,Bengal Gram(Gram)(Whole),23-08-2023,3.0,Metric Tonnes,5900.0,Rs./Quintal
Maharashtra,Pune,Pulses,Green Gram(Moong)(Whole),23-08-2023,4.0,Metric Tonnes,9600.0,Rs./Quintal
Maharashtra,Pune,Pulses,Bengal Gram(Gram)(Whole),24-08-2023,4.0,Metric Tonnes,6000.0,Rs./Quintal
Maharashtra,Pune,Pulses,Black Gram(Urd Beans)(Whole),24-08-2023,2.0,Metric Tonnes,8600.0,Rs./Quintal
Maharashtra,Pune,Pulses,Green Gram(Moong)(Whole),24-08-2023,3.0,Metric Tonnes,9600.0,Rs./Quintal
Maharashtra,Pune,Pulses,Bengal Gram(Gram)(Whole),25-08-2023,4.0,Metric Tonnes,5900.0,Rs./Quintal
Maharashtra,Pune,Pulses,Black Gram(Urd Beans)(Whole),25-08-2023,1.0,Metric Tonnes,9700.0,Rs./Quintal
Maharashtra,Pune,Pulses,Green Gram(Moong)(Whole),25-08-2023,4.0,Metric Tonnes,9450.0,Rs./Quintal
Maharashtra,Pune,Pulses,Bengal Gram(Gram)(Whole),26-08-2023,3.0,Metric Tonnes,6100.0,Rs./Quintal
Maharashtra,Pune,Pulses,Green Gram(Moong)(Whole),26-08-2023,4.0,Metric Tonnes,9500.0,Rs./Quintal
Maharashtra,Pune,Pulses,Bengal Gram(Gram)(Whole),28-08-2023,4.0,Metric Tonnes,6150.0,Rs./Quintal
Maharashtra,Pune,Pulses,Green Gram(Moong)(Whole),28-08-2023,4.0,Metric Tonnes,9500.0,Rs./Quintal
Maharashtra,Pune,Pulses,Bengal Gram(Gram)(Whole),29-08-2023,3.0,Metric Tonnes,5950.0,Rs./Quintal
Maharashtra,Pune,Pulses,Green Gram(Moong)(Whole),29-08-2023,3.0,Metric Tonnes,9300.0,Rs./Quintal
Maharashtra,Pune,Pulses,Bengal Gram(Gram)(Whole),30-08-2023,4.0,Metric Tonnes,5850.0,Rs./Quintal
Maharashtra,Pune,Pulses,Black Gram(Urd Beans)(Whole),30-08-2023,1.0,Metric Tonnes,9250.0,Rs./Quintal
Maharashtra,Pune,Pulses,Green Gram(Moong)(Whole),30-08-2023,3.0,Metric Tonnes,9200.0,Rs./Quintal
Maharashtra,Pune,Pulses,Bengal Gram(Gram)(Whole),31-08-2023,4.0,Metric Tonnes,5900.0,Rs./Quintal
Maharashtra,Pune,Pulses,Black Gram(Urd Beans)(Whole),31-08-2023,1.0,Metric Tonnes,9291.0,Rs./Quintal
Maharashtra,Pune,Pulses,Green Gram(Moong)(Whole),31-08-2023,3.0,Metric Tonnes,9350.0,Rs./Quintal
Maharashtra,Pune,Pulses,Bengal Gram(Gram)(Whole),01-09-2023,4.0,Metric Tonnes,6100.0,Rs./Quintal
Maharashtra,Pune,Pulses,Black Gram(Urd Beans)(Whole),01-09-2023,1.0,Metric Tonnes,10000.0,Rs./Quintal
Maharashtra,Pune,Pulses,Green Gram(Moong)(Whole),01-09-2023,4.0,Metric Tonnes,9500.0,Rs./Quintal
Maharashtra,Pune,Pulses,Bengal Gram(Gram)(Whole),02-09-2023,4.0,Metric Tonnes,6200.0,Rs./Quintal
Maharashtra,Pune,Pulses,Green Gram(Moong)(Whole),02-09-2023,4.0,Metric Tonnes,9600.0,Rs./Quintal
Maharashtra,Pune,Pulses,Bengal Gram(Gram)(Whole),04-09-2023,4.0,Metric Tonnes,6100.0,Rs./Quintal
Maharashtra,Pune,Pulses,Black Gram(Urd Beans)(Whole),04-09-2023,1.0,Metric Tonnes,10000.0,Rs./Quintal
Maharashtra,Pune,Pulses,Green Gram(Moong)(Whole),04-09-2023,4.0,Metric Tonnes,9700.0,Rs./Quintal
Maharashtra,Pune,Pulses,Bengal Gram(Gram)(Whole),05-09-2023,4.0,Metric Tonnes,6250.0,Rs./Quintal
Maharashtra,Pune,Pulses,Green Gram(Moong)(Whole),05-09-2023,3.0,Metric Tonnes,9850.0,Rs./Quintal
Maharashtra,Pune,Pulses,Bengal Gram(Gram)(Whole),06-09-2023,4.0,Metric Tonnes,6100.0,Rs./Quintal
Maharashtra,Pune,Pulses,Black Gram(Urd Beans)(Whole),06-09-2023,1.0,Metric Tonnes,10000.0,Rs./Quintal
Maharashtra,Pune,Pulses,Green Gram(Moong)(Whole),06-09-2023,4.0,Metric Tonnes,9700.0,Rs./Quintal
Maharashtra,Pune,Pulses,Black Gram(Urd Beans)(Whole),07-09-2023,21.0,Metric Tonnes,9621.0,Rs./Quintal
Maharashtra,Pune,Pulses,Bengal Gram(Gram)(Whole),08-09-2023,4.0,Metric Tonnes,6100.0,Rs./Quintal
Maharashtra,Pune,Pulses,Green Gram(Moong)(Whole),08-09-2023,4.0,Metric Tonnes,9400.0,Rs./Quintal
Maharashtra,Pune,Pulses,Bengal Gram(Gram)(Whole),09-09-2023,4.0,Metric Tonnes,6100.0,Rs./Quintal
Maharashtra,Pune,Pulses,Black Gram(Urd Beans)(Whole),09-09-2023,1.0,Metric Tonnes,10000.0,Rs./Quintal
Maharashtra,Pune,Pulses,Green Gram(Moong)(Whole),09-09-2023,3.0,Metric Tonnes,9700.0,Rs./Quintal
Maharashtra,Pune,Pulses,Bengal Gram(Gram)(Whole),11-09-2023,4.0,Metric Tonnes,6200.0,Rs./Quintal
Maharashtra,Pune,Pulses,Black Gram(Urd Beans)(Whole),11-09-2023,19.0,Metric Tonnes,9150.0,Rs./Quintal
Maharashtra,Pune,Pulses,Green Gram(Moong)(Whole),11-09-2023,5.0,Metric Tonnes,9818.0,Rs./Quintal
Maharashtra,Pune,Pulses,Bengal Gram(Gram)(Whole),12-09-2023,4.0,Metric Tonnes,6300.0,Rs./Quintal
Maharashtra,Pune,Pulses,Black Gram(Urd Beans)(Whole),12-09-2023,1.0,Metric Tonnes,10050.0,Rs./Quintal
Maharashtra,Pune,Pulses,Green Gram(Moong)(Whole),12-09-2023,3.0,Metric Tonnes,9400.0,Rs./Quintal
Maharashtra,Pune,Pulses,Bengal Gram(Gram)(Whole),13-09-2023,4.0,Metric Tonnes,6450.0,Rs./Quintal
Maharashtra,Pune,Pulses,Black Gram(Urd Beans)(Whole),13-09-2023,1.0,Metric Tonnes,9950.0,Rs./Quintal
Maharashtra,Pune,Pulses,Green Gram(Moong)(Whole),13-09-2023,4.0,Metric Tonnes,9600.0,Rs./Quintal
Maharashtra,Pune,Pulses,Bengal Gram(Gram)(Whole),14-09-2023,5.0,Metric Tonnes,6265.1,Rs./Quintal
Maharashtra,Pune,Pulses,Black Gram(Urd Beans)(Whole),14-09-2023,41.0,Metric Tonnes,8500.0,Rs./Quintal
Maharashtra,Pune,Pulses,Green Gram(Moong)(Whole),14-09-2023,4.0,Metric Tonnes,9700.0,Rs./Quintal
Maharashtra,Pune,Pulses,Bengal Gram(Gram)(Whole),15-09-2023,4.0,Metric Tonnes,6300.0,Rs./Quintal
Maharashtra,Pune,Pulses,Black Gram(Urd Beans)(Whole),15-09-2023,1.0,Metric Tonnes,9900.0,Rs./Quintal
Maharashtra,Pune,Pulses,Green Gram(Moong)(Whole),15-09-2023,4.0,Metric Tonnes,9500.0,Rs./Quintal
Maharashtra,Pune,Pulses,Bengal Gram(Gram)(Whole),16-09-2023,4.0,Metric Tonnes,6250.0,Rs./Quintal
Maharashtra,Pune,Pulses,Green Gram(Moong)(Whole),16-09-2023,4.0,Metric Tonnes,9700.0,Rs./Quintal
Maharashtra,Pune,Pulses,Bengal Gram(Gram)(Whole),18-09-2023,4.0,Metric Tonnes,6350.0,Rs./Quintal
Maharashtra,Pune,Pulses,Black Gram(Urd Beans)(Whole),18-09-2023,1.0,Metric Tonnes,9750.0,Rs./Quintal
Maharashtra,Pune,Pulses,Green Gram(Moong)(Whole),18-09-2023,4.0,Metric Tonnes,9750.0,Rs./Quintal
Maharashtra,Pune,Pulses,Bengal Gram(Gram)(Whole),19-09-2023,4.0,Metric Tonnes,6400.0,Rs./Quintal
Maharashtra,Pune,Pulses,Green Gram(Moong)(Whole),19-09-2023,3.0,Metric Tonnes,9600.0,Rs./Quintal
Maharashtra,Pune,Pulses,Bengal Gram(Gram)(Whole),20-09-2023,4.0,Metric Tonnes,6450.0,Rs./Quintal
Maharashtra,Pune,Pulses,Black Gram(Urd Beans)(Whole),20-09-2023,1.0,Metric Tonnes,9900.0,Rs./Quintal
Maharashtra,Pune,Pulses,Green Gram(Moong)(Whole),20-09-2023,4.0,Metric Tonnes,9600.0,Rs./Quintal
Maharashtra,Pune,Pulses,Bengal Gram(Gram)(Whole),21-09-2023,4.0,Metric Tonnes,6350.0,Rs./Quintal
Maharashtra,Pune,Pulses,Black Gram(Urd Beans)(Whole),21-09-2023,1.0,Metric Tonnes,10000.0,Rs./Quintal
Maharashtra,Pune,Pulses,Green Gram(Moong)(Whole),21-09-2023,4.0,Metric Tonnes,9550.0,Rs./Quintal
Maharashtra,Pune,Pulses,Bengal Gram(Gram)(Whole),22-09-2023,4.0,Metric Tonnes,6300.0,Rs./Quintal
Maharashtra,Pune,Pulses,Green Gram(Moong)(Whole),22-09-2023,4.0,Metric Tonnes,9500.0,Rs./Quintal
Maharashtra,Pune,Pulses,Bengal Gram(Gram)(Whole),23-09-2023,4.0,Metric Tonnes,6250.0,Rs./Quintal
Maharashtra,Pune,Pulses,Green Gram(Moong)(Whole),23-09-2023,3.0,Metric Tonnes,9700.0,Rs./Quintal
Maharashtra,Pune,Pulses,Bengal Gram(Gram)(Whole),25-09-2023,4.0,Metric Tonnes,6350.0,Rs./Quintal
Maharashtra,Pune,Pulses,Black Gram(Urd Beans)(Whole),25-09-2023,20.0,Metric Tonnes,8910.0,Rs./Quintal
Maharashtra,Pune,Pulses,Green Gram(Moong)(Whole),25-09-2023,6.0,Metric Tonnes,9400.0,Rs./Quintal
Maharashtra,Pune,Pulses,Bengal Gram(Gram)(Whole),26-09-2023,4.0,Metric Tonnes,6200.0,Rs./Quintal
Maharashtra,Pune,Pulses,Black Gram(Urd Beans)(Whole),26-09-2023,1.0,Metric Tonnes,10150.0,Rs./Quintal
Maharashtra,Pune,Pulses,Green Gram(Moong)(Whole),26-09-2023,4.0,Metric Tonnes,9400.0,Rs./Quintal
Maharashtra,Pune,Pulses,Bengal Gram(Gram)(Whole),27-09-2023,4.0,Metric Tonnes,6300.0,Rs./Quintal
Maharashtra,Pune,Pulses,Black Gram(Urd Beans)(Whole),27-09-2023,1.0,Metric Tonnes,10200.0,Rs./Quintal
Maharashtra,Pune,Pulses,Green Gram(Moong)(Whole),27-09-2023,4.0,Metric Tonnes,9350.0,Rs./Quintal
Maharashtra,Pune,Pulses,Bengal Gram(Gram)(Whole),28-09-2023,4.0,Metric Tonnes,6350.0,Rs./Quintal
Maharashtra,Pune,Pulses,Green Gram(Moong)(Whole),28-09-2023,3.0,Metric Tonnes,9600.0,Rs./Quintal
Maharashtra,Pune,Pulses,Bengal Gram(Gram)(Whole),29-09-2023,3.0,Metric Tonnes,6250.0,Rs./Quintal
Maharashtra,Pune,Pulses,Green Gram(Moong)(Whole),29-09-2023,3.0,Metric Tonnes,9800.0,Rs./Quintal
Maharashtra,Pune,Pulses,Bengal Gram(Gram)(Whole),30-09-2023,4.0,Metric Tonnes,6350.0,Rs./Quintal
Maharashtra,Pune,Pulses,Green Gram(Moong)(Whole),30-09-2023,4.0,Metric Tonnes,9600.0,Rs./Quintal
Maharashtra,Pune,Pulses,Black Gram(Urd Beans)(Whole),01-10-2023,1.0,Metric Tonnes,8100.0,Rs./Quintal
Maharashtra,Pune,Pulses,Bengal Gram(Gram)(Whole),02-10-2023,3.0,Metric Tonnes,6300.0,Rs./Quintal
Maharashtra,Pune,Pulses,Black Gram(Urd Beans)(Whole),02-10-2023,1.0,Metric Tonnes,9900.0,Rs./Quintal
Maharashtra,Pune,Pulses,Green Gram(Moong)(Whole),02-10-2023,3.0,Metric Tonnes,9500.0,Rs./Quintal
Maharashtra,Pune,Pulses,Bengal Gram(Gram)(Whole),03-10-2023,4.0,Metric Tonnes,6400.0,Rs./Quintal
Maharashtra,Pune,Pulses,Black Gram(Urd Beans)(Whole),03-10-2023,1.0,Metric Tonnes,10100.0,Rs./Quintal
Maharashtra,Pune,Pulses,Green Gram(Moong)(Whole),03-10-2023,4.0,Metric Tonnes,9400.0,Rs./Quintal
Maharashtra,Pune,Pulses,Bengal Gram(Gram)(Whole),04-10-2023,4.0,Metric Tonnes,6450.0,Rs./Quintal
Maharashtra,Pune,Pulses,Black Gram(Urd Beans)(Whole),04-10-2023,1.0,Metric Tonnes,10200.0,Rs./Quintal
Maharashtra,Pune,Pulses,Green Gram(Moong)(Whole),04-10-2023,4.0,Metric Tonnes,9350.0,Rs./Quintal
Maharashtra,Pune,Pulses,Black Gram(Urd Beans)(Whole),05-10-2023,17.0,Metric Tonnes,8200.0,Rs./Quintal
Maharashtra,Pune,Pulses,Green Gram(Moong)(Whole),05-10-2023,3.0,Metric Tonnes,9000.0,Rs./Quintal
Maharashtra,Pune,Pulses,Bengal Gram(Gram)(Whole),06-10-2023,4.0,Metric Tonnes,6600.0,Rs./Quintal
Maharashtra,Pune,Pulses,Green Gram(Moong)(Whole),06-10-2023,4.0,Metric Tonnes,9600.0,Rs./Quintal
Maharashtra,Pune,Pulses,Bengal Gram(Gram)(Whole),07-10-2023,4.0,Metric Tonnes,6700.0,Rs./Quintal
Maharashtra,Pune,Pulses,Black Gram(Urd Beans)(Whole),07-10-2023,1.0,Metric Tonnes,10200.0,Rs./Quintal
Maharashtra,Pune,Pulses,Green Gram(Moong)(Whole),07-10-2023,4.0,Metric Tonnes,9700.0,Rs./Quintal
Maharashtra,Pune,Pulses,Bengal Gram(Gram)(Whole),09-10-2023,4.0,Metric Tonnes,6600.0,Rs./Quintal
Maharashtra,Pune,Pulses,Black Gram(Urd Beans)(Whole),09-10-2023,24.0,Metric Tonnes,8570.83,Rs./Quintal
Maharashtra,Pune,Pulses,Green Gram(Moong)(Whole),09-10-2023,5.0,Metric Tonnes,9520.0,Rs./Quintal
Maharashtra,Pune,Pulses,Bengal Gram(Gram)(Whole),10-10-2023,4.0,Metric Tonnes,6500.0,Rs./Quintal
Maharashtra,Pune,Pulses,Green Gram(Moong)(Whole),10-10-2023,4.0,Metric Tonnes,9700.0,Rs./Quintal
Maharashtra,Pune,Pulses,Bengal Gram(Gram)(Whole),11-10-2023,4.0,Metric Tonnes,6550.0,Rs./Quintal
Maharashtra,Pune,Pulses,Black Gram(Urd Beans)(Whole),11-10-2023,1.0,Metric Tonnes,10300.0,Rs./Quintal
Maharashtra,Pune,Pulses,Green Gram(Moong)(Whole),11-10-2023,4.0,Metric Tonnes,9650.0,Rs./Quintal
Maharashtra,Pune,Pulses,Bengal Gram(Gram)(Whole),12-10-2023,4.0,Metric Tonnes,6600.0,Rs./Quintal
Maharashtra,Pune,Pulses,Black Gram(Urd Beans)(Whole),12-10-2023,30.0,Metric Tonnes,8555.0,Rs./Quintal
Maharashtra,Pune,Pulses,Green Gram(Moong)(Whole),12-10-2023,6.0,Metric Tonnes,8966.67,Rs./Quintal
Maharashtra,Pune,Pulses,Bengal Gram(Gram)(Whole),13-10-2023,4.0,Metric Tonnes,6500.0,Rs./Quintal
Maharashtra,Pune,Pulses,Green Gram(Moong)(Whole),13-10-2023,4.0,Metric Tonnes,9700.0,Rs./Quintal
Maharashtra,Pune,Pulses,Red gram/Arhar/Tur(whole),13-10-2023,1.0,Metric Tonnes,6000.0,Rs./Quintal
Maharashtra,Pune,Pulses,Bengal Gram(Gram)(Whole),14-10-2023,4.0,Metric Tonnes,6600.0,Rs./Quintal
Maharashtra,Pune,Pulses,Green Gram(Moong)(Whole),14-10-2023,4.0,Metric Tonnes,9450.0,Rs./Quintal
Maharashtra,Pune,Pulses,Bengal Gram(Gram)(Whole),15-10-2023,1.0,Metric Tonnes,4800.0,Rs./Quintal
Maharashtra,Pune,Pulses,Bengal Gram(Gram)(Whole),16-10-2023,4.0,Metric Tonnes,6600.0,Rs./Quintal
Maharashtra,Pune,Pulses,Black Gram(Urd Beans)(Whole),16-10-2023,1.0,Metric Tonnes,10050.0,Rs./Quintal
Maharashtra,Pune,Pulses,Green Gram(Moong)(Whole),16-10-2023,4.0,Metric Tonnes,9950.0,Rs./Quintal
Maharashtra,Pune,Pulses,Bengal Gram(Gram)(Whole),17-10-2023,4.0,Metric Tonnes,6800.0,Rs./Quintal
Maharashtra,Pune,Pulses,Black Gram(Urd Beans)(Whole),17-10-2023,1.0,Metric Tonnes,10000.0,Rs./Quintal
Maharashtra,Pune,Pulses,Green Gram(Moong)(Whole),17-10-2023,4.0,Metric Tonnes,9800.0,Rs./Quintal
Maharashtra,Pune,Pulses,Bengal Gram(Gram)(Whole),18-10-2023,5.0,Metric Tonnes,6385.0,Rs./Quintal
Maharashtra,Pune,Pulses,Green Gram(Moong)(Whole),18-10-2023,4.0,Metric Tonnes,9500.0,Rs./Quintal
Maharashtra,Pune,Pulses,Bengal Gram(Gram)(Whole),19-10-2023,4.0,Metric Tonnes,6800.0,Rs./Quintal
Maharashtra,Pune,Pulses,Black Gram(Urd Beans)(Whole),19-10-2023,24.0,Metric Tonnes,8370.83,Rs./Quintal
Maharashtra,Pune,Pulses,Green Gram(Moong)(Whole),19-10-2023,8.0,Metric Tonnes,10000.0,Rs./Quintal
Maharashtra,Pune,Pulses,Bengal Gram(Gram)(Whole),20-10-2023,4.0,Metric Tonnes,6600.0,Rs./Quintal
Maharashtra,Pune,Pulses,Green Gram(Moong)(Whole),20-10-2023,4.0,Metric Tonnes,9950.0,Rs./Quintal
Maharashtra,Pune,Pulses,Bengal Gram(Gram)(Whole),21-10-2023,4.0,Metric Tonnes,6700.0,Rs./Quintal
Maharashtra,Pune,Pulses,Black Gram(Urd Beans)(Whole),21-10-2023,1.0,Metric Tonnes,10100.0,Rs./Quintal
Maharashtra,Pune,Pulses,Green Gram(Moong)(Whole),21-10-2023,4.0,Metric Tonnes,9900.0,Rs./Quintal
Maharashtra,Pune,Pulses,Bengal Gram(Gram)(Whole),23-10-2023,4.0,Metric Tonnes,6700.0,Rs./Quintal
Maharashtra,Pune,Pulses,Black Gram(Urd Beans)(Whole),23-10-2023,1.0,Metric Tonnes,9850.0,Rs./Quintal
Maharashtra,Pune,Pulses,Green Gram(Moong)(Whole),23-10-2023,4.0,Metric Tonnes,9900.0,Rs./Quintal
Maharashtra,Pune,Pulses,Bengal Gram(Gram)(Whole),24-10-2023,4.0,Metric Tonnes,6800.0,Rs./Quintal
Maharashtra,Pune,Pulses,Green Gram(Moong)(Whole),24-10-2023,3.0,Metric Tonnes,10000.0,Rs./Quintal
Maharashtra,Pune,Pulses,Bengal Gram(Gram)(Whole),25-10-2023,4.0,Metric Tonnes,6700.0,Rs./Quintal
Maharashtra,Pune,Pulses,Green Gram(Moong)(Whole),25-10-2023,3.0,Metric Tonnes,9850.0,Rs./Quintal
Maharashtra,Pune,Pulses,Bengal Gram(Gram)(Whole),26-10-2023,4.0,Metric Tonnes,6800.0,Rs./Quintal
Maharashtra,Pune,Pulses,Black Gram(Urd Beans)(Whole),26-10-2023,7.0,Metric Tonnes,9300.0,Rs./Quintal
Maharashtra,Pune,Pulses,Green Gram(Moong)(Whole),26-10-2023,4.0,Metric Tonnes,9950.0,Rs./Quintal
Maharashtra,Pune,Pulses,Bengal Gram(Gram)(Whole),27-10-2023,4.0,Metric Tonnes,6850.0,Rs./Quintal
Maharashtra,Pune,Pulses,Green Gram(Moong)(Whole),27-10-2023,4.0,Metric Tonnes,9850.0,Rs./Quintal
Maharashtra,Pune,Pulses,Red gram/Arhar/Tur(whole),27-10-2023,1.0,Metric Tonnes,6500.0,Rs./Quintal
Maharashtra,Pune,Pulses,Bengal Gram(Gram)(Whole),28-10-2023,4.0,Metric Tonnes,6700.0,Rs./Quintal
Maharashtra,Pune,Pulses,Black Gram(Urd Beans)(Whole),28-10-2023,1.0,Metric Tonnes,10100.0,Rs./Quintal
Maharashtra,Pune,Pulses,Green Gram(Moong)(Whole),28-10-2023,4.0,Metric Tonnes,9850.0,Rs./Quintal
Maharashtra,Pune,Pulses,Bengal Gram(Gram)(Whole),30-10-2023,4.0,Metric Tonnes,6900.0,Rs./Quintal
Maharashtra,Pune,Pulses,Black Gram(Urd Beans)(Whole),30-10-2023,9.0,Metric Tonnes,9400.0,Rs./Quintal
Maharashtra,Pune,Pulses,Green Gram(Moong)(Whole),30-10-2023,6.0,Metric Tonnes,9900.0,Rs./Quintal
Maharashtra,Pune,Pulses,Red gram/Arhar/Tur(whole),30-10-2023,1.0,Metric Tonnes,9451.0,Rs./Quintal
Maharashtra,Pune,Pulses,Bengal Gram(Gram)(Whole),31-10-2023,4.0,Metric Tonnes,7000.0,Rs./Quintal
Maharashtra,Pune,Pulses,Black Gram(Urd Beans)(Whole),31-10-2023,1.0,Metric Tonnes,10100.0,Rs./Quintal
Maharashtra,Pune,Pulses,Green Gram(Moong)(Whole),31-10-2023,4.0,Metric Tonnes,9850.0,Rs./Quintal
Maharashtra,Pune,Pulses,Bengal Gram(Gram)(Whole),01-11-2023,4.0,Metric Tonnes,6900.0,Rs./Quintal
Maharashtra,Pune,Pulses,Green Gram(Moong)(Whole),01-11-2023,4.0,Metric Tonnes,9700.0,Rs./Quintal
Maharashtra,Pune,Pulses,Bengal Gram(Gram)(Whole),02-11-2023,4.0,Metric Tonnes,7000.0,Rs./Quintal
Maharashtra,Pune,Pulses,Black Gram(Urd Beans)(Whole),02-11-2023,9.0,Metric Tonnes,9616.67,Rs./Quintal
Maharashtra,Pune,Pulses,Green Gram(Moong)(Whole),02-11-2023,4.0,Metric Tonnes,9500.0,Rs./Quintal
Maharashtra,Pune,Pulses,Bengal Gram(Gram)(Whole),03-11-2023,4.0,Metric Tonnes,7150.0,Rs./Quintal
Maharashtra,Pune,Pulses,Green Gram(Moong)(Whole),03-11-2023,4.0,Metric Tonnes,9300.0,Rs./Quintal
Maharashtra,Pune,Pulses,Red gram/Arhar/Tur(whole),03-11-2023,4.0,Metric Tonnes,5500.0,Rs./Quintal
Maharashtra,Pune,Pulses,Bengal Gram(Gram)(Whole),04-11-2023,4.0,Metric Tonnes,6950.0,Rs./Quintal
Maharashtra,Pune,Pulses,Black Gram(Urd Beans)(Whole),04-11-2023,1.0,Metric Tonnes,10000.0,Rs./Quintal
Maharashtra,Pune,Pulses,Green Gram(Moong)(Whole),04-11-2023,4.0,Metric Tonnes,9400.0,Rs./Quintal
Maharashtra,Pune,Pulses,Bengal Gram(Gram)(Whole),06-11-2023,4.0,Metric Tonnes,6900.0,Rs./Quintal
Maharashtra,Pune,Pulses,Black Gram(Urd Beans)(Whole),06-11-2023,4.0,Metric Tonnes,9525.75,Rs./Quintal
Maharashtra,Pune,Pulses,Green Gram(Moong)(Whole),06-11-2023,6.0,Metric Tonnes,9000.0,Rs./Quintal
Maharashtra,Pune,Pulses,Red gram/Arhar/Tur(whole),06-11-2023,4.0,Metric Tonnes,5650.0,Rs./Quintal
Maharashtra,Pune,Pulses,Bengal Gram(Gram)(Whole),07-11-2023,4.0,Metric Tonnes,7000.0,Rs./Quintal
Maharashtra,Pune,Pulses,Green Gram(Moong)(Whole),07-11-2023,4.0,Metric Tonnes,9600.0,Rs./Quintal
Maharashtra,Pune,Pulses,Bengal Gram(Gram)(Whole),08-11-2023,4.0,Metric Tonnes,6900.0,Rs./Quintal
Maharashtra,Pune,Pulses,Black Gram(Urd Beans)(Whole),08-11-2023,1.0,Metric Tonnes,10300.0,Rs./Quintal
Maharashtra,Pune,Pulses,Green Gram(Moong)(Whole),08-11-2023,4.0,Metric Tonnes,9650.0,Rs./Quintal
Maharashtra,Pune,Pulses,Bengal Gram(Gram)(Whole),09-11-2023,4.0,Metric Tonnes,7000.0,Rs./Quintal
Maharashtra,Pune,Pulses,Black Gram(Urd Beans)(Whole),09-11-2023,1.0,Metric Tonnes,10250.0,Rs./Quintal
Maharashtra,Pune,Pulses,Green Gram(Moong)(Whole),09-11-2023,4.0,Metric Tonnes,9600.0,Rs./Quintal
Maharashtra,Pune,Pulses,Bengal Gram(Gram)(Whole),10-11-2023,4.0,Metric Tonnes,6950.0,Rs./Quintal
Maharashtra,Pune,Pulses,Black Gram(Urd Beans)(Whole),10-11-2023,1.0,Metric Tonnes,10000.0,Rs./Quintal
Maharashtra,Pune,Pulses,Green Gram(Moong)(Whole),10-11-2023,4.0,Metric Tonnes,9400.0,Rs./Quintal
Maharashtra,Pune,Pulses,Bengal Gram(Gram)(Whole),11-11-2023,4.0,Metric Tonnes,6900.0,Rs./Quintal
Maharashtra,Pune,Pulses,Black Gram(Urd Beans)(Whole),11-11-2023,1.0,Metric Tonnes,10200.0,Rs./Quintal
Maharashtra,Pune,Pulses,Green Gram(Moong)(Whole),11-11-2023,4.0,Metric Tonnes,9500.0,Rs./Quintal
Maharashtra,Pune,Pulses,Bengal Gram(Gram)(Whole),14-11-2023,4.0,Metric Tonnes,7000.0,Rs./Quintal
Maharashtra,Pune,Pulses,Black Gram(Urd Beans)(Whole),14-11-2023,1.0,Metric Tonnes,10350.0,Rs./Quintal
Maharashtra,Pune,Pulses,Green Gram(Moong)(Whole),14-11-2023,4.0,Metric Tonnes,9600.0,Rs./Quintal
Maharashtra,Pune,Pulses,Bengal Gram(Gram)(Whole),15-11-2023,5.0,Metric Tonnes,6900.0,Rs./Quintal
Maharashtra,Pune,Pulses,Black Gram(Urd Beans)(Whole),15-11-2023,1.0,Metric Tonnes,10300.0,Rs./Quintal
Maharashtra,Pune,Pulses,Green Gram(Moong)(Whole),15-11-2023,5.0,Metric Tonnes,9650.0,Rs./Quintal
Maharashtra,Pune,Pulses,Bengal Gram(Gram)(Whole),16-11-2023,3.0,Metric Tonnes,4500.0,Rs./Quintal
Maharashtra,Pune,Pulses,Black Gram(Urd Beans)(Whole),16-11-2023,3.0,Metric Tonnes,7650.33,Rs./Quintal
Maharashtra,Pune,Pulses,Green Gram(Moong)(Whole),16-11-2023,1.0,Metric Tonnes,8000.0,Rs./Quintal
Maharashtra,Pune,Pulses,Bengal Gram(Gram)(Whole),17-11-2023,4.0,Metric Tonnes,6950.0,Rs./Quintal
Maharashtra,Pune,Pulses,Green Gram(Moong)(Whole),17-11-2023,4.0,Metric Tonnes,9700.0,Rs./Quintal
Maharashtra,Pune,Pulses,Bengal Gram(Gram)(Whole),18-11-2023,4.0,Metric Tonnes,7000.0,Rs./Quintal
Maharashtra,Pune,Pulses,Green Gram(Moong)(Whole),18-11-2023,4.0,Metric Tonnes,9850.0,Rs./Quintal
Maharashtra,Pune,Pulses,Bengal Gram(Gram)(Whole),20-11-2023,4.0,Metric Tonnes,7050.0,Rs./Quintal
Maharashtra,Pune,Pulses,Black Gram(Urd Beans)(Whole),20-11-2023,4.0,Metric Tonnes,8937.5,Rs./Quintal
Maharashtra,Pune,Pulses,Green Gram(Moong)(Whole),20-11-2023,5.0,Metric Tonnes,9820.0,Rs./Quintal
Maharashtra,Pune,Pulses,Bengal Gram(Gram)(Whole),21-11-2023,4.0,Metric Tonnes,6950.0,Rs./Quintal
Maharashtra,Pune,Pulses,Green Gram(Moong)(Whole),21-11-2023,4.0,Metric Tonnes,9850.0,Rs./Quintal
Maharashtra,Pune,Pulses,Bengal Gram(Gram)(Whole),22-11-2023,5.0,Metric Tonnes,6530.0,Rs./Quintal
Maharashtra,Pune,Pulses,Green Gram(Moong)(Whole),22-11-2023,4.0,Metric Tonnes,9700.0,Rs./Quintal
Maharashtra,Pune,Pulses,Bengal Gram(Gram)(Whole),23-11-2023,4.0,Metric Tonnes,7150.0,Rs./Quintal
Maharashtra,Pune,Pulses,Black Gram(Urd Beans)(Whole),23-11-2023,7.0,Metric Tonnes,9171.43,Rs./Quintal
Maharashtra,Pune,Pulses,Green Gram(Moong)(Whole),23-11-2023,4.0,Metric Tonnes,9750.0,Rs./Quintal
Maharashtra,Pune,Pulses,Bengal Gram(Gram)(Whole),24-11-2023,4.0,Metric Tonnes,7050.0,Rs./Quintal
Maharashtra,Pune,Pulses,Green Gram(Moong)(Whole),24-11-2023,4.0,Metric Tonnes,9800.0,Rs./Quintal
Maharashtra,Pune,Pulses,Bengal Gram(Gram)(Whole),25-11-2023,4.0,Metric Tonnes,7050.0,Rs./Quintal
Maharashtra,Pune,Pulses,Green Gram(Moong)(Whole),25-11-2023,4.0,Metric Tonnes,9900.0,Rs./Quintal
Maharashtra,Pune,Pulses,Red gram/Arhar/Tur(whole),26-11-2023,7.0,Metric Tonnes,3200.0,Rs./Quintal
Maharashtra,Pune,Pulses,Bengal Gram(Gram)(Whole),27-11-2023,4.0,Metric Tonnes,6950.0,Rs./Quintal
Maharashtra,Pune,Pulses,Black Gram(Urd Beans)(Whole),27-11-2023,3.0,Metric Tonnes,9016.67,Rs./Quintal
Maharashtra,Pune,Pulses,Green Gram(Moong)(Whole),27-11-2023,4.0,Metric Tonnes,9850.0,Rs./Quintal
Maharashtra,Pune,Pulses,Red gram/Arhar/Tur(whole),27-11-2023,4.0,Metric Tonnes,3200.0,Rs./Quintal
Maharashtra,Pune,Pulses,Bengal Gram(Gram)(Whole),28-11-2023,4.0,Metric Tonnes,7050.0,Rs./Quintal
Maharashtra,Pune,Pulses,Green Gram(Moong)(Whole),28-11-2023,4.0,Metric Tonnes,9950.0,Rs./Quintal
Maharashtra,Pune,Pulses,Red gram/Arhar/Tur(whole),28-11-2023,5.0,Metric Tonnes,3500.0,Rs./Quintal
Maharashtra,Pune,Pulses,Bengal Gram(Gram)(Whole),29-11-2023,4.0,Metric Tonnes,7000.0,Rs./Quintal
Maharashtra,Pune,Pulses,Black Gram(Urd Beans)(Whole),29-11-2023,1.0,Metric Tonnes,10300.0,Rs./Quintal
Maharashtra,Pune,Pulses,Green Gram(Moong)(Whole),29-11-2023,4.0,Metric Tonnes,9900.0,Rs./Quintal
Maharashtra,Pune,Pulses,Bengal Gram(Gram)(Whole),30-11-2023,4.0,Metric Tonnes,7100.0,Rs./Quintal
Maharashtra,Pune,Pulses,Green Gram(Moong)(Whole),30-11-2023,4.0,Metric Tonnes,9750.0,Rs./Quintal
Maharashtra,Pune,Pulses,Bengal Gram(Gram)(Whole),04-12-2023,4.0,Metric Tonnes,7050.0,Rs./Quintal
Maharashtra,Pune,Pulses,Black Gram(Urd Beans)(Whole),04-12-2023,3.0,Metric Tonnes,8683.33,Rs./Quintal
Maharashtra,Pune,Pulses,Green Gram(Moong)(Whole),04-12-2023,5.0,Metric Tonnes,9080.0,Rs./Quintal
Maharashtra,Pune,Pulses,Red gram/Arhar/Tur(whole),04-12-2023,4.0,Metric Tonnes,4000.0,Rs./Quintal
Maharashtra,Pune,Pulses,Bengal Gram(Gram)(Whole),05-12-2023,4.0,Metric Tonnes,6950.0,Rs./Quintal
Maharashtra,Pune,Pulses,Green Gram(Moong)(Whole),05-12-2023,4.0,Metric Tonnes,9650.0,Rs./Quintal
Maharashtra,Pune,Pulses,Bengal Gram(Gram)(Whole),06-12-2023,5.0,Metric Tonnes,6705.8,Rs./Quintal
Maharashtra,Pune,Pulses,Green Gram(Moong)(Whole),06-12-2023,4.0,Metric Tonnes,9750.0,Rs./Quintal
Maharashtra,Pune,Pulses,Bengal Gram(Gram)(Whole),07-12-2023,4.0,Metric Tonnes,7000.0,Rs./Quintal
Maharashtra,Pune,Pulses,Black Gram(Urd Beans)(Whole),07-12-2023,4.0,Metric Tonnes,8562.5,Rs./Quintal
Maharashtra,Pune,Pulses,Green Gram(Moong)(Whole),07-12-2023,4.0,Metric Tonnes,9800.0,Rs./Quintal
Maharashtra,Pune,Pulses,Bengal Gram(Gram)(Whole),08-12-2023,4.0,Metric Tonnes,7200.0,Rs./Quintal
Maharashtra,Pune,Pulses,Black Gram(Urd Beans)(Whole),08-12-2023,1.0,Metric Tonnes,10200.0,Rs./Quintal
Maharashtra,Pune,Pulses,Green Gram(Moong)(Whole),08-12-2023,4.0,Metric Tonnes,9650.0,Rs./Quintal
Maharashtra,Pune,Pulses,Red gram/Arhar/Tur(whole),08-12-2023,7.0,Metric Tonnes,4000.0,Rs./Quintal
Maharashtra,Pune,Pulses,Bengal Gram(Gram)(Whole),09-12-2023,4.0,Metric Tonnes,7050.0,Rs./Quintal
Maharashtra,Pune,Pulses,Black Gram(Urd Beans)(Whole),09-12-2023,1.0,Metric Tonnes,10250.0,Rs./Quintal
Maharashtra,Pune,Pulses,Green Gram(Moong)(Whole),09-12-2023,4.0,Metric Tonnes,9850.0,Rs./Quintal
Maharashtra,Pune,Pulses,Red gram/Arhar/Tur(whole),10-12-2023,5.0,Metric Tonnes,3500.0,Rs./Quintal
Maharashtra,Pune,Pulses,Bengal Gram(Gram)(Whole),11-12-2023,4.0,Metric Tonnes,7000.0,Rs./Quintal
Maharashtra,Pune,Pulses,Green Gram(Moong)(Whole),11-12-2023,4.0,Metric Tonnes,9650.0,Rs./Quintal
Maharashtra,Pune,Pulses,Bengal Gram(Gram)(Whole),12-12-2023,4.0,Metric Tonnes,6900.0,Rs./Quintal
Maharashtra,Pune,Pulses,Green Gram(Moong)(Whole),12-12-2023,4.0,Metric Tonnes,9600.0,Rs./Quintal
Maharashtra,Pune,Pulses,Red gram/Arhar/Tur(whole),12-12-2023,6.0,Metric Tonnes,3500.0,Rs./Quintal
Maharashtra,Pune,Pulses,Bengal Gram(Gram)(Whole),13-12-2023,4.0,Metric Tonnes,6850.0,Rs./Quintal
Maharashtra,Pune,Pulses,Black Gram(Urd Beans)(Whole),13-12-2023,1.0,Metric Tonnes,10550.0,Rs./Quintal
Maharashtra,Pune,Pulses,Green Gram(Moong)(Whole),13-12-2023,4.0,Metric Tonnes,9500.0,Rs./Quintal
Maharashtra,Pune,Pulses,Bengal Gram(Gram)(Whole),15-12-2023,4.0,Metric Tonnes,6800.0,Rs./Quintal
Maharashtra,Pune,Pulses,Green Gram(Moong)(Whole),15-12-2023,4.0,Metric Tonnes,9600.0,Rs./Quintal
Maharashtra,Pune,Pulses,Red gram/Arhar/Tur(whole),15-12-2023,3.0,Metric Tonnes,4500.0,Rs./Quintal
Maharashtra,Pune,Pulses,Bengal Gram(Gram)(Whole),16-12-2023,4.0,Metric Tonnes,6950.0,Rs./Quintal
Maharashtra,Pune,Pulses,Black Gram(Urd Beans)(Whole),16-12-2023,1.0,Metric Tonnes,10300.0,Rs./Quintal
Maharashtra,Pune,Pulses,Green Gram(Moong)(Whole),16-12-2023,4.0,Metric Tonnes,9750.0,Rs./Quintal
Maharashtra,Pune,Pulses,Red gram/Arhar/Tur(whole),17-12-2023,3.0,Metric Tonnes,5000.0,Rs./Quintal
Maharashtra,Pune,Pulses,Bengal Gram(Gram)(Whole),18-12-2023,4.0,Metric Tonnes,7000.0,Rs./Quintal
Maharashtra,Pune,Pulses,Black Gram(Urd Beans)(Whole),18-12-2023,1.0,Metric Tonnes,7700.0,Rs./Quintal
Maharashtra,Pune,Pulses,Green Gram(Moong)(Whole),18-12-2023,5.0,Metric Tonnes,9060.0,Rs./Quintal
Maharashtra,Pune,Pulses,Red gram/Arhar/Tur(whole),18-12-2023,3.0,Metric Tonnes,4500.0,Rs./Quintal
Maharashtra,Pune,Pulses,Bengal Gram(Gram)(Whole),19-12-2023,4.0,Metric Tonnes,7100.0,Rs./Quintal
Maharashtra,Pune,Pulses,Green Gram(Moong)(Whole),19-12-2023,4.0,Metric Tonnes,9500.0,Rs./Quintal
Maharashtra,Pune,Pulses,Bengal Gram(Gram)(Whole),20-12-2023,4.0,Metric Tonnes,7050.0,Rs./Quintal
Maharashtra,Pune,Pulses,Green Gram(Moong)(Whole),20-12-2023,4.0,Metric Tonnes,9600.0,Rs./Quintal
Maharashtra,Pune,Pulses,Bengal Gram(Gram)(Whole),21-12-2023,4.0,Metric Tonnes,7150.0,Rs./Quintal
Maharashtra,Pune,Pulses,Black Gram(Urd Beans)(Whole),21-12-2023,1.0,Metric Tonnes,7500.0,Rs./Quintal
Maharashtra,Pune,Pulses,Green Gram(Moong)(Whole),21-12-2023,4.0,Metric Tonnes,9500.0,Rs./Quintal
Maharashtra,Pune,Pulses,Red gram/Arhar/Tur(whole),21-12-2023,2.0,Metric Tonnes,9031.0,Rs./Quintal
Maharashtra,Pune,Pulses,Bengal Gram(Gram)(Whole),22-12-2023,4.0,Metric Tonnes,7100.0,Rs./Quintal
Maharashtra,Pune,Pulses,Green Gram(Moong)(Whole),22-12-2023,4.0,Metric Tonnes,9300.0,Rs./Quintal
Maharashtra,Pune,Pulses,Bengal Gram(Gram)(Whole),23-12-2023,4.0,Metric Tonnes,6900.0,Rs./Quintal
Maharashtra,Pune,Pulses,Green Gram(Moong)(Whole),23-12-2023,4.0,Metric Tonnes,9500.0,Rs./Quintal
Maharashtra,Pune,Pulses,Bengal Gram(Gram)(Whole),25-12-2023,4.0,Metric Tonnes,6950.0,Rs./Quintal
Maharashtra,Pune,Pulses,Black Gram(Urd Beans)(Whole),25-12-2023,1.0,Metric Tonnes,5300.0,Rs./Quintal
Maharashtra,Pune,Pulses,Green Gram(Moong)(Whole),25-12-2023,4.0,Metric Tonnes,9750.0,Rs./Quintal
Maharashtra,Pune,Pulses,Bengal Gram(Gram)(Whole),26-12-2023,4.0,Metric Tonnes,7100.0,Rs./Quintal
Maharashtra,Pune,Pulses,Black Gram(Urd Beans)(Whole),26-12-2023,1.0,Metric Tonnes,10300.0,Rs./Quintal
Maharashtra,Pune,Pulses,Green Gram(Moong)(Whole),26-12-2023,4.0,Metric Tonnes,9550.0,Rs./Quintal
Maharashtra,Pune,Pulses,Bengal Gram(Gram)(Whole),27-12-2023,4.0,Metric Tonnes,7000.0,Rs./Quintal
Maharashtra,Pune,Pulses,Green Gram(Moong)(Whole),27-12-2023,4.0,Metric Tonnes,9450.0,Rs./Quintal
Maharashtra,Pune,Pulses,Bengal Gram(Gram)(Whole),28-12-2023,4.0,Metric Tonnes,7100.0,Rs./Quintal
Maharashtra,Pune,Pulses,Black Gram(Urd Beans)(Whole),28-12-2023,1.0,Metric Tonnes,7500.0,Rs./Quintal
Maharashtra,Pune,Pulses,Green Gram(Moong)(Whole),28-12-2023,4.0,Metric Tonnes,9500.0,Rs./Quintal
Maharashtra,Pune,Pulses,Bengal Gram(Gram)(Whole),29-12-2023,4.0,Metric Tonnes,7150.0,Rs./Quintal
Maharashtra,Pune,Pulses,Green Gram(Moong)(Whole),29-12-2023,4.0,Metric Tonnes,9400.0,Rs./Quintal
Maharashtra,Pune,Pulses,Bengal Gram(Gram)(Whole),30-12-2023,4.0,Metric Tonnes,7100.0,Rs./Quintal
Maharashtra,Pune,Pulses,Green Gram(Moong)(Whole),30-12-2023,4.0,Metric Tonnes,9450.0,Rs./Quintal
Maharashtra,Pune,Pulses,Bengal Gram(Gram)(Whole),01-01-2024,8.0,Metric Tonnes,6950.0,Rs./Quintal
Maharashtra,Pune,Pulses,Black Gram(Urd Beans)(Whole),01-01-2024,2.0,Metric Tonnes,8050.0,Rs./Quintal
Maharashtra,Pune,Pulses,Green Gram(Moong)(Whole),01-01-2024,4.0,Metric Tonnes,9650.0,Rs./Quintal
Maharashtra,Pune,Pulses,Bengal Gram(Gram)(Whole),02-01-2024,4.0,Metric Tonnes,6800.0,Rs./Quintal
Maharashtra,Pune,Pulses,Green Gram(Moong)(Whole),02-01-2024,4.0,Metric Tonnes,9850.0,Rs./Quintal
Maharashtra,Pune,Pulses,Bengal Gram(Gram)(Whole),03-01-2024,4.0,Metric Tonnes,6750.0,Rs./Quintal
Maharashtra,Pune,Pulses,Black Gram(Urd Beans)(Whole),03-01-2024,1.0,Metric Tonnes,10500.0,Rs./Quintal
Maharashtra,Pune,Pulses,Green Gram(Moong)(Whole),03-01-2024,4.0,Metric Tonnes,10050.0,Rs./Quintal
Maharashtra,Pune,Pulses,Bengal Gram(Gram)(Whole),04-01-2024,4.0,Metric Tonnes,6800.0,Rs./Quintal
Maharashtra,Pune,Pulses,Green Gram(Moong)(Whole),04-01-2024,4.0,Metric Tonnes,10100.0,Rs./Quintal
Maharashtra,Pune,Pulses,Bengal Gram(Gram)(Whole),05-01-2024,4.0,Metric Tonnes,6850.0,Rs./Quintal
Maharashtra,Pune,Pulses,Black Gram(Urd Beans)(Whole),05-01-2024,1.0,Metric Tonnes,10650.0,Rs./Quintal
Maharashtra,Pune,Pulses,Green Gram(Moong)(Whole),05-01-2024,4.0,Metric Tonnes,10150.0,Rs./Quintal
Maharashtra,Pune,Pulses,Bengal Gram(Gram)(Whole),06-01-2024,4.0,Metric Tonnes,6750.0,Rs./Quintal
Maharashtra,Pune,Pulses,Green Gram(Moong)(Whole),06-01-2024,4.0,Metric Tonnes,9750.0,Rs./Quintal
Maharashtra,Pune,Pulses,Bengal Gram(Gram)(Whole),08-01-2024,4.0,Metric Tonnes,6800.0,Rs./Quintal
Maharashtra,Pune,Pulses,Black Gram(Urd Beans)(Whole),08-01-2024,1.0,Metric Tonnes,7500.0,Rs./Quintal
Maharashtra,Pune,Pulses,Green Gram(Moong)(Whole),08-01-2024,4.0,Metric Tonnes,9550.0,Rs./Quintal
Maharashtra,Pune,Pulses,Bengal Gram(Gram)(Whole),09-01-2024,4.0,Metric Tonnes,6750.0,Rs./Quintal
Maharashtra,Pune,Pulses,Black Gram(Urd Beans)(Whole),09-01-2024,1.0,Metric Tonnes,10700.0,Rs./Quintal
Maharashtra,Pune,Pulses,Green Gram(Moong)(Whole),09-01-2024,4.0,Metric Tonnes,9550.0,Rs./Quintal
Maharashtra,Pune,Pulses,Bengal Gram(Gram)(Whole),10-01-2024,4.0,Metric Tonnes,6750.0,Rs./Quintal
Maharashtra,Pune,Pulses,Green Gram(Moong)(Whole),10-01-2024,4.0,Metric Tonnes,9600.0,Rs./Quintal
Maharashtra,Pune,Pulses,Bengal Gram(Gram)(Whole),11-01-2024,4.0,Metric Tonnes,6800.0,Rs./Quintal
Maharashtra,Pune,Pulses,Black Gram(Urd Beans)(Whole),11-01-2024,1.0,Metric Tonnes,10650.0,Rs./Quintal
Maharashtra,Pune,Pulses,Green Gram(Moong)(Whole),11-01-2024,4.0,Metric Tonnes,9400.0,Rs./Quintal
Maharashtra,Pune,Pulses,Bengal Gram(Gram)(Whole),12-01-2024,4.0,Metric Tonnes,6750.0,Rs./Quintal
Maharashtra,Pune,Pulses,Green Gram(Moong)(Whole),12-01-2024,4.0,Metric Tonnes,9450.0,Rs./Quintal
Maharashtra,Pune,Pulses,Bengal Gram(Gram)(Whole),13-01-2024,4.0,Metric Tonnes,6750.0,Rs./Quintal
Maharashtra,Pune,Pulses,Green Gram(Moong)(Whole),13-01-2024,4.0,Metric Tonnes,9600.0,Rs./Quintal
Maharashtra,Pune,Pulses,Bengal Gram(Gram)(Whole),15-01-2024,4.0,Metric Tonnes,6850.0,Rs./Quintal
Maharashtra,Pune,Pulses,Black Gram(Urd Beans)(Whole),15-01-2024,3.0,Metric Tonnes,8500.0,Rs./Quintal
Maharashtra,Pune,Pulses,Green Gram(Moong)(Whole),15-01-2024,4.0,Metric Tonnes,9750.0,Rs./Quintal
Maharashtra,Pune,Pulses,Bengal Gram(Gram)(Whole),16-01-2024,4.0,Metric Tonnes,6650.0,Rs./Quintal
Maharashtra,Pune,Pulses,Green Gram(Moong)(Whole),16-01-2024,4.0,Metric Tonnes,9550.0,Rs./Quintal
Maharashtra,Pune,Pulses,Bengal Gram(Gram)(Whole),17-01-2024,4.0,Metric Tonnes,6550.0,Rs./Quintal
Maharashtra,Pune,Pulses,Green Gram(Moong)(Whole),17-01-2024,4.0,Metric Tonnes,9350.0,Rs./Quintal
Maharashtra,Pune,Pulses,Bengal Gram(Gram)(Whole),18-01-2024,4.0,Metric Tonnes,6400.0,Rs./Quintal
Maharashtra,Pune,Pulses,Green Gram(Moong)(Whole),18-01-2024,4.0,Metric Tonnes,9400.0,Rs./Quintal
Maharashtra,Pune,Pulses,Bengal Gram(Gram)(Whole),19-01-2024,4.0,Metric Tonnes,6600.0,Rs./Quintal
Maharashtra,Pune,Pulses,Green Gram(Moong)(Whole),19-01-2024,4.0,Metric Tonnes,9500.0,Rs./Quintal
Maharashtra,Pune,Pulses,Bengal Gram(Gram)(Whole),20-01-2024,4.0,Metric Tonnes,6700.0,Rs./Quintal
Maharashtra,Pune,Pulses,Black Gram(Urd Beans)(Whole),20-01-2024,1.0,Metric Tonnes,9900.0,Rs./Quintal
Maharashtra,Pune,Pulses,Green Gram(Moong)(Whole),20-01-2024,4.0,Metric Tonnes,9400.0,Rs./Quintal
Maharashtra,Pune,Pulses,Bengal Gram(Gram)(Whole),22-01-2024,4.0,Metric Tonnes,6700.0,Rs./Quintal
Maharashtra,Pune,Pulses,Green Gram(Moong)(Whole),22-01-2024,4.0,Metric Tonnes,9400.0,Rs./Quintal
Maharashtra,Pune,Pulses,Bengal Gram(Gram)(Whole),23-01-2024,4.0,Metric Tonnes,6600.0,Rs./Quintal
Maharashtra,Pune,Pulses,Black Gram(Urd Beans)(Whole),23-01-2024,1.0,Metric Tonnes,9800.0,Rs./Quintal
Maharashtra,Pune,Pulses,Green Gram(Moong)(Whole),23-01-2024,4.0,Metric Tonnes,9250.0,Rs./Quintal
Maharashtra,Pune,Pulses,Bengal Gram(Gram)(Whole),24-01-2024,4.0,Metric Tonnes,6500.0,Rs./Quintal
Maharashtra,Pune,Pulses,Green Gram(Moong)(Whole),24-01-2024,4.0,Metric Tonnes,9100.0,Rs./Quintal
Maharashtra,Pune,Pulses,Bengal Gram(Gram)(Whole),25-01-2024,4.0,Metric Tonnes,6600.0,Rs./Quintal
Maharashtra,Pune,Pulses,Black Gram(Urd Beans)(Whole),25-01-2024,1.0,Metric Tonnes,9800.0,Rs./Quintal
Maharashtra,Pune,Pulses,Green Gram(Moong)(Whole),25-01-2024,4.0,Metric Tonnes,9250.0,Rs./Quintal
Maharashtra,Pune,Pulses,Red gram/Arhar/Tur(whole),25-01-2024,1.0,Metric Tonnes,8400.0,Rs./Quintal
Maharashtra,Pune,Pulses,Bengal Gram(Gram)(Whole),27-01-2024,4.0,Metric Tonnes,6500.0,Rs./Quintal
Maharashtra,Pune,Pulses,Green Gram(Moong)(Whole),27-01-2024,4.0,Metric Tonnes,9100.0,Rs./Quintal
Maharashtra,Pune,Pulses,Bengal Gram(Gram)(Whole),29-01-2024,4.0,Metric Tonnes,6650.0,Rs./Quintal
Maharashtra,Pune,Pulses,Black Gram(Urd Beans)(Whole),29-01-2024,1.0,Metric Tonnes,9800.0,Rs./Quintal
Maharashtra,Pune,Pulses,Green Gram(Moong)(Whole),29-01-2024,4.0,Metric Tonnes,9250.0,Rs./Quintal
Maharashtra,Pune,Pulses,Bengal Gram(Gram)(Whole),30-01-2024,4.0,Metric Tonnes,6850.0,Rs./Quintal
Maharashtra,Pune,Pulses,Green Gram(Moong)(Whole),30-01-2024,4.0,Metric Tonnes,9450.0,Rs./Quintal
Maharashtra,Pune,Pulses,Bengal Gram(Gram)(Whole),31-01-2024,4.0,Metric Tonnes,6950.0,Rs./Quintal
Maharashtra,Pune,Pulses,Green Gram(Moong)(Whole),31-01-2024,4.0,Metric Tonnes,9650.0,Rs./Quintal
Maharashtra,Pune,Pulses,Bengal Gram(Gram)(Whole),01-02-2024,4.0,Metric Tonnes,7000.0,Rs./Quintal
Maharashtra,Pune,Pulses,Green Gram(Moong)(Whole),01-02-2024,4.0,Metric Tonnes,9650.0,Rs./Quintal
Maharashtra,Pune,Pulses,Bengal Gram(Gram)(Whole),02-02-2024,4.0,Metric Tonnes,6600.0,Rs./Quintal
Maharashtra,Pune,Pulses,Black Gram(Urd Beans)(Whole),02-02-2024,1.0,Metric Tonnes,10200.0,Rs./Quintal
Maharashtra,Pune,Pulses,Green Gram(Moong)(Whole),02-02-2024,4.0,Metric Tonnes,9800.0,Rs./Quintal
Maharashtra,Pune,Pulses,Bengal Gram(Gram)(Whole),03-02-2024,4.0,Metric Tonnes,6800.0,Rs./Quintal
Maharashtra,Pune,Pulses,Green Gram(Moong)(Whole),03-02-2024,4.0,Metric Tonnes,9700.0,Rs./Quintal
Maharashtra,Pune,Pulses,Bengal Gram(Gram)(Whole),04-02-2024,1.0,Metric Tonnes,5855.0,Rs./Quintal
Maharashtra,Pune,Pulses,Bengal Gram(Gram)(Whole),05-02-2024,4.0,Metric Tonnes,6900.0,Rs./Quintal
Maharashtra,Pune,Pulses,Black Gram(Urd Beans)(Whole),05-02-2024,1.0,Metric Tonnes,10300.0,Rs./Quintal
Maharashtra,Pune,Pulses,Green Gram(Moong)(Whole),05-02-2024,4.0,Metric Tonnes,9900.0,Rs./Quintal
Maharashtra,Pune,Pulses,Bengal Gram(Gram)(Whole),06-02-2024,4.0,Metric Tonnes,6700.0,Rs./Quintal
Maharashtra,Pune,Pulses,Green Gram(Moong)(Whole),06-02-2024,4.0,Metric Tonnes,9700.0,Rs./Quintal
Maharashtra,Pune,Pulses,Bengal Gram(Gram)(Whole),07-02-2024,4.0,Metric Tonnes,6750.0,Rs./Quintal
Maharashtra,Pune,Pulses,Green Gram(Moong)(Whole),07-02-2024,4.0,Metric Tonnes,9500.0,Rs./Quintal
Maharashtra,Pune,Pulses,Bengal Gram(Gram)(Whole),08-02-2024,4.0,Metric Tonnes,6800.0,Rs./Quintal
Maharashtra,Pune,Pulses,Green Gram(Moong)(Whole),08-02-2024,4.0,Metric Tonnes,9350.0,Rs./Quintal
Maharashtra,Pune,Pulses,Bengal Gram(Gram)(Whole),09-02-2024,4.0,Metric Tonnes,6650.0,Rs./Quintal
Maharashtra,Pune,Pulses,Green Gram(Moong)(Whole),09-02-2024,4.0,Metric Tonnes,9450.0,Rs./Quintal
Maharashtra,Pune,Pulses,Bengal Gram(Gram)(Whole),10-02-2024,4.0,Metric Tonnes,6800.0,Rs./Quintal
Maharashtra,Pune,Pulses,Green Gram(Moong)(Whole),10-02-2024,4.0,Metric Tonnes,9350.0,Rs./Quintal
Maharashtra,Pune,Pulses,Bengal Gram(Gram)(Whole),12-02-2024,4.0,Metric Tonnes,6600.0,Rs./Quintal
Maharashtra,Pune,Pulses,Black Gram(Urd Beans)(Whole),12-02-2024,1.0,Metric Tonnes,10300.0,Rs./Quintal
Maharashtra,Pune,Pulses,Green Gram(Moong)(Whole),12-02-2024,4.0,Metric Tonnes,9350.0,Rs./Quintal
Maharashtra,Pune,Pulses,Bengal Gram(Gram)(Whole),13-02-2024,4.0,Metric Tonnes,6700.0,Rs./Quintal
Maharashtra,Pune,Pulses,Green Gram(Moong)(Whole),13-02-2024,4.0,Metric Tonnes,9550.0,Rs./Quintal
Maharashtra,Pune,Pulses,Bengal Gram(Gram)(Whole),14-02-2024,4.0,Metric Tonnes,6750.0,Rs./Quintal
Maharashtra,Pune,Pulses,Black Gram(Urd Beans)(Whole),14-02-2024,1.0,Metric Tonnes,10400.0,Rs./Quintal
Maharashtra,Pune,Pulses,Green Gram(Moong)(Whole),14-02-2024,4.0,Metric Tonnes,9750.0,Rs./Quintal
Maharashtra,Pune,Pulses,Bengal Gram(Gram)(Whole),15-02-2024,4.0,Metric Tonnes,6700.0,Rs./Quintal
Maharashtra,Pune,Pulses,Green Gram(Moong)(Whole),15-02-2024,4.0,Metric Tonnes,9800.0,Rs./Quintal
Maharashtra,Pune,Pulses,Bengal Gram(Gram)(Whole),16-02-2024,4.0,Metric Tonnes,6800.0,Rs./Quintal
Maharashtra,Pune,Pulses,Green Gram(Moong)(Whole),16-02-2024,4.0,Metric Tonnes,9950.0,Rs./Quintal
Maharashtra,Pune,Pulses,Bengal Gram(Gram)(Whole),17-02-2024,4.0,Metric Tonnes,6850.0,Rs./Quintal
Maharashtra,Pune,Pulses,Green Gram(Moong)(Whole),17-02-2024,4.0,Metric Tonnes,10000.0,Rs./Quintal
Maharashtra,Pune,Pulses,Bengal Gram(Gram)(Whole),20-02-2024,4.0,Metric Tonnes,6900.0,Rs./Quintal
Maharashtra,Pune,Pulses,Black Gram(Urd Beans)(Whole),20-02-2024,1.0,Metric Tonnes,10350.0,Rs./Quintal
Maharashtra,Pune,Pulses,Green Gram(Moong)(Whole),20-02-2024,4.0,Metric Tonnes,10200.0,Rs./Quintal
Maharashtra,Pune,Pulses,Bengal Gram(Gram)(Whole),21-02-2024,4.0,Metric Tonnes,7000.0,Rs./Quintal
Maharashtra,Pune,Pulses,Green Gram(Moong)(Whole),21-02-2024,4.0,Metric Tonnes,10000.0,Rs./Quintal
Maharashtra,Pune,Pulses,Bengal Gram(Gram)(Whole),22-02-2024,4.0,Metric Tonnes,7100.0,Rs./Quintal
Maharashtra,Pune,Pulses,Black Gram(Urd Beans)(Whole),22-02-2024,1.0,Metric Tonnes,10100.0,Rs./Quintal
Maharashtra,Pune,Pulses,Green Gram(Moong)(Whole),22-02-2024,4.0,Metric Tonnes,9800.0,Rs./Quintal
Maharashtra,Pune,Pulses,Bengal Gram(Gram)(Whole),23-02-2024,4.0,Metric Tonnes,7050.0,Rs./Quintal
Maharashtra,Pune,Pulses,Green Gram(Moong)(Whole),23-02-2024,4.0,Metric Tonnes,9800.0,Rs./Quintal
Maharashtra,Pune,Pulses,Bengal Gram(Gram)(Whole),24-02-2024,4.0,Metric Tonnes,7000.0,Rs./Quintal
Maharashtra,Pune,Pulses,Green Gram(Moong)(Whole),24-02-2024,4.0,Metric Tonnes,10000.0,Rs./Quintal
Maharashtra,Pune,Pulses,Bengal Gram(Gram)(Whole),26-02-2024,4.0,Metric Tonnes,6950.0,Rs./Quintal
Maharashtra,Pune,Pulses,Green Gram(Moong)(Whole),26-02-2024,3.0,Metric Tonnes,9850.0,Rs./Quintal
Maharashtra,Pune,Pulses,Bengal Gram(Gram)(Whole),27-02-2024,4.0,Metric Tonnes,7100.0,Rs./Quintal
Maharashtra,Pune,Pulses,Green Gram(Moong)(Whole),27-02-2024,4.0,Metric Tonnes,9700.0,Rs./Quintal
Maharashtra,Pune,Pulses,Bengal Gram(Gram)(Whole),28-02-2024,4.0,Metric Tonnes,6950.0,Rs./Quintal
Maharashtra,Pune,Pulses,Black Gram(Urd Beans)(Whole),28-02-2024,0.5,Metric Tonnes,10300.0,Rs./Quintal
Maharashtra,Pune,Pulses,Green Gram(Moong)(Whole),28-02-2024,3.9,Metric Tonnes,9900.0,Rs./Quintal
Maharashtra,Pune,Pulses,Bengal Gram(Gram)(Whole),29-02-2024,3.9,Metric Tonnes,6864.15,Rs./Quintal
Maharashtra,Pune,Pulses,Black Gram(Urd Beans)(Whole),29-02-2024,0.6,Metric Tonnes,8925.0,Rs./Quintal
Maharashtra,Pune,Pulses,Green Gram(Moong)(Whole),29-02-2024,4.4,Metric Tonnes,9479.55,Rs./Quintal
Maharashtra,Pune,Pulses,Red gram/Arhar/Tur(whole),29-02-2024,0.1,Metric Tonnes,6700.0,Rs./Quintal
Maharashtra,Pune,Pulses,Bengal Gram(Gram)(Whole),01-03-2024,4.1,Metric Tonnes,7000.0,Rs./Quintal
Maharashtra,Pune,Pulses,Black Gram(Urd Beans)(Whole),01-03-2024,0.4,Metric Tonnes,10200.0,Rs./Quintal
Maharashtra,Pune,Pulses,Green Gram(Moong)(Whole),01-03-2024,3.9,Metric Tonnes,9700.0,Rs./Quintal
Maharashtra,Pune,Pulses,Bengal Gram(Gram)(Whole),02-03-2024,3.9,Metric Tonnes,6900.0,Rs./Quintal
Maharashtra,Pune,Pulses,Black Gram(Urd Beans)(Whole),02-03-2024,0.3,Metric Tonnes,10250.0,Rs./Quintal
Maharashtra,Pune,Pulses,Green Gram(Moong)(Whole),02-03-2024,4.1,Metric Tonnes,9900.0,Rs./Quintal
Maharashtra,Pune,Pulses,Bengal Gram(Gram)(Whole),04-03-2024,4.2,Metric Tonnes,6750.0,Rs./Quintal
Maharashtra,Pune,Pulses,Black Gram(Urd Beans)(Whole),04-03-2024,0.9,Metric Tonnes,8716.67,Rs./Quintal
Maharashtra,Pune,Pulses,Green Gram(Moong)(Whole),04-03-2024,4.0,Metric Tonnes,10000.0,Rs./Quintal
Maharashtra,Pune,Pulses,Bengal Gram(Gram)(Whole),05-03-2024,4.0,Metric Tonnes,6750.0,Rs./Quintal
Maharashtra,Pune,Pulses,Black Gram(Urd Beans)(Whole),05-03-2024,0.2,Metric Tonnes,10100.0,Rs./Quintal
Maharashtra,Pune,Pulses,Green Gram(Moong)(Whole),05-03-2024,3.8,Metric Tonnes,10200.0,Rs./Quintal
Maharashtra,Pune,Pulses,Bengal Gram(Gram)(Whole),06-03-2024,3.8,Metric Tonnes,6700.0,Rs./Quintal
Maharashtra,Pune,Pulses,Black Gram(Urd Beans)(Whole),06-03-2024,0.5,Metric Tonnes,10000.0,Rs./Quintal
Maharashtra,Pune,Pulses,Green Gram(Moong)(Whole),06-03-2024,4.1,Metric Tonnes,10200.0,Rs./Quintal
Maharashtra,Pune,Pulses,Bengal Gram(Gram)(Whole),07-03-2024,3.9,Metric Tonnes,6600.0,Rs./Quintal
Maharashtra,Pune,Pulses,Black Gram(Urd Beans)(Whole),07-03-2024,1.9,Metric Tonnes,7910.53,Rs./Quintal
Maharashtra,Pune,Pulses,Green Gram(Moong)(Whole),07-03-2024,4.0,Metric Tonnes,10250.0,Rs./Quintal
Maharashtra,Pune,Pulses,Red gram/Arhar/Tur(whole),07-03-2024,0.9,Metric Tonnes,8000.0,Rs./Quintal
Maharashtra,Pune,Pulses,Bengal Gram(Gram)(Whole),08-03-2024,4.0,Metric Tonnes,6750.0,Rs./Quintal
Maharashtra,Pune,Pulses,Black Gram(Urd Beans)(Whole),08-03-2024,0.3,Metric Tonnes,10250.0,Rs./Quintal
Maharashtra,Pune,Pulses,Green Gram(Moong)(Whole),08-03-2024,3.8,Metric Tonnes,10000.0,Rs./Quintal
Maharashtra,Pune,Pulses,Bengal Gram(Gram)(Whole),09-03-2024,3.8,Metric Tonnes,7000.0,Rs./Quintal
Maharashtra,Pune,Pulses,Black Gram(Urd Beans)(Whole),09-03-2024,0.4,Metric Tonnes,10200.0,Rs./Quintal
Maharashtra,Pune,Pulses,Green Gram(Moong)(Whole),09-03-2024,4.2,Metric Tonnes,9700.0,Rs./Quintal
Maharashtra,Pune,Pulses,Bengal Gram(Gram)(Whole),10-03-2024,0.1,Metric Tonnes,5500.0,Rs./Quintal
Maharashtra,Pune,Pulses,Bengal Gram(Gram)(Whole),11-03-2024,3.9,Metric Tonnes,6850.0,Rs./Quintal
Maharashtra,Pune,Pulses,Black Gram(Urd Beans)(Whole),11-03-2024,0.5,Metric Tonnes,9080.0,Rs./Quintal
Maharashtra,Pune,Pulses,Green Gram(Moong)(Whole),11-03-2024,4.0,Metric Tonnes,9800.0,Rs./Quintal
Maharashtra,Pune,Pulses,Bengal Gram(Gram)(Whole),12-03-2024,4.0,Metric Tonnes,6750.0,Rs./Quintal
Maharashtra,Pune,Pulses,Black Gram(Urd Beans)(Whole),12-03-2024,0.4,Metric Tonnes,9800.0,Rs./Quintal
Maharashtra,Pune,Pulses,Green Gram(Moong)(Whole),12-03-2024,3.7,Metric Tonnes,9600.0,Rs./Quintal
Maharashtra,Pune,Pulses,Bengal Gram(Gram)(Whole),13-03-2024,4.2,Metric Tonnes,6650.0,Rs./Quintal
Maharashtra,Pune,Pulses,Black Gram(Urd Beans)(Whole),13-03-2024,0.3,Metric Tonnes,9750.0,Rs./Quintal
Maharashtra,Pune,Pulses,Green Gram(Moong)(Whole),13-03-2024,3.9,Metric Tonnes,9400.0,Rs./Quintal
Maharashtra,Pune,Pulses,Bengal Gram(Gram)(Whole),14-03-2024,4.0,Metric Tonnes,6700.0,Rs./Quintal
Maharashtra,Pune,Pulses,Black Gram(Urd Beans)(Whole),14-03-2024,0.6,Metric Tonnes,9250.0,Rs./Quintal
Maharashtra,Pune,Pulses,Green Gram(Moong)(Whole),14-03-2024,4.2,Metric Tonnes,9300.0,Rs./Quintal
Maharashtra,Pune,Pulses,Bengal Gram(Gram)(Whole),15-03-2024,4.3,Metric Tonnes,6500.0,Rs./Quintal
Maharashtra,Pune,Pulses,Black Gram(Urd Beans)(Whole),15-03-2024,0.2,Metric Tonnes,9750.0,Rs./Quintal
Maharashtra,Pune,Pulses,Green Gram(Moong)(Whole),15-03-2024,3.9,Metric Tonnes,9350.0,Rs./Quintal
Maharashtra,Pune,Pulses,Bengal Gram(Gram)(Whole),16-03-2024,4.1,Metric Tonnes,6600.0,Rs./Quintal
Maharashtra,Pune,Pulses,Black Gram(Urd Beans)(Whole),16-03-2024,0.7,Metric Tonnes,8479.0,Rs./Quintal
Maharashtra,Pune,Pulses,Green Gram(Moong)(Whole),16-03-2024,4.1,Metric Tonnes,9400.0,Rs./Quintal
Maharashtra,Pune,Pulses,Red gram/Arhar/Tur(whole),16-03-2024,1.2,Metric Tonnes,8900.0,Rs./Quintal
Maharashtra,Pune,Pulses,Bengal Gram(Gram)(Whole),17-03-2024,0.1,Metric Tonnes,5500.0,Rs./Quintal
Maharashtra,Pune,Pulses,Bengal Gram(Gram)(Whole),18-03-2024,4.2,Metric Tonnes,6500.0,Rs./Quintal
Maharashtra,Pune,Pulses,Black Gram(Urd Beans)(Whole),18-03-2024,0.6,Metric Tonnes,9750.0,Rs./Quintal
Maharashtra,Pune,Pulses,Green Gram(Moong)(Whole),18-03-2024,3.9,Metric Tonnes,9300.0,Rs./Quintal
Maharashtra,Pune,Pulses,Red gram/Arhar/Tur(whole),18-03-2024,0.6,Metric Tonnes,7800.0,Rs./Quintal
Maharashtra,Pune,Pulses,Bengal Gram(Gram)(Whole),19-03-2024,4.0,Metric Tonnes,6600.0,Rs./Quintal
Maharashtra,Pune,Pulses,Black Gram(Urd Beans)(Whole),19-03-2024,0.4,Metric Tonnes,9550.0,Rs./Quintal
Maharashtra,Pune,Pulses,Green Gram(Moong)(Whole),19-03-2024,3.6,Metric Tonnes,9200.0,Rs./Quintal
Maharashtra,Pune,Pulses,Bengal Gram(Gram)(Whole),20-03-2024,4.3,Metric Tonnes,6700.0,Rs./Quintal
Maharashtra,Pune,Pulses,Black Gram(Urd Beans)(Whole),20-03-2024,0.5,Metric Tonnes,9650.0,Rs./Quintal
Maharashtra,Pune,Pulses,Green Gram(Moong)(Whole),20-03-2024,3.9,Metric Tonnes,9300.0,Rs./Quintal
Maharashtra,Pune,Pulses,Bengal Gram(Gram)(Whole),21-03-2024,4.4,Metric Tonnes,6597.73,Rs./Quintal
Maharashtra,Pune,Pulses,Black Gram(Urd Beans)(Whole),21-03-2024,0.5,Metric Tonnes,8420.0,Rs./Quintal
Maharashtra,Pune,Pulses,Green Gram(Moong)(Whole),21-03-2024,3.7,Metric Tonnes,9300.0,Rs./Quintal
Maharashtra,Pune,Pulses,Bengal Gram(Gram)(Whole),22-03-2024,4.1,Metric Tonnes,6650.0,Rs./Quintal
Maharashtra,Pune,Pulses,Black Gram(Urd Beans)(Whole),22-03-2024,0.3,Metric Tonnes,9600.0,Rs./Quintal
Maharashtra,Pune,Pulses,Green Gram(Moong)(Whole),22-03-2024,4.2,Metric Tonnes,9400.0,Rs./Quintal
Maharashtra,Pune,Pulses,Bengal Gram(Gram)(Whole),23-03-2024,3.8,Metric Tonnes,6600.0,Rs./Quintal
Maharashtra,Pune,Pulses,Black Gram(Urd Beans)(Whole),23-03-2024,0.6,Metric Tonnes,9550.0,Rs./Quintal
Maharashtra,Pune,Pulses,Green Gram(Moong)(Whole),23-03-2024,3.8,Metric Tonnes,9200.0,Rs./Quintal
Maharashtra,Pune,Pulses,Bengal Gram(Gram)(Whole),25-03-2024,4.0,Metric Tonnes,6700.0,Rs./Quintal
Maharashtra,Pune,Pulses,Black Gram(Urd Beans)(Whole),25-03-2024,0.6,Metric Tonnes,9650.0,Rs./Quintal
Maharashtra,Pune,Pulses,Green Gram(Moong)(Whole),25-03-2024,4.2,Metric Tonnes,9300.0,Rs./Quintal
Maharashtra,Pune,Pulses,Bengal Gram(Gram)(Whole),26-03-2024,4.3,Metric Tonnes,6900.0,Rs./Quintal
Maharashtra,Pune,Pulses,Black Gram(Urd Beans)(Whole),26-03-2024,0.4,Metric Tonnes,9450.0,Rs./Quintal
Maharashtra,Pune,Pulses,Green Gram(Moong)(Whole),26-03-2024,4.3,Metric Tonnes,9150.0,Rs./Quintal
Maharashtra,Pune,Pulses,Bengal Gram(Gram)(Whole),27-03-2024,4.2,Metric Tonnes,6700.0,Rs./Quintal
Maharashtra,Pune,Pulses,Black Gram(Urd Beans)(Whole),27-03-2024,0.5,Metric Tonnes,9500.0,Rs./Quintal
Maharashtra,Pune,Pulses,Green Gram(Moong)(Whole),27-03-2024,4.1,Metric Tonnes,9350.0,Rs./Quintal
Maharashtra,Pune,Pulses,Bengal Gram(Gram)(Whole),28-03-2024,5.5,Metric Tonnes,6450.0,Rs./Quintal
Maharashtra,Pune,Pulses,Black Gram(Urd Beans)(Whole),28-03-2024,0.4,Metric Tonnes,9600.0,Rs./Quintal
Maharashtra,Pune,Pulses,Green Gram(Moong)(Whole),28-03-2024,4.0,Metric Tonnes,9350.0,Rs./Quintal
Maharashtra,Pune,Pulses,Bengal Gram(Gram)(Whole),29-03-2024,4.0,Metric Tonnes,6900.0,Rs./Quintal
Maharashtra,Pune,Pulses,Black Gram(Urd Beans)(Whole),29-03-2024,0.3,Metric Tonnes,9450.0,Rs./Quintal
Maharashtra,Pune,Pulses,Green Gram(Moong)(Whole),29-03-2024,4.4,Metric Tonnes,9150.0,Rs./Quintal
Maharashtra,Pune,Pulses,Bengal Gram(Gram)(Whole),30-03-2024,4.3,Metric Tonnes,6800.0,Rs./Quintal
Maharashtra,Pune,Pulses,Black Gram(Urd Beans)(Whole),30-03-2024,0.5,Metric Tonnes,9650.0,Rs./Quintal
Maharashtra,Pune,Pulses,Green Gram(Moong)(Whole),30-03-2024,4.2,Metric Tonnes,9250.0,Rs./Quintal
Maharashtra,Pune,Pulses,Bengal Gram(Gram)(Whole),01-04-2024,4.4,Metric Tonnes,6600.0,Rs./Quintal
Maharashtra,Pune,Pulses,Black Gram(Urd Beans)(Whole),01-04-2024,1.1,Metric Tonnes,8300.0,Rs./Quintal
Maharashtra,Pune,Pulses,Green Gram(Moong)(Whole),01-04-2024,4.2,Metric Tonnes,9234.52,Rs./Quintal
Maharashtra,Pune,Pulses,Red gram/Arhar/Tur(whole),01-04-2024,0.9,Metric Tonnes,8500.0,Rs./Quintal
Maharashtra,Pune,Pulses,Bengal Gram(Gram)(Whole),02-04-2024,4.5,Metric Tonnes,6750.0,Rs./Quintal
Maharashtra,Pune,Pulses,Black Gram(Urd Beans)(Whole),02-04-2024,0.5,Metric Tonnes,9800.0,Rs./Quintal
Maharashtra,Pune,Pulses,Green Gram(Moong)(Whole),02-04-2024,4.2,Metric Tonnes,9300.0,Rs./Quintal
Maharashtra,Pune,Pulses,Bengal Gram(Gram)(Whole),03-04-2024,4.3,Metric Tonnes,6700.0,Rs./Quintal
Maharashtra,Pune,Pulses,Black Gram(Urd Beans)(Whole),03-04-2024,0.3,Metric Tonnes,9750.0,Rs./Quintal
Maharashtra,Pune,Pulses,Green Gram(Moong)(Whole),03-04-2024,4.0,Metric Tonnes,9500.0,Rs./Quintal
Maharashtra,Pune,Pulses,Bengal Gram(Gram)(Whole),04-04-2024,4.5,Metric Tonnes,6721.16,Rs./Quintal
Maharashtra,Pune,Pulses,Black Gram(Urd Beans)(Whole),04-04-2024,0.5,Metric Tonnes,9700.0,Rs./Quintal
Maharashtra,Pune,Pulses,Green Gram(Moong)(Whole),04-04-2024,4.3,Metric Tonnes,9400.0,Rs./Quintal
Maharashtra,Pune,Pulses,Red gram/Arhar/Tur(whole),04-04-2024,0.7,Metric Tonnes,6200.0,Rs./Quintal
Maharashtra,Pune,Pulses,Bengal Gram(Gram)(Whole),05-04-2024,4.2,Metric Tonnes,6800.0,Rs./Quintal
Maharashtra,Pune,Pulses,Black Gram(Urd Beans)(Whole),05-04-2024,0.3,Metric Tonnes,9700.0,Rs./Quintal
Maharashtra,Pune,Pulses,Green Gram(Moong)(Whole),05-04-2024,4.4,Metric Tonnes,9550.0,Rs./Quintal
Maharashtra,Pune,Pulses,Bengal Gram(Gram)(Whole),06-04-2024,4.4,Metric Tonnes,6900.0,Rs./Quintal
Maharashtra,Pune,Pulses,Black Gram(Urd Beans)(Whole),06-04-2024,0.4,Metric Tonnes,9750.0,Rs./Quintal
Maharashtra,Pune,Pulses,Green Gram(Moong)(Whole),06-04-2024,4.3,Metric Tonnes,9700.0,Rs./Quintal
Maharashtra,Pune,Pulses,Bengal Gram(Gram)(Whole),07-04-2024,0.1,Metric Tonnes,7000.0,Rs./Quintal
Maharashtra,Pune,Pulses,Bengal Gram(Gram)(Whole),08-04-2024,4.3,Metric Tonnes,6800.0,Rs./Quintal
Maharashtra,Pune,Pulses,Black Gram(Urd Beans)(Whole),08-04-2024,0.6,Metric Tonnes,8916.67,Rs./Quintal
Maharashtra,Pune,Pulses,Green Gram(Moong)(Whole),08-04-2024,4.0,Metric Tonnes,9600.0,Rs./Quintal
Maharashtra,Pune,Pulses,Red gram/Arhar/Tur(whole),08-04-2024,0.6,Metric Tonnes,8701.0,Rs./Quintal
Maharashtra,Pune,Pulses,Bengal Gram(Gram)(Whole),09-04-2024,4.5,Metric Tonnes,6900.0,Rs./Quintal
Maharashtra,Pune,Pulses,Black Gram(Urd Beans)(Whole),09-04-2024,0.6,Metric Tonnes,9750.0,Rs./Quintal
Maharashtra,Pune,Pulses,Green Gram(Moong)(Whole),09-04-2024,4.2,Metric Tonnes,9700.0,Rs./Quintal
Maharashtra,Pune,Pulses,Bengal Gram(Gram)(Whole),13-04-2024,4.2,Metric Tonnes,6750.0,Rs./Quintal
Maharashtra,Pune,Pulses,Black Gram(Urd Beans)(Whole),13-04-2024,0.5,Metric Tonnes,9800.0,Rs./Quintal
Maharashtra,Pune,Pulses,Green Gram(Moong)(Whole),13-04-2024,3.9,Metric Tonnes,9850.0,Rs./Quintal
Maharashtra,Pune,Pulses,Bengal Gram(Gram)(Whole),15-04-2024,4.3,Metric Tonnes,6800.0,Rs./Quintal
Maharashtra,Pune,Pulses,Black Gram(Urd Beans)(Whole),15-04-2024,0.6,Metric Tonnes,9950.0,Rs./Quintal
Maharashtra,Pune,Pulses,Green Gram(Moong)(Whole),15-04-2024,4.1,Metric Tonnes,9800.0,Rs./Quintal
Maharashtra,Pune,Pulses,Bengal Gram(Gram)(Whole),19-04-2024,4.1,Metric Tonnes,6800.0,Rs./Quintal
Maharashtra,Pune,Pulses,Black Gram(Urd Beans)(Whole),19-04-2024,0.7,Metric Tonnes,9950.0,Rs./Quintal
Maharashtra,Pune,Pulses,Green Gram(Moong)(Whole),19-04-2024,3.8,Metric Tonnes,9800.0,Rs./Quintal
Maharashtra,Pune,Pulses,Bengal Gram(Gram)(Whole),21-04-2024,0.1,Metric Tonnes,4200.0,Rs./Quintal
Maharashtra,Pune,Pulses,Bengal Gram(Gram)(Whole),22-04-2024,4.3,Metric Tonnes,6700.0,Rs./Quintal
Maharashtra,Pune,Pulses,Black Gram(Urd Beans)(Whole),22-04-2024,0.5,Metric Tonnes,10050.0,Rs./Quintal
Maharashtra,Pune,Pulses,Green Gram(Moong)(Whole),22-04-2024,3.9,Metric Tonnes,9800.0,Rs./Quintal
Maharashtra,Pune,Pulses,Bengal Gram(Gram)(Whole),24-04-2024,4.1,Metric Tonnes,6850.0,Rs./Quintal
Maharashtra,Pune,Pulses,Black Gram(Urd Beans)(Whole),24-04-2024,0.5,Metric Tonnes,10000.0,Rs./Quintal
Maharashtra,Pune,Pulses,Green Gram(Moong)(Whole),24-04-2024,4.0,Metric Tonnes,9500.0,Rs./Quintal
Maharashtra,Pune,Pulses,Bengal Gram(Gram)(Whole),25-04-2024,10.0,Metric Tonnes,5980.0,Rs./Quintal
Maharashtra,Pune,Pulses,Black Gram(Urd Beans)(Whole),25-04-2024,3.6,Metric Tonnes,7761.11,Rs./Quintal
Maharashtra,Pune,Pulses,Green Gram(Moong)(Whole),25-04-2024,3.8,Metric Tonnes,9300.0,Rs./Quintal
Maharashtra,Pune,Pulses,Bengal Gram(Gram)(Whole),26-04-2024,4.5,Metric Tonnes,6900.0,Rs./Quintal
Maharashtra,Pune,Pulses,Black Gram(Urd Beans)(Whole),26-04-2024,0.5,Metric Tonnes,9800.0,Rs./Quintal
Maharashtra,Pune,Pulses,Green Gram(Moong)(Whole),26-04-2024,4.1,Metric Tonnes,9400.0,Rs./Quintal
Maharashtra,Pune,Pulses,Bengal Gram(Gram)(Whole),27-04-2024,3.9,Metric Tonnes,6850.0,Rs./Quintal
Maharashtra,Pune,Pulses,Black Gram(Urd Beans)(Whole),27-04-2024,0.4,Metric Tonnes,10000.0,Rs./Quintal
Maharashtra,Pune,Pulses,Green Gram(Moong)(Whole),27-04-2024,3.8,Metric Tonnes,9500.0,Rs./Quintal
Maharashtra,Pune,Pulses,Bengal Gram(Gram)(Whole),28-04-2024,0.6,Metric Tonnes,5800.0,Rs./Quintal
Maharashtra,Pune,Pulses,Black Gram(Urd Beans)(Whole),28-04-2024,1.2,Metric Tonnes,7000.0,Rs./Quintal
Maharashtra,Pune,Pulses,Bengal Gram(Gram)(Whole),29-04-2024,4.3,Metric Tonnes,6900.0,Rs./Quintal
Maharashtra,Pune,Pulses,Black Gram(Urd Beans)(Whole),29-04-2024,1.0,Metric Tonnes,8760.0,Rs./Quintal
Maharashtra,Pune,Pulses,Green Gram(Moong)(Whole),29-04-2024,4.5,Metric Tonnes,9404.44,Rs./Quintal
Maharashtra,Pune,Pulses,Bengal Gram(Gram)(Whole),30-04-2024,4.2,Metric Tonnes,7000.0,Rs./Quintal
Maharashtra,Pune,Pulses,Black Gram(Urd Beans)(Whole),30-04-2024,0.4,Metric Tonnes,9600.0,Rs./Quintal
Maharashtra,Pune,Pulses,Green Gram(Moong)(Whole),30-04-2024,4.5,Metric Tonnes,9200.0,Rs./Quintal
Maharashtra,Pune,Pulses,Bengal Gram(Gram)(Whole),02-05-2024,4.6,Metric Tonnes,6921.74,Rs./Quintal
Maharashtra,Pune,Pulses,Black Gram(Urd Beans)(Whole),02-05-2024,3.6,Metric Tonnes,9050.0,Rs./Quintal
Maharashtra,Pune,Pulses,Green Gram(Moong)(Whole),02-05-2024,4.9,Metric Tonnes,9191.84,Rs./Quintal
Maharashtra,Pune,Pulses,Bengal Gram(Gram)(Whole),03-05-2024,4.2,Metric Tonnes,7000.0,Rs./Quintal
Maharashtra,Pune,Pulses,Black Gram(Urd Beans)(Whole),03-05-2024,0.4,Metric Tonnes,9600.0,Rs./Quintal
Maharashtra,Pune,Pulses,Green Gram(Moong)(Whole),03-05-2024,4.5,Metric Tonnes,9200.0,Rs./Quintal
Maharashtra,Pune,Pulses,Bengal Gram(Gram)(Whole),04-05-2024,4.6,Metric Tonnes,6900.0,Rs./Quintal
Maharashtra,Pune,Pulses,Black Gram(Urd Beans)(Whole),04-05-2024,0.6,Metric Tonnes,9800.0,Rs./Quintal
Maharashtra,Pune,Pulses,Green Gram(Moong)(Whole),04-05-2024,3.9,Metric Tonnes,9400.0,Rs./Quintal
Maharashtra,Pune,Pulses,Bengal Gram(Gram)(Whole),06-05-2024,4.4,Metric Tonnes,7000.0,Rs./Quintal
Maharashtra,Pune,Pulses,Black Gram(Urd Beans)(Whole),06-05-2024,0.5,Metric Tonnes,9750.0,Rs./Quintal
Maharashtra,Pune,Pulses,Green Gram(Moong)(Whole),06-05-2024,4.1,Metric Tonnes,9200.0,Rs./Quintal
Maharashtra,Pune,Pulses,Bengal Gram(Gram)(Whole),07-05-2024,4.6,Metric Tonnes,7000.0,Rs./Quintal
Maharashtra,Pune,Pulses,Black Gram(Urd Beans)(Whole),07-05-2024,0.4,Metric Tonnes,9850.0,Rs./Quintal
Maharashtra,Pune,Pulses,Green Gram(Moong)(Whole),07-05-2024,4.0,Metric Tonnes,9100.0,Rs./Quintal
Maharashtra,Pune,Pulses,Bengal Gram(Gram)(Whole),08-05-2024,4.0,Metric Tonnes,6850.0,Rs./Quintal
Maharashtra,Pune,Pulses,Black Gram(Urd Beans)(Whole),08-05-2024,0.5,Metric Tonnes,9900.0,Rs./Quintal
Maharashtra,Pune,Pulses,Green Gram(Moong)(Whole),08-05-2024,3.8,Metric Tonnes,9000.0,Rs./Quintal
Maharashtra,Pune,Pulses,Bengal Gram(Gram)(Whole),09-05-2024,4.2,Metric Tonnes,6850.0,Rs./Quintal
Maharashtra,Pune,Pulses,Black Gram(Urd Beans)(Whole),09-05-2024,3.2,Metric Tonnes,9118.75,Rs./Quintal
Maharashtra,Pune,Pulses,Green Gram(Moong)(Whole),09-05-2024,4.6,Metric Tonnes,8646.07,Rs./Quintal
Maharashtra,Pune,Pulses,Red gram/Arhar/Tur(whole),09-05-2024,0.1,Metric Tonnes,8900.0,Rs./Quintal
Maharashtra,Pune,Pulses,Bengal Gram(Gram)(Whole),10-05-2024,4.4,Metric Tonnes,6900.0,Rs./Quintal
Maharashtra,Pune,Pulses,Black Gram(Urd Beans)(Whole),10-05-2024,0.3,Metric Tonnes,9900.0,Rs./Quintal
Maharashtra,Pune,Pulses,Green Gram(Moong)(Whole),10-05-2024,4.2,Metric Tonnes,9150.0,Rs./Quintal
Maharashtra,Pune,Pulses,Bengal Gram(Gram)(Whole),11-05-2024,4.0,Metric Tonnes,7000.0,Rs./Quintal
Maharashtra,Pune,Pulses,Black Gram(Urd Beans)(Whole),11-05-2024,0.4,Metric Tonnes,9850.0,Rs./Quintal
Maharashtra,Pune,Pulses,Green Gram(Moong)(Whole),11-05-2024,4.2,Metric Tonnes,9100.0,Rs./Quintal
Maharashtra,Pune,Pulses,Bengal Gram(Gram)(Whole),12-05-2024,0.1,Metric Tonnes,5000.0,Rs./Quintal
Maharashtra,Pune,Pulses,Black Gram(Urd Beans)(Whole),13-05-2024,4.2,Metric Tonnes,9050.0,Rs./Quintal
Maharashtra,Pune,Pulses,Green Gram(Moong)(Whole),13-05-2024,0.1,Metric Tonnes,8250.0,Rs./Quintal
Maharashtra,Pune,Pulses,Bengal Gram(Gram)(Whole),14-05-2024,4.4,Metric Tonnes,6900.0,Rs./Quintal
Maharashtra,Pune,Pulses,Black Gram(Urd Beans)(Whole),14-05-2024,0.3,Metric Tonnes,9900.0,Rs./Quintal
Maharashtra,Pune,Pulses,Bengal Gram(Gram)(Whole),15-05-2024,4.2,Metric Tonnes,7050.0,Rs./Quintal
Maharashtra,Pune,Pulses,Black Gram(Urd Beans)(Whole),15-05-2024,0.5,Metric Tonnes,9950.0,Rs./Quintal
Maharashtra,Pune,Pulses,Green Gram(Moong)(Whole),15-05-2024,4.0,Metric Tonnes,9300.0,Rs./Quintal
Maharashtra,Pune,Pulses,Bengal Gram(Gram)(Whole),16-05-2024,4.5,Metric Tonnes,6777.89,Rs./Quintal
Maharashtra,Pune,Pulses,Black Gram(Urd Beans)(Whole),16-05-2024,4.5,Metric Tonnes,9281.13,Rs./Quintal
Maharashtra,Pune,Pulses,Green Gram(Moong)(Whole),16-05-2024,4.9,Metric Tonnes,8691.84,Rs./Quintal
Maharashtra,Pune,Pulses,Bengal Gram(Gram)(Whole),17-05-2024,3.8,Metric Tonnes,6900.0,Rs./Quintal
Maharashtra,Pune,Pulses,Black Gram(Urd Beans)(Whole),17-05-2024,0.5,Metric Tonnes,10100.0,Rs./Quintal
Maharashtra,Pune,Pulses,Green Gram(Moong)(Whole),17-05-2024,4.1,Metric Tonnes,9050.0,Rs./Quintal
Maharashtra,Pune,Pulses,Bengal Gram(Gram)(Whole),18-05-2024,4.0,Metric Tonnes,7050.0,Rs./Quintal
Maharashtra,Pune,Pulses,Black Gram(Urd Beans)(Whole),18-05-2024,0.4,Metric Tonnes,10050.0,Rs./Quintal
Maharashtra,Pune,Pulses,Green Gram(Moong)(Whole),18-05-2024,4.2,Metric Tonnes,9100.0,Rs./Quintal
Maharashtra,Pune,Pulses,Bengal Gram(Gram)(Whole),19-05-2024,0.1,Metric Tonnes,5800.0,Rs./Quintal
Maharashtra,Pune,Pulses,Black Gram(Urd Beans)(Whole),19-05-2024,0.1,Metric Tonnes,7000.0,Rs./Quintal
Maharashtra,Pune,Pulses,Bengal Gram(Gram)(Whole),20-05-2024,4.3,Metric Tonnes,7000.0,Rs./Quintal
Maharashtra,Pune,Pulses,Black Gram(Urd Beans)(Whole),20-05-2024,7.7,Metric Tonnes,9225.32,Rs./Quintal
Maharashtra,Pune,Pulses,Green Gram(Moong)(Whole),20-05-2024,4.7,Metric Tonnes,8963.83,Rs./Quintal
Maharashtra,Pune,Pulses,Red gram/Arhar/Tur(whole),20-05-2024,1.1,Metric Tonnes,9500.0,Rs./Quintal
Maharashtra,Pune,Pulses,Bengal Gram(Gram)(Whole),21-05-2024,4.1,Metric Tonnes,7050.0,Rs./Quintal
Maharashtra,Pune,Pulses,Black Gram(Urd Beans)(Whole),21-05-2024,0.4,Metric Tonnes,9750.0,Rs./Quintal
Maharashtra,Pune,Pulses,Green Gram(Moong)(Whole),21-05-2024,4.3,Metric Tonnes,9100.0,Rs./Quintal
Maharashtra,Pune,Pulses,Bengal Gram(Gram)(Whole),22-05-2024,4.2,Metric Tonnes,7050.0,Rs./Quintal
Maharashtra,Pune,Pulses,Black Gram(Urd Beans)(Whole),22-05-2024,0.5,Metric Tonnes,10050.0,Rs./Quintal
Maharashtra,Pune,Pulses,Green Gram(Moong)(Whole),22-05-2024,4.0,Metric Tonnes,9100.0,Rs./Quintal
Maharashtra,Pune,Pulses,Bengal Gram(Gram)(Whole),23-05-2024,4.2,Metric Tonnes,6976.19,Rs./Quintal
Maharashtra,Pune,Pulses,Black Gram(Urd Beans)(Whole),23-05-2024,1.6,Metric Tonnes,9158.75,Rs./Quintal
Maharashtra,Pune,Pulses,Green Gram(Moong)(Whole),23-05-2024,4.4,Metric Tonnes,9098.23,Rs./Quintal
Maharashtra,Pune,Pulses,Bengal Gram(Gram)(Whole),24-05-2024,4.2,Metric Tonnes,7050.0,Rs./Quintal
Maharashtra,Pune,Pulses,Black Gram(Urd Beans)(Whole),24-05-2024,0.4,Metric Tonnes,9900.0,Rs./Quintal
Maharashtra,Pune,Pulses,Green Gram(Moong)(Whole),24-05-2024,3.9,Metric Tonnes,9250.0,Rs./Quintal
Maharashtra,Pune,Pulses,Bengal Gram(Gram)(Whole),25-05-2024,4.3,Metric Tonnes,7050.0,Rs./Quintal
Maharashtra,Pune,Pulses,Black Gram(Urd Beans)(Whole),25-05-2024,0.4,Metric Tonnes,9750.0,Rs./Quintal
Maharashtra,Pune,Pulses,Green Gram(Moong)(Whole),25-05-2024,4.5,Metric Tonnes,9100.0,Rs./Quintal
Maharashtra,Pune,Pulses,Bengal Gram(Gram)(Whole),26-05-2024,0.2,Metric Tonnes,5900.0,Rs./Quintal
Maharashtra,Pune,Pulses,Bengal Gram(Gram)(Whole),27-05-2024,4.0,Metric Tonnes,7000.0,Rs./Quintal
Maharashtra,Pune,Pulses,Black Gram(Urd Beans)(Whole),27-05-2024,0.5,Metric Tonnes,9800.0,Rs./Quintal
Maharashtra,Pune,Pulses,Green Gram(Moong)(Whole),27-05-2024,4.3,Metric Tonnes,9200.0,Rs./Quintal
Maharashtra,Pune,Pulses,Bengal Gram(Gram)(Whole),28-05-2024,3.8,Metric Tonnes,7050.0,Rs./Quintal
Maharashtra,Pune,Pulses,Black Gram(Urd Beans)(Whole),28-05-2024,0.3,Metric Tonnes,9900.0,Rs./Quintal
Maharashtra,Pune,Pulses,Green Gram(Moong)(Whole),28-05-2024,4.0,Metric Tonnes,9350.0,Rs./Quintal
Maharashtra,Pune,Pulses,Bengal Gram(Gram)(Whole),29-05-2024,4.1,Metric Tonnes,7000.0,Rs./Quintal
Maharashtra,Pune,Pulses,Black Gram(Urd Beans)(Whole),29-05-2024,0.5,Metric Tonnes,9900.0,Rs./Quintal
Maharashtra,Pune,Pulses,Green Gram(Moong)(Whole),29-05-2024,3.8,Metric Tonnes,9500.0,Rs./Quintal
Maharashtra,Pune,Pulses,Bengal Gram(Gram)(Whole),30-05-2024,4.2,Metric Tonnes,6809.52,Rs./Quintal
Maharashtra,Pune,Pulses,Black Gram(Urd Beans)(Whole),30-05-2024,2.0,Metric Tonnes,9353.0,Rs./Quintal
Maharashtra,Pune,Pulses,Green Gram(Moong)(Whole),30-05-2024,5.5,Metric Tonnes,8727.27,Rs./Quintal
Maharashtra,Pune,Pulses,Bengal Gram(Gram)(Whole),31-05-2024,4.2,Metric Tonnes,6967.86,Rs./Quintal
Maharashtra,Pune,Pulses,Black Gram(Urd Beans)(Whole),31-05-2024,0.4,Metric Tonnes,10000.0,Rs./Quintal
Maharashtra,Pune,Pulses,Green Gram(Moong)(Whole),31-05-2024,3.5,Metric Tonnes,9400.0,Rs./Quintal
Maharashtra,Pune,Pulses,Bengal Gram(Gram)(Whole),01-06-2024,4.1,Metric Tonnes,7000.0,Rs./Quintal
Maharashtra,Pune,Pulses,Black Gram(Urd Beans)(Whole),01-06-2024,0.5,Metric Tonnes,10000.0,Rs./Quintal
Maharashtra,Pune,Pulses,Green Gram(Moong)(Whole),01-06-2024,4.0,Metric Tonnes,9210.0,Rs./Quintal
Maharashtra,Pune,Pulses,Bengal Gram(Gram)(Whole),02-06-2024,0.9,Metric Tonnes,5888.89,Rs./Quintal
Maharashtra,Pune,Pulses,Green Gram(Moong)(Whole),02-06-2024,0.1,Metric Tonnes,6600.0,Rs./Quintal
Maharashtra,Pune,Pulses,Bengal Gram(Gram)(Whole),03-06-2024,4.4,Metric Tonnes,6972.73,Rs./Quintal
Maharashtra,Pune,Pulses,Black Gram(Urd Beans)(Whole),03-06-2024,4.7,Metric Tonnes,9034.04,Rs./Quintal
Maharashtra,Pune,Pulses,Green Gram(Moong)(Whole),03-06-2024,4.1,Metric Tonnes,9400.0,Rs./Quintal
Maharashtra,Pune,Pulses,Bengal Gram(Gram)(Whole),04-06-2024,4.5,Metric Tonnes,7000.0,Rs./Quintal
Maharashtra,Pune,Pulses,Black Gram(Urd Beans)(Whole),04-06-2024,0.7,Metric Tonnes,10150.0,Rs./Quintal
Maharashtra,Pune,Pulses,Green Gram(Moong)(Whole),04-06-2024,4.4,Metric Tonnes,9600.0,Rs./Quintal
Maharashtra,Pune,Pulses,Bengal Gram(Gram)(Whole),05-06-2024,4.2,Metric Tonnes,7100.0,Rs./Quintal
Maharashtra,Pune,Pulses,Black Gram(Urd Beans)(Whole),05-06-2024,0.5,Metric Tonnes,10100.0,Rs./Quintal
Maharashtra,Pune,Pulses,Green Gram(Moong)(Whole),05-06-2024,4.5,Metric Tonnes,9700.0,Rs./Quintal
Maharashtra,Pune,Pulses,Bengal Gram(Gram)(Whole),06-06-2024,4.6,Metric Tonnes,7125.0,Rs./Quintal
Maharashtra,Pune,Pulses,Black Gram(Urd Beans)(Whole),06-06-2024,3.1,Metric Tonnes,9153.23,Rs./Quintal
Maharashtra,Pune,Pulses,Green Gram(Moong)(Whole),06-06-2024,4.3,Metric Tonnes,9500.0,Rs./Quintal
Maharashtra,Pune,Pulses,Bengal Gram(Gram)(Whole),07-06-2024,4.3,Metric Tonnes,7000.0,Rs./Quintal
Maharashtra,Pune,Pulses,Black Gram(Urd Beans)(Whole),07-06-2024,0.5,Metric Tonnes,9850.0,Rs./Quintal
Maharashtra,Pune,Pulses,Green Gram(Moong)(Whole),07-06-2024,4.5,Metric Tonnes,9600.0,Rs./Quintal
Maharashtra,Pune,Pulses,Bengal Gram(Gram)(Whole),08-06-2024,4.4,Metric Tonnes,7050.0,Rs./Quintal
Maharashtra,Pune,Pulses,Black Gram(Urd Beans)(Whole),08-06-2024,0.4,Metric Tonnes,10100.0,Rs./Quintal
Maharashtra,Pune,Pulses,Green Gram(Moong)(Whole),08-06-2024,4.5,Metric Tonnes,9700.0,Rs./Quintal
Maharashtra,Pune,Pulses,Bengal Gram(Gram)(Whole),10-06-2024,4.6,Metric Tonnes,7004.35,Rs./Quintal
Maharashtra,Pune,Pulses,Black Gram(Urd Beans)(Whole),10-06-2024,1.3,Metric Tonnes,9234.62,Rs./Quintal
Maharashtra,Pune,Pulses,Green Gram(Moong)(Whole),10-06-2024,4.6,Metric Tonnes,9594.57,Rs./Quintal
Maharashtra,Pune,Pulses,Bengal Gram(Gram)(Whole),11-06-2024,4.4,Metric Tonnes,6861.36,Rs./Quintal
Maharashtra,Pune,Pulses,Black Gram(Urd Beans)(Whole),11-06-2024,0.3,Metric Tonnes,11050.0,Rs./Quintal
Maharashtra,Pune,Pulses,Green Gram(Moong)(Whole),11-06-2024,4.2,Metric Tonnes,9838.1,Rs./Quintal
Maharashtra,Pune,Pulses,Bengal Gram(Gram)(Whole),12-06-2024,4.5,Metric Tonnes,7000.0,Rs./Quintal
Maharashtra,Pune,Pulses,Black Gram(Urd Beans)(Whole),12-06-2024,0.5,Metric Tonnes,11000.0,Rs./Quintal
Maharashtra,Pune,Pulses,Green Gram(Moong)(Whole),12-06-2024,4.4,Metric Tonnes,10000.0,Rs./Quintal
Maharashtra,Pune,Pulses,Bengal Gram(Gram)(Whole),13-06-2024,5.0,Metric Tonnes,6946.0,Rs./Quintal
Maharashtra,Pune,Pulses,Black Gram(Urd Beans)(Whole),13-06-2024,0.6,Metric Tonnes,11100.0,Rs./Quintal
Maharashtra,Pune,Pulses,Green Gram(Moong)(Whole),13-06-2024,4.3,Metric Tonnes,9800.0,Rs./Quintal
Maharashtra,Pune,Pulses,Bengal Gram(Gram)(Whole),14-06-2024,4.0,Metric Tonnes,7200.0,Rs./Quintal
Maharashtra,Pune,Pulses,Black Gram(Urd Beans)(Whole),14-06-2024,0.4,Metric Tonnes,10950.0,Rs./Quintal
Maharashtra,Pune,Pulses,Green Gram(Moong)(Whole),14-06-2024,4.1,Metric Tonnes,9600.0,Rs./Quintal
Maharashtra,Pune,Pulses,Bengal Gram(Gram)(Whole),15-06-2024,4.2,Metric Tonnes,7200.0,Rs./Quintal
Maharashtra,Pune,Pulses,Black Gram(Urd Beans)(Whole),15-06-2024,0.6,Metric Tonnes,10900.0,Rs./Quintal
Maharashtra,Pune,Pulses,Green Gram(Moong)(Whole),15-06-2024,4.0,Metric Tonnes,9750.0,Rs./Quintal
Maharashtra,Pune,Pulses,Bengal Gram(Gram)(Whole),16-06-2024,0.4,Metric Tonnes,6051.0,Rs./Quintal
Maharashtra,Pune,Pulses,Bengal Gram(Gram)(Whole),17-06-2024,4.4,Metric Tonnes,7100.0,Rs./Quintal
Maharashtra,Pune,Pulses,Black Gram(Urd Beans)(Whole),17-06-2024,0.5,Metric Tonnes,11100.0,Rs./Quintal
Maharashtra,Pune,Pulses,Green Gram(Moong)(Whole),17-06-2024,4.2,Metric Tonnes,9800.0,Rs./Quintal
Maharashtra,Pune,Pulses,Bengal Gram(Gram)(Whole),18-06-2024,4.5,Metric Tonnes,7000.0,Rs./Quintal
Maharashtra,Pune,Pulses,Black Gram(Urd Beans)(Whole),18-06-2024,0.3,Metric Tonnes,11150.0,Rs./Quintal
Maharashtra,Pune,Pulses,Green Gram(Moong)(Whole),18-06-2024,4.0,Metric Tonnes,9850.0,Rs./Quintal
Maharashtra,Pune,Pulses,Bengal Gram(Gram)(Whole),19-06-2024,4.6,Metric Tonnes,6978.11,Rs./Quintal
Maharashtra,Pune,Pulses,Black Gram(Urd Beans)(Whole),19-06-2024,0.4,Metric Tonnes,11100.0,Rs./Quintal
Maharashtra,Pune,Pulses,Green Gram(Moong)(Whole),19-06-2024,4.2,Metric Tonnes,9650.0,Rs./Quintal
Maharashtra,Pune,Pulses,Bengal Gram(Gram)(Whole),20-06-2024,4.0,Metric Tonnes,7200.0,Rs./Quintal
Maharashtra,Pune,Pulses,Black Gram(Urd Beans)(Whole),20-06-2024,0.6,Metric Tonnes,11000.0,Rs./Quintal
Maharashtra,Pune,Pulses,Green Gram(Moong)(Whole),20-06-2024,4.5,Metric Tonnes,9500.0,Rs./Quintal
Maharashtra,Pune,Pulses,Bengal Gram(Gram)(Whole),21-06-2024,4.3,Metric Tonnes,7150.0,Rs./Quintal
Maharashtra,Pune,Pulses,Black Gram(Urd Beans)(Whole),21-06-2024,0.4,Metric Tonnes,10850.0,Rs./Quintal
Maharashtra,Pune,Pulses,Green Gram(Moong)(Whole),21-06-2024,4.2,Metric Tonnes,9300.0,Rs./Quintal
Maharashtra,Pune,Pulses,Bengal Gram(Gram)(Whole),22-06-2024,4.1,Metric Tonnes,7180.0,Rs./Quintal
Maharashtra,Pune,Pulses,Black Gram(Urd Beans)(Whole),22-06-2024,0.5,Metric Tonnes,11100.0,Rs./Quintal
Maharashtra,Pune,Pulses,Green Gram(Moong)(Whole),22-06-2024,4.4,Metric Tonnes,9650.0,Rs./Quintal
Maharashtra,Pune,Pulses,Black Gram(Urd Beans)(Whole),23-06-2024,0.1,Metric Tonnes,7600.0,Rs./Quintal
Maharashtra,Pune,Pulses,Bengal Gram(Gram)(Whole),24-06-2024,4.4,Metric Tonnes,7150.0,Rs./Quintal
Maharashtra,Pune,Pulses,Black Gram(Urd Beans)(Whole),24-06-2024,0.4,Metric Tonnes,11000.0,Rs./Quintal
Maharashtra,Pune,Pulses,Green Gram(Moong)(Whole),24-06-2024,0.6,Metric Tonnes,9700.0,Rs./Quintal
Maharashtra,Pune,Pulses,Bengal Gram(Gram)(Whole),25-06-2024,4.5,Metric Tonnes,7100.0,Rs./Quintal
Maharashtra,Pune,Pulses,Black Gram(Urd Beans)(Whole),25-06-2024,0.6,Metric Tonnes,11100.0,Rs./Quintal
Maharashtra,Pune,Pulses,Green Gram(Moong)(Whole),25-06-2024,4.0,Metric Tonnes,9500.0,Rs./Quintal
Maharashtra,Pune,Pulses,Bengal Gram(Gram)(Whole),26-06-2024,4.3,Metric Tonnes,7200.0,Rs./Quintal
Maharashtra,Pune,Pulses,Black Gram(Urd Beans)(Whole),26-06-2024,0.4,Metric Tonnes,11200.0,Rs./Quintal
Maharashtra,Pune,Pulses,Green Gram(Moong)(Whole),26-06-2024,4.3,Metric Tonnes,9400.0,Rs./Quintal
Maharashtra,Pune,Pulses,Bengal Gram(Gram)(Whole),27-06-2024,4.6,Metric Tonnes,7273.91,Rs./Quintal
Maharashtra,Pune,Pulses,Black Gram(Urd Beans)(Whole),27-06-2024,0.6,Metric Tonnes,10258.33,Rs./Quintal
Maharashtra,Pune,Pulses,Green Gram(Moong)(Whole),27-06-2024,4.0,Metric Tonnes,9300.0,Rs./Quintal
Maharashtra,Pune,Pulses,Bengal Gram(Gram)(Whole),28-06-2024,4.6,Metric Tonnes,7400.0,Rs./Quintal
Maharashtra,Pune,Pulses,Black Gram(Urd Beans)(Whole),28-06-2024,0.3,Metric Tonnes,11000.0,Rs./Quintal
Maharashtra,Pune,Pulses,Green Gram(Moong)(Whole),28-06-2024,4.2,Metric Tonnes,9200.0,Rs./Quintal
Maharashtra,Pune,Pulses,Bengal Gram(Gram)(Whole),29-06-2024,4.4,Metric Tonnes,7200.0,Rs./Quintal
Maharashtra,Pune,Pulses,Black Gram(Urd Beans)(Whole),29-06-2024,0.5,Metric Tonnes,10900.0,Rs./Quintal
Maharashtra,Pune,Pulses,Green Gram(Moong)(Whole),29-06-2024,4.4,Metric Tonnes,9400.0,Rs./Quintal
Maharashtra,Pune,Pulses,Bengal Gram(Gram)(Whole),30-06-2024,0.1,Metric Tonnes,5300.0,Rs./Quintal
Maharashtra,Pune,Pulses,Red gram/Arhar/Tur(whole),30-06-2024,0.1,Metric Tonnes,7200.0,Rs./Quintal
Maharashtra,Pune,Pulses,Bengal Gram(Gram)(Whole),01-07-2024,4.4,Metric Tonnes,7400.0,Rs./Quintal
Maharashtra,Pune,Pulses,Black Gram(Urd Beans)(Whole),01-07-2024,1.7,Metric Tonnes,6588.24,Rs./Quintal
Maharashtra,Pune,Pulses,Green Gram(Moong)(Whole),01-07-2024,4.9,Metric Tonnes,8444.9,Rs./Quintal
Maharashtra,Pune,Pulses,Red gram/Arhar/Tur(whole),01-07-2024,0.1,Metric Tonnes,6852.0,Rs./Quintal
Maharashtra,Pune,Pulses,Bengal Gram(Gram)(Whole),02-07-2024,4.1,Metric Tonnes,7350.0,Rs./Quintal
Maharashtra,Pune,Pulses,Black Gram(Urd Beans)(Whole),02-07-2024,0.3,Metric Tonnes,10850.0,Rs./Quintal
Maharashtra,Pune,Pulses,Green Gram(Moong)(Whole),02-07-2024,4.0,Metric Tonnes,9300.0,Rs./Quintal
Maharashtra,Pune,Pulses,Bengal Gram(Gram)(Whole),03-07-2024,4.0,Metric Tonnes,7250.0,Rs./Quintal
Maharashtra,Pune,Pulses,Black Gram(Urd Beans)(Whole),03-07-2024,0.4,Metric Tonnes,10800.0,Rs./Quintal
Maharashtra,Pune,Pulses,Green Gram(Moong)(Whole),03-07-2024,4.2,Metric Tonnes,9400.0,Rs./Quintal
Maharashtra,Pune,Pulses,Bengal Gram(Gram)(Whole),04-07-2024,4.0,Metric Tonnes,7067.55,Rs./Quintal
Maharashtra,Pune,Pulses,Black Gram(Urd Beans)(Whole),04-07-2024,1.1,Metric Tonnes,7927.27,Rs./Quintal
Maharashtra,Pune,Pulses,Green Gram(Moong)(Whole),04-07-2024,4.0,Metric Tonnes,9200.0,Rs./Quintal
Maharashtra,Pune,Pulses,Red gram/Arhar/Tur(whole),04-07-2024,0.1,Metric Tonnes,9000.0,Rs./Quintal
Maharashtra,Pune,Pulses,Bengal Gram(Gram)(Whole),05-07-2024,4.0,Metric Tonnes,7250.0,Rs./Quintal
Maharashtra,Pune,Pulses,Black Gram(Urd Beans)(Whole),05-07-2024,0.3,Metric Tonnes,10800.0,Rs./Quintal
Maharashtra,Pune,Pulses,Green Gram(Moong)(Whole),05-07-2024,3.8,Metric Tonnes,9400.0,Rs./Quintal
Maharashtra,Pune,Pulses,Bengal Gram(Gram)(Whole),06-07-2024,4.4,Metric Tonnes,7336.36,Rs./Quintal
Maharashtra,Pune,Pulses,Black Gram(Urd Beans)(Whole),06-07-2024,0.5,Metric Tonnes,10700.0,Rs./Quintal
Maharashtra,Pune,Pulses,Green Gram(Moong)(Whole),06-07-2024,4.0,Metric Tonnes,9350.0,Rs./Quintal
Maharashtra,Pune,Pulses,Bengal Gram(Gram)(Whole),07-07-2024,0.4,Metric Tonnes,6100.0,Rs./Quintal
Maharashtra,Pune,Pulses,Bengal Gram(Gram)(Whole),08-07-2024,4.0,Metric Tonnes,7250.0,Rs./Quintal
Maharashtra,Pune,Pulses,Black Gram(Urd Beans)(Whole),08-07-2024,0.4,Metric Tonnes,10500.0,Rs./Quintal
Maharashtra,Pune,Pulses,Green Gram(Moong)(Whole),08-07-2024,3.9,Metric Tonnes,9300.0,Rs./Quintal
Maharashtra,Pune,Pulses,Bengal Gram(Gram)(Whole),09-07-2024,4.2,Metric Tonnes,7350.0,Rs./Quintal
Maharashtra,Pune,Pulses,Black Gram(Urd Beans)(Whole),09-07-2024,0.3,Metric Tonnes,10400.0,Rs./Quintal
Maharashtra,Pune,Pulses,Green Gram(Moong)(Whole),09-07-2024,4.1,Metric Tonnes,9150.0,Rs./Quintal
Maharashtra,Pune,Pulses,Bengal Gram(Gram)(Whole),10-07-2024,3.9,Metric Tonnes,7300.0,Rs./Quintal
Maharashtra,Pune,Pulses,Black Gram(Urd Beans)(Whole),10-07-2024,0.5,Metric Tonnes,10500.0,Rs./Quintal
Maharashtra,Pune,Pulses,Green Gram(Moong)(Whole),10-07-2024,4.3,Metric Tonnes,9350.0,Rs./Quintal
Maharashtra,Pune,Pulses,Bengal Gram(Gram)(Whole),11-07-2024,3.7,Metric Tonnes,7500.0,Rs./Quintal
Maharashtra,Pune,Pulses,Black Gram(Urd Beans)(Whole),11-07-2024,2.9,Metric Tonnes,6203.45,Rs./Quintal
Maharashtra,Pune,Pulses,Green Gram(Moong)(Whole),11-07-2024,4.0,Metric Tonnes,9450.0,Rs./Quintal
Maharashtra,Pune,Pulses,Red gram/Arhar/Tur(whole),11-07-2024,0.4,Metric Tonnes,9700.0,Rs./Quintal
Maharashtra,Pune,Pulses,Bengal Gram(Gram)(Whole),12-07-2024,3.9,Metric Tonnes,7400.0,Rs./Quintal
Maharashtra,Pune,Pulses,Black Gram(Urd Beans)(Whole),12-07-2024,0.3,Metric Tonnes,10500.0,Rs./Quintal
Maharashtra,Pune,Pulses,Green Gram(Moong)(Whole),12-07-2024,3.8,Metric Tonnes,9600.0,Rs./Quintal
Maharashtra,Pune,Pulses,Bengal Gram(Gram)(Whole),13-07-2024,6.0,Metric Tonnes,7000.0,Rs./Quintal
Maharashtra,Pune,Pulses,Black Gram(Urd Beans)(Whole),13-07-2024,0.5,Metric Tonnes,10600.0,Rs./Quintal
Maharashtra,Pune,Pulses,Green Gram(Moong)(Whole),13-07-2024,4.2,Metric Tonnes,9450.0,Rs./Quintal
Maharashtra,Pune,Pulses,Bengal Gram(Gram)(Whole),14-07-2024,0.8,Metric Tonnes,6200.0,Rs./Quintal
Maharashtra,Pune,Pulses,Bengal Gram(Gram)(Whole),15-07-2024,3.7,Metric Tonnes,7400.0,Rs./Quintal
Maharashtra,Pune,Pulses,Black Gram(Urd Beans)(Whole),15-07-2024,0.4,Metric Tonnes,10500.0,Rs./Quintal
Maharashtra,Pune,Pulses,Green Gram(Moong)(Whole),15-07-2024,4.0,Metric Tonnes,9600.0,Rs./Quintal
Maharashtra,Pune,Pulses,Bengal Gram(Gram)(Whole),16-07-2024,3.9,Metric Tonnes,7450.0,Rs./Quintal
Maharashtra,Pune,Pulses,Black Gram(Urd Beans)(Whole),16-07-2024,0.5,Metric Tonnes,10400.0,Rs./Quintal
Maharashtra,Pune,Pulses,Green Gram(Moong)(Whole),16-07-2024,4.2,Metric Tonnes,9550.0,Rs./Quintal
Maharashtra,Pune,Pulses,Bengal Gram(Gram)(Whole),17-07-2024,4.1,Metric Tonnes,7400.0,Rs./Quintal
Maharashtra,Pune,Pulses,Black Gram(Urd Beans)(Whole),17-07-2024,0.3,Metric Tonnes,10500.0,Rs./Quintal
Maharashtra,Pune,Pulses,Green Gram(Moong)(Whole),17-07-2024,3.9,Metric Tonnes,9600.0,Rs./Quintal
Maharashtra,Pune,Pulses,Bengal Gram(Gram)(Whole),18-07-2024,4.3,Metric Tonnes,7200.0,Rs./Quintal
Maharashtra,Pune,Pulses,Black Gram(Urd Beans)(Whole),18-07-2024,0.4,Metric Tonnes,10500.0,Rs./Quintal
Maharashtra,Pune,Pulses,Green Gram(Moong)(Whole),18-07-2024,3.8,Metric Tonnes,9400.0,Rs./Quintal
Maharashtra,Pune,Pulses,Bengal Gram(Gram)(Whole),19-07-2024,4.1,Metric Tonnes,7150.0,Rs./Quintal
Maharashtra,Pune,Pulses,Black Gram(Urd Beans)(Whole),19-07-2024,0.3,Metric Tonnes,10450.0,Rs./Quintal
Maharashtra,Pune,Pulses,Green Gram(Moong)(Whole),19-07-2024,3.5,Metric Tonnes,9300.0,Rs./Quintal
Maharashtra,Pune,Pulses,Bengal Gram(Gram)(Whole),20-07-2024,4.4,Metric Tonnes,7300.0,Rs./Quintal
Maharashtra,Pune,Pulses,Black Gram(Urd Beans)(Whole),20-07-2024,0.3,Metric Tonnes,10400.0,Rs./Quintal
Maharashtra,Pune,Pulses,Green Gram(Moong)(Whole),20-07-2024,3.8,Metric Tonnes,9450.0,Rs./Quintal
Maharashtra,Pune,Pulses,Bengal Gram(Gram)(Whole),21-07-2024,1.1,Metric Tonnes,6300.0,Rs./Quintal
Maharashtra,Pune,Pulses,Bengal Gram(Gram)(Whole),22-07-2024,4.3,Metric Tonnes,7400.0,Rs./Quintal
Maharashtra,Pune,Pulses,Black Gram(Urd Beans)(Whole),22-07-2024,0.4,Metric Tonnes,10200.0,Rs./Quintal
Maharashtra,Pune,Pulses,Green Gram(Moong)(Whole),22-07-2024,4.0,Metric Tonnes,9300.0,Rs./Quintal
Maharashtra,Pune,Pulses,Bengal Gram(Gram)(Whole),23-07-2024,4.0,Metric Tonnes,7450.0,Rs./Quintal
Maharashtra,Pune,Pulses,Black Gram(Urd Beans)(Whole),23-07-2024,0.3,Metric Tonnes,10250.0,Rs./Quintal
Maharashtra,Pune,Pulses,Green Gram(Moong)(Whole),23-07-2024,3.9,Metric Tonnes,9400.0,Rs./Quintal
Maharashtra,Pune,Pulses,Bengal Gram(Gram)(Whole),24-07-2024,3.8,Metric Tonnes,7600.0,Rs./Quintal
Maharashtra,Pune,Pulses,Black Gram(Urd Beans)(Whole),24-07-2024,0.2,Metric Tonnes,10100.0,Rs./Quintal
Maharashtra,Pune,Pulses,Green Gram(Moong)(Whole),24-07-2024,4.1,Metric Tonnes,9500.0,Rs./Quintal
Maharashtra,Pune,Pulses,Bengal Gram(Gram)(Whole),25-07-2024,3.8,Metric Tonnes,7500.0,Rs./Quintal
Maharashtra,Pune,Pulses,Black Gram(Urd Beans)(Whole),25-07-2024,0.4,Metric Tonnes,10200.0,Rs./Quintal
Maharashtra,Pune,Pulses,Green Gram(Moong)(Whole),25-07-2024,3.9,Metric Tonnes,9300.0,Rs./Quintal
Maharashtra,Pune,Pulses,Bengal Gram(Gram)(Whole),26-07-2024,3.5,Metric Tonnes,7400.0,Rs./Quintal
Maharashtra,Pune,Pulses,Black Gram(Urd Beans)(Whole),26-07-2024,0.5,Metric Tonnes,10300.0,Rs./Quintal
Maharashtra,Pune,Pulses,Green Gram(Moong)(Whole),26-07-2024,3.7,Metric Tonnes,9400.0,Rs./Quintal
Maharashtra,Pune,Pulses,Bengal Gram(Gram)(Whole),27-07-2024,3.9,Metric Tonnes,7600.0,Rs./Quintal
Maharashtra,Pune,Pulses,Black Gram(Urd Beans)(Whole),27-07-2024,0.3,Metric Tonnes,10100.0,Rs./Quintal
Maharashtra,Pune,Pulses,Green Gram(Moong)(Whole),27-07-2024,3.8,Metric Tonnes,9500.0,Rs./Quintal
Maharashtra,Pune,Pulses,Bengal Gram(Gram)(Whole),28-07-2024,0.2,Metric Tonnes,6301.0,Rs./Quintal
Maharashtra,Pune,Pulses,Black Gram(Urd Beans)(Whole),28-07-2024,0.1,Metric Tonnes,6000.0,Rs./Quintal
Maharashtra,Pune,Pulses,Bengal Gram(Gram)(Whole),29-07-2024,4.1,Metric Tonnes,7600.0,Rs./Quintal
Maharashtra,Pune,Pulses,Black Gram(Urd Beans)(Whole),29-07-2024,0.4,Metric Tonnes,10100.0,Rs./Quintal
Maharashtra,Pune,Pulses,Green Gram(Moong)(Whole),29-07-2024,3.7,Metric Tonnes,9600.0,Rs./Quintal
Maharashtra,Pune,Pulses,Bengal Gram(Gram)(Whole),30-07-2024,4.3,Metric Tonnes,7600.0,Rs./Quintal
Maharashtra,Pune,Pulses,Black Gram(Urd Beans)(Whole),30-07-2024,0.3,Metric Tonnes,10100.0,Rs./Quintal
Maharashtra,Pune,Pulses,Green Gram(Moong)(Whole),30-07-2024,4.0,Metric Tonnes,9700.0,Rs./Quintal
Maharashtra,Pune,Pulses,Bengal Gram(Gram)(Whole),31-07-2024,4.0,Metric Tonnes,7500.0,Rs./Quintal
Maharashtra,Pune,Pulses,Black Gram(Urd Beans)(Whole),31-07-2024,0.4,Metric Tonnes,10100.0,Rs./Quintal
Maharashtra,Pune,Pulses,Green Gram(Moong)(Whole),31-07-2024,3.7,Metric Tonnes,9750.0,Rs./Quintal
Maharashtra,Pune,Pulses,Bengal Gram(Gram)(Whole),01-08-2024,4.1,Metric Tonnes,7323.32,Rs./Quintal
Maharashtra,Pune,Pulses,Black Gram(Urd Beans)(Whole),01-08-2024,0.9,Metric Tonnes,8100.0,Rs./Quintal
Maharashtra,Pune,Pulses,Green Gram(Moong)(Whole),01-08-2024,3.8,Metric Tonnes,9850.0,Rs./Quintal
Maharashtra,Pune,Pulses,Red gram/Arhar/Tur(whole),01-08-2024,0.6,Metric Tonnes,9000.0,Rs./Quintal
Maharashtra,Pune,Pulses,Bengal Gram(Gram)(Whole),02-08-2024,4.0,Metric Tonnes,7400.0,Rs./Quintal
Maharashtra,Pune,Pulses,Black Gram(Urd Beans)(Whole),02-08-2024,0.3,Metric Tonnes,10250.0,Rs./Quintal
Maharashtra,Pune,Pulses,Green Gram(Moong)(Whole),02-08-2024,4.0,Metric Tonnes,9650.0,Rs./Quintal
Maharashtra,Pune,Pulses,Bengal Gram(Gram)(Whole),03-08-2024,7.2,Metric Tonnes,6733.33,Rs./Quintal
Maharashtra,Pune,Pulses,Black Gram(Urd Beans)(Whole),03-08-2024,0.4,Metric Tonnes,10350.0,Rs./Quintal
Maharashtra,Pune,Pulses,Green Gram(Moong)(Whole),03-08-2024,4.2,Metric Tonnes,9700.0,Rs./Quintal
Maharashtra,Pune,Pulses,Green Gram(Moong)(Whole),04-08-2024,0.1,Metric Tonnes,7000.0,Rs./Quintal
Maharashtra,Pune,Pulses,Bengal Gram(Gram)(Whole),05-08-2024,4.3,Metric Tonnes,7350.0,Rs./Quintal
Maharashtra,Pune,Pulses,Black Gram(Urd Beans)(Whole),05-08-2024,0.5,Metric Tonnes,10500.0,Rs./Quintal
Maharashtra,Pune,Pulses,Green Gram(Moong)(Whole),05-08-2024,4.4,Metric Tonnes,9800.0,Rs./Quintal
Maharashtra,Pune,Pulses,Bengal Gram(Gram)(Whole),06-08-2024,4.0,Metric Tonnes,7400.0,Rs./Quintal
Maharashtra,Pune,Pulses,Black Gram(Urd Beans)(Whole),06-08-2024,0.3,Metric Tonnes,10400.0,Rs./Quintal
Maharashtra,Pune,Pulses,Green Gram(Moong)(Whole),06-08-2024,4.1,Metric Tonnes,9950.0,Rs./Quintal
Maharashtra,Pune,Pulses,Bengal Gram(Gram)(Whole),07-08-2024,4.3,Metric Tonnes,7600.0,Rs./Quintal
Maharashtra,Pune,Pulses,Black Gram(Urd Beans)(Whole),07-08-2024,0.4,Metric Tonnes,10300.0,Rs./Quintal
Maharashtra,Pune,Pulses,Green Gram(Moong)(Whole),07-08-2024,3.8,Metric Tonnes,9900.0,Rs./Quintal
Maharashtra,Pune,Pulses,Bengal Gram(Gram)(Whole),08-08-2024,4.6,Metric Tonnes,7478.26,Rs./Quintal
Maharashtra,Pune,Pulses,Black Gram(Urd Beans)(Whole),08-08-2024,0.7,Metric Tonnes,6742.86,Rs./Quintal
Maharashtra,Pune,Pulses,Green Gram(Moong)(Whole),08-08-2024,4.2,Metric Tonnes,9286.5,Rs./Quintal
Maharashtra,Pune,Pulses,Red gram/Arhar/Tur(whole),08-08-2024,0.1,Metric Tonnes,7500.0,Rs./Quintal
Maharashtra,Pune,Pulses,Bengal Gram(Gram)(Whole),09-08-2024,4.3,Metric Tonnes,7600.0,Rs./Quintal
Maharashtra,Pune,Pulses,Black Gram(Urd Beans)(Whole),09-08-2024,0.2,Metric Tonnes,10500.0,Rs./Quintal
Maharashtra,Pune,Pulses,Green Gram(Moong)(Whole),09-08-2024,3.7,Metric Tonnes,9800.0,Rs./Quintal
Maharashtra,Pune,Pulses,Bengal Gram(Gram)(Whole),10-08-2024,4.5,Metric Tonnes,7333.33,Rs./Quintal
Maharashtra,Pune,Pulses,Black Gram(Urd Beans)(Whole),10-08-2024,0.4,Metric Tonnes,10400.0,Rs./Quintal
Maharashtra,Pune,Pulses,Green Gram(Moong)(Whole),10-08-2024,3.8,Metric Tonnes,9750.0,Rs./Quintal
Maharashtra,Pune,Pulses,Bengal Gram(Gram)(Whole),11-08-2024,0.1,Metric Tonnes,5001.0,Rs./Quintal
Maharashtra,Pune,Pulses,Bengal Gram(Gram)(Whole),12-08-2024,4.4,Metric Tonnes,7500.0,Rs./Quintal
Maharashtra,Pune,Pulses,Black Gram(Urd Beans)(Whole),12-08-2024,0.4,Metric Tonnes,10400.0,Rs./Quintal
Maharashtra,Pune,Pulses,Green Gram(Moong)(Whole),12-08-2024,3.7,Metric Tonnes,9750.0,Rs./Quintal
Maharashtra,Pune,Pulses,Bengal Gram(Gram)(Whole),13-08-2024,4.1,Metric Tonnes,7700.0,Rs./Quintal
Maharashtra,Pune,Pulses,Black Gram(Urd Beans)(Whole),13-08-2024,0.5,Metric Tonnes,10200.0,Rs./Quintal
Maharashtra,Pune,Pulses,Green Gram(Moong)(Whole),13-08-2024,4.0,Metric Tonnes,9800.0,Rs./Quintal
Maharashtra,Pune,Pulses,Bengal Gram(Gram)(Whole),14-08-2024,4.2,Metric Tonnes,7600.0,Rs./Quintal
Maharashtra,Pune,Pulses,Black Gram(Urd Beans)(Whole),14-08-2024,0.3,Metric Tonnes,10300.0,Rs./Quintal
Maharashtra,Pune,Pulses,Green Gram(Moong)(Whole),14-08-2024,3.8,Metric Tonnes,9800.0,Rs./Quintal
Maharashtra,Pune,Pulses,Bengal Gram(Gram)(Whole),16-08-2024,4.0,Metric Tonnes,7500.0,Rs./Quintal
Maharashtra,Pune,Pulses,Black Gram(Urd Beans)(Whole),16-08-2024,0.5,Metric Tonnes,10400.0,Rs./Quintal
Maharashtra,Pune,Pulses,Green Gram(Moong)(Whole),16-08-2024,4.1,Metric Tonnes,9900.0,Rs./Quintal
Maharashtra,Pune,Pulses,Bengal Gram(Gram)(Whole),17-08-2024,3.7,Metric Tonnes,7450.0,Rs./Quintal
Maharashtra,Pune,Pulses,Black Gram(Urd Beans)(Whole),17-08-2024,0.3,Metric Tonnes,10550.0,Rs./Quintal
Maharashtra,Pune,Pulses,Green Gram(Moong)(Whole),17-08-2024,4.4,Metric Tonnes,10000.0,Rs./Quintal
Maharashtra,Pune,Pulses,Bengal Gram(Gram)(Whole),18-08-2024,0.4,Metric Tonnes,7051.0,Rs./Quintal
Maharashtra,Pune,Pulses,Bengal Gram(Gram)(Whole),19-08-2024,3.9,Metric Tonnes,7350.0,Rs./Quintal
Maharashtra,Pune,Pulses,Black Gram(Urd Beans)(Whole),19-08-2024,0.4,Metric Tonnes,10500.0,Rs./Quintal
Maharashtra,Pune,Pulses,Green Gram(Moong)(Whole),19-08-2024,4.2,Metric Tonnes,10100.0,Rs./Quintal
Maharashtra,Pune,Pulses,Bengal Gram(Gram)(Whole),20-08-2024,4.0,Metric Tonnes,7500.0,Rs./Quintal
Maharashtra,Pune,Pulses,Black Gram(Urd Beans)(Whole),20-08-2024,0.3,Metric Tonnes,10400.0,Rs./Quintal
Maharashtra,Pune,Pulses,Green Gram(Moong)(Whole),20-08-2024,4.0,Metric Tonnes,9950.0,Rs./Quintal
Maharashtra,Pune,Pulses,Bengal Gram(Gram)(Whole),21-08-2024,3.8,Metric Tonnes,7550.0,Rs./Quintal
Maharashtra,Pune,Pulses,Black Gram(Urd Beans)(Whole),21-08-2024,0.2,Metric Tonnes,10350.0,Rs./Quintal
Maharashtra,Pune,Pulses,Green Gram(Moong)(Whole),21-08-2024,3.8,Metric Tonnes,10000.0,Rs./Quintal
Maharashtra,Pune,Pulses,Bengal Gram(Gram)(Whole),22-08-2024,4.2,Metric Tonnes,7550.0,Rs./Quintal
Maharashtra,Pune,Pulses,Black Gram(Urd Beans)(Whole),22-08-2024,4.4,Metric Tonnes,7672.73,Rs./Quintal
Maharashtra,Pune,Pulses,Green Gram(Moong)(Whole),22-08-2024,6.8,Metric Tonnes,8829.41,Rs./Quintal
Maharashtra,Pune,Pulses,Red gram/Arhar/Tur(whole),22-08-2024,0.4,Metric Tonnes,7600.0,Rs./Quintal
Maharashtra,Pune,Pulses,Bengal Gram(Gram)(Whole),23-08-2024,3.9,Metric Tonnes,7500.0,Rs./Quintal
Maharashtra,Pune,Pulses,Black Gram(Urd Beans)(Whole),23-08-2024,0.3,Metric Tonnes,11000.0,Rs./Quintal
Maharashtra,Pune,Pulses,Green Gram(Moong)(Whole),23-08-2024,3.9,Metric Tonnes,9950.0,Rs./Quintal
Maharashtra,Pune,Pulses,Bengal Gram(Gram)(Whole),24-08-2024,4.3,Metric Tonnes,7600.0,Rs./Quintal
Maharashtra,Pune,Pulses,Black Gram(Urd Beans)(Whole),24-08-2024,0.5,Metric Tonnes,10400.0,Rs./Quintal
Maharashtra,Pune,Pulses,Green Gram(Moong)(Whole),24-08-2024,3.9,Metric Tonnes,9900.0,Rs./Quintal
Maharashtra,Pune,Pulses,Bengal Gram(Gram)(Whole),26-08-2024,4.0,Metric Tonnes,7500.0,Rs./Quintal
Maharashtra,Pune,Pulses,Black Gram(Urd Beans)(Whole),26-08-2024,5.0,Metric Tonnes,7556.0,Rs./Quintal
Maharashtra,Pune,Pulses,Green Gram(Moong)(Whole),26-08-2024,4.6,Metric Tonnes,9191.3,Rs./Quintal
Maharashtra,Pune,Pulses,Bengal Gram(Gram)(Whole),27-08-2024,4.0,Metric Tonnes,7640.0,Rs./Quintal
Maharashtra,Pune,Pulses,Black Gram(Urd Beans)(Whole),27-08-2024,0.3,Metric Tonnes,10600.0,Rs./Quintal
Maharashtra,Pune,Pulses,Green Gram(Moong)(Whole),27-08-2024,18.2,Metric Tonnes,7901.65,Rs./Quintal
Maharashtra,Pune,Pulses,Bengal Gram(Gram)(Whole),28-08-2024,4.2,Metric Tonnes,7602.38,Rs./Quintal
Maharashtra,Pune,Pulses,Black Gram(Urd Beans)(Whole),28-08-2024,0.4,Metric Tonnes,10500.0,Rs./Quintal
Maharashtra,Pune,Pulses,Green Gram(Moong)(Whole),28-08-2024,3.6,Metric Tonnes,9600.0,Rs./Quintal
Maharashtra,Pune,Pulses,Bengal Gram(Gram)(Whole),29-08-2024,3.6,Metric Tonnes,7800.0,Rs./Quintal
Maharashtra,Pune,Pulses,Black Gram(Urd Beans)(Whole),29-08-2024,3.4,Metric Tonnes,7169.53,Rs./Quintal
Maharashtra,Pune,Pulses,Green Gram(Moong)(Whole),29-08-2024,6.9,Metric Tonnes,8873.91,Rs./Quintal
Maharashtra,Pune,Pulses,Red gram/Arhar/Tur(whole),29-08-2024,0.4,Metric Tonnes,7000.0,Rs./Quintal
Maharashtra,Pune,Pulses,Bengal Gram(Gram)(Whole),30-08-2024,3.9,Metric Tonnes,7676.92,Rs./Quintal
Maharashtra,Pune,Pulses,Black Gram(Urd Beans)(Whole),30-08-2024,0.3,Metric Tonnes,10700.0,Rs./Quintal
Maharashtra,Pune,Pulses,Green Gram(Moong)(Whole),30-08-2024,20.6,Metric Tonnes,7946.6,Rs./Quintal
Maharashtra,Pune,Pulses,Red gram/Arhar/Tur(whole),30-08-2024,0.1,Metric Tonnes,8800.0,Rs./Quintal
Maharashtra,Pune,Pulses,Bengal Gram(Gram)(Whole),31-08-2024,4.0,Metric Tonnes,7600.0,Rs./Quintal
Maharashtra,Pune,Pulses,Black Gram(Urd Beans)(Whole),31-08-2024,0.5,Metric Tonnes,10500.0,Rs./Quintal
Maharashtra,Pune,Pulses,Green Gram(Moong)(Whole),31-08-2024,8.1,Metric Tonnes,8504.94,Rs./Quintal
Maharashtra,Pune,Pulses,Bengal Gram(Gram)(Whole),02-09-2024,4.2,Metric Tonnes,7650.0,Rs./Quintal
Maharashtra,Pune,Pulses,Black Gram(Urd Beans)(Whole),02-09-2024,0.4,Metric Tonnes,10650.0,Rs./Quintal
Maharashtra,Pune,Pulses,Green Gram(Moong)(Whole),02-09-2024,3.9,Metric Tonnes,9750.0,Rs./Quintal
Maharashtra,Pune,Pulses,Bengal Gram(Gram)(Whole),03-09-2024,3.7,Metric Tonnes,7600.0,Rs./Quintal
Maharashtra,Pune,Pulses,Black Gram(Urd Beans)(Whole),03-09-2024,0.3,Metric Tonnes,10500.0,Rs./Quintal
Maharashtra,Pune,Pulses,Green Gram(Moong)(Whole),03-09-2024,4.1,Metric Tonnes,9700.0,Rs./Quintal
Maharashtra,Pune,Pulses,Bengal Gram(Gram)(Whole),04-09-2024,4.0,Metric Tonnes,7700.0,Rs./Quintal
Maharashtra,Pune,Pulses,Black Gram(Urd Beans)(Whole),04-09-2024,0.4,Metric Tonnes,10700.0,Rs./Quintal
Maharashtra,Pune,Pulses,Green Gram(Moong)(Whole),04-09-2024,3.9,Metric Tonnes,9750.0,Rs./Quintal
Maharashtra,Pune,Pulses,Bengal Gram(Gram)(Whole),05-09-2024,4.2,Metric Tonnes,7750.0,Rs./Quintal
Maharashtra,Pune,Pulses,Black Gram(Urd Beans)(Whole),05-09-2024,0.4,Metric Tonnes,9750.0,Rs./Quintal
Maharashtra,Pune,Pulses,Green Gram(Moong)(Whole),05-09-2024,3.7,Metric Tonnes,9800.0,Rs./Quintal
Maharashtra,Pune,Pulses,Bengal Gram(Gram)(Whole),06-09-2024,4.0,Metric Tonnes,7700.0,Rs./Quintal
Maharashtra,Pune,Pulses,Black Gram(Urd Beans)(Whole),06-09-2024,0.2,Metric Tonnes,10600.0,Rs./Quintal
Maharashtra,Pune,Pulses,Green Gram(Moong)(Whole),06-09-2024,4.0,Metric Tonnes,9650.0,Rs./Quintal
Maharashtra,Pune,Pulses,Bengal Gram(Gram)(Whole),07-09-2024,4.4,Metric Tonnes,7650.0,Rs./Quintal
Maharashtra,Pune,Pulses,Black Gram(Urd Beans)(Whole),07-09-2024,0.6,Metric Tonnes,10650.0,Rs./Quintal
Maharashtra,Pune,Pulses,Green Gram(Moong)(Whole),07-09-2024,4.1,Metric Tonnes,9750.0,Rs./Quintal
Maharashtra,Pune,Pulses,Bengal Gram(Gram)(Whole),08-09-2024,1.0,Metric Tonnes,5300.0,Rs./Quintal
Maharashtra,Pune,Pulses,Black Gram(Urd Beans)(Whole),08-09-2024,0.2,Metric Tonnes,6851.0,Rs./Quintal
Maharashtra,Pune,Pulses,Green Gram(Moong)(Whole),08-09-2024,0.1,Metric Tonnes,5800.0,Rs./Quintal
Maharashtra,Pune,Pulses,Bengal Gram(Gram)(Whole),09-09-2024,4.3,Metric Tonnes,7700.0,Rs./Quintal
Maharashtra,Pune,Pulses,Black Gram(Urd Beans)(Whole),09-09-2024,66.5,Metric Tonnes,6928.95,Rs./Quintal
Maharashtra,Pune,Pulses,Green Gram(Moong)(Whole),09-09-2024,8.4,Metric Tonnes,8728.57,Rs./Quintal
Maharashtra,Pune,Pulses,Bengal Gram(Gram)(Whole),10-09-2024,4.2,Metric Tonnes,7750.0,Rs./Quintal
Maharashtra,Pune,Pulses,Black Gram(Urd Beans)(Whole),10-09-2024,0.3,Metric Tonnes,10800.0,Rs./Quintal
Maharashtra,Pune,Pulses,Green Gram(Moong)(Whole),10-09-2024,3.8,Metric Tonnes,9600.0,Rs./Quintal
Maharashtra,Pune,Pulses,Bengal Gram(Gram)(Whole),11-09-2024,4.4,Metric Tonnes,7660.23,Rs./Quintal
Maharashtra,Pune,Pulses,Black Gram(Urd Beans)(Whole),11-09-2024,0.4,Metric Tonnes,10900.0,Rs./Quintal
Maharashtra,Pune,Pulses,Green Gram(Moong)(Whole),11-09-2024,3.6,Metric Tonnes,9700.0,Rs./Quintal
Maharashtra,Pune,Pulses,Bengal Gram(Gram)(Whole),12-09-2024,3.7,Metric Tonnes,7800.0,Rs./Quintal
Maharashtra,Pune,Pulses,Black Gram(Urd Beans)(Whole),12-09-2024,59.4,Metric Tonnes,7329.46,Rs./Quintal
Maharashtra,Pune,Pulses,Green Gram(Moong)(Whole),12-09-2024,7.5,Metric Tonnes,8424.0,Rs./Quintal
Maharashtra,Pune,Pulses,Bengal Gram(Gram)(Whole),13-09-2024,3.9,Metric Tonnes,7650.0,Rs./Quintal
Maharashtra,Pune,Pulses,Black Gram(Urd Beans)(Whole),13-09-2024,0.2,Metric Tonnes,10800.0,Rs./Quintal
Maharashtra,Pune,Pulses,Green Gram(Moong)(Whole),13-09-2024,3.5,Metric Tonnes,9650.0,Rs./Quintal
Maharashtra,Pune,Pulses,Bengal Gram(Gram)(Whole),14-09-2024,4.3,Metric Tonnes,7650.0,Rs./Quintal
Maharashtra,Pune,Pulses,Black Gram(Urd Beans)(Whole),14-09-2024,0.4,Metric Tonnes,10650.0,Rs./Quintal
Maharashtra,Pune,Pulses,Green Gram(Moong)(Whole),14-09-2024,4.0,Metric Tonnes,9750.0,Rs./Quintal
Maharashtra,Pune,Pulses,Bengal Gram(Gram)(Whole),15-09-2024,0.1,Metric Tonnes,7500.0,Rs./Quintal
Maharashtra,Pune,Pulses,Green Gram(Moong)(Whole),15-09-2024,0.1,Metric Tonnes,7100.0,Rs./Quintal
Maharashtra,Pune,Pulses,Bengal Gram(Gram)(Whole),16-09-2024,3.9,Metric Tonnes,7750.0,Rs./Quintal
Maharashtra,Pune,Pulses,Black Gram(Urd Beans)(Whole),16-09-2024,0.2,Metric Tonnes,10800.0,Rs./Quintal
Maharashtra,Pune,Pulses,Green Gram(Moong)(Whole),16-09-2024,3.9,Metric Tonnes,9800.0,Rs./Quintal
Maharashtra,Pune,Pulses,Bengal Gram(Gram)(Whole),17-09-2024,3.8,Metric Tonnes,7700.0,Rs./Quintal
Maharashtra,Pune,Pulses,Black Gram(Urd Beans)(Whole),17-09-2024,0.5,Metric Tonnes,10700.0,Rs./Quintal
Maharashtra,Pune,Pulses,Green Gram(Moong)(Whole),17-09-2024,4.1,Metric Tonnes,9750.0,Rs./Quintal
Maharashtra,Pune,Pulses,Bengal Gram(Gram)(Whole),18-09-2024,4.0,Metric Tonnes,7405.0,Rs./Quintal
Maharashtra,Pune,Pulses,Black Gram(Urd Beans)(Whole),18-09-2024,0.3,Metric Tonnes,10750.0,Rs./Quintal
Maharashtra,Pune,Pulses,Green Gram(Moong)(Whole),18-09-2024,3.8,Metric Tonnes,9800.0,Rs./Quintal
Maharashtra,Pune,Pulses,Bengal Gram(Gram)(Whole),19-09-2024,3.8,Metric Tonnes,7700.0,Rs./Quintal
Maharashtra,Pune,Pulses,Black Gram(Urd Beans)(Whole),19-09-2024,74.4,Metric Tonnes,7273.84,Rs./Quintal
Maharashtra,Pune,Pulses,Green Gram(Moong)(Whole),19-09-2024,7.6,Metric Tonnes,8706.36,Rs./Quintal
Maharashtra,Pune,Pulses,Red gram/Arhar/Tur(whole),19-09-2024,0.3,Metric Tonnes,7600.0,Rs./Quintal
Maharashtra,Pune,Pulses,Bengal Gram(Gram)(Whole),20-09-2024,4.1,Metric Tonnes,7600.0,Rs./Quintal
Maharashtra,Pune,Pulses,Black Gram(Urd Beans)(Whole),20-09-2024,0.7,Metric Tonnes,8728.57,Rs./Quintal
Maharashtra,Pune,Pulses,Green Gram(Moong)(Whole),20-09-2024,4.9,Metric Tonnes,9307.14,Rs./Quintal
Maharashtra,Pune,Pulses,Bengal Gram(Gram)(Whole),21-09-2024,3.9,Metric Tonnes,7500.0,Rs./Quintal
Maharashtra,Pune,Pulses,Black Gram(Urd Beans)(Whole),21-09-2024,0.7,Metric Tonnes,8157.14,Rs./Quintal
Maharashtra,Pune,Pulses,Green Gram(Moong)(Whole),21-09-2024,4.3,Metric Tonnes,9741.86,Rs./Quintal
Maharashtra,Pune,Pulses,Bengal Gram(Gram)(Whole),22-09-2024,0.1,Metric Tonnes,6000.0,Rs./Quintal
Maharashtra,Pune,Pulses,Black Gram(Urd Beans)(Whole),22-09-2024,0.1,Metric Tonnes,6600.0,Rs./Quintal
Maharashtra,Pune,Pulses,Green Gram(Moong)(Whole),22-09-2024,0.5,Metric Tonnes,6500.0,Rs./Quintal
Maharashtra,Pune,Pulses,Bengal Gram(Gram)(Whole),23-09-2024,4.2,Metric Tonnes,7500.0,Rs./Quintal
Maharashtra,Pune,Pulses,Black Gram(Urd Beans)(Whole),23-09-2024,0.5,Metric Tonnes,10400.0,Rs./Quintal
Maharashtra,Pune,Pulses,Green Gram(Moong)(Whole),23-09-2024,4.1,Metric Tonnes,9573.17,Rs./Quintal
Maharashtra,Pune,Pulses,Bengal Gram(Gram)(Whole),24-09-2024,3.9,Metric Tonnes,7500.0,Rs./Quintal
Maharashtra,Pune,Pulses,Black Gram(Urd Beans)(Whole),24-09-2024,0.4,Metric Tonnes,10200.0,Rs./Quintal
Maharashtra,Pune,Pulses,Green Gram(Moong)(Whole),24-09-2024,3.7,Metric Tonnes,9650.0,Rs./Quintal
Maharashtra,Pune,Pulses,Bengal Gram(Gram)(Whole),25-09-2024,3.6,Metric Tonnes,7650.0,Rs./Quintal
Maharashtra,Pune,Pulses,Black Gram(Urd Beans)(Whole),25-09-2024,0.3,Metric Tonnes,10200.0,Rs./Quintal
Maharashtra,Pune,Pulses,Green Gram(Moong)(Whole),25-09-2024,3.4,Metric Tonnes,9600.0,Rs./Quintal
Maharashtra,Pune,Pulses,Bengal Gram(Gram)(Whole),26-09-2024,3.9,Metric Tonnes,7584.62,Rs./Quintal
Maharashtra,Pune,Pulses,Black Gram(Urd Beans)(Whole),26-09-2024,70.7,Metric Tonnes,7222.28,Rs./Quintal
Maharashtra,Pune,Pulses,Green Gram(Moong)(Whole),26-09-2024,6.7,Metric Tonnes,8366.42,Rs./Quintal
Maharashtra,Pune,Pulses,Bengal Gram(Gram)(Whole),27-09-2024,3.6,Metric Tonnes,7700.0,Rs./Quintal
Maharashtra,Pune,Pulses,Black Gram(Urd Beans)(Whole),27-09-2024,0.3,Metric Tonnes,10450.0,Rs./Quintal
Maharashtra,Pune,Pulses,Green Gram(Moong)(Whole),27-09-2024,3.8,Metric Tonnes,9550.0,Rs./Quintal
Maharashtra,Pune,Pulses,Bengal Gram(Gram)(Whole),28-09-2024,4.0,Metric Tonnes,7500.0,Rs./Quintal
Maharashtra,Pune,Pulses,Black Gram(Urd Beans)(Whole),28-09-2024,0.4,Metric Tonnes,10400.0,Rs./Quintal
Maharashtra,Pune,Pulses,Green Gram(Moong)(Whole),28-09-2024,0.6,Metric Tonnes,9700.0,Rs./Quintal
Maharashtra,Pune,Pulses,Bengal Gram(Gram)(Whole),29-09-2024,0.2,Metric Tonnes,6200.0,Rs./Quintal
Maharashtra,Pune,Pulses,Green Gram(Moong)(Whole),29-09-2024,0.4,Metric Tonnes,6625.0,Rs./Quintal
Maharashtra,Pune,Pulses,Bengal Gram(Gram)(Whole),30-09-2024,4.4,Metric Tonnes,7586.36,Rs./Quintal
Maharashtra,Pune,Pulses,Black Gram(Urd Beans)(Whole),30-09-2024,62.0,Metric Tonnes,7404.02,Rs./Quintal
Maharashtra,Pune,Pulses,Green Gram(Moong)(Whole),30-09-2024,9.3,Metric Tonnes,8238.71,Rs./Quintal
Maharashtra,Pune,Pulses,Bengal Gram(Gram)(Whole),01-10-2024,4.2,Metric Tonnes,7457.14,Rs./Quintal
Maharashtra,Pune,Pulses,Black Gram(Urd Beans)(Whole),01-10-2024,0.6,Metric Tonnes,9908.33,Rs./Quintal
Maharashtra,Pune,Pulses,Green Gram(Moong)(Whole),01-10-2024,4.6,Metric Tonnes,9352.17,Rs./Quintal
Maharashtra,Pune,Pulses,Bengal Gram(Gram)(Whole),02-10-2024,4.1,Metric Tonnes,7600.0,Rs./Quintal
Maharashtra,Pune,Pulses,Black Gram(Urd Beans)(Whole),02-10-2024,0.8,Metric Tonnes,9012.5,Rs./Quintal
Maharashtra,Pune,Pulses,Green Gram(Moong)(Whole),02-10-2024,3.9,Metric Tonnes,9397.44,Rs./Quintal
Maharashtra,Pune,Pulses,Bengal Gram(Gram)(Whole),03-10-2024,4.0,Metric Tonnes,7672.5,Rs./Quintal
Maharashtra,Pune,Pulses,Black Gram(Urd Beans)(Whole),03-10-2024,71.1,Metric Tonnes,7219.69,Rs./Quintal
Maharashtra,Pune,Pulses,Green Gram(Moong)(Whole),03-10-2024,5.8,Metric Tonnes,8479.31,Rs./Quintal
Maharashtra,Pune,Pulses,Red gram/Arhar/Tur(whole),03-10-2024,0.3,Metric Tonnes,7050.0,Rs./Quintal
Maharashtra,Pune,Pulses,Bengal Gram(Gram)(Whole),04-10-2024,3.7,Metric Tonnes,7800.0,Rs./Quintal
Maharashtra,Pune,Pulses,Black Gram(Urd Beans)(Whole),04-10-2024,0.3,Metric Tonnes,11100.0,Rs./Quintal
Maharashtra,Pune,Pulses,Green Gram(Moong)(Whole),04-10-2024,4.0,Metric Tonnes,9320.0,Rs./Quintal
Maharashtra,Pune,Pulses,Bengal Gram(Gram)(Whole),05-10-2024,7.0,Metric Tonnes,7036.14,Rs./Quintal
Maharashtra,Pune,Pulses,Black Gram(Urd Beans)(Whole),05-10-2024,2.4,Metric Tonnes,7066.67,Rs./Quintal
Maharashtra,Pune,Pulses,Green Gram(Moong)(Whole),05-10-2024,3.5,Metric Tonnes,9500.0,Rs./Quintal
Maharashtra,Pune,Pulses,Bengal Gram(Gram)(Whole),06-10-2024,0.1,Metric Tonnes,5500.0,Rs./Quintal
Maharashtra,Pune,Pulses,Black Gram(Urd Beans)(Whole),06-10-2024,0.2,Metric Tonnes,6000.0,Rs./Quintal
Maharashtra,Pune,Pulses,Bengal Gram(Gram)(Whole),07-10-2024,3.7,Metric Tonnes,7750.0,Rs./Quintal
Maharashtra,Pune,Pulses,Black Gram(Urd Beans)(Whole),07-10-2024,0.3,Metric Tonnes,10750.0,Rs./Quintal
Maharashtra,Pune,Pulses,Green Gram(Moong)(Whole),07-10-2024,3.8,Metric Tonnes,9450.0,Rs./Quintal
Maharashtra,Pune,Pulses,Bengal Gram(Gram)(Whole),09-10-2024,3.4,Metric Tonnes,7900.0,Rs./Quintal
Maharashtra,Pune,Pulses,Black Gram(Urd Beans)(Whole),09-10-2024,0.3,Metric Tonnes,10550.0,Rs./Quintal
Maharashtra,Pune,Pulses,Green Gram(Moong)(Whole),09-10-2024,3.7,Metric Tonnes,9400.0,Rs./Quintal
Maharashtra,Pune,Pulses,Bengal Gram(Gram)(Whole),10-10-2024,3.7,Metric Tonnes,7832.46,Rs./Quintal
Maharashtra,Pune,Pulses,Black Gram(Urd Beans)(Whole),10-10-2024,60.1,Metric Tonnes,7211.15,Rs./Quintal
Maharashtra,Pune,Pulses,Green Gram(Moong)(Whole),10-10-2024,3.9,Metric Tonnes,9102.56,Rs./Quintal
Maharashtra,Pune,Pulses,Bengal Gram(Gram)(Whole),11-10-2024,3.5,Metric Tonnes,7800.0,Rs./Quintal
Maharashtra,Pune,Pulses,Black Gram(Urd Beans)(Whole),11-10-2024,0.4,Metric Tonnes,11100.0,Rs./Quintal
Maharashtra,Pune,Pulses,Green Gram(Moong)(Whole),11-10-2024,3.7,Metric Tonnes,9400.0,Rs./Quintal
Maharashtra,Pune,Pulses,Bengal Gram(Gram)(Whole),12-10-2024,4.0,Metric Tonnes,7750.0,Rs./Quintal
Maharashtra,Pune,Pulses,Black Gram(Urd Beans)(Whole),12-10-2024,1.5,Metric Tonnes,7916.67,Rs./Quintal
Maharashtra,Pune,Pulses,Green Gram(Moong)(Whole),12-10-2024,3.5,Metric Tonnes,9450.0,Rs./Quintal
Maharashtra,Pune,Pulses,Bengal Gram(Gram)(Whole),13-10-2024,0.2,Metric Tonnes,7651.0,Rs./Quintal
Maharashtra,Pune,Pulses,Black Gram(Urd Beans)(Whole),13-10-2024,0.2,Metric Tonnes,6550.0,Rs./Quintal
Maharashtra,Pune,Pulses,Bengal Gram(Gram)(Whole),14-10-2024,4.2,Metric Tonnes,7850.0,Rs./Quintal
Maharashtra,Pune,Pulses,Black Gram(Urd Beans)(Whole),14-10-2024,44.4,Metric Tonnes,7329.73,Rs./Quintal
Maharashtra,Pune,Pulses,Green Gram(Moong)(Whole),14-10-2024,4.8,Metric Tonnes,8834.38,Rs./Quintal
Maharashtra,Pune,Pulses,Bengal Gram(Gram)(Whole),15-10-2024,4.0,Metric Tonnes,7600.0,Rs./Quintal
Maharashtra,Pune,Pulses,Black Gram(Urd Beans)(Whole),15-10-2024,0.3,Metric Tonnes,10600.0,Rs./Quintal
Maharashtra,Pune,Pulses,Green Gram(Moong)(Whole),15-10-2024,3.5,Metric Tonnes,9200.0,Rs./Quintal
Maharashtra,Pune,Pulses,Bengal Gram(Gram)(Whole),16-10-2024,3.8,Metric Tonnes,7700.0,Rs./Quintal
Maharashtra,Pune,Pulses,Black Gram(Urd Beans)(Whole),16-10-2024,0.5,Metric Tonnes,10500.0,Rs./Quintal
Maharashtra,Pune,Pulses,Green Gram(Moong)(Whole),16-10-2024,3.7,Metric Tonnes,9400.0,Rs./Quintal
Maharashtra,Pune,Pulses,Bengal Gram(Gram)(Whole),17-10-2024,4.1,Metric Tonnes,7700.0,Rs./Quintal
Maharashtra,Pune,Pulses,Black Gram(Urd Beans)(Whole),17-10-2024,51.0,Metric Tonnes,7425.88,Rs./Quintal
Maharashtra,Pune,Pulses,Green Gram(Moong)(Whole),17-10-2024,4.6,Metric Tonnes,8952.17,Rs./Quintal
Maharashtra,Pune,Pulses,Bengal Gram(Gram)(Whole),18-10-2024,4.2,Metric Tonnes,7650.0,Rs./Quintal
Maharashtra,Pune,Pulses,Black Gram(Urd Beans)(Whole),18-10-2024,0.3,Metric Tonnes,10500.0,Rs./Quintal
Maharashtra,Pune,Pulses,Green Gram(Moong)(Whole),18-10-2024,3.8,Metric Tonnes,9400.0,Rs./Quintal
Maharashtra,Pune,Pulses,Bengal Gram(Gram)(Whole),19-10-2024,4.4,Metric Tonnes,7750.0,Rs./Quintal
Maharashtra,Pune,Pulses,Black Gram(Urd Beans)(Whole),19-10-2024,0.2,Metric Tonnes,10300.0,Rs./Quintal
Maharashtra,Pune,Pulses,Green Gram(Moong)(Whole),19-10-2024,4.0,Metric Tonnes,9500.0,Rs./Quintal
Maharashtra,Pune,Pulses,Bengal Gram(Gram)(Whole),21-10-2024,4.2,Metric Tonnes,7850.0,Rs./Quintal
Maharashtra,Pune,Pulses,Black Gram(Urd Beans)(Whole),21-10-2024,30.9,Metric Tonnes,7340.13,Rs./Quintal
Maharashtra,Pune,Pulses,Green Gram(Moong)(Whole),21-10-2024,4.6,Metric Tonnes,9417.39,Rs./Quintal
Maharashtra,Pune,Pulses,Red gram/Arhar/Tur(whole),21-10-2024,0.5,Metric Tonnes,6600.0,Rs./Quintal
Maharashtra,Pune,Pulses,Bengal Gram(Gram)(Whole),22-10-2024,4.4,Metric Tonnes,7800.0,Rs./Quintal
Maharashtra,Pune,Pulses,Black Gram(Urd Beans)(Whole),22-10-2024,0.5,Metric Tonnes,10500.0,Rs./Quintal
Maharashtra,Pune,Pulses,Green Gram(Moong)(Whole),22-10-2024,4.0,Metric Tonnes,9500.0,Rs./Quintal
Maharashtra,Pune,Pulses,Bengal Gram(Gram)(Whole),23-10-2024,7.5,Metric Tonnes,6660.0,Rs./Quintal
Maharashtra,Pune,Pulses,Black Gram(Urd Beans)(Whole),23-10-2024,0.4,Metric Tonnes,10350.0,Rs./Quintal
Maharashtra,Pune,Pulses,Green Gram(Moong)(Whole),23-10-2024,3.6,Metric Tonnes,9600.0,Rs./Quintal
Maharashtra,Pune,Pulses,Bengal Gram(Gram)(Whole),24-10-2024,4.3,Metric Tonnes,7800.0,Rs./Quintal
Maharashtra,Pune,Pulses,Black Gram(Urd Beans)(Whole),24-10-2024,35.0,Metric Tonnes,7245.71,Rs./Quintal
Maharashtra,Pune,Pulses,Green Gram(Moong)(Whole),24-10-2024,4.4,Metric Tonnes,9393.18,Rs./Quintal
Maharashtra,Pune,Pulses,Bengal Gram(Gram)(Whole),25-10-2024,4.5,Metric Tonnes,7900.0,Rs./Quintal
Maharashtra,Pune,Pulses,Black Gram(Urd Beans)(Whole),25-10-2024,0.6,Metric Tonnes,10200.0,Rs./Quintal
Maharashtra,Pune,Pulses,Green Gram(Moong)(Whole),25-10-2024,3.7,Metric Tonnes,9500.0,Rs./Quintal
Maharashtra,Pune,Pulses,Bengal Gram(Gram)(Whole),26-10-2024,4.5,Metric Tonnes,7850.0,Rs./Quintal
Maharashtra,Pune,Pulses,Black Gram(Urd Beans)(Whole),26-10-2024,0.5,Metric Tonnes,10400.0,Rs./Quintal
Maharashtra,Pune,Pulses,Green Gram(Moong)(Whole),26-10-2024,4.0,Metric Tonnes,9600.0,Rs./Quintal
Maharashtra,Pune,Pulses,Bengal Gram(Gram)(Whole),27-10-2024,0.6,Metric Tonnes,7100.0,Rs./Quintal
Maharashtra,Pune,Pulses,Bengal Gram(Gram)(Whole),28-10-2024,4.6,Metric Tonnes,7950.0,Rs./Quintal
Maharashtra,Pune,Pulses,Black Gram(Urd Beans)(Whole),28-10-2024,0.4,Metric Tonnes,10300.0,Rs./Quintal
Maharashtra,Pune,Pulses,Green Gram(Moong)(Whole),28-10-2024,4.2,Metric Tonnes,9700.0,Rs./Quintal
Maharashtra,Pune,Pulses,Bengal Gram(Gram)(Whole),29-10-2024,4.5,Metric Tonnes,7900.0,Rs./Quintal
Maharashtra,Pune,Pulses,Black Gram(Urd Beans)(Whole),29-10-2024,0.5,Metric Tonnes,10300.0,Rs./Quintal
Maharashtra,Pune,Pulses,Green Gram(Moong)(Whole),29-10-2024,4.4,Metric Tonnes,10150.0,Rs./Quintal
Maharashtra,Pune,Pulses,Bengal Gram(Gram)(Whole),30-10-2024,4.4,Metric Tonnes,8000.0,Rs./Quintal
Maharashtra,Pune,Pulses,Black Gram(Urd Beans)(Whole),30-10-2024,0.4,Metric Tonnes,10450.0,Rs./Quintal
Maharashtra,Pune,Pulses,Green Gram(Moong)(Whole),30-10-2024,4.6,Metric Tonnes,10100.0,Rs./Quintal
Maharashtra,Pune,Pulses,Bengal Gram(Gram)(Whole),31-10-2024,4.4,Metric Tonnes,7700.0,Rs./Quintal
Maharashtra,Pune,Pulses,Black Gram(Urd Beans)(Whole),31-10-2024,0.3,Metric Tonnes,10350.0,Rs./Quintal
Maharashtra,Pune,Pulses,Green Gram(Moong)(Whole),31-10-2024,3.8,Metric Tonnes,9600.0,Rs./Quintal
Maharashtra,Pune,Pulses,Bengal Gram(Gram)(Whole),02-11-2024,4.2,Metric Tonnes,7800.0,Rs./Quintal
Maharashtra,Pune,Pulses,Black Gram(Urd Beans)(Whole),02-11-2024,0.6,Metric Tonnes,10400.0,Rs./Quintal
Maharashtra,Pune,Pulses,Green Gram(Moong)(Whole),02-11-2024,0.5,Metric Tonnes,9600.0,Rs./Quintal
Maharashtra,Pune,Pulses,Bengal Gram(Gram)(Whole),05-11-2024,4.6,Metric Tonnes,7800.0,Rs./Quintal
Maharashtra,Pune,Pulses,Black Gram(Urd Beans)(Whole),05-11-2024,0.9,Metric Tonnes,10400.0,Rs./Quintal
Maharashtra,Pune,Pulses,Green Gram(Moong)(Whole),05-11-2024,4.5,Metric Tonnes,9700.0,Rs./Quintal
Maharashtra,Pune,Pulses,Bengal Gram(Gram)(Whole),06-11-2024,4.2,Metric Tonnes,7700.0,Rs./Quintal
Maharashtra,Pune,Pulses,Black Gram(Urd Beans)(Whole),06-11-2024,0.6,Metric Tonnes,10350.0,Rs./Quintal
Maharashtra,Pune,Pulses,Green Gram(Moong)(Whole),06-11-2024,4.2,Metric Tonnes,9600.0,Rs./Quintal
Maharashtra,Pune,Pulses,Bengal Gram(Gram)(Whole),07-11-2024,4.4,Metric Tonnes,7700.0,Rs./Quintal
Maharashtra,Pune,Pulses,Black Gram(Urd Beans)(Whole),07-11-2024,16.1,Metric Tonnes,7377.02,Rs./Quintal
Maharashtra,Pune,Pulses,Green Gram(Moong)(Whole),07-11-2024,4.3,Metric Tonnes,9365.12,Rs./Quintal
Maharashtra,Pune,Pulses,Bengal Gram(Gram)(Whole),08-11-2024,4.2,Metric Tonnes,7800.0,Rs./Quintal
Maharashtra,Pune,Pulses,Black Gram(Urd Beans)(Whole),08-11-2024,0.2,Metric Tonnes,10250.0,Rs./Quintal
Maharashtra,Pune,Pulses,Green Gram(Moong)(Whole),08-11-2024,3.9,Metric Tonnes,9600.0,Rs./Quintal
Maharashtra,Pune,Pulses,Bengal Gram(Gram)(Whole),09-11-2024,4.2,Metric Tonnes,7700.0,Rs./Quintal
Maharashtra,Pune,Pulses,Black Gram(Urd Beans)(Whole),09-11-2024,0.5,Metric Tonnes,10400.0,Rs./Quintal
Maharashtra,Pune,Pulses,Green Gram(Moong)(Whole),09-11-2024,3.9,Metric Tonnes,9500.0,Rs./Quintal
Maharashtra,Pune,Pulses,Bengal Gram(Gram)(Whole),11-11-2024,3.8,Metric Tonnes,7800.0,Rs./Quintal
Maharashtra,Pune,Pulses,Black Gram(Urd Beans)(Whole),11-11-2024,11.5,Metric Tonnes,7474.35,Rs./Quintal
Maharashtra,Pune,Pulses,Green Gram(Moong)(Whole),11-11-2024,5.7,Metric Tonnes,8826.32,Rs./Quintal
Maharashtra,Pune,Pulses,Bengal Gram(Gram)(Whole),12-11-2024,4.0,Metric Tonnes,7700.0,Rs./Quintal
Maharashtra,Pune,Pulses,Black Gram(Urd Beans)(Whole),12-11-2024,0.4,Metric Tonnes,10100.0,Rs./Quintal
Maharashtra,Pune,Pulses,Green Gram(Moong)(Whole),12-11-2024,4.2,Metric Tonnes,9500.0,Rs./Quintal
Maharashtra,Pune,Pulses,Bengal Gram(Gram)(Whole),13-11-2024,4.2,Metric Tonnes,7800.0,Rs./Quintal
Maharashtra,Pune,Pulses,Black Gram(Urd Beans)(Whole),13-11-2024,0.2,Metric Tonnes,10200.0,Rs./Quintal
Maharashtra,Pune,Pulses,Green Gram(Moong)(Whole),13-11-2024,4.1,Metric Tonnes,9400.0,Rs./Quintal
Maharashtra,Pune,Pulses,Bengal Gram(Gram)(Whole),14-11-2024,4.4,Metric Tonnes,8000.0,Rs./Quintal
Maharashtra,Pune,Pulses,Black Gram(Urd Beans)(Whole),14-11-2024,0.3,Metric Tonnes,10000.0,Rs./Quintal
Maharashtra,Pune,Pulses,Green Gram(Moong)(Whole),14-11-2024,3.9,Metric Tonnes,9600.0,Rs./Quintal
Maharashtra,Pune,Pulses,Bengal Gram(Gram)(Whole),15-11-2024,3.9,Metric Tonnes,7800.0,Rs./Quintal
Maharashtra,Pune,Pulses,Black Gram(Urd Beans)(Whole),15-11-2024,0.4,Metric Tonnes,10250.0,Rs./Quintal
Maharashtra,Pune,Pulses,Green Gram(Moong)(Whole),15-11-2024,4.1,Metric Tonnes,9600.0,Rs./Quintal
Maharashtra,Pune,Pulses,Bengal Gram(Gram)(Whole),16-11-2024,6.1,Metric Tonnes,7110.66,Rs./Quintal
Maharashtra,Pune,Pulses,Black Gram(Urd Beans)(Whole),16-11-2024,0.2,Metric Tonnes,10200.0,Rs./Quintal
Maharashtra,Pune,Pulses,Green Gram(Moong)(Whole),16-11-2024,3.8,Metric Tonnes,9500.0,Rs./Quintal
Maharashtra,Pune,Pulses,Green Gram(Moong)(Whole),17-11-2024,0.1,Metric Tonnes,5500.0,Rs./Quintal
Maharashtra,Pune,Pulses,Bengal Gram(Gram)(Whole),18-11-2024,4.3,Metric Tonnes,7660.47,Rs./Quintal
Maharashtra,Pune,Pulses,Black Gram(Urd Beans)(Whole),18-11-2024,0.4,Metric Tonnes,10300.0,Rs./Quintal
Maharashtra,Pune,Pulses,Green Gram(Moong)(Whole),18-11-2024,4.0,Metric Tonnes,9300.0,Rs./Quintal
Maharashtra,Pune,Pulses,Bengal Gram(Gram)(Whole),19-11-2024,4.3,Metric Tonnes,7800.0,Rs./Quintal
Maharashtra,Pune,Pulses,Black Gram(Urd Beans)(Whole),19-11-2024,0.2,Metric Tonnes,10200.0,Rs./Quintal
Maharashtra,Pune,Pulses,Green Gram(Moong)(Whole),19-11-2024,4.1,Metric Tonnes,9400.0,Rs./Quintal
Maharashtra,Pune,Pulses,Bengal Gram(Gram)(Whole),21-11-2024,4.1,Metric Tonnes,7609.76,Rs./Quintal
Maharashtra,Pune,Pulses,Black Gram(Urd Beans)(Whole),21-11-2024,15.8,Metric Tonnes,7255.06,Rs./Quintal
Maharashtra,Pune,Pulses,Green Gram(Moong)(Whole),21-11-2024,4.5,Metric Tonnes,9248.89,Rs./Quintal
Maharashtra,Pune,Pulses,Bengal Gram(Gram)(Whole),22-11-2024,4.1,Metric Tonnes,7800.0,Rs./Quintal
Maharashtra,Pune,Pulses,Black Gram(Urd Beans)(Whole),22-11-2024,0.2,Metric Tonnes,10200.0,Rs./Quintal
Maharashtra,Pune,Pulses,Green Gram(Moong)(Whole),22-11-2024,3.8,Metric Tonnes,9400.0,Rs./Quintal
Maharashtra,Pune,Pulses,Bengal Gram(Gram)(Whole),23-11-2024,5.2,Metric Tonnes,7615.38,Rs./Quintal
Maharashtra,Pune,Pulses,Black Gram(Urd Beans)(Whole),23-11-2024,0.4,Metric Tonnes,10000.0,Rs./Quintal
Maharashtra,Pune,Pulses,Green Gram(Moong)(Whole),23-11-2024,4.1,Metric Tonnes,9600.0,Rs./Quintal
Maharashtra,Pune,Pulses,Bengal Gram(Gram)(Whole),25-11-2024,4.7,Metric Tonnes,7723.4,Rs./Quintal
Maharashtra,Pune,Pulses,Black Gram(Urd Beans)(Whole),25-11-2024,19.0,Metric Tonnes,7419.47,Rs./Quintal
Maharashtra,Pune,Pulses,Green Gram(Moong)(Whole),25-11-2024,4.9,Metric Tonnes,9387.76,Rs./Quintal
Maharashtra,Pune,Pulses,Red gram/Arhar/Tur(whole),25-11-2024,0.1,Metric Tonnes,7500.0,Rs./Quintal
Maharashtra,Pune,Pulses,Bengal Gram(Gram)(Whole),26-11-2024,4.0,Metric Tonnes,7700.0,Rs./Quintal
Maharashtra,Pune,Pulses,Black Gram(Urd Beans)(Whole),26-11-2024,0.5,Metric Tonnes,10400.0,Rs./Quintal
Maharashtra,Pune,Pulses,Green Gram(Moong)(Whole),26-11-2024,3.9,Metric Tonnes,9500.0,Rs./Quintal
Maharashtra,Pune,Pulses,Bengal Gram(Gram)(Whole),27-11-2024,3.8,Metric Tonnes,7900.0,Rs./Quintal
Maharashtra,Pune,Pulses,Black Gram(Urd Beans)(Whole),27-11-2024,0.3,Metric Tonnes,10250.0,Rs./Quintal
Maharashtra,Pune,Pulses,Green Gram(Moong)(Whole),27-11-2024,3.6,Metric Tonnes,9300.0,Rs./Quintal
Maharashtra,Pune,Pulses,Bengal Gram(Gram)(Whole),28-11-2024,3.6,Metric Tonnes,8000.0,Rs./Quintal
Maharashtra,Pune,Pulses,Black Gram(Urd Beans)(Whole),28-11-2024,0.4,Metric Tonnes,10100.0,Rs./Quintal
Maharashtra,Pune,Pulses,Green Gram(Moong)(Whole),28-11-2024,3.4,Metric Tonnes,9250.0,Rs./Quintal
Maharashtra,Pune,Pulses,Bengal Gram(Gram)(Whole),29-11-2024,0.1,Metric Tonnes,6500.0,Rs./Quintal
Maharashtra,Pune,Pulses,Black Gram(Urd Beans)(Whole),29-11-2024,0.1,Metric Tonnes,6100.0,Rs./Quintal
Maharashtra,Pune,Pulses,Bengal Gram(Gram)(Whole),01-12-2024,0.1,Metric Tonnes,6500.0,Rs./Quintal
Maharashtra,Pune,Pulses,Black Gram(Urd Beans)(Whole),01-12-2024,0.2,Metric Tonnes,6000.0,Rs./Quintal
Maharashtra,Pune,Pulses,Green Gram(Moong)(Whole),01-12-2024,0.1,Metric Tonnes,5500.0,Rs./Quintal
Maharashtra,Pune,Pulses,Bengal Gram(Gram)(Whole),02-12-2024,4.2,Metric Tonnes,7900.0,Rs./Quintal
Maharashtra,Pune,Pulses,Black Gram(Urd Beans)(Whole),02-12-2024,5.5,Metric Tonnes,7236.36,Rs./Quintal
Maharashtra,Pune,Pulses,Green Gram(Moong)(Whole),02-12-2024,4.5,Metric Tonnes,8566.67,Rs./Quintal
Maharashtra,Pune,Pulses,Red gram/Arhar/Tur(whole),02-12-2024,0.7,Metric Tonnes,9000.0,Rs./Quintal
Maharashtra,Pune,Pulses,Bengal Gram(Gram)(Whole),03-12-2024,4.4,Metric Tonnes,7800.0,Rs./Quintal
Maharashtra,Pune,Pulses,Black Gram(Urd Beans)(Whole),03-12-2024,0.3,Metric Tonnes,10100.0,Rs./Quintal
Maharashtra,Pune,Pulses,Green Gram(Moong)(Whole),03-12-2024,3.2,Metric Tonnes,9300.0,Rs./Quintal
Maharashtra,Pune,Pulses,Bengal Gram(Gram)(Whole),04-12-2024,4.2,Metric Tonnes,7900.0,Rs./Quintal
Maharashtra,Pune,Pulses,Black Gram(Urd Beans)(Whole),04-12-2024,0.5,Metric Tonnes,10200.0,Rs./Quintal
Maharashtra,Pune,Pulses,Green Gram(Moong)(Whole),04-12-2024,3.5,Metric Tonnes,9400.0,Rs./Quintal
Maharashtra,Pune,Pulses,Bengal Gram(Gram)(Whole),05-12-2024,4.4,Metric Tonnes,8050.0,Rs./Quintal
Maharashtra,Pune,Pulses,Black Gram(Urd Beans)(Whole),05-12-2024,4.4,Metric Tonnes,7221.59,Rs./Quintal
Maharashtra,Pune,Pulses,Green Gram(Moong)(Whole),05-12-2024,4.5,Metric Tonnes,8948.89,Rs./Quintal
Maharashtra,Pune,Pulses,Red gram/Arhar/Tur(whole),05-12-2024,0.5,Metric Tonnes,7500.0,Rs./Quintal
Maharashtra,Pune,Pulses,Bengal Gram(Gram)(Whole),06-12-2024,4.0,Metric Tonnes,8000.0,Rs./Quintal
Maharashtra,Pune,Pulses,Black Gram(Urd Beans)(Whole),06-12-2024,0.4,Metric Tonnes,10400.0,Rs./Quintal
Maharashtra,Pune,Pulses,Green Gram(Moong)(Whole),06-12-2024,4.0,Metric Tonnes,9150.0,Rs./Quintal
Maharashtra,Pune,Pulses,Bengal Gram(Gram)(Whole),07-12-2024,4.0,Metric Tonnes,7900.0,Rs./Quintal
Maharashtra,Pune,Pulses,Black Gram(Urd Beans)(Whole),07-12-2024,0.4,Metric Tonnes,10250.0,Rs./Quintal
Maharashtra,Pune,Pulses,Green Gram(Moong)(Whole),07-12-2024,3.7,Metric Tonnes,9300.0,Rs./Quintal
Maharashtra,Pune,Pulses,Bengal Gram(Gram)(Whole),08-12-2024,0.2,Metric Tonnes,6000.0,Rs./Quintal
Maharashtra,Pune,Pulses,Bengal Gram(Gram)(Whole),09-12-2024,4.2,Metric Tonnes,7800.0,Rs./Quintal
Maharashtra,Pune,Pulses,Black Gram(Urd Beans)(Whole),09-12-2024,6.6,Metric Tonnes,7331.82,Rs./Quintal
Maharashtra,Pune,Pulses,Green Gram(Moong)(Whole),09-12-2024,4.0,Metric Tonnes,9300.0,Rs./Quintal
Maharashtra,Pune,Pulses,Bengal Gram(Gram)(Whole),10-12-2024,4.5,Metric Tonnes,8000.0,Rs./Quintal
Maharashtra,Pune,Pulses,Black Gram(Urd Beans)(Whole),10-12-2024,0.5,Metric Tonnes,10100.0,Rs./Quintal
Maharashtra,Pune,Pulses,Green Gram(Moong)(Whole),10-12-2024,3.7,Metric Tonnes,9400.0,Rs./Quintal
Maharashtra,Pune,Pulses,Bengal Gram(Gram)(Whole),11-12-2024,4.3,Metric Tonnes,8000.0,Rs./Quintal
Maharashtra,Pune,Pulses,Black Gram(Urd Beans)(Whole),11-12-2024,0.3,Metric Tonnes,10200.0,Rs./Quintal
Maharashtra,Pune,Pulses,Green Gram(Moong)(Whole),11-12-2024,4.0,Metric Tonnes,9500.0,Rs./Quintal
Maharashtra,Pune,Pulses,Bengal Gram(Gram)(Whole),12-12-2024,3.9,Metric Tonnes,8100.0,Rs./Quintal
Maharashtra,Pune,Pulses,Black Gram(Urd Beans)(Whole),12-12-2024,13.4,Metric Tonnes,7226.81,Rs./Quintal
Maharashtra,Pune,Pulses,Green Gram(Moong)(Whole),12-12-2024,3.9,Metric Tonnes,9366.67,Rs./Quintal
Maharashtra,Pune,Pulses,Bengal Gram(Gram)(Whole),13-12-2024,4.2,Metric Tonnes,8050.0,Rs./Quintal
Maharashtra,Pune,Pulses,Black Gram(Urd Beans)(Whole),13-12-2024,0.4,Metric Tonnes,10150.0,Rs./Quintal
Maharashtra,Pune,Pulses,Green Gram(Moong)(Whole),13-12-2024,4.0,Metric Tonnes,9350.0,Rs./Quintal
Maharashtra,Pune,Pulses,Bengal Gram(Gram)(Whole),14-12-2024,4.1,Metric Tonnes,7900.0,Rs./Quintal
Maharashtra,Pune,Pulses,Black Gram(Urd Beans)(Whole),14-12-2024,0.3,Metric Tonnes,10250.0,Rs./Quintal
Maharashtra,Pune,Pulses,Green Gram(Moong)(Whole),14-12-2024,4.0,Metric Tonnes,9300.0,Rs./Quintal
Maharashtra,Pune,Pulses,Green Gram(Moong)(Whole),15-12-2024,0.1,Metric Tonnes,7600.0,Rs./Quintal
Maharashtra,Pune,Pulses,Bengal Gram(Gram)(Whole),16-12-2024,4.3,Metric Tonnes,7950.0,Rs./Quintal
Maharashtra,Pune,Pulses,Black Gram(Urd Beans)(Whole),16-12-2024,2.3,Metric Tonnes,7639.13,Rs./Quintal
Maharashtra,Pune,Pulses,Green Gram(Moong)(Whole),16-12-2024,4.6,Metric Tonnes,9108.7,Rs./Quintal
Maharashtra,Pune,Pulses,Bengal Gram(Gram)(Whole),17-12-2024,4.1,Metric Tonnes,8050.0,Rs./Quintal
Maharashtra,Pune,Pulses,Black Gram(Urd Beans)(Whole),17-12-2024,0.2,Metric Tonnes,10300.0,Rs./Quintal
Maharashtra,Pune,Pulses,Green Gram(Moong)(Whole),17-12-2024,4.4,Metric Tonnes,9500.0,Rs./Quintal
Maharashtra,Pune,Pulses,Bengal Gram(Gram)(Whole),18-12-2024,3.9,Metric Tonnes,8150.0,Rs./Quintal
Maharashtra,Pune,Pulses,Black Gram(Urd Beans)(Whole),18-12-2024,0.4,Metric Tonnes,10400.0,Rs./Quintal
Maharashtra,Pune,Pulses,Green Gram(Moong)(Whole),18-12-2024,4.1,Metric Tonnes,9400.0,Rs./Quintal
Maharashtra,Pune,Pulses,Bengal Gram(Gram)(Whole),19-12-2024,4.9,Metric Tonnes,7468.37,Rs./Quintal
Maharashtra,Pune,Pulses,Black Gram(Urd Beans)(Whole),19-12-2024,4.4,Metric Tonnes,7318.18,Rs./Quintal
Maharashtra,Pune,Pulses,Green Gram(Moong)(Whole),19-12-2024,4.5,Metric Tonnes,9442.22,Rs./Quintal
Maharashtra,Pune,Pulses,Red gram/Arhar/Tur(whole),19-12-2024,0.1,Metric Tonnes,7500.0,Rs./Quintal
Maharashtra,Pune,Pulses,Bengal Gram(Gram)(Whole),20-12-2024,4.2,Metric Tonnes,8150.0,Rs./Quintal
Maharashtra,Pune,Pulses,Black Gram(Urd Beans)(Whole),20-12-2024,0.5,Metric Tonnes,10400.0,Rs./Quintal
Maharashtra,Pune,Pulses,Green Gram(Moong)(Whole),20-12-2024,4.3,Metric Tonnes,9400.0,Rs./Quintal
Maharashtra,Pune,Pulses,Red gram/Arhar/Tur(whole),20-12-2024,4.0,Metric Tonnes,7300.0,Rs./Quintal
Maharashtra,Pune,Pulses,Bengal Gram(Gram)(Whole),21-12-2024,4.3,Metric Tonnes,7950.0,Rs./Quintal
Maharashtra,Pune,Pulses,Black Gram(Urd Beans)(Whole),21-12-2024,0.3,Metric Tonnes,10200.0,Rs./Quintal
Maharashtra,Pune,Pulses,Green Gram(Moong)(Whole),21-12-2024,4.1,Metric Tonnes,9200.0,Rs./Quintal
Maharashtra,Pune,Pulses,Red gram/Arhar/Tur(whole),21-12-2024,5.1,Metric Tonnes,6800.0,Rs./Quintal
Maharashtra,Pune,Pulses,Bengal Gram(Gram)(Whole),22-12-2024,0.1,Metric Tonnes,7100.0,Rs./Quintal
Maharashtra,Pune,Pulses,Red gram/Arhar/Tur(whole),22-12-2024,2.1,Metric Tonnes,6757.14,Rs./Quintal
Maharashtra,Pune,Pulses,Bengal Gram(Gram)(Whole),23-12-2024,4.3,Metric Tonnes,8150.0,Rs./Quintal
Maharashtra,Pune,Pulses,Black Gram(Urd Beans)(Whole),23-12-2024,2.5,Metric Tonnes,7208.84,Rs./Quintal
Maharashtra,Pune,Pulses,Green Gram(Moong)(Whole),23-12-2024,4.3,Metric Tonnes,9330.23,Rs./Quintal
Maharashtra,Pune,Pulses,Red gram/Arhar/Tur(whole),23-12-2024,2.0,Metric Tonnes,6700.0,Rs./Quintal
Maharashtra,Pune,Pulses,Bengal Gram(Gram)(Whole),24-12-2024,4.4,Metric Tonnes,8050.0,Rs./Quintal
Maharashtra,Pune,Pulses,Black Gram(Urd Beans)(Whole),24-12-2024,0.2,Metric Tonnes,10300.0,Rs./Quintal
Maharashtra,Pune,Pulses,Green Gram(Moong)(Whole),24-12-2024,4.5,Metric Tonnes,9500.0,Rs./Quintal
Maharashtra,Pune,Pulses,Red gram/Arhar/Tur(whole),24-12-2024,0.7,Metric Tonnes,6700.0,Rs./Quintal
Maharashtra,Pune,Pulses,Bengal Gram(Gram)(Whole),25-12-2024,4.0,Metric Tonnes,7950.0,Rs./Quintal
Maharashtra,Pune,Pulses,Black Gram(Urd Beans)(Whole),25-12-2024,0.4,Metric Tonnes,10200.0,Rs./Quintal
Maharashtra,Pune,Pulses,Green Gram(Moong)(Whole),25-12-2024,4.2,Metric Tonnes,9200.0,Rs./Quintal
Maharashtra,Pune,Pulses,Bengal Gram(Gram)(Whole),26-12-2024,3.8,Metric Tonnes,7800.0,Rs./Quintal
Maharashtra,Pune,Pulses,Black Gram(Urd Beans)(Whole),26-12-2024,2.7,Metric Tonnes,7366.67,Rs./Quintal
Maharashtra,Pune,Pulses,Green Gram(Moong)(Whole),26-12-2024,4.1,Metric Tonnes,9195.12,Rs./Quintal
Maharashtra,Pune,Pulses,Red gram/Arhar/Tur(whole),26-12-2024,0.7,Metric Tonnes,6600.0,Rs./Quintal
Maharashtra,Pune,Pulses,Bengal Gram(Gram)(Whole),27-12-2024,3.7,Metric Tonnes,7900.0,Rs./Quintal
Maharashtra,Pune,Pulses,Black Gram(Urd Beans)(Whole),27-12-2024,0.4,Metric Tonnes,10400.0,Rs./Quintal
Maharashtra,Pune,Pulses,Green Gram(Moong)(Whole),27-12-2024,3.8,Metric Tonnes,9250.0,Rs./Quintal
Maharashtra,Pune,Pulses,Red gram/Arhar/Tur(whole),27-12-2024,2.5,Metric Tonnes,6500.0,Rs./Quintal
Maharashtra,Pune,Pulses,Bengal Gram(Gram)(Whole),28-12-2024,4.3,Metric Tonnes,8050.0,Rs./Quintal
Maharashtra,Pune,Pulses,Black Gram(Urd Beans)(Whole),28-12-2024,0.4,Metric Tonnes,10300.0,Rs./Quintal
Maharashtra,Pune,Pulses,Green Gram(Moong)(Whole),28-12-2024,4.2,Metric Tonnes,9500.0,Rs./Quintal
Maharashtra,Pune,Pulses,Red gram/Arhar/Tur(whole),28-12-2024,1.0,Metric Tonnes,6700.0,Rs./Quintal
Maharashtra,Pune,Pulses,Red gram/Arhar/Tur(whole),29-12-2024,2.0,Metric Tonnes,7000.0,Rs./Quintal
Maharashtra,Pune,Pulses,Bengal Gram(Gram)(Whole),30-12-2024,4.2,Metric Tonnes,7950.0,Rs./Quintal
Maharashtra,Pune,Pulses,Black Gram(Urd Beans)(Whole),30-12-2024,3.4,Metric Tonnes,7193.38,Rs./Quintal
Maharashtra,Pune,Pulses,Green Gram(Moong)(Whole),30-12-2024,4.0,Metric Tonnes,9400.0,Rs./Quintal
Maharashtra,Pune,Pulses,Red gram/Arhar/Tur(whole),30-12-2024,1.9,Metric Tonnes,6850.0,Rs./Quintal
Maharashtra,Pune,Pulses,Bengal Gram(Gram)(Whole),31-12-2024,4.4,Metric Tonnes,8000.0,Rs./Quintal
Maharashtra,Pune,Pulses,Black Gram(Urd Beans)(Whole),31-12-2024,0.3,Metric Tonnes,10000.0,Rs./Quintal
Maharashtra,Pune,Pulses,Green Gram(Moong)(Whole),31-12-2024,3.8,Metric Tonnes,9350.0,Rs./Quintal
Maharashtra,Pune,Pulses,Red gram/Arhar/Tur(whole),31-12-2024,2.0,Metric Tonnes,6700.0,Rs./Quintal
Maharashtra,Pune,Pulses,Bengal Gram(Gram)(Whole),01-01-2025,5.6,Metric Tonnes,7425.0,Rs./Quintal
Maharashtra,Pune,Pulses,Black Gram(Urd Beans)(Whole),01-01-2025,0.6,Metric Tonnes,9850.0,Rs./Quintal
Maharashtra,Pune,Pulses,Green Gram(Moong)(Whole),01-01-2025,4.1,Metric Tonnes,9250.0,Rs./Quintal
Maharashtra,Pune,Pulses,Red gram/Arhar/Tur(whole),01-01-2025,3.2,Metric Tonnes,6500.0,Rs./Quintal
Maharashtra,Pune,Pulses,Bengal Gram(Gram)(Whole),02-01-2025,5.7,Metric Tonnes,6948.25,Rs./Quintal
Maharashtra,Pune,Pulses,Black Gram(Urd Beans)(Whole),02-01-2025,4.5,Metric Tonnes,7032.0,Rs./Quintal
Maharashtra,Pune,Pulses,Green Gram(Moong)(Whole),02-01-2025,4.3,Metric Tonnes,9153.49,Rs./Quintal
Maharashtra,Pune,Pulses,Bengal Gram(Gram)(Whole),03-01-2025,4.1,Metric Tonnes,8000.0,Rs./Quintal
Maharashtra,Pune,Pulses,Black Gram(Urd Beans)(Whole),03-01-2025,0.3,Metric Tonnes,9650.0,Rs./Quintal
Maharashtra,Pune,Pulses,Green Gram(Moong)(Whole),03-01-2025,4.0,Metric Tonnes,9300.0,Rs./Quintal
Maharashtra,Pune,Pulses,Red gram/Arhar/Tur(whole),03-01-2025,5.1,Metric Tonnes,7000.0,Rs./Quintal
Maharashtra,Pune,Pulses,Bengal Gram(Gram)(Whole),04-01-2025,4.5,Metric Tonnes,7997.78,Rs./Quintal
Maharashtra,Pune,Pulses,Black Gram(Urd Beans)(Whole),04-01-2025,0.2,Metric Tonnes,9550.0,Rs./Quintal
Maharashtra,Pune,Pulses,Green Gram(Moong)(Whole),04-01-2025,3.7,Metric Tonnes,9450.0,Rs./Quintal
Maharashtra,Pune,Pulses,Red gram/Arhar/Tur(whole),04-01-2025,0.1,Metric Tonnes,7100.0,Rs./Quintal
Maharashtra,Pune,Pulses,Red gram/Arhar/Tur(whole),05-01-2025,3.9,Metric Tonnes,7000.0,Rs./Quintal
Maharashtra,Pune,Pulses,Bengal Gram(Gram)(Whole),06-01-2025,4.2,Metric Tonnes,8200.0,Rs./Quintal
Maharashtra,Pune,Pulses,Black Gram(Urd Beans)(Whole),06-01-2025,2.5,Metric Tonnes,6450.0,Rs./Quintal
Maharashtra,Pune,Pulses,Green Gram(Moong)(Whole),06-01-2025,4.0,Metric Tonnes,9302.5,Rs./Quintal
Maharashtra,Pune,Pulses,Red gram/Arhar/Tur(whole),06-01-2025,1.1,Metric Tonnes,6850.0,Rs./Quintal
Maharashtra,Pune,Pulses,Bengal Gram(Gram)(Whole),07-01-2025,4.4,Metric Tonnes,8100.0,Rs./Quintal
Maharashtra,Pune,Pulses,Black Gram(Urd Beans)(Whole),07-01-2025,0.4,Metric Tonnes,9600.0,Rs./Quintal
Maharashtra,Pune,Pulses,Green Gram(Moong)(Whole),07-01-2025,3.6,Metric Tonnes,9500.0,Rs./Quintal
Maharashtra,Pune,Pulses,Bengal Gram(Gram)(Whole),08-01-2025,4.3,Metric Tonnes,8100.0,Rs./Quintal
Maharashtra,Pune,Pulses,Black Gram(Urd Beans)(Whole),08-01-2025,0.2,Metric Tonnes,9650.0,Rs./Quintal
Maharashtra,Pune,Pulses,Green Gram(Moong)(Whole),08-01-2025,3.5,Metric Tonnes,9400.0,Rs./Quintal
Maharashtra,Pune,Pulses,Bengal Gram(Gram)(Whole),09-01-2025,4.2,Metric Tonnes,7897.62,Rs./Quintal
Maharashtra,Pune,Pulses,Black Gram(Urd Beans)(Whole),09-01-2025,4.4,Metric Tonnes,6327.27,Rs./Quintal
Maharashtra,Pune,Pulses,Green Gram(Moong)(Whole),09-01-2025,3.3,Metric Tonnes,9400.0,Rs./Quintal
Maharashtra,Pune,Pulses,Bengal Gram(Gram)(Whole),10-01-2025,3.9,Metric Tonnes,7900.0,Rs./Quintal
Maharashtra,Pune,Pulses,Black Gram(Urd Beans)(Whole),10-01-2025,0.2,Metric Tonnes,9650.0,Rs./Quintal
Maharashtra,Pune,Pulses,Green Gram(Moong)(Whole),10-01-2025,3.6,Metric Tonnes,9350.0,Rs./Quintal
Maharashtra,Pune,Pulses,Bengal Gram(Gram)(Whole),11-01-2025,4.0,Metric Tonnes,8200.0,Rs./Quintal
Maharashtra,Pune,Pulses,Black Gram(Urd Beans)(Whole),11-01-2025,0.5,Metric Tonnes,9750.0,Rs./Quintal
Maharashtra,Pune,Pulses,Green Gram(Moong)(Whole),11-01-2025,3.8,Metric Tonnes,9400.0,Rs./Quintal
Maharashtra,Pune,Pulses,Bengal Gram(Gram)(Whole),13-01-2025,4.9,Metric Tonnes,7928.57,Rs./Quintal
Maharashtra,Pune,Pulses,Black Gram(Urd Beans)(Whole),13-01-2025,2.0,Metric Tonnes,7227.5,Rs./Quintal
Maharashtra,Pune,Pulses,Green Gram(Moong)(Whole),13-01-2025,3.6,Metric Tonnes,9400.0,Rs./Quintal
Maharashtra,Pune,Pulses,Bengal Gram(Gram)(Whole),14-01-2025,4.3,Metric Tonnes,8000.0,Rs./Quintal
Maharashtra,Pune,Pulses,Black Gram(Urd Beans)(Whole),14-01-2025,0.2,Metric Tonnes,9450.0,Rs./Quintal
Maharashtra,Pune,Pulses,Green Gram(Moong)(Whole),14-01-2025,3.9,Metric Tonnes,9250.0,Rs./Quintal
Maharashtra,Pune,Pulses,Bengal Gram(Gram)(Whole),15-01-2025,4.0,Metric Tonnes,7850.0,Rs./Quintal
Maharashtra,Pune,Pulses,Black Gram(Urd Beans)(Whole),15-01-2025,0.4,Metric Tonnes,9350.0,Rs./Quintal
Maharashtra,Pune,Pulses,Green Gram(Moong)(Whole),15-01-2025,3.5,Metric Tonnes,9350.0,Rs./Quintal
Maharashtra,Pune,Pulses,Bengal Gram(Gram)(Whole),16-01-2025,4.3,Metric Tonnes,7654.88,Rs./Quintal
Maharashtra,Pune,Pulses,Black Gram(Urd Beans)(Whole),16-01-2025,2.5,Metric Tonnes,6522.0,Rs./Quintal
Maharashtra,Pune,Pulses,Green Gram(Moong)(Whole),16-01-2025,5.5,Metric Tonnes,8547.27,Rs./Quintal
Maharashtra,Pune,Pulses,Red gram/Arhar/Tur(whole),16-01-2025,0.3,Metric Tonnes,6000.0,Rs./Quintal
Maharashtra,Pune,Pulses,Bengal Gram(Gram)(Whole),17-01-2025,3.5,Metric Tonnes,7800.0,Rs./Quintal
Maharashtra,Pune,Pulses,Black Gram(Urd Beans)(Whole),17-01-2025,0.4,Metric Tonnes,9400.0,Rs./Quintal
Maharashtra,Pune,Pulses,Green Gram(Moong)(Whole),17-01-2025,3.5,Metric Tonnes,9400.0,Rs./Quintal
Maharashtra,Pune,Pulses,Bengal Gram(Gram)(Whole),18-01-2025,3.8,Metric Tonnes,7850.0,Rs./Quintal
Maharashtra,Pune,Pulses,Black Gram(Urd Beans)(Whole),18-01-2025,0.2,Metric Tonnes,9350.0,Rs./Quintal
Maharashtra,Pune,Pulses,Green Gram(Moong)(Whole),18-01-2025,3.3,Metric Tonnes,9500.0,Rs./Quintal
Maharashtra,Pune,Pulses,Red gram/Arhar/Tur(whole),18-01-2025,2.5,Metric Tonnes,6500.0,Rs./Quintal
Maharashtra,Pune,Pulses,Bengal Gram(Gram)(Whole),19-01-2025,0.1,Metric Tonnes,6000.0,Rs./Quintal
Maharashtra,Pune,Pulses,Red gram/Arhar/Tur(whole),19-01-2025,0.4,Metric Tonnes,6550.0,Rs./Quintal
Maharashtra,Pune,Pulses,Black Gram(Urd Beans)(Whole),20-01-2025,1.1,Metric Tonnes,6251.0,Rs./Quintal
Maharashtra,Pune,Pulses,Bengal Gram(Gram)(Whole),22-01-2025,0.3,Metric Tonnes,5500.0,Rs./Quintal
Maharashtra,Pune,Pulses,Black Gram(Urd Beans)(Whole),23-01-2025,1.2,Metric Tonnes,6300.0,Rs./Quintal
Maharashtra,Pune,Pulses,Green Gram(Moong)(Whole),23-01-2025,0.1,Metric Tonnes,6911.0,Rs./Quintal
Maharashtra,Pune,Pulses,Red gram/Arhar/Tur(whole),23-01-2025,0.6,Metric Tonnes,6800.0,Rs./Quintal
Maharashtra,Pune,Pulses,Bengal Gram(Gram)(Whole),27-01-2025,0.9,Metric Tonnes,6001.0,Rs./Quintal
Maharashtra,Pune,Pulses,Black Gram(Urd Beans)(Whole),27-01-2025,1.4,Metric Tonnes,6110.0,Rs./Quintal
Maharashtra,Pune,Pulses,Green Gram(Moong)(Whole),27-01-2025,0.1,Metric Tonnes,8000.0,Rs./Quintal
Maharashtra,Pune,Pulses,Bengal Gram(Gram)(Whole),30-01-2025,5.9,Metric Tonnes,7080.51,Rs./Quintal
Maharashtra,Pune,Pulses,Black Gram(Urd Beans)(Whole),30-01-2025,0.4,Metric Tonnes,7650.0,Rs./Quintal
Maharashtra,Pune,Pulses,Green Gram(Moong)(Whole),30-01-2025,3.8,Metric Tonnes,9500.0,Rs./Quintal
Maharashtra,Pune,Pulses,Red gram/Arhar/Tur(whole),30-01-2025,3.2,Metric Tonnes,6600.0,Rs./Quintal
Maharashtra,Pune,Pulses,Bengal Gram(Gram)(Whole),31-01-2025,3.8,Metric Tonnes,7650.0,Rs./Quintal
Maharashtra,Pune,Pulses,Black Gram(Urd Beans)(Whole),31-01-2025,0.4,Metric Tonnes,9400.0,Rs./Quintal
Maharashtra,Pune,Pulses,Green Gram(Moong)(Whole),31-01-2025,3.5,Metric Tonnes,9350.0,Rs./Quintal
Maharashtra,Pune,Pulses,Red gram/Arhar/Tur(whole),31-01-2025,0.6,Metric Tonnes,6600.0,Rs./Quintal
Maharashtra,Pune,Pulses,Bengal Gram(Gram)(Whole),01-02-2025,3.6,Metric Tonnes,8000.0,Rs./Quintal
Maharashtra,Pune,Pulses,Black Gram(Urd Beans)(Whole),01-02-2025,0.2,Metric Tonnes,9500.0,Rs./Quintal
Maharashtra,Pune,Pulses,Green Gram(Moong)(Whole),01-02-2025,3.7,Metric Tonnes,9300.0,Rs./Quintal
Maharashtra,Pune,Pulses,Bengal Gram(Gram)(Whole),03-02-2025,20.1,Metric Tonnes,7510.45,Rs./Quintal
Maharashtra,Pune,Pulses,Black Gram(Urd Beans)(Whole),03-02-2025,2.2,Metric Tonnes,8472.73,Rs./Quintal
Maharashtra,Pune,Pulses,Green Gram(Moong)(Whole),03-02-2025,16.0,Metric Tonnes,9400.0,Rs./Quintal
Maharashtra,Pune,Pulses,Bengal Gram(Gram)(Whole),04-02-2025,3.7,Metric Tonnes,7900.0,Rs./Quintal
Maharashtra,Pune,Pulses,Black Gram(Urd Beans)(Whole),04-02-2025,0.2,Metric Tonnes,9300.0,Rs./Quintal
Maharashtra,Pune,Pulses,Green Gram(Moong)(Whole),04-02-2025,3.6,Metric Tonnes,9300.0,Rs./Quintal
Maharashtra,Pune,Pulses,Bengal Gram(Gram)(Whole),05-02-2025,3.4,Metric Tonnes,7800.0,Rs./Quintal
Maharashtra,Pune,Pulses,Black Gram(Urd Beans)(Whole),05-02-2025,0.5,Metric Tonnes,9400.0,Rs./Quintal
Maharashtra,Pune,Pulses,Green Gram(Moong)(Whole),05-02-2025,3.9,Metric Tonnes,9400.0,Rs./Quintal
Maharashtra,Pune,Pulses,Bengal Gram(Gram)(Whole),06-02-2025,5.2,Metric Tonnes,7251.25,Rs./Quintal
Maharashtra,Pune,Pulses,Black Gram(Urd Beans)(Whole),06-02-2025,1.3,Metric Tonnes,6061.54,Rs./Quintal
Maharashtra,Pune,Pulses,Green Gram(Moong)(Whole),06-02-2025,4.1,Metric Tonnes,9300.0,Rs./Quintal
Maharashtra,Pune,Pulses,Bengal Gram(Gram)(Whole),07-02-2025,3.8,Metric Tonnes,7900.0,Rs./Quintal
Maharashtra,Pune,Pulses,Black Gram(Urd Beans)(Whole),07-02-2025,0.4,Metric Tonnes,9500.0,Rs./Quintal
Maharashtra,Pune,Pulses,Green Gram(Moong)(Whole),07-02-2025,3.7,Metric Tonnes,9400.0,Rs./Quintal
Maharashtra,Pune,Pulses,Bengal Gram(Gram)(Whole),08-02-2025,3.6,Metric Tonnes,7800.0,Rs./Quintal
Maharashtra,Pune,Pulses,Black Gram(Urd Beans)(Whole),08-02-2025,0.3,Metric Tonnes,9400.0,Rs./Quintal
Maharashtra,Pune,Pulses,Green Gram(Moong)(Whole),08-02-2025,4.0,Metric Tonnes,9400.0,Rs./Quintal
Maharashtra,Pune,Pulses,Bengal Gram(Gram)(Whole),13-02-2025,3.7,Metric Tonnes,7900.0,Rs./Quintal
Maharashtra,Pune,Pulses,Black Gram(Urd Beans)(Whole),13-02-2025,2.0,Metric Tonnes,6960.0,Rs./Quintal
Maharashtra,Pune,Pulses,Green Gram(Moong)(Whole),13-02-2025,3.5,Metric Tonnes,9500.0,Rs./Quintal
Maharashtra,Pune,Pulses,Bengal Gram(Gram)(Whole),14-02-2025,3.6,Metric Tonnes,7850.0,Rs./Quintal
Maharashtra,Pune,Pulses,Black Gram(Urd Beans)(Whole),14-02-2025,0.2,Metric Tonnes,9700.0,Rs./Quintal
Maharashtra,Pune,Pulses,Green Gram(Moong)(Whole),14-02-2025,3.3,Metric Tonnes,9400.0,Rs./Quintal
Maharashtra,Pune,Pulses,Bengal Gram(Gram)(Whole),15-02-2025,3.8,Metric Tonnes,7900.0,Rs./Quintal
Maharashtra,Pune,Pulses,Black Gram(Urd Beans)(Whole),15-02-2025,0.4,Metric Tonnes,9400.0,Rs./Quintal
Maharashtra,Pune,Pulses,Green Gram(Moong)(Whole),15-02-2025,3.6,Metric Tonnes,9400.0,Rs./Quintal
Maharashtra,Pune,Pulses,Bengal Gram(Gram)(Whole),17-02-2025,19.5,Metric Tonnes,5864.87,Rs./Quintal
Maharashtra,Pune,Pulses,Black Gram(Urd Beans)(Whole),17-02-2025,1.8,Metric Tonnes,6366.67,Rs./Quintal
Maharashtra,Pune,Pulses,Green Gram(Moong)(Whole),17-02-2025,3.6,Metric Tonnes,9416.67,Rs./Quintal
Maharashtra,Pune,Pulses,Bengal Gram(Gram)(Whole),18-02-2025,3.6,Metric Tonnes,7900.0,Rs./Quintal
Maharashtra,Pune,Pulses,Black Gram(Urd Beans)(Whole),18-02-2025,0.5,Metric Tonnes,9700.0,Rs./Quintal
Maharashtra,Pune,Pulses,Green Gram(Moong)(Whole),18-02-2025,3.7,Metric Tonnes,9400.0,Rs./Quintal
Maharashtra,Pune,Pulses,Red gram/Arhar/Tur(whole),18-02-2025,1.0,Metric Tonnes,6900.0,Rs./Quintal
Maharashtra,Pune,Pulses,Bengal Gram(Gram)(Whole),20-02-2025,15.5,Metric Tonnes,6078.71,Rs./Quintal
Maharashtra,Pune,Pulses,Black Gram(Urd Beans)(Whole),20-02-2025,0.3,Metric Tonnes,9800.0,Rs./Quintal
Maharashtra,Pune,Pulses,Green Gram(Moong)(Whole),20-02-2025,4.1,Metric Tonnes,9220.73,Rs./Quintal
Maharashtra,Pune,Pulses,Bengal Gram(Gram)(Whole),21-02-2025,4.1,Metric Tonnes,7700.0,Rs./Quintal
Maharashtra,Pune,Pulses,Black Gram(Urd Beans)(Whole),21-02-2025,0.5,Metric Tonnes,9700.0,Rs./Quintal
Maharashtra,Pune,Pulses,Green Gram(Moong)(Whole),21-02-2025,3.8,Metric Tonnes,9450.0,Rs./Quintal
Maharashtra,Pune,Pulses,Bengal Gram(Gram)(Whole),22-02-2025,4.0,Metric Tonnes,7900.0,Rs./Quintal
Maharashtra,Pune,Pulses,Black Gram(Urd Beans)(Whole),22-02-2025,0.3,Metric Tonnes,9700.0,Rs./Quintal
Maharashtra,Pune,Pulses,Green Gram(Moong)(Whole),22-02-2025,3.8,Metric Tonnes,9400.0,Rs./Quintal
Maharashtra,Pune,Pulses,Bengal Gram(Gram)(Whole),24-02-2025,19.3,Metric Tonnes,5952.85,Rs./Quintal
Maharashtra,Pune,Pulses,Black Gram(Urd Beans)(Whole),24-02-2025,1.6,Metric Tonnes,6150.0,Rs./Quintal
Maharashtra,Pune,Pulses,Green Gram(Moong)(Whole),24-02-2025,4.1,Metric Tonnes,9146.37,Rs./Quintal
Maharashtra,Pune,Pulses,Bengal Gram(Gram)(Whole),25-02-2025,3.7,Metric Tonnes,7700.0,Rs./Quintal
Maharashtra,Pune,Pulses,Black Gram(Urd Beans)(Whole),25-02-2025,0.5,Metric Tonnes,9700.0,Rs./Quintal
Maharashtra,Pune,Pulses,Green Gram(Moong)(Whole),25-02-2025,3.7,Metric Tonnes,9350.0,Rs./Quintal
Maharashtra,Pune,Pulses,Bengal Gram(Gram)(Whole),26-02-2025,4.0,Metric Tonnes,7800.0,Rs./Quintal
Maharashtra,Pune,Pulses,Black Gram(Urd Beans)(Whole),26-02-2025,0.2,Metric Tonnes,9600.0,Rs./Quintal
Maharashtra,Pune,Pulses,Green Gram(Moong)(Whole),26-02-2025,3.8,Metric Tonnes,9200.0,Rs./Quintal
Maharashtra,Pune,Pulses,Bengal Gram(Gram)(Whole),27-02-2025,23.3,Metric Tonnes,5896.57,Rs./Quintal
Maharashtra,Pune,Pulses,Black Gram(Urd Beans)(Whole),27-02-2025,1.1,Metric Tonnes,6636.36,Rs./Quintal
Maharashtra,Pune,Pulses,Green Gram(Moong)(Whole),27-02-2025,3.5,Metric Tonnes,9250.0,Rs./Quintal
Maharashtra,Pune,Pulses,Bengal Gram(Gram)(Whole),28-02-2025,4.0,Metric Tonnes,7800.0,Rs./Quintal
Maharashtra,Pune,Pulses,Black Gram(Urd Beans)(Whole),28-02-2025,0.3,Metric Tonnes,9550.0,Rs./Quintal
Maharashtra,Pune,Pulses,Green Gram(Moong)(Whole),28-02-2025,3.9,Metric Tonnes,9300.0,Rs./Quintal
Maharashtra,Pune,Pulses,Bengal Gram(Gram)(Whole),01-03-2025,4.4,Metric Tonnes,7700.0,Rs./Quintal
Maharashtra,Pune,Pulses,Black Gram(Urd Beans)(Whole),01-03-2025,0.4,Metric Tonnes,9600.0,Rs./Quintal
Maharashtra,Pune,Pulses,Green Gram(Moong)(Whole),01-03-2025,4.2,Metric Tonnes,9400.0,Rs./Quintal
Maharashtra,Pune,Pulses,Red gram/Arhar/Tur(whole),01-03-2025,4.0,Metric Tonnes,6251.0,Rs./Quintal
Maharashtra,Pune,Pulses,Bengal Gram(Gram)(Whole),03-03-2025,13.4,Metric Tonnes,5905.22,Rs./Quintal
Maharashtra,Pune,Pulses,Black Gram(Urd Beans)(Whole),03-03-2025,0.3,Metric Tonnes,8033.33,Rs./Quintal
Maharashtra,Pune,Pulses,Green Gram(Moong)(Whole),03-03-2025,3.7,Metric Tonnes,9300.0,Rs./Quintal
Maharashtra,Pune,Pulses,Red gram/Arhar/Tur(whole),03-03-2025,0.5,Metric Tonnes,6700.0,Rs./Quintal
Maharashtra,Pune,Pulses,Bengal Gram(Gram)(Whole),04-03-2025,5.3,Metric Tonnes,7447.17,Rs./Quintal
Maharashtra,Pune,Pulses,Black Gram(Urd Beans)(Whole),04-03-2025,0.3,Metric Tonnes,9600.0,Rs./Quintal
Maharashtra,Pune,Pulses,Green Gram(Moong)(Whole),04-03-2025,4.0,Metric Tonnes,9300.0,Rs./Quintal
Maharashtra,Pune,Pulses,Red gram/Arhar/Tur(whole),04-03-2025,0.5,Metric Tonnes,6700.0,Rs./Quintal
Maharashtra,Pune,Pulses,Bengal Gram(Gram)(Whole),05-03-2025,8.0,Metric Tonnes,6425.5,Rs./Quintal
Maharashtra,Pune,Pulses,Black Gram(Urd Beans)(Whole),05-03-2025,0.5,Metric Tonnes,9650.0,Rs./Quintal
Maharashtra,Pune,Pulses,Green Gram(Moong)(Whole),05-03-2025,3.8,Metric Tonnes,9200.0,Rs./Quintal
Maharashtra,Pune,Pulses,Bengal Gram(Gram)(Whole),06-03-2025,32.1,Metric Tonnes,5788.79,Rs./Quintal
Maharashtra,Pune,Pulses,Black Gram(Urd Beans)(Whole),06-03-2025,2.7,Metric Tonnes,6861.11,Rs./Quintal
Maharashtra,Pune,Pulses,Green Gram(Moong)(Whole),06-03-2025,4.1,Metric Tonnes,9300.0,Rs./Quintal
Maharashtra,Pune,Pulses,Red gram/Arhar/Tur(whole),06-03-2025,0.1,Metric Tonnes,6100.0,Rs./Quintal
Maharashtra,Pune,Pulses,Bengal Gram(Gram)(Whole),07-03-2025,4.5,Metric Tonnes,7700.0,Rs./Quintal
Maharashtra,Pune,Pulses,Black Gram(Urd Beans)(Whole),07-03-2025,0.4,Metric Tonnes,9600.0,Rs./Quintal
Maharashtra,Pune,Pulses,Green Gram(Moong)(Whole),07-03-2025,4.3,Metric Tonnes,9500.0,Rs./Quintal
Maharashtra,Pune,Pulses,Bengal Gram(Gram)(Whole),08-03-2025,4.1,Metric Tonnes,7800.0,Rs./Quintal
Maharashtra,Pune,Pulses,Black Gram(Urd Beans)(Whole),08-03-2025,0.3,Metric Tonnes,9650.0,Rs./Quintal
Maharashtra,Pune,Pulses,Green Gram(Moong)(Whole),08-03-2025,4.0,Metric Tonnes,9200.0,Rs./Quintal
Maharashtra,Pune,Pulses,Bengal Gram(Gram)(Whole),10-03-2025,65.2,Metric Tonnes,5515.95,Rs./Quintal
Maharashtra,Pune,Pulses,Black Gram(Urd Beans)(Whole),10-03-2025,1.0,Metric Tonnes,6820.0,Rs./Quintal
Maharashtra,Pune,Pulses,Green Gram(Moong)(Whole),10-03-2025,4.2,Metric Tonnes,9400.0,Rs./Quintal
Maharashtra,Pune,Pulses,Red gram/Arhar/Tur(whole),10-03-2025,14.0,Metric Tonnes,4700.0,Rs./Quintal
Maharashtra,Pune,Pulses,Bengal Gram(Gram)(Whole),11-03-2025,4.3,Metric Tonnes,7750.0,Rs./Quintal
Maharashtra,Pune,Pulses,Black Gram(Urd Beans)(Whole),11-03-2025,0.3,Metric Tonnes,9300.0,Rs./Quintal
Maharashtra,Pune,Pulses,Green Gram(Moong)(Whole),11-03-2025,4.0,Metric Tonnes,9500.0,Rs./Quintal
Maharashtra,Pune,Pulses,Bengal Gram(Gram)(Whole),12-03-2025,4.5,Metric Tonnes,7800.0,Rs./Quintal
Maharashtra,Pune,Pulses,Black Gram(Urd Beans)(Whole),12-03-2025,0.2,Metric Tonnes,9400.0,Rs./Quintal
Maharashtra,Pune,Pulses,Green Gram(Moong)(Whole),12-03-2025,3.8,Metric Tonnes,9600.0,Rs./Quintal
Maharashtra,Pune,Pulses,Bengal Gram(Gram)(Whole),13-03-2025,4.3,Metric Tonnes,7850.0,Rs./Quintal
Maharashtra,Pune,Pulses,Black Gram(Urd Beans)(Whole),13-03-2025,0.4,Metric Tonnes,9300.0,Rs./Quintal
Maharashtra,Pune,Pulses,Green Gram(Moong)(Whole),13-03-2025,3.5,Metric Tonnes,9500.0,Rs./Quintal
Maharashtra,Pune,Pulses,Bengal Gram(Gram)(Whole),14-03-2025,4.2,Metric Tonnes,7600.0,Rs./Quintal
Maharashtra,Pune,Pulses,Black Gram(Urd Beans)(Whole),14-03-2025,0.3,Metric Tonnes,9500.0,Rs./Quintal
Maharashtra,Pune,Pulses,Green Gram(Moong)(Whole),14-03-2025,4.0,Metric Tonnes,9400.0,Rs./Quintal
Maharashtra,Pune,Pulses,Bengal Gram(Gram)(Whole),15-03-2025,4.4,Metric Tonnes,7750.0,Rs./Quintal
Maharashtra,Pune,Pulses,Black Gram(Urd Beans)(Whole),15-03-2025,0.2,Metric Tonnes,9450.0,Rs./Quintal
Maharashtra,Pune,Pulses,Green Gram(Moong)(Whole),15-03-2025,3.8,Metric Tonnes,9300.0,Rs./Quintal
Maharashtra,Pune,Pulses,Bengal Gram(Gram)(Whole),17-03-2025,31.0,Metric Tonnes,5845.97,Rs./Quintal
Maharashtra,Pune,Pulses,Black Gram(Urd Beans)(Whole),17-03-2025,1.0,Metric Tonnes,7630.0,Rs./Quintal
Maharashtra,Pune,Pulses,Green Gram(Moong)(Whole),17-03-2025,3.6,Metric Tonnes,9350.0,Rs./Quintal
Maharashtra,Pune,Pulses,Red gram/Arhar/Tur(whole),17-03-2025,0.1,Metric Tonnes,6500.0,Rs./Quintal
Maharashtra,Pune,Pulses,Bengal Gram(Gram)(Whole),18-03-2025,4.2,Metric Tonnes,7900.0,Rs./Quintal
Maharashtra,Pune,Pulses,Black Gram(Urd Beans)(Whole),18-03-2025,0.5,Metric Tonnes,9300.0,Rs./Quintal
Maharashtra,Pune,Pulses,Green Gram(Moong)(Whole),18-03-2025,4.1,Metric Tonnes,9300.0,Rs./Quintal
Maharashtra,Pune,Pulses,Bengal Gram(Gram)(Whole),19-03-2025,3.9,Metric Tonnes,7900.0,Rs./Quintal
Maharashtra,Pune,Pulses,Black Gram(Urd Beans)(Whole),19-03-2025,0.3,Metric Tonnes,9400.0,Rs./Quintal
Maharashtra,Pune,Pulses,Green Gram(Moong)(Whole),19-03-2025,4.3,Metric Tonnes,9400.0,Rs./Quintal
Maharashtra,Pune,Pulses,Bengal Gram(Gram)(Whole),20-03-2025,35.2,Metric Tonnes,5762.5,Rs./Quintal
Maharashtra,Pune,Pulses,Black Gram(Urd Beans)(Whole),20-03-2025,1.7,Metric Tonnes,6388.24,Rs./Quintal
Maharashtra,Pune,Pulses,Green Gram(Moong)(Whole),20-03-2025,4.0,Metric Tonnes,9300.0,Rs./Quintal
Maharashtra,Pune,Pulses,Red gram/Arhar/Tur(whole),20-03-2025,0.1,Metric Tonnes,6000.0,Rs./Quintal
Maharashtra,Pune,Pulses,Bengal Gram(Gram)(Whole),21-03-2025,0.4,Metric Tonnes,7700.0,Rs./Quintal
Maharashtra,Pune,Pulses,Black Gram(Urd Beans)(Whole),21-03-2025,0.3,Metric Tonnes,9350.0,Rs./Quintal
Maharashtra,Pune,Pulses,Green Gram(Moong)(Whole),21-03-2025,3.7,Metric Tonnes,9250.0,Rs./Quintal
Maharashtra,Pune,Pulses,Bengal Gram(Gram)(Whole),22-03-2025,3.8,Metric Tonnes,7900.0,Rs./Quintal
Maharashtra,Pune,Pulses,Black Gram(Urd Beans)(Whole),22-03-2025,0.3,Metric Tonnes,9400.0,Rs./Quintal
Maharashtra,Pune,Pulses,Green Gram(Moong)(Whole),22-03-2025,3.9,Metric Tonnes,9350.0,Rs./Quintal
Maharashtra,Pune,Pulses,Bengal Gram(Gram)(Whole),23-03-2025,0.1,Metric Tonnes,3000.0,Rs./Quintal
Maharashtra,Pune,Pulses,Bengal Gram(Gram)(Whole),24-03-2025,40.7,Metric Tonnes,5821.62,Rs./Quintal
Maharashtra,Pune,Pulses,Black Gram(Urd Beans)(Whole),24-03-2025,0.6,Metric Tonnes,8775.17,Rs./Quintal
Maharashtra,Pune,Pulses,Green Gram(Moong)(Whole),24-03-2025,4.3,Metric Tonnes,9348.84,Rs./Quintal
Maharashtra,Pune,Pulses,Bengal Gram(Gram)(Whole),25-03-2025,4.3,Metric Tonnes,7700.0,Rs./Quintal
Maharashtra,Pune,Pulses,Black Gram(Urd Beans)(Whole),25-03-2025,0.4,Metric Tonnes,9400.0,Rs./Quintal
Maharashtra,Pune,Pulses,Green Gram(Moong)(Whole),25-03-2025,4.0,Metric Tonnes,9300.0,Rs./Quintal
Maharashtra,Pune,Pulses,Bengal Gram(Gram)(Whole),26-03-2025,4.5,Metric Tonnes,7800.0,Rs./Quintal
Maharashtra,Pune,Pulses,Black Gram(Urd Beans)(Whole),26-03-2025,0.2,Metric Tonnes,9500.0,Rs./Quintal
Maharashtra,Pune,Pulses,Green Gram(Moong)(Whole),26-03-2025,3.7,Metric Tonnes,9200.0,Rs./Quintal
Maharashtra,Pune,Pulses,Bengal Gram(Gram)(Whole),27-03-2025,4.2,Metric Tonnes,7900.0,Rs./Quintal
Maharashtra,Pune,Pulses,Black Gram(Urd Beans)(Whole),27-03-2025,0.3,Metric Tonnes,9500.0,Rs./Quintal
Maharashtra,Pune,Pulses,Green Gram(Moong)(Whole),27-03-2025,4.0,Metric Tonnes,9250.0,Rs./Quintal
Maharashtra,Pune,Pulses,Bengal Gram(Gram)(Whole),28-03-2025,4.4,Metric Tonnes,7800.0,Rs./Quintal
Maharashtra,Pune,Pulses,Black Gram(Urd Beans)(Whole),28-03-2025,0.4,Metric Tonnes,9600.0,Rs./Quintal
Maharashtra,Pune,Pulses,Green Gram(Moong)(Whole),28-03-2025,4.2,Metric Tonnes,9350.0,Rs./Quintal
Maharashtra,Pune,Pulses,Bengal Gram(Gram)(Whole),29-03-2025,4.5,Metric Tonnes,7900.0,Rs./Quintal
Maharashtra,Pune,Pulses,Black Gram(Urd Beans)(Whole),29-03-2025,0.4,Metric Tonnes,9650.0,Rs./Quintal
Maharashtra,Pune,Pulses,Green Gram(Moong)(Whole),29-03-2025,4.0,Metric Tonnes,9500.0,Rs./Quintal
Maharashtra,Pune,Pulses,Bengal Gram(Gram)(Whole),31-03-2025,4.3,Metric Tonnes,7800.0,Rs./Quintal
Maharashtra,Pune,Pulses,Black Gram(Urd Beans)(Whole),31-03-2025,0.4,Metric Tonnes,9300.0,Rs./Quintal
Maharashtra,Pune,Pulses,Green Gram(Moong)(Whole),31-03-2025,3.9,Metric Tonnes,9400.0,Rs./Quintal
Maharashtra,Pune,Pulses,Bengal Gram(Gram)(Whole),01-04-2025,4.5,Metric Tonnes,7600.0,Rs./Quintal
Maharashtra,Pune,Pulses,Black Gram(Urd Beans)(Whole),01-04-2025,0.2,Metric Tonnes,9200.0,Rs./Quintal
Maharashtra,Pune,Pulses,Green Gram(Moong)(Whole),01-04-2025,4.1,Metric Tonnes,9300.0,Rs./Quintal
Maharashtra,Pune,Pulses,Bengal Gram(Gram)(Whole),02-04-2025,4.2,Metric Tonnes,7700.0,Rs./Quintal
Maharashtra,Pune,Pulses,Black Gram(Urd Beans)(Whole),02-04-2025,0.3,Metric Tonnes,9400.0,Rs./Quintal
Maharashtra,Pune,Pulses,Green Gram(Moong)(Whole),02-04-2025,4.4,Metric Tonnes,9400.0,Rs./Quintal
Maharashtra,Pune,Pulses,Bengal Gram(Gram)(Whole),03-04-2025,6.4,Metric Tonnes,6868.75,Rs./Quintal
Maharashtra,Pune,Pulses,Black Gram(Urd Beans)(Whole),03-04-2025,0.5,Metric Tonnes,9500.0,Rs./Quintal
Maharashtra,Pune,Pulses,Green Gram(Moong)(Whole),03-04-2025,4.2,Metric Tonnes,9350.0,Rs./Quintal
Maharashtra,Pune,Pulses,Bengal Gram(Gram)(Whole),04-04-2025,4.3,Metric Tonnes,7600.0,Rs./Quintal
Maharashtra,Pune,Pulses,Black Gram(Urd Beans)(Whole),04-04-2025,0.3,Metric Tonnes,9200.0,Rs./Quintal
Maharashtra,Pune,Pulses,Green Gram(Moong)(Whole),04-04-2025,4.2,Metric Tonnes,9300.0,Rs./Quintal
Maharashtra,Pune,Pulses,Bengal Gram(Gram)(Whole),05-04-2025,4.0,Metric Tonnes,7750.0,Rs./Quintal
Maharashtra,Pune,Pulses,Black Gram(Urd Beans)(Whole),05-04-2025,0.4,Metric Tonnes,9400.0,Rs./Quintal
Maharashtra,Pune,Pulses,Green Gram(Moong)(Whole),05-04-2025,4.3,Metric Tonnes,9400.0,Rs./Quintal
Maharashtra,Pune,Pulses,Bengal Gram(Gram)(Whole),06-04-2025,0.4,Metric Tonnes,5300.0,Rs./Quintal
Maharashtra,Pune,Pulses,Bengal Gram(Gram)(Whole),07-04-2025,4.2,Metric Tonnes,7850.0,Rs./Quintal
Maharashtra,Pune,Pulses,Black Gram(Urd Beans)(Whole),07-04-2025,0.3,Metric Tonnes,9500.0,Rs./Quintal
Maharashtra,Pune,Pulses,Green Gram(Moong)(Whole),07-04-2025,4.0,Metric Tonnes,9400.0,Rs./Quintal
Maharashtra,Pune,Pulses,Bengal Gram(Gram)(Whole),08-04-2025,4.5,Metric Tonnes,7800.0,Rs./Quintal
Maharashtra,Pune,Pulses,Black Gram(Urd Beans)(Whole),08-04-2025,0.5,Metric Tonnes,9700.0,Rs./Quintal
Maharashtra,Pune,Pulses,Green Gram(Moong)(Whole),08-04-2025,4.3,Metric Tonnes,9500.0,Rs./Quintal
Maharashtra,Pune,Pulses,Bengal Gram(Gram)(Whole),09-04-2025,4.3,Metric Tonnes,7700.0,Rs./Quintal
Maharashtra,Pune,Pulses,Black Gram(Urd Beans)(Whole),09-04-2025,0.4,Metric Tonnes,9600.0,Rs./Quintal
Maharashtra,Pune,Pulses,Green Gram(Moong)(Whole),09-04-2025,4.0,Metric Tonnes,9300.0,Rs./Quintal
Maharashtra,Pune,Pulses,Bengal Gram(Gram)(Whole),10-04-2025,5.3,Metric Tonnes,7084.91,Rs./Quintal
Maharashtra,Pune,Pulses,Black Gram(Urd Beans)(Whole),10-04-2025,0.3,Metric Tonnes,9400.0,Rs./Quintal
Maharashtra,Pune,Pulses,Green Gram(Moong)(Whole),10-04-2025,4.2,Metric Tonnes,9400.0,Rs./Quintal
Maharashtra,Pune,Pulses,Bengal Gram(Gram)(Whole),11-04-2025,4.0,Metric Tonnes,7800.0,Rs./Quintal
Maharashtra,Pune,Pulses,Black Gram(Urd Beans)(Whole),11-04-2025,0.5,Metric Tonnes,9300.0,Rs./Quintal
Maharashtra,Pune,Pulses,Green Gram(Moong)(Whole),11-04-2025,4.4,Metric Tonnes,9350.0,Rs./Quintal
Maharashtra,Pune,Pulses,Bengal Gram(Gram)(Whole),12-04-2025,4.3,Metric Tonnes,7750.0,Rs./Quintal
Maharashtra,Pune,Pulses,Black Gram(Urd Beans)(Whole),12-04-2025,0.4,Metric Tonnes,9500.0,Rs./Quintal
Maharashtra,Pune,Pulses,Green Gram(Moong)(Whole),12-04-2025,4.5,Metric Tonnes,9350.0,Rs./Quintal
Maharashtra,Pune,Pulses,Black Gram(Urd Beans)(Whole),13-04-2025,0.5,Metric Tonnes,5000.0,Rs./Quintal
Maharashtra,Pune,Pulses,Bengal Gram(Gram)(Whole),14-04-2025,89.4,Metric Tonnes,5507.91,Rs./Quintal
Maharashtra,Pune,Pulses,Black Gram(Urd Beans)(Whole),14-04-2025,1.3,Metric Tonnes,7108.38,Rs./Quintal
Maharashtra,Pune,Pulses,Green Gram(Moong)(Whole),14-04-2025,4.0,Metric Tonnes,9202.5,Rs./Quintal
Maharashtra,Pune,Pulses,Red gram/Arhar/Tur(whole),14-04-2025,0.4,Metric Tonnes,6000.0,Rs./Quintal
Maharashtra,Pune,Pulses,Bengal Gram(Gram)(Whole),15-04-2025,4.0,Metric Tonnes,7850.0,Rs./Quintal
Maharashtra,Pune,Pulses,Black Gram(Urd Beans)(Whole),15-04-2025,0.6,Metric Tonnes,9650.0,Rs./Quintal
Maharashtra,Pune,Pulses,Green Gram(Moong)(Whole),15-04-2025,0.3,Metric Tonnes,9400.0,Rs./Quintal
Maharashtra,Pune,Pulses,Bengal Gram(Gram)(Whole),16-04-2025,4.5,Metric Tonnes,7846.67,Rs./Quintal
Maharashtra,Pune,Pulses,Black Gram(Urd Beans)(Whole),16-04-2025,0.4,Metric Tonnes,9750.0,Rs./Quintal
Maharashtra,Pune,Pulses,Green Gram(Moong)(Whole),16-04-2025,3.9,Metric Tonnes,9300.0,Rs./Quintal
Maharashtra,Pune,Pulses,Bengal Gram(Gram)(Whole),17-04-2025,88.0,Metric Tonnes,5509.09,Rs./Quintal
Maharashtra,Pune,Pulses,Black Gram(Urd Beans)(Whole),17-04-2025,2.4,Metric Tonnes,6760.42,Rs./Quintal
Maharashtra,Pune,Pulses,Green Gram(Moong)(Whole),17-04-2025,4.1,Metric Tonnes,9350.0,Rs./Quintal
Maharashtra,Pune,Pulses,Bengal Gram(Gram)(Whole),18-04-2025,4.3,Metric Tonnes,7850.0,Rs./Quintal
Maharashtra,Pune,Pulses,Black Gram(Urd Beans)(Whole),18-04-2025,0.4,Metric Tonnes,9650.0,Rs./Quintal
Maharashtra,Pune,Pulses,Green Gram(Moong)(Whole),18-04-2025,3.9,Metric Tonnes,9400.0,Rs./Quintal
Maharashtra,Pune,Pulses,Bengal Gram(Gram)(Whole),19-04-2025,4.0,Metric Tonnes,7700.0,Rs./Quintal
Maharashtra,Pune,Pulses,Black Gram(Urd Beans)(Whole),19-04-2025,0.3,Metric Tonnes,9500.0,Rs./Quintal
Maharashtra,Pune,Pulses,Green Gram(Moong)(Whole),19-04-2025,3.7,Metric Tonnes,9300.0,Rs./Quintal
Maharashtra,Pune,Pulses,Bengal Gram(Gram)(Whole),21-04-2025,61.0,Metric Tonnes,5558.69,Rs./Quintal
Maharashtra,Pune,Pulses,Black Gram(Urd Beans)(Whole),21-04-2025,2.1,Metric Tonnes,6661.9,Rs./Quintal
Maharashtra,Pune,Pulses,Green Gram(Moong)(Whole),21-04-2025,4.0,Metric Tonnes,9200.0,Rs./Quintal
Maharashtra,Pune,Pulses,Red gram/Arhar/Tur(whole),21-04-2025,0.8,Metric Tonnes,6500.0,Rs./Quintal
Maharashtra,Pune,Pulses,Bengal Gram(Gram)(Whole),22-04-2025,4.3,Metric Tonnes,7700.0,Rs./Quintal
Maharashtra,Pune,Pulses,Black Gram(Urd Beans)(Whole),22-04-2025,0.4,Metric Tonnes,9500.0,Rs./Quintal
Maharashtra,Pune,Pulses,Green Gram(Moong)(Whole),22-04-2025,3.9,Metric Tonnes,9300.0,Rs./Quintal
Maharashtra,Pune,Pulses,Bengal Gram(Gram)(Whole),23-04-2025,4.4,Metric Tonnes,7600.0,Rs./Quintal
Maharashtra,Pune,Pulses,Black Gram(Urd Beans)(Whole),23-04-2025,0.3,Metric Tonnes,9600.0,Rs./Quintal
Maharashtra,Pune,Pulses,Green Gram(Moong)(Whole),23-04-2025,4.1,Metric Tonnes,9400.0,Rs./Quintal
Maharashtra,Pune,Pulses,Bengal Gram(Gram)(Whole),24-04-2025,4.3,Metric Tonnes,7453.49,Rs./Quintal
Maharashtra,Pune,Pulses,Black Gram(Urd Beans)(Whole),24-04-2025,0.5,Metric Tonnes,9600.0,Rs./Quintal
Maharashtra,Pune,Pulses,Green Gram(Moong)(Whole),24-04-2025,4.3,Metric Tonnes,9300.0,Rs./Quintal
Maharashtra,Pune,Pulses,Bengal Gram(Gram)(Whole),25-04-2025,40.4,Metric Tonnes,5644.06,Rs./Quintal
Maharashtra,Pune,Pulses,Black Gram(Urd Beans)(Whole),25-04-2025,0.6,Metric Tonnes,8200.0,Rs./Quintal
Maharashtra,Pune,Pulses,Green Gram(Moong)(Whole),25-04-2025,5.0,Metric Tonnes,8542.0,Rs./Quintal
Maharashtra,Pune,Pulses,Red gram/Arhar/Tur(whole),25-04-2025,0.3,Metric Tonnes,6500.0,Rs./Quintal
Maharashtra,Pune,Pulses,Bengal Gram(Gram)(Whole),26-04-2025,5.2,Metric Tonnes,7196.15,Rs./Quintal
Maharashtra,Pune,Pulses,Black Gram(Urd Beans)(Whole),26-04-2025,0.4,Metric Tonnes,9600.0,Rs./Quintal
Maharashtra,Pune,Pulses,Green Gram(Moong)(Whole),26-04-2025,4.2,Metric Tonnes,9400.0,Rs./Quintal
Maharashtra,Pune,Pulses,Red gram/Arhar/Tur(whole),26-04-2025,0.3,Metric Tonnes,6200.0,Rs./Quintal
Maharashtra,Pune,Pulses,Bengal Gram(Gram)(Whole),27-04-2025,0.3,Metric Tonnes,5900.0,Rs./Quintal
Maharashtra,Pune,Pulses,Red gram/Arhar/Tur(whole),27-04-2025,0.1,Metric Tonnes,5100.0,Rs./Quintal
Maharashtra,Pune,Pulses,Bengal Gram(Gram)(Whole),28-04-2025,34.9,Metric Tonnes,5723.21,Rs./Quintal
Maharashtra,Pune,Pulses,Black Gram(Urd Beans)(Whole),28-04-2025,2.3,Metric Tonnes,7911.96,Rs./Quintal
Maharashtra,Pune,Pulses,Green Gram(Moong)(Whole),28-04-2025,4.2,Metric Tonnes,9200.0,Rs./Quintal
Maharashtra,Pune,Pulses,Bengal Gram(Gram)(Whole),29-04-2025,4.1,Metric Tonnes,7400.0,Rs./Quintal
Maharashtra,Pune,Pulses,Black Gram(Urd Beans)(Whole),29-04-2025,0.3,Metric Tonnes,9700.0,Rs./Quintal
Maharashtra,Pune,Pulses,Green Gram(Moong)(Whole),29-04-2025,3.9,Metric Tonnes,9300.0,Rs./Quintal
Maharashtra,Pune,Pulses,Bengal Gram(Gram)(Whole),30-04-2025,4.3,Metric Tonnes,7400.0,Rs./Quintal
Maharashtra,Pune,Pulses,Black Gram(Urd Beans)(Whole),30-04-2025,0.2,Metric Tonnes,9800.0,Rs./Quintal
Maharashtra,Pune,Pulses,Green Gram(Moong)(Whole),30-04-2025,3.7,Metric Tonnes,9350.0,Rs./Quintal
Maharashtra,Pune,Pulses,Bengal Gram(Gram)(Whole),02-05-2025,4.5,Metric Tonnes,8000.0,Rs./Quintal
Maharashtra,Pune,Pulses,Black Gram(Urd Beans)(Whole),02-05-2025,0.4,Metric Tonnes,9700.0,Rs./Quintal
Maharashtra,Pune,Pulses,Green Gram(Moong)(Whole),02-05-2025,4.0,Metric Tonnes,9500.0,Rs./Quintal
Maharashtra,Pune,Pulses,Bengal Gram(Gram)(Whole),03-05-2025,4.3,Metric Tonnes,8100.0,Rs./Quintal
Maharashtra,Pune,Pulses,Black Gram(Urd Beans)(Whole),03-05-2025,0.3,Metric Tonnes,9750.0,Rs./Quintal
Maharashtra,Pune,Pulses,Green Gram(Moong)(Whole),03-05-2025,4.2,Metric Tonnes,9300.0,Rs./Quintal
Maharashtra,Pune,Pulses,Bengal Gram(Gram)(Whole),04-05-2025,10.9,Metric Tonnes,5650.5,Rs./Quintal
Maharashtra,Pune,Pulses,Black Gram(Urd Beans)(Whole),04-05-2025,5.2,Metric Tonnes,6000.0,Rs./Quintal
Maharashtra,Pune,Pulses,Green Gram(Moong)(Whole),04-05-2025,0.1,Metric Tonnes,7500.0,Rs./Quintal
Maharashtra,Pune,Pulses,Red gram/Arhar/Tur(whole),04-05-2025,1.7,Metric Tonnes,5611.0,Rs./Quintal
Maharashtra,Pune,Pulses,Bengal Gram(Gram)(Whole),05-05-2025,53.2,Metric Tonnes,5894.55,Rs./Quintal
Maharashtra,Pune,Pulses,Black Gram(Urd Beans)(Whole),05-05-2025,6.5,Metric Tonnes,6369.4,Rs./Quintal
Maharashtra,Pune,Pulses,Green Gram(Moong)(Whole),05-05-2025,6.6,Metric Tonnes,8666.67,Rs./Quintal
Maharashtra,Pune,Pulses,Red gram/Arhar/Tur(whole),05-05-2025,0.1,Metric Tonnes,6251.0,Rs./Quintal
Maharashtra,Pune,Pulses,Bengal Gram(Gram)(Whole),06-05-2025,4.4,Metric Tonnes,8150.0,Rs./Quintal
Maharashtra,Pune,Pulses,Black Gram(Urd Beans)(Whole),06-05-2025,0.5,Metric Tonnes,9500.0,Rs./Quintal
Maharashtra,Pune,Pulses,Green Gram(Moong)(Whole),06-05-2025,4.3,Metric Tonnes,9400.0,Rs./Quintal
Maharashtra,Pune,Pulses,Bengal Gram(Gram)(Whole),07-05-2025,4.2,Metric Tonnes,8100.0,Rs./Quintal
Maharashtra,Pune,Pulses,Black Gram(Urd Beans)(Whole),07-05-2025,0.4,Metric Tonnes,9350.0,Rs./Quintal
Maharashtra,Pune,Pulses,Green Gram(Moong)(Whole),07-05-2025,4.5,Metric Tonnes,9350.0,Rs./Quintal
Maharashtra,Pune,Pulses,Bengal Gram(Gram)(Whole),08-05-2025,52.1,Metric Tonnes,5873.32,Rs./Quintal
Maharashtra,Pune,Pulses,Black Gram(Urd Beans)(Whole),08-05-2025,5.0,Metric Tonnes,6856.96,Rs./Quintal
Maharashtra,Pune,Pulses,Green Gram(Moong)(Whole),08-05-2025,6.2,Metric Tonnes,8651.61,Rs./Quintal
Maharashtra,Pune,Pulses,Red gram/Arhar/Tur(whole),08-05-2025,0.5,Metric Tonnes,6500.0,Rs./Quintal
Maharashtra,Pune,Pulses,Bengal Gram(Gram)(Whole),09-05-2025,4.2,Metric Tonnes,8050.0,Rs./Quintal
Maharashtra,Pune,Pulses,Black Gram(Urd Beans)(Whole),09-05-2025,0.4,Metric Tonnes,9550.0,Rs./Quintal
Maharashtra,Pune,Pulses,Green Gram(Moong)(Whole),09-05-2025,4.2,Metric Tonnes,9350.0,Rs./Quintal
Maharashtra,Pune,Pulses,Bengal Gram(Gram)(Whole),10-05-2025,4.2,Metric Tonnes,8000.0,Rs./Quintal
Maharashtra,Pune,Pulses,Black Gram(Urd Beans)(Whole),10-05-2025,0.3,Metric Tonnes,9700.0,Rs./Quintal
Maharashtra,Pune,Pulses,Green Gram(Moong)(Whole),10-05-2025,4.3,Metric Tonnes,9500.0,Rs./Quintal
Maharashtra,Pune,Pulses,Bengal Gram(Gram)(Whole),11-05-2025,6.9,Metric Tonnes,5000.0,Rs./Quintal
Maharashtra,Pune,Pulses,Black Gram(Urd Beans)(Whole),11-05-2025,7.4,Metric Tonnes,5500.0,Rs./Quintal
Maharashtra,Pune,Pulses,Green Gram(Moong)(Whole),11-05-2025,0.2,Metric Tonnes,7500.0,Rs./Quintal
Maharashtra,Pune,Pulses,Red gram/Arhar/Tur(whole),11-05-2025,0.5,Metric Tonnes,5500.0,Rs./Quintal
Maharashtra,Pune,Pulses,Bengal Gram(Gram)(Whole),12-05-2025,4.4,Metric Tonnes,8100.0,Rs./Quintal
Maharashtra,Pune,Pulses,Black Gram(Urd Beans)(Whole),12-05-2025,0.4,Metric Tonnes,9750.0,Rs./Quintal
Maharashtra,Pune,Pulses,Green Gram(Moong)(Whole),12-05-2025,4.0,Metric Tonnes,9300.0,Rs./Quintal
Maharashtra,Pune,Pulses,Red gram/Arhar/Tur(whole),12-05-2025,0.2,Metric Tonnes,6300.0,Rs./Quintal
Maharashtra,Pune,Pulses,Bengal Gram(Gram)(Whole),13-05-2025,4.5,Metric Tonnes,7888.89,Rs./Quintal
Maharashtra,Pune,Pulses,Black Gram(Urd Beans)(Whole),13-05-2025,0.5,Metric Tonnes,9650.0,Rs./Quintal
Maharashtra,Pune,Pulses,Green Gram(Moong)(Whole),13-05-2025,4.2,Metric Tonnes,9350.0,Rs./Quintal
Maharashtra,Pune,Pulses,Bengal Gram(Gram)(Whole),15-05-2025,32.7,Metric Tonnes,5965.75,Rs./Quintal
Maharashtra,Pune,Pulses,Black Gram(Urd Beans)(Whole),15-05-2025,7.3,Metric Tonnes,6964.38,Rs./Quintal
Maharashtra,Pune,Pulses,Green Gram(Moong)(Whole),15-05-2025,4.1,Metric Tonnes,9285.37,Rs./Quintal
Maharashtra,Pune,Pulses,Bengal Gram(Gram)(Whole),16-05-2025,3.6,Metric Tonnes,8100.0,Rs./Quintal
Maharashtra,Pune,Pulses,Black Gram(Urd Beans)(Whole),16-05-2025,0.3,Metric Tonnes,9750.0,Rs./Quintal
Maharashtra,Pune,Pulses,Green Gram(Moong)(Whole),16-05-2025,4.2,Metric Tonnes,9250.0,Rs./Quintal
Maharashtra,Pune,Pulses,Bengal Gram(Gram)(Whole),17-05-2025,3.9,Metric Tonnes,8150.0,Rs./Quintal
Maharashtra,Pune,Pulses,Black Gram(Urd Beans)(Whole),17-05-2025,0.5,Metric Tonnes,9700.0,Rs./Quintal
Maharashtra,Pune,Pulses,Green Gram(Moong)(Whole),17-05-2025,3.8,Metric Tonnes,9350.0,Rs./Quintal
Maharashtra,Pune,Pulses,Bengal Gram(Gram)(Whole),18-05-2025,1.2,Metric Tonnes,5300.0,Rs./Quintal
Maharashtra,Pune,Pulses,Bengal Gram(Gram)(Whole),19-05-2025,25.3,Metric Tonnes,6049.01,Rs./Quintal
Maharashtra,Pune,Pulses,Black Gram(Urd Beans)(Whole),19-05-2025,4.0,Metric Tonnes,7135.9,Rs./Quintal
Maharashtra,Pune,Pulses,Green Gram(Moong)(Whole),19-05-2025,4.0,Metric Tonnes,9257.5,Rs./Quintal
Maharashtra,Pune,Pulses,Red gram/Arhar/Tur(whole),19-05-2025,0.5,Metric Tonnes,6400.0,Rs./Quintal
Maharashtra,Pune,Pulses,Bengal Gram(Gram)(Whole),20-05-2025,3.7,Metric Tonnes,8000.0,Rs./Quintal
Maharashtra,Pune,Pulses,Black Gram(Urd Beans)(Whole),20-05-2025,0.2,Metric Tonnes,9500.0,Rs./Quintal
Maharashtra,Pune,Pulses,Green Gram(Moong)(Whole),20-05-2025,3.8,Metric Tonnes,9400.0,Rs./Quintal
Maharashtra,Pune,Pulses,Bengal Gram(Gram)(Whole),21-05-2025,3.9,Metric Tonnes,8100.0,Rs./Quintal
Maharashtra,Pune,Pulses,Black Gram(Urd Beans)(Whole),21-05-2025,0.4,Metric Tonnes,9350.0,Rs./Quintal
Maharashtra,Pune,Pulses,Green Gram(Moong)(Whole),21-05-2025,3.6,Metric Tonnes,9400.0,Rs./Quintal
Maharashtra,Pune,Pulses,Bengal Gram(Gram)(Whole),22-05-2025,21.9,Metric Tonnes,6205.48,Rs./Quintal
Maharashtra,Pune,Pulses,Black Gram(Urd Beans)(Whole),22-05-2025,2.4,Metric Tonnes,7400.0,Rs./Quintal
Maharashtra,Pune,Pulses,Green Gram(Moong)(Whole),22-05-2025,3.9,Metric Tonnes,9450.0,Rs./Quintal
Maharashtra,Pune,Pulses,Bengal Gram(Gram)(Whole),23-05-2025,3.9,Metric Tonnes,8100.0,Rs./Quintal
Maharashtra,Pune,Pulses,Black Gram(Urd Beans)(Whole),23-05-2025,0.4,Metric Tonnes,9600.0,Rs./Quintal
Maharashtra,Pune,Pulses,Green Gram(Moong)(Whole),23-05-2025,3.6,Metric Tonnes,9350.0,Rs./Quintal
Maharashtra,Pune,Pulses,Bengal Gram(Gram)(Whole),24-05-2025,3.8,Metric Tonnes,8050.0,Rs./Quintal
Maharashtra,Pune,Pulses,Black Gram(Urd Beans)(Whole),24-05-2025,0.5,Metric Tonnes,9700.0,Rs./Quintal
Maharashtra,Pune,Pulses,Green Gram(Moong)(Whole),24-05-2025,4.1,Metric Tonnes,9300.0,Rs./Quintal
Maharashtra,Pune,Pulses,Bengal Gram(Gram)(Whole),26-05-2025,4.1,Metric Tonnes,8150.0,Rs./Quintal
Maharashtra,Pune,Pulses,Black Gram(Urd Beans)(Whole),26-05-2025,0.5,Metric Tonnes,9500.0,Rs./Quintal
Maharashtra,Pune,Pulses,Green Gram(Moong)(Whole),26-05-2025,3.9,Metric Tonnes,9300.0,Rs./Quintal
Maharashtra,Pune,Pulses,Bengal Gram(Gram)(Whole),27-05-2025,5.6,Metric Tonnes,7416.96,Rs./Quintal
Maharashtra,Pune,Pulses,Black Gram(Urd Beans)(Whole),27-05-2025,0.3,Metric Tonnes,9550.0,Rs./Quintal
Maharashtra,Pune,Pulses,Green Gram(Moong)(Whole),27-05-2025,3.6,Metric Tonnes,9450.0,Rs./Quintal
Maharashtra,Pune,Pulses,Bengal Gram(Gram)(Whole),28-05-2025,3.9,Metric Tonnes,8150.0,Rs./Quintal
Maharashtra,Pune,Pulses,Black Gram(Urd Beans)(Whole),28-05-2025,0.4,Metric Tonnes,9500.0,Rs./Quintal
Maharashtra,Pune,Pulses,Green Gram(Moong)(Whole),28-05-2025,3.8,Metric Tonnes,9650.0,Rs./Quintal
Maharashtra,Pune,Pulses,Red gram/Arhar/Tur(whole),28-05-2025,0.2,Metric Tonnes,6400.0,Rs./Quintal
Maharashtra,Pune,Pulses,Bengal Gram(Gram)(Whole),29-05-2025,4.5,Metric Tonnes,7732.49,Rs./Quintal
Maharashtra,Pune,Pulses,Black Gram(Urd Beans)(Whole),29-05-2025,2.9,Metric Tonnes,6889.66,Rs./Quintal
Maharashtra,Pune,Pulses,Green Gram(Moong)(Whole),29-05-2025,3.5,Metric Tonnes,9500.0,Rs./Quintal
Maharashtra,Pune,Pulses,Red gram/Arhar/Tur(whole),29-05-2025,0.2,Metric Tonnes,6500.0,Rs./Quintal
Maharashtra,Pune,Pulses,Bengal Gram(Gram)(Whole),30-05-2025,4.2,Metric Tonnes,7921.43,Rs./Quintal
Maharashtra,Pune,Pulses,Black Gram(Urd Beans)(Whole),30-05-2025,0.3,Metric Tonnes,9250.0,Rs./Quintal
Maharashtra,Pune,Pulses,Green Gram(Moong)(Whole),30-05-2025,3.8,Metric Tonnes,9300.0,Rs./Quintal
Maharashtra,Pune,Pulses,Bengal Gram(Gram)(Whole),31-05-2025,3.7,Metric Tonnes,8000.0,Rs./Quintal
Maharashtra,Pune,Pulses,Black Gram(Urd Beans)(Whole),31-05-2025,0.4,Metric Tonnes,9200.0,Rs./Quintal
Maharashtra,Pune,Pulses,Green Gram(Moong)(Whole),31-05-2025,4.0,Metric Tonnes,9400.0,Rs./Quintal
Maharashtra,Pune,Pulses,Bengal Gram(Gram)(Whole),01-06-2025,0.2,Metric Tonnes,5353.0,Rs./Quintal
Maharashtra,Pune,Pulses,Bengal Gram(Gram)(Whole),02-06-2025,34.1,Metric Tonnes,6051.61,Rs./Quintal
Maharashtra,Pune,Pulses,Black Gram(Urd Beans)(Whole),02-06-2025,2.0,Metric Tonnes,7150.0,Rs./Quintal
Maharashtra,Pune,Pulses,Green Gram(Moong)(Whole),02-06-2025,4.3,Metric Tonnes,9406.98,Rs./Quintal
Maharashtra,Pune,Pulses,Bengal Gram(Gram)(Whole),03-06-2025,4.1,Metric Tonnes,8100.0,Rs./Quintal
Maharashtra,Pune,Pulses,Black Gram(Urd Beans)(Whole),03-06-2025,0.3,Metric Tonnes,9250.0,Rs./Quintal
Maharashtra,Pune,Pulses,Green Gram(Moong)(Whole),03-06-2025,4.4,Metric Tonnes,9334.09,Rs./Quintal
Maharashtra,Pune,Pulses,Red gram/Arhar/Tur(whole),03-06-2025,0.3,Metric Tonnes,4500.0,Rs./Quintal
Maharashtra,Pune,Pulses,Bengal Gram(Gram)(Whole),04-06-2025,3.8,Metric Tonnes,8000.0,Rs./Quintal
Maharashtra,Pune,Pulses,Black Gram(Urd Beans)(Whole),04-06-2025,0.4,Metric Tonnes,9350.0,Rs./Quintal
Maharashtra,Pune,Pulses,Green Gram(Moong)(Whole),04-06-2025,4.0,Metric Tonnes,9550.0,Rs./Quintal
Maharashtra,Pune,Pulses,Bengal Gram(Gram)(Whole),05-06-2025,4.2,Metric Tonnes,7961.9,Rs./Quintal
Maharashtra,Pune,Pulses,Black Gram(Urd Beans)(Whole),05-06-2025,2.9,Metric Tonnes,6810.34,Rs./Quintal
Maharashtra,Pune,Pulses,Green Gram(Moong)(Whole),05-06-2025,3.7,Metric Tonnes,9600.0,Rs./Quintal
Maharashtra,Pune,Pulses,Red gram/Arhar/Tur(whole),05-06-2025,3.8,Metric Tonnes,5742.11,Rs./Quintal
Maharashtra,Pune,Pulses,Bengal Gram(Gram)(Whole),06-06-2025,4.2,Metric Tonnes,8150.0,Rs./Quintal
Maharashtra,Pune,Pulses,Black Gram(Urd Beans)(Whole),06-06-2025,0.5,Metric Tonnes,8680.0,Rs./Quintal
Maharashtra,Pune,Pulses,Green Gram(Moong)(Whole),06-06-2025,3.7,Metric Tonnes,9351.35,Rs./Quintal
Maharashtra,Pune,Pulses,Bengal Gram(Gram)(Whole),07-06-2025,4.3,Metric Tonnes,8032.56,Rs./Quintal
Maharashtra,Pune,Pulses,Black Gram(Urd Beans)(Whole),07-06-2025,0.4,Metric Tonnes,9250.0,Rs./Quintal
Maharashtra,Pune,Pulses,Green Gram(Moong)(Whole),07-06-2025,4.2,Metric Tonnes,9290.48,Rs./Quintal
Maharashtra,Pune,Pulses,Red gram/Arhar/Tur(whole),07-06-2025,0.6,Metric Tonnes,5800.0,Rs./Quintal
Maharashtra,Pune,Pulses,Red gram/Arhar/Tur(whole),08-06-2025,0.5,Metric Tonnes,5840.0,Rs./Quintal
Maharashtra,Pune,Pulses,Bengal Gram(Gram)(Whole),09-06-2025,22.9,Metric Tonnes,6169.43,Rs./Quintal
Maharashtra,Pune,Pulses,Black Gram(Urd Beans)(Whole),09-06-2025,2.4,Metric Tonnes,6687.5,Rs./Quintal
Maharashtra,Pune,Pulses,Green Gram(Moong)(Whole),09-06-2025,4.5,Metric Tonnes,9413.33,Rs./Quintal
Maharashtra,Pune,Pulses,Bengal Gram(Gram)(Whole),10-06-2025,4.1,Metric Tonnes,8150.0,Rs./Quintal
Maharashtra,Pune,Pulses,Black Gram(Urd Beans)(Whole),10-06-2025,0.5,Metric Tonnes,9500.0,Rs./Quintal
Maharashtra,Pune,Pulses,Green Gram(Moong)(Whole),10-06-2025,3.9,Metric Tonnes,9500.0,Rs./Quintal
Maharashtra,Pune,Pulses,Bengal Gram(Gram)(Whole),11-06-2025,3.8,Metric Tonnes,8250.0,Rs./Quintal
Maharashtra,Pune,Pulses,Black Gram(Urd Beans)(Whole),11-06-2025,0.4,Metric Tonnes,9600.0,Rs./Quintal
Maharashtra,Pune,Pulses,Green Gram(Moong)(Whole),11-06-2025,4.0,Metric Tonnes,9300.0,Rs./Quintal
Maharashtra,Pune,Pulses,Bengal Gram(Gram)(Whole),12-06-2025,3.6,Metric Tonnes,8200.0,Rs./Quintal
Maharashtra,Pune,Pulses,Black Gram(Urd Beans)(Whole),12-06-2025,0.8,Metric Tonnes,8312.5,Rs./Quintal
Maharashtra,Pune,Pulses,Green Gram(Moong)(Whole),12-06-2025,3.9,Metric Tonnes,9312.82,Rs./Quintal
Maharashtra,Pune,Pulses,Bengal Gram(Gram)(Whole),13-06-2025,4.0,Metric Tonnes,8145.0,Rs./Quintal
Maharashtra,Pune,Pulses,Black Gram(Urd Beans)(Whole),13-06-2025,0.5,Metric Tonnes,7420.0,Rs./Quintal
Maharashtra,Pune,Pulses,Green Gram(Moong)(Whole),13-06-2025,3.5,Metric Tonnes,9350.0,Rs./Quintal
Maharashtra,Pune,Pulses,Red gram/Arhar/Tur(whole),13-06-2025,0.2,Metric Tonnes,5200.0,Rs./Quintal
Maharashtra,Pune,Pulses,Bengal Gram(Gram)(Whole),14-06-2025,3.9,Metric Tonnes,8250.0,Rs./Quintal
Maharashtra,Pune,Pulses,Black Gram(Urd Beans)(Whole),14-06-2025,0.5,Metric Tonnes,9600.0,Rs./Quintal
Maharashtra,Pune,Pulses,Green Gram(Moong)(Whole),14-06-2025,3.9,Metric Tonnes,9300.0,Rs./Quintal
Maharashtra,Pune,Pulses,Bengal Gram(Gram)(Whole),15-06-2025,0.3,Metric Tonnes,5201.0,Rs./Quintal
Maharashtra,Pune,Pulses,Bengal Gram(Gram)(Whole),16-06-2025,8.2,Metric Tonnes,8200.0,Rs./Quintal
Maharashtra,Pune,Pulses,Black Gram(Urd Beans)(Whole),16-06-2025,3.3,Metric Tonnes,6650.88,Rs./Quintal
Maharashtra,Pune,Pulses,Green Gram(Moong)(Whole),16-06-2025,7.6,Metric Tonnes,9400.0,Rs./Quintal
Maharashtra,Pune,Pulses,Bengal Gram(Gram)(Whole),17-06-2025,4.3,Metric Tonnes,8150.0,Rs./Quintal
Maharashtra,Pune,Pulses,Black Gram(Urd Beans)(Whole),17-06-2025,0.3,Metric Tonnes,9600.0,Rs./Quintal
Maharashtra,Pune,Pulses,Green Gram(Moong)(Whole),17-06-2025,3.6,Metric Tonnes,9300.0,Rs./Quintal
Maharashtra,Pune,Pulses,Bengal Gram(Gram)(Whole),18-06-2025,4.4,Metric Tonnes,8200.0,Rs./Quintal
Maharashtra,Pune,Pulses,Black Gram(Urd Beans)(Whole),18-06-2025,0.5,Metric Tonnes,9650.0,Rs./Quintal
Maharashtra,Pune,Pulses,Green Gram(Moong)(Whole),18-06-2025,3.8,Metric Tonnes,9400.0,Rs./Quintal
Maharashtra,Pune,Pulses,Bengal Gram(Gram)(Whole),19-06-2025,4.5,Metric Tonnes,8250.0,Rs./Quintal
Maharashtra,Pune,Pulses,Black Gram(Urd Beans)(Whole),19-06-2025,2.0,Metric Tonnes,6525.0,Rs./Quintal
Maharashtra,Pune,Pulses,Green Gram(Moong)(Whole),19-06-2025,4.5,Metric Tonnes,9391.2,Rs./Quintal
Maharashtra,Pune,Pulses,Red gram/Arhar/Tur(whole),19-06-2025,7.9,Metric Tonnes,6200.0,Rs./Quintal
Maharashtra,Pune,Pulses,Bengal Gram(Gram)(Whole),20-06-2025,4.3,Metric Tonnes,8200.0,Rs./Quintal
Maharashtra,Pune,Pulses,Black Gram(Urd Beans)(Whole),20-06-2025,0.5,Metric Tonnes,9550.0,Rs./Quintal
Maharashtra,Pune,Pulses,Green Gram(Moong)(Whole),20-06-2025,4.1,Metric Tonnes,9400.0,Rs./Quintal
Maharashtra,Pune,Pulses,Bengal Gram(Gram)(Whole),21-06-2025,4.1,Metric Tonnes,8073.17,Rs./Quintal
Maharashtra,Pune,Pulses,Black Gram(Urd Beans)(Whole),21-06-2025,0.4,Metric Tonnes,9600.0,Rs./Quintal
Maharashtra,Pune,Pulses,Green Gram(Moong)(Whole),21-06-2025,3.9,Metric Tonnes,9202.56,Rs./Quintal
Maharashtra,Pune,Pulses,Red gram/Arhar/Tur(whole),21-06-2025,0.2,Metric Tonnes,5900.0,Rs./Quintal
Maharashtra,Pune,Pulses,Bengal Gram(Gram)(Whole),22-06-2025,0.7,Metric Tonnes,5250.0,Rs./Quintal
Maharashtra,Pune,Pulses,Red gram/Arhar/Tur(whole),22-06-2025,0.1,Metric Tonnes,5600.0,Rs./Quintal
Maharashtra,Pune,Pulses,Bengal Gram(Gram)(Whole),23-06-2025,17.2,Metric Tonnes,6278.2,Rs./Quintal
Maharashtra,Pune,Pulses,Black Gram(Urd Beans)(Whole),23-06-2025,1.2,Metric Tonnes,6433.33,Rs./Quintal
Maharashtra,Pune,Pulses,Green Gram(Moong)(Whole),23-06-2025,3.6,Metric Tonnes,9302.78,Rs./Quintal
Maharashtra,Pune,Pulses,Bengal Gram(Gram)(Whole),24-06-2025,3.6,Metric Tonnes,8250.0,Rs./Quintal
Maharashtra,Pune,Pulses,Black Gram(Urd Beans)(Whole),24-06-2025,0.3,Metric Tonnes,9500.0,Rs./Quintal
Maharashtra,Pune,Pulses,Green Gram(Moong)(Whole),24-06-2025,3.7,Metric Tonnes,9300.0,Rs./Quintal
Maharashtra,Pune,Pulses,Bengal Gram(Gram)(Whole),25-06-2025,3.8,Metric Tonnes,8300.0,Rs./Quintal
Maharashtra,Pune,Pulses,Black Gram(Urd Beans)(Whole),25-06-2025,0.4,Metric Tonnes,9300.0,Rs./Quintal
Maharashtra,Pune,Pulses,Green Gram(Moong)(Whole),25-06-2025,4.0,Metric Tonnes,9400.0,Rs./Quintal
Maharashtra,Pune,Pulses,Bengal Gram(Gram)(Whole),26-06-2025,3.9,Metric Tonnes,8250.0,Rs./Quintal
Maharashtra,Pune,Pulses,Black Gram(Urd Beans)(Whole),26-06-2025,0.3,Metric Tonnes,9600.0,Rs./Quintal
Maharashtra,Pune,Pulses,Green Gram(Moong)(Whole),26-06-2025,3.6,Metric Tonnes,9400.0,Rs./Quintal
Maharashtra,Pune,Pulses,Bengal Gram(Gram)(Whole),27-06-2025,3.8,Metric Tonnes,8200.0,Rs./Quintal
Maharashtra,Pune,Pulses,Black Gram(Urd Beans)(Whole),27-06-2025,0.4,Metric Tonnes,9500.0,Rs./Quintal
Maharashtra,Pune,Pulses,Green Gram(Moong)(Whole),27-06-2025,3.4,Metric Tonnes,9300.0,Rs./Quintal
Maharashtra,Pune,Pulses,Bengal Gram(Gram)(Whole),28-06-2025,0.5,Metric Tonnes,11000.0,Rs./Quintal
Maharashtra,Pune,Pulses,Black Gram(Urd Beans)(Whole),28-06-2025,0.4,Metric Tonnes,9600.0,Rs./Quintal
Maharashtra,Pune,Pulses,Green Gram(Moong)(Whole),28-06-2025,3.7,Metric Tonnes,9400.0,Rs./Quintal
Maharashtra,Pune,Pulses,Bengal Gram(Gram)(Whole),30-06-2025,4.0,Metric Tonnes,8350.0,Rs./Quintal
Maharashtra,Pune,Pulses,Black Gram(Urd Beans)(Whole),30-06-2025,5.4,Metric Tonnes,6132.98,Rs./Quintal
Maharashtra,Pune,Pulses,Green Gram(Moong)(Whole),30-06-2025,3.6,Metric Tonnes,9500.0,Rs./Quintal
Maharashtra,Pune,Pulses,Bengal Gram(Gram)(Whole),01-07-2025,3.8,Metric Tonnes,8200.0,Rs./Quintal
Maharashtra,Pune,Pulses,Black Gram(Urd Beans)(Whole),01-07-2025,0.3,Metric Tonnes,9600.0,Rs./Quintal
Maharashtra,Pune,Pulses,Green Gram(Moong)(Whole),01-07-2025,3.4,Metric Tonnes,9600.0,Rs./Quintal
Maharashtra,Pune,Pulses,Bengal Gram(Gram)(Whole),03-07-2025,4.2,Metric Tonnes,8039.29,Rs./Quintal
Maharashtra,Pune,Pulses,Black Gram(Urd Beans)(Whole),03-07-2025,2.5,Metric Tonnes,6590.0,Rs./Quintal
Maharashtra,Pune,Pulses,Green Gram(Moong)(Whole),03-07-2025,3.5,Metric Tonnes,9500.0,Rs./Quintal
Maharashtra,Pune,Pulses,Bengal Gram(Gram)(Whole),04-07-2025,4.1,Metric Tonnes,8200.0,Rs./Quintal
Maharashtra,Pune,Pulses,Black Gram(Urd Beans)(Whole),04-07-2025,0.4,Metric Tonnes,9600.0,Rs./Quintal
Maharashtra,Pune,Pulses,Green Gram(Moong)(Whole),04-07-2025,3.7,Metric Tonnes,9600.0,Rs./Quintal
Maharashtra,Pune,Pulses,Bengal Gram(Gram)(Whole),05-07-2025,3.9,Metric Tonnes,8350.0,Rs./Quintal
Maharashtra,Pune,Pulses,Black Gram(Urd Beans)(Whole),05-07-2025,0.5,Metric Tonnes,9600.0,Rs./Quintal
Maharashtra,Pune,Pulses,Green Gram(Moong)(Whole),05-07-2025,3.3,Metric Tonnes,9500.0,Rs./Quintal
Maharashtra,Pune,Pulses,Bengal Gram(Gram)(Whole),06-07-2025,0.1,Metric Tonnes,5200.0,Rs./Quintal
Maharashtra,Pune,Pulses,Bengal Gram(Gram)(Whole),07-07-2025,4.2,Metric Tonnes,8350.0,Rs./Quintal
Maharashtra,Pune,Pulses,Black Gram(Urd Beans)(Whole),07-07-2025,1.0,Metric Tonnes,7440.0,Rs./Quintal
Maharashtra,Pune,Pulses,Green Gram(Moong)(Whole),07-07-2025,3.8,Metric Tonnes,9144.74,Rs./Quintal
Maharashtra,Pune,Pulses,Red gram/Arhar/Tur(whole),07-07-2025,0.2,Metric Tonnes,5400.0,Rs./Quintal
Maharashtra,Pune,Pulses,Bengal Gram(Gram)(Whole),08-07-2025,4.1,Metric Tonnes,8131.71,Rs./Quintal
Maharashtra,Pune,Pulses,Black Gram(Urd Beans)(Whole),08-07-2025,0.3,Metric Tonnes,9500.0,Rs./Quintal
Maharashtra,Pune,Pulses,Green Gram(Moong)(Whole),08-07-2025,3.7,Metric Tonnes,9600.0,Rs./Quintal
Maharashtra,Pune,Pulses,Red gram/Arhar/Tur(whole),08-07-2025,0.1,Metric Tonnes,5500.0,Rs./Quintal
Maharashtra,Pune,Pulses,Bengal Gram(Gram)(Whole),09-07-2025,4.0,Metric Tonnes,8000.0,Rs./Quintal
Maharashtra,Pune,Pulses,Black Gram(Urd Beans)(Whole),09-07-2025,0.6,Metric Tonnes,9300.0,Rs./Quintal
Maharashtra,Pune,Pulses,Green Gram(Moong)(Whole),09-07-2025,3.5,Metric Tonnes,9700.0,Rs./Quintal
Maharashtra,Pune,Pulses,Bengal Gram(Gram)(Whole),10-07-2025,20.1,Metric Tonnes,6170.15,Rs./Quintal
Maharashtra,Pune,Pulses,Black Gram(Urd Beans)(Whole),10-07-2025,2.8,Metric Tonnes,6457.14,Rs./Quintal
Maharashtra,Pune,Pulses,Green Gram(Moong)(Whole),10-07-2025,3.6,Metric Tonnes,9650.0,Rs./Quintal
Maharashtra,Pune,Pulses,Red gram/Arhar/Tur(whole),10-07-2025,1.2,Metric Tonnes,5811.0,Rs./Quintal
Maharashtra,Pune,Pulses,Bengal Gram(Gram)(Whole),11-07-2025,0.5,Metric Tonnes,9300.0,Rs./Quintal
Maharashtra,Pune,Pulses,Black Gram(Urd Beans)(Whole),11-07-2025,0.5,Metric Tonnes,9300.0,Rs./Quintal
Maharashtra,Pune,Pulses,Green Gram(Moong)(Whole),11-07-2025,3.9,Metric Tonnes,9600.0,Rs./Quintal
Maharashtra,Pune,Pulses,Red gram/Arhar/Tur(whole),11-07-2025,0.2,Metric Tonnes,6000.0,Rs./Quintal
Maharashtra,Pune,Pulses,Bengal Gram(Gram)(Whole),12-07-2025,4.2,Metric Tonnes,8200.0,Rs./Quintal
Maharashtra,Pune,Pulses,Black Gram(Urd Beans)(Whole),12-07-2025,0.4,Metric Tonnes,9500.0,Rs./Quintal
Maharashtra,Pune,Pulses,Green Gram(Moong)(Whole),12-07-2025,3.8,Metric Tonnes,9600.0,Rs./Quintal
Maharashtra,Pune,Pulses,Bengal Gram(Gram)(Whole),13-07-2025,0.1,Metric Tonnes,3319.0,Rs./Quintal
Maharashtra,Pune,Pulses,Bengal Gram(Gram)(Whole),14-07-2025,3.9,Metric Tonnes,8150.0,Rs./Quintal
Maharashtra,Pune,Pulses,Black Gram(Urd Beans)(Whole),14-07-2025,0.2,Metric Tonnes,9250.0,Rs./Quintal
Maharashtra,Pune,Pulses,Green Gram(Moong)(Whole),14-07-2025,3.8,Metric Tonnes,9700.0,Rs./Quintal
Maharashtra,Pune,Pulses,Bengal Gram(Gram)(Whole),15-07-2025,4.0,Metric Tonnes,8200.0,Rs./Quintal
Maharashtra,Pune,Pulses,Black Gram(Urd Beans)(Whole),15-07-2025,0.2,Metric Tonnes,9100.0,Rs./Quintal
Maharashtra,Pune,Pulses,Green Gram(Moong)(Whole),15-07-2025,3.7,Metric Tonnes,9600.0,Rs./Quintal
Maharashtra,Pune,Pulses,Bengal Gram(Gram)(Whole),16-07-2025,4.0,Metric Tonnes,8015.0,Rs./Quintal
Maharashtra,Pune,Pulses,Black Gram(Urd Beans)(Whole),16-07-2025,0.3,Metric Tonnes,9250.0,Rs./Quintal
Maharashtra,Pune,Pulses,Green Gram(Moong)(Whole),16-07-2025,3.5,Metric Tonnes,9650.0,Rs./Quintal
Maharashtra,Pune,Pulses,Bengal Gram(Gram)(Whole),17-07-2025,4.3,Metric Tonnes,7979.07,Rs./Quintal
Maharashtra,Pune,Pulses,Black Gram(Urd Beans)(Whole),17-07-2025,0.5,Metric Tonnes,9100.0,Rs./Quintal
Maharashtra,Pune,Pulses,Green Gram(Moong)(Whole),17-07-2025,3.8,Metric Tonnes,9500.0,Rs./Quintal
Maharashtra,Pune,Pulses,Bengal Gram(Gram)(Whole),18-07-2025,4.1,Metric Tonnes,8150.0,Rs./Quintal
Maharashtra,Pune,Pulses,Black Gram(Urd Beans)(Whole),18-07-2025,0.4,Metric Tonnes,9250.0,Rs./Quintal
Maharashtra,Pune,Pulses,Green Gram(Moong)(Whole),18-07-2025,3.6,Metric Tonnes,9700.0,Rs./Quintal
Maharashtra,Pune,Pulses,Bengal Gram(Gram)(Whole),19-07-2025,4.1,Metric Tonnes,8200.0,Rs./Quintal
Maharashtra,Pune,Pulses,Black Gram(Urd Beans)(Whole),19-07-2025,0.3,Metric Tonnes,9100.0,Rs./Quintal
Maharashtra,Pune,Pulses,Green Gram(Moong)(Whole),19-07-2025,3.8,Metric Tonnes,9600.0,Rs./Quintal
Maharashtra,Pune,Pulses,Bengal Gram(Gram)(Whole),21-07-2025,4.5,Metric Tonnes,8050.0,Rs./Quintal
Maharashtra,Pune,Pulses,Black Gram(Urd Beans)(Whole),21-07-2025,0.3,Metric Tonnes,9100.0,Rs./Quintal
Maharashtra,Pune,Pulses,Green Gram(Moong)(Whole),21-07-2025,83.0,Metric Tonnes,9550.0,Rs./Quintal
Maharashtra,Pune,Pulses,Bengal Gram(Gram)(Whole),22-07-2025,4.2,Metric Tonnes,8150.0,Rs./Quintal
Maharashtra,Pune,Pulses,Black Gram(Urd Beans)(Whole),22-07-2025,0.4,Metric Tonnes,9150.0,Rs./Quintal
Maharashtra,Pune,Pulses,Green Gram(Moong)(Whole),22-07-2025,3.2,Metric Tonnes,9500.0,Rs./Quintal
Maharashtra,Pune,Pulses,Bengal Gram(Gram)(Whole),23-07-2025,3.9,Metric Tonnes,8100.0,Rs./Quintal
Maharashtra,Pune,Pulses,Black Gram(Urd Beans)(Whole),23-07-2025,0.3,Metric Tonnes,9250.0,Rs./Quintal
Maharashtra,Pune,Pulses,Green Gram(Moong)(Whole),23-07-2025,3.5,Metric Tonnes,9650.0,Rs./Quintal
Maharashtra,Pune,Pulses,Bengal Gram(Gram)(Whole),24-07-2025,4.1,Metric Tonnes,8100.0,Rs./Quintal
Maharashtra,Pune,Pulses,Black Gram(Urd Beans)(Whole),24-07-2025,0.4,Metric Tonnes,9250.0,Rs./Quintal
Maharashtra,Pune,Pulses,Green Gram(Moong)(Whole),24-07-2025,3.6,Metric Tonnes,9700.0,Rs./Quintal
Maharashtra,Pune,Pulses,Red gram/Arhar/Tur(whole),24-07-2025,0.2,Metric Tonnes,5000.0,Rs./Quintal
Maharashtra,Pune,Pulses,Bengal Gram(Gram)(Whole),25-07-2025,3.9,Metric Tonnes,8150.0,Rs./Quintal
Maharashtra,Pune,Pulses,Black Gram(Urd Beans)(Whole),25-07-2025,0.3,Metric Tonnes,9300.0,Rs./Quintal
Maharashtra,Pune,Pulses,Green Gram(Moong)(Whole),25-07-2025,3.4,Metric Tonnes,9650.0,Rs./Quintal
Maharashtra,Pune,Pulses,Bengal Gram(Gram)(Whole),27-07-2025,0.1,Metric Tonnes,5101.0,Rs./Quintal
Maharashtra,Pune,Pulses,Bengal Gram(Gram)(Whole),28-07-2025,4.2,Metric Tonnes,8100.0,Rs./Quintal
Maharashtra,Pune,Pulses,Black Gram(Urd Beans)(Whole),28-07-2025,0.3,Metric Tonnes,9500.0,Rs./Quintal
Maharashtra,Pune,Pulses,Green Gram(Moong)(Whole),28-07-2025,3.6,Metric Tonnes,9600.0,Rs./Quintal
Maharashtra,Pune,Pulses,Bengal Gram(Gram)(Whole),29-07-2025,3.8,Metric Tonnes,8050.0,Rs./Quintal
Maharashtra,Pune,Pulses,Black Gram(Urd Beans)(Whole),29-07-2025,0.4,Metric Tonnes,9600.0,Rs./Quintal
Maharashtra,Pune,Pulses,Green Gram(Moong)(Whole),29-07-2025,3.7,Metric Tonnes,9500.0,Rs./Quintal
Maharashtra,Pune,Pulses,Bengal Gram(Gram)(Whole),30-07-2025,4.0,Metric Tonnes,8150.0,Rs./Quintal
Maharashtra,Pune,Pulses,Black Gram(Urd Beans)(Whole),30-07-2025,0.4,Metric Tonnes,9300.0,Rs./Quintal
Maharashtra,Pune,Pulses,Green Gram(Moong)(Whole),30-07-2025,3.5,Metric Tonnes,9650.0,Rs./Quintal
Maharashtra,Pune,Pulses,Red gram/Arhar/Tur(whole),30-07-2025,0.1,Metric Tonnes,4500.0,Rs./Quintal
Maharashtra,Pune,Pulses,Bengal Gram(Gram)(Whole),31-07-2025,3.7,Metric Tonnes,7900.0,Rs./Quintal
Maharashtra,Pune,Pulses,Black Gram(Urd Beans)(Whole),31-07-2025,0.4,Metric Tonnes,9500.0,Rs./Quintal
Maharashtra,Pune,Pulses,Green Gram(Moong)(Whole),31-07-2025,3.5,Metric Tonnes,9350.0,Rs./Quintal
Maharashtra,Pune,Pulses,Bengal Gram(Gram)(Whole),01-08-2025,4.0,Metric Tonnes,7695.0,Rs./Quintal
Maharashtra,Pune,Pulses,Black Gram(Urd Beans)(Whole),01-08-2025,0.2,Metric Tonnes,9600.0,Rs./Quintal
Maharashtra,Pune,Pulses,Green Gram(Moong)(Whole),01-08-2025,3.9,Metric Tonnes,9500.0,Rs./Quintal
Maharashtra,Pune,Pulses,Bengal Gram(Gram)(Whole),02-08-2025,3.9,Metric Tonnes,8100.0,Rs./Quintal
Maharashtra,Pune,Pulses,Black Gram(Urd Beans)(Whole),02-08-2025,0.5,Metric Tonnes,9500.0,Rs./Quintal
Maharashtra,Pune,Pulses,Green Gram(Moong)(Whole),02-08-2025,3.4,Metric Tonnes,9600.0,Rs./Quintal
Maharashtra,Pune,Pulses,Bengal Gram(Gram)(Whole),04-08-2025,3.9,Metric Tonnes,7900.0,Rs./Quintal
Maharashtra,Pune,Pulses,Black Gram(Urd Beans)(Whole),04-08-2025,0.5,Metric Tonnes,9500.0,Rs./Quintal
Maharashtra,Pune,Pulses,Green Gram(Moong)(Whole),04-08-2025,3.4,Metric Tonnes,9350.0,Rs./Quintal
Maharashtra,Pune,Pulses,Bengal Gram(Gram)(Whole),05-08-2025,4.2,Metric Tonnes,7900.0,Rs./Quintal
Maharashtra,Pune,Pulses,Black Gram(Urd Beans)(Whole),05-08-2025,0.4,Metric Tonnes,9300.0,Rs./Quintal
Maharashtra,Pune,Pulses,Green Gram(Moong)(Whole),05-08-2025,3.6,Metric Tonnes,9250.0,Rs./Quintal
Maharashtra,Pune,Pulses,Red gram/Arhar/Tur(whole),05-08-2025,0.1,Metric Tonnes,5000.0,Rs./Quintal
Maharashtra,Pune,Pulses,Bengal Gram(Gram)(Whole),06-08-2025,4.2,Metric Tonnes,8000.0,Rs./Quintal
Maharashtra,Pune,Pulses,Black Gram(Urd Beans)(Whole),06-08-2025,0.2,Metric Tonnes,9300.0,Rs./Quintal
Maharashtra,Pune,Pulses,Green Gram(Moong)(Whole),06-08-2025,3.8,Metric Tonnes,9157.89,Rs./Quintal
Maharashtra,Pune,Pulses,Bengal Gram(Gram)(Whole),07-08-2025,4.3,Metric Tonnes,7950.0,Rs./Quintal
Maharashtra,Pune,Pulses,Black Gram(Urd Beans)(Whole),07-08-2025,0.9,Metric Tonnes,7528.33,Rs./Quintal
Maharashtra,Pune,Pulses,Green Gram(Moong)(Whole),07-08-2025,3.7,Metric Tonnes,9133.84,Rs./Quintal
Maharashtra,Pune,Pulses,Bengal Gram(Gram)(Whole),08-08-2025,3.9,Metric Tonnes,8000.0,Rs./Quintal
Maharashtra,Pune,Pulses,Black Gram(Urd Beans)(Whole),08-08-2025,0.3,Metric Tonnes,9300.0,Rs./Quintal
Maharashtra,Pune,Pulses,Green Gram(Moong)(Whole),08-08-2025,3.7,Metric Tonnes,9300.0,Rs./Quintal
Maharashtra,Pune,Pulses,Bengal Gram(Gram)(Whole),10-08-2025,1.1,Metric Tonnes,5550.0,Rs./Quintal
Maharashtra,Pune,Pulses,Green Gram(Moong)(Whole),10-08-2025,4.2,Metric Tonnes,8000.0,Rs./Quintal
Maharashtra,Pune,Pulses,Bengal Gram(Gram)(Whole),11-08-2025,12.6,Metric Tonnes,6346.03,Rs./Quintal
Maharashtra,Pune,Pulses,Black Gram(Urd Beans)(Whole),11-08-2025,1.9,Metric Tonnes,6708.63,Rs./Quintal
Maharashtra,Pune,Pulses,Green Gram(Moong)(Whole),11-08-2025,8.3,Metric Tonnes,8846.99,Rs./Quintal
Maharashtra,Pune,Pulses,Bengal Gram(Gram)(Whole),12-08-2025,4.2,Metric Tonnes,8000.0,Rs./Quintal
Maharashtra,Pune,Pulses,Black Gram(Urd Beans)(Whole),12-08-2025,0.4,Metric Tonnes,9300.0,Rs./Quintal
Maharashtra,Pune,Pulses,Green Gram(Moong)(Whole),12-08-2025,3.6,Metric Tonnes,9300.0,Rs./Quintal
Maharashtra,Pune,Pulses,Bengal Gram(Gram)(Whole),13-08-2025,4.3,Metric Tonnes,7950.0,Rs./Quintal
Maharashtra,Pune,Pulses,Black Gram(Urd Beans)(Whole),13-08-2025,0.3,Metric Tonnes,9250.0,Rs./Quintal
Maharashtra,Pune,Pulses,Green Gram(Moong)(Whole),13-08-2025,8.9,Metric Tonnes,8552.25,Rs./Quintal
Maharashtra,Pune,Pulses,Bengal Gram(Gram)(Whole),14-08-2025,4.4,Metric Tonnes,8050.0,Rs./Quintal
Maharashtra,Pune,Pulses,Black Gram(Urd Beans)(Whole),14-08-2025,0.4,Metric Tonnes,9250.0,Rs./Quintal
Maharashtra,Pune,Pulses,Green Gram(Moong)(Whole),14-08-2025,3.2,Metric Tonnes,9350.0,Rs./Quintal
Maharashtra,Pune,Pulses,Bengal Gram(Gram)(Whole),16-08-2025,4.0,Metric Tonnes,8100.0,Rs./Quintal
Maharashtra,Pune,Pulses,Black Gram(Urd Beans)(Whole),16-08-2025,0.3,Metric Tonnes,9400.0,Rs./Quintal
Maharashtra,Pune,Pulses,Green Gram(Moong)(Whole),16-08-2025,3.6,Metric Tonnes,9500.0,Rs./Quintal
Maharashtra,Pune,Pulses,Bengal Gram(Gram)(Whole),17-08-2025,3.1,Metric Tonnes,5410.0,Rs./Quintal
Maharashtra,Pune,Pulses,Black Gram(Urd Beans)(Whole),17-08-2025,2.2,Metric Tonnes,5000.0,Rs./Quintal
Maharashtra,Pune,Pulses,Bengal Gram(Gram)(Whole),18-08-2025,11.6,Metric Tonnes,6473.28,Rs./Quintal
Maharashtra,Pune,Pulses,Black Gram(Urd Beans)(Whole),18-08-2025,5.0,Metric Tonnes,6766.4,Rs./Quintal
Maharashtra,Pune,Pulses,Green Gram(Moong)(Whole),18-08-2025,9.7,Metric Tonnes,8750.0,Rs./Quintal
Maharashtra,Pune,Pulses,Red gram/Arhar/Tur(whole),18-08-2025,0.1,Metric Tonnes,5000.0,Rs./Quintal
Maharashtra,Pune,Pulses,Bengal Gram(Gram)(Whole),19-08-2025,4.0,Metric Tonnes,7792.5,Rs./Quintal
Maharashtra,Pune,Pulses,Black Gram(Urd Beans)(Whole),19-08-2025,0.4,Metric Tonnes,9200.0,Rs./Quintal
Maharashtra,Pune,Pulses,Green Gram(Moong)(Whole),19-08-2025,7.4,Metric Tonnes,8710.81,Rs./Quintal
Maharashtra,Pune,Pulses,Red gram/Arhar/Tur(whole),19-08-2025,1.3,Metric Tonnes,5321.0,Rs./Quintal
Maharashtra,Pune,Pulses,Bengal Gram(Gram)(Whole),20-08-2025,3.8,Metric Tonnes,7780.26,Rs./Quintal
Maharashtra,Pune,Pulses,Black Gram(Urd Beans)(Whole),20-08-2025,0.5,Metric Tonnes,9300.0,Rs./Quintal
Maharashtra,Pune,Pulses,Green Gram(Moong)(Whole),20-08-2025,5.6,Metric Tonnes,8960.71,Rs./Quintal
Maharashtra,Pune,Pulses,Bengal Gram(Gram)(Whole),21-08-2025,16.1,Metric Tonnes,6279.5,Rs./Quintal
Maharashtra,Pune,Pulses,Black Gram(Urd Beans)(Whole),21-08-2025,3.2,Metric Tonnes,7265.88,Rs./Quintal
Maharashtra,Pune,Pulses,Green Gram(Moong)(Whole),21-08-2025,3.8,Metric Tonnes,9411.18,Rs./Quintal
Maharashtra,Pune,Pulses,Bengal Gram(Gram)(Whole),22-08-2025,3.6,Metric Tonnes,7950.0,Rs./Quintal
Maharashtra,Pune,Pulses,Black Gram(Urd Beans)(Whole),22-08-2025,0.4,Metric Tonnes,9200.0,Rs./Quintal
Maharashtra,Pune,Pulses,Green Gram(Moong)(Whole),22-08-2025,5.4,Metric Tonnes,9003.7,Rs./Quintal
Maharashtra,Pune,Pulses,Bengal Gram(Gram)(Whole),23-08-2025,4.2,Metric Tonnes,7692.86,Rs./Quintal
Maharashtra,Pune,Pulses,Black Gram(Urd Beans)(Whole),23-08-2025,0.3,Metric Tonnes,9200.0,Rs./Quintal
Maharashtra,Pune,Pulses,Green Gram(Moong)(Whole),23-08-2025,5.7,Metric Tonnes,8856.14,Rs./Quintal
Maharashtra,Pune,Pulses,Red gram/Arhar/Tur(whole),23-08-2025,0.1,Metric Tonnes,5400.0,Rs./Quintal
Maharashtra,Pune,Pulses,Bengal Gram(Gram)(Whole),24-08-2025,0.6,Metric Tonnes,4979.58,Rs./Quintal
Maharashtra,Pune,Pulses,Green Gram(Moong)(Whole),24-08-2025,2.9,Metric Tonnes,8750.0,Rs./Quintal
Maharashtra,Pune,Pulses,Bengal Gram(Gram)(Whole),25-08-2025,9.9,Metric Tonnes,6453.95,Rs./Quintal
Maharashtra,Pune,Pulses,Black Gram(Urd Beans)(Whole),25-08-2025,4.6,Metric Tonnes,7108.7,Rs./Quintal
Maharashtra,Pune,Pulses,Green Gram(Moong)(Whole),25-08-2025,8.8,Metric Tonnes,9045.45,Rs./Quintal
Maharashtra,Pune,Pulses,Red gram/Arhar/Tur(whole),25-08-2025,0.3,Metric Tonnes,5200.0,Rs./Quintal
Maharashtra,Pune,Pulses,Bengal Gram(Gram)(Whole),26-08-2025,3.9,Metric Tonnes,7819.23,Rs./Quintal
Maharashtra,Pune,Pulses,Black Gram(Urd Beans)(Whole),26-08-2025,0.5,Metric Tonnes,9200.0,Rs./Quintal
Maharashtra,Pune,Pulses,Green Gram(Moong)(Whole),26-08-2025,4.9,Metric Tonnes,8918.37,Rs./Quintal
Maharashtra,Pune,Pulses,Bengal Gram(Gram)(Whole),27-08-2025,3.4,Metric Tonnes,7850.0,Rs./Quintal
Maharashtra,Pune,Pulses,Black Gram(Urd Beans)(Whole),27-08-2025,0.2,Metric Tonnes,9300.0,Rs./Quintal
Maharashtra,Pune,Pulses,Green Gram(Moong)(Whole),27-08-2025,3.8,Metric Tonnes,9300.0,Rs./Quintal
Maharashtra,Pune,Pulses,Bengal Gram(Gram)(Whole),28-08-2025,3.7,Metric Tonnes,7764.86,Rs./Quintal
Maharashtra,Pune,Pulses,Black Gram(Urd Beans)(Whole),28-08-2025,0.4,Metric Tonnes,9400.0,Rs./Quintal
Maharashtra,Pune,Pulses,Green Gram(Moong)(Whole),28-08-2025,3.7,Metric Tonnes,9350.0,Rs./Quintal
Maharashtra,Pune,Pulses,Bengal Gram(Gram)(Whole),29-08-2025,3.7,Metric Tonnes,7950.0,Rs./Quintal
Maharashtra,Pune,Pulses,Black Gram(Urd Beans)(Whole),29-08-2025,0.5,Metric Tonnes,9500.0,Rs./Quintal
Maharashtra,Pune,Pulses,Green Gram(Moong)(Whole),29-08-2025,3.5,Metric Tonnes,9400.0,Rs./Quintal
Maharashtra,Pune,Pulses,Bengal Gram(Gram)(Whole),30-08-2025,3.7,Metric Tonnes,7850.0,Rs./Quintal
Maharashtra,Pune,Pulses,Black Gram(Urd Beans)(Whole),30-08-2025,0.3,Metric Tonnes,9300.0,Rs./Quintal
Maharashtra,Pune,Pulses,Green Gram(Moong)(Whole),30-08-2025,3.6,Metric Tonnes,9350.0,Rs./Quintal
Maharashtra,Pune,Pulses,Bengal Gram(Gram)(Whole),31-08-2025,3.5,Metric Tonnes,5300.0,Rs./Quintal
Maharashtra,Pune,Pulses,Black Gram(Urd Beans)(Whole),31-08-2025,5.9,Metric Tonnes,5000.0,Rs./Quintal
Maharashtra,Pune,Pulses,Green Gram(Moong)(Whole),31-08-2025,0.1,Metric Tonnes,6000.0,Rs./Quintal
Maharashtra,Pune,Pulses,Bengal Gram(Gram)(Whole),01-09-2025,12.5,Metric Tonnes,6420.0,Rs./Quintal
Maharashtra,Pune,Pulses,Black Gram(Urd Beans)(Whole),01-09-2025,20.4,Metric Tonnes,7022.25,Rs./Quintal
Maharashtra,Pune,Pulses,Green Gram(Moong)(Whole),01-09-2025,3.8,Metric Tonnes,9400.0,Rs./Quintal
Maharashtra,Pune,Pulses,Red gram/Arhar/Tur(whole),01-09-2025,1.8,Metric Tonnes,5800.0,Rs./Quintal
Maharashtra,Pune,Pulses,Bengal Gram(Gram)(Whole),02-09-2025,3.8,Metric Tonnes,8000.0,Rs./Quintal
Maharashtra,Pune,Pulses,Black Gram(Urd Beans)(Whole),02-09-2025,0.4,Metric Tonnes,9500.0,Rs./Quintal
Maharashtra,Pune,Pulses,Green Gram(Moong)(Whole),02-09-2025,4.4,Metric Tonnes,9095.45,Rs./Quintal
Maharashtra,Pune,Pulses,Bengal Gram(Gram)(Whole),03-09-2025,3.9,Metric Tonnes,8050.0,Rs./Quintal
Maharashtra,Pune,Pulses,Black Gram(Urd Beans)(Whole),03-09-2025,0.5,Metric Tonnes,9600.0,Rs./Quintal
Maharashtra,Pune,Pulses,Green Gram(Moong)(Whole),03-09-2025,4.9,Metric Tonnes,8914.29,Rs./Quintal
Maharashtra,Pune,Pulses,Bengal Gram(Gram)(Whole),04-09-2025,12.4,Metric Tonnes,6416.94,Rs./Quintal
Maharashtra,Pune,Pulses,Black Gram(Urd Beans)(Whole),04-09-2025,37.5,Metric Tonnes,6632.0,Rs./Quintal
Maharashtra,Pune,Pulses,Green Gram(Moong)(Whole),04-09-2025,5.9,Metric Tonnes,9548.31,Rs./Quintal
Maharashtra,Pune,Pulses,Bengal Gram(Gram)(Whole),05-09-2025,3.6,Metric Tonnes,8000.0,Rs./Quintal
Maharashtra,Pune,Pulses,Black Gram(Urd Beans)(Whole),05-09-2025,0.3,Metric Tonnes,8166.67,Rs./Quintal
Maharashtra,Pune,Pulses,Green Gram(Moong)(Whole),05-09-2025,4.7,Metric Tonnes,9172.34,Rs./Quintal
Maharashtra,Pune,Pulses,Bengal Gram(Gram)(Whole),06-09-2025,7.6,Metric Tonnes,6678.95,Rs./Quintal
Maharashtra,Pune,Pulses,Black Gram(Urd Beans)(Whole),06-09-2025,0.3,Metric Tonnes,8000.0,Rs./Quintal
Maharashtra,Pune,Pulses,Green Gram(Moong)(Whole),06-09-2025,3.5,Metric Tonnes,9428.57,Rs./Quintal
Maharashtra,Pune,Pulses,Red gram/Arhar/Tur(whole),06-09-2025,0.1,Metric Tonnes,5000.0,Rs./Quintal
Maharashtra,Pune,Pulses,Bengal Gram(Gram)(Whole),07-09-2025,0.1,Metric Tonnes,5050.0,Rs./Quintal
Maharashtra,Pune,Pulses,Black Gram(Urd Beans)(Whole),07-09-2025,0.2,Metric Tonnes,6000.0,Rs./Quintal
Maharashtra,Pune,Pulses,Green Gram(Moong)(Whole),07-09-2025,0.8,Metric Tonnes,7000.0,Rs./Quintal
Maharashtra,Pune,Pulses,Bengal Gram(Gram)(Whole),08-09-2025,8.2,Metric Tonnes,6815.24,Rs./Quintal
Maharashtra,Pune,Pulses,Black Gram(Urd Beans)(Whole),08-09-2025,42.1,Metric Tonnes,6323.52,Rs./Quintal
Maharashtra,Pune,Pulses,Green Gram(Moong)(Whole),08-09-2025,5.3,Metric Tonnes,9688.68,Rs./Quintal
Maharashtra,Pune,Pulses,Red gram/Arhar/Tur(whole),08-09-2025,0.3,Metric Tonnes,5000.0,Rs./Quintal
Maharashtra,Pune,Pulses,Bengal Gram(Gram)(Whole),09-09-2025,3.8,Metric Tonnes,8000.0,Rs./Quintal
Maharashtra,Pune,Pulses,Black Gram(Urd Beans)(Whole),09-09-2025,0.7,Metric Tonnes,7242.86,Rs./Quintal
Maharashtra,Pune,Pulses,Green Gram(Moong)(Whole),09-09-2025,4.0,Metric Tonnes,9365.0,Rs./Quintal
Maharashtra,Pune,Pulses,Red gram/Arhar/Tur(whole),09-09-2025,0.1,Metric Tonnes,4000.0,Rs./Quintal
Maharashtra,Pune,Pulses,Bengal Gram(Gram)(Whole),10-09-2025,4.0,Metric Tonnes,8000.0,Rs./Quintal
Maharashtra,Pune,Pulses,Black Gram(Urd Beans)(Whole),10-09-2025,0.7,Metric Tonnes,8214.29,Rs./Quintal
Maharashtra,Pune,Pulses,Green Gram(Moong)(Whole),10-09-2025,4.0,Metric Tonnes,9290.0,Rs./Quintal
Maharashtra,Pune,Pulses,Bengal Gram(Gram)(Whole),11-09-2025,24.4,Metric Tonnes,6072.54,Rs./Quintal
Maharashtra,Pune,Pulses,Black Gram(Urd Beans)(Whole),11-09-2025,148.3,Metric Tonnes,6802.02,Rs./Quintal
Maharashtra,Pune,Pulses,Green Gram(Moong)(Whole),11-09-2025,9.7,Metric Tonnes,8603.09,Rs./Quintal
Maharashtra,Pune,Pulses,Red gram/Arhar/Tur(whole),11-09-2025,0.3,Metric Tonnes,5100.0,Rs./Quintal
Maharashtra,Pune,Pulses,Bengal Gram(Gram)(Whole),12-09-2025,3.5,Metric Tonnes,7900.0,Rs./Quintal
Maharashtra,Pune,Pulses,Black Gram(Urd Beans)(Whole),12-09-2025,0.2,Metric Tonnes,9300.0,Rs./Quintal
Maharashtra,Pune,Pulses,Green Gram(Moong)(Whole),12-09-2025,3.3,Metric Tonnes,9400.0,Rs./Quintal
Maharashtra,Pune,Pulses,Bengal Gram(Gram)(Whole),13-09-2025,3.0,Metric Tonnes,5300.0,Rs./Quintal
Maharashtra,Pune,Pulses,Black Gram(Urd Beans)(Whole),14-09-2025,0.1,Metric Tonnes,5800.0,Rs./Quintal
Maharashtra,Pune,Pulses,Black Gram(Urd Beans)(Whole),15-09-2025,23.2,Metric Tonnes,6967.67,Rs./Quintal
Maharashtra,Pune,Pulses,Green Gram(Moong)(Whole),15-09-2025,1.5,Metric Tonnes,8250.0,Rs./Quintal
Maharashtra,Pune,Pulses,Red gram/Arhar/Tur(whole),15-09-2025,0.3,Metric Tonnes,5200.0,Rs./Quintal
Maharashtra,Pune,Pulses,Bengal Gram(Gram)(Whole),16-09-2025,3.7,Metric Tonnes,7850.0,Rs./Quintal
Maharashtra,Pune,Pulses,Black Gram(Urd Beans)(Whole),16-09-2025,0.6,Metric Tonnes,8033.33,Rs./Quintal
Maharashtra,Pune,Pulses,Green Gram(Moong)(Whole),16-09-2025,3.6,Metric Tonnes,9062.5,Rs./Quintal
Maharashtra,Pune,Pulses,Bengal Gram(Gram)(Whole),17-09-2025,3.7,Metric Tonnes,8000.0,Rs./Quintal
Maharashtra,Pune,Pulses,Black Gram(Urd Beans)(Whole),17-09-2025,0.5,Metric Tonnes,9500.0,Rs./Quintal
Maharashtra,Pune,Pulses,Green Gram(Moong)(Whole),17-09-2025,3.5,Metric Tonnes,9450.0,Rs./Quintal
Maharashtra,Pune,Pulses,Bengal Gram(Gram)(Whole),18-09-2025,11.8,Metric Tonnes,5677.98,Rs./Quintal
Maharashtra,Pune,Pulses,Black Gram(Urd Beans)(Whole),18-09-2025,58.6,Metric Tonnes,6600.0,Rs./Quintal
Maharashtra,Pune,Pulses,Green Gram(Moong)(Whole),18-09-2025,3.0,Metric Tonnes,10000.0,Rs./Quintal
Maharashtra,Pune,Pulses,Red gram/Arhar/Tur(whole),18-09-2025,0.5,Metric Tonnes,5000.0,Rs./Quintal
Maharashtra,Pune,Pulses,Bengal Gram(Gram)(Whole),19-09-2025,3.7,Metric Tonnes,7889.19,Rs./Quintal
Maharashtra,Pune,Pulses,Black Gram(Urd Beans)(Whole),19-09-2025,0.5,Metric Tonnes,9200.0,Rs./Quintal
Maharashtra,Pune,Pulses,Green Gram(Moong)(Whole),19-09-2025,3.5,Metric Tonnes,9350.0,Rs./Quintal
Maharashtra,Pune,Pulses,Red gram/Arhar/Tur(whole),19-09-2025,0.1,Metric Tonnes,6000.0,Rs./Quintal
Maharashtra,Pune,Pulses,Bengal Gram(Gram)(Whole),20-09-2025,3.9,Metric Tonnes,7588.46,Rs./Quintal
Maharashtra,Pune,Pulses,Black Gram(Urd Beans)(Whole),20-09-2025,0.3,Metric Tonnes,9300.0,Rs./Quintal
Maharashtra,Pune,Pulses,Green Gram(Moong)(Whole),20-09-2025,3.8,Metric Tonnes,9056.58,Rs./Quintal
Maharashtra,Pune,Pulses,Bengal Gram(Gram)(Whole),21-09-2025,2.2,Metric Tonnes,4881.82,Rs./Quintal
Maharashtra,Pune,Pulses,Black Gram(Urd Beans)(Whole),21-09-2025,0.2,Metric Tonnes,5000.0,Rs./Quintal
Maharashtra,Pune,Pulses,Green Gram(Moong)(Whole),21-09-2025,0.4,Metric Tonnes,6675.25,Rs./Quintal
Maharashtra,Pune,Pulses,Red gram/Arhar/Tur(whole),21-09-2025,0.9,Metric Tonnes,4500.0,Rs./Quintal
Maharashtra,Pune,Pulses,Bengal Gram(Gram)(Whole),22-09-2025,3.6,Metric Tonnes,8000.0,Rs./Quintal
Maharashtra,Pune,Pulses,Black Gram(Urd Beans)(Whole),22-09-2025,0.3,Metric Tonnes,9500.0,Rs./Quintal
Maharashtra,Pune,Pulses,Green Gram(Moong)(Whole),22-09-2025,3.4,Metric Tonnes,9450.0,Rs./Quintal
Maharashtra,Pune,Pulses,Bengal Gram(Gram)(Whole),23-09-2025,3.5,Metric Tonnes,7850.0,Rs./Quintal
Maharashtra,Pune,Pulses,Black Gram(Urd Beans)(Whole),23-09-2025,0.7,Metric Tonnes,7242.86,Rs./Quintal
Maharashtra,Pune,Pulses,Green Gram(Moong)(Whole),23-09-2025,3.5,Metric Tonnes,9250.0,Rs./Quintal
Maharashtra,Pune,Pulses,Bengal Gram(Gram)(Whole),24-09-2025,4.0,Metric Tonnes,7900.0,Rs./Quintal
Maharashtra,Pune,Pulses,Black Gram(Urd Beans)(Whole),24-09-2025,0.5,Metric Tonnes,9300.0,Rs./Quintal
Maharashtra,Pune,Pulses,Green Gram(Moong)(Whole),24-09-2025,3.4,Metric Tonnes,9350.0,Rs./Quintal
Maharashtra,Pune,Pulses,Bengal Gram(Gram)(Whole),25-09-2025,3.8,Metric Tonnes,8000.0,Rs./Quintal
Maharashtra,Pune,Pulses,Black Gram(Urd Beans)(Whole),25-09-2025,19.0,Metric Tonnes,5563.16,Rs./Quintal
Maharashtra,Pune,Pulses,Green Gram(Moong)(Whole),25-09-2025,5.0,Metric Tonnes,9612.0,Rs./Quintal
Maharashtra,Pune,Pulses,Bengal Gram(Gram)(Whole),26-09-2025,3.6,Metric Tonnes,7850.0,Rs./Quintal
Maharashtra,Pune,Pulses,Black Gram(Urd Beans)(Whole),26-09-2025,0.2,Metric Tonnes,9300.0,Rs./Quintal
Maharashtra,Pune,Pulses,Green Gram(Moong)(Whole),26-09-2025,3.5,Metric Tonnes,9250.0,Rs./Quintal
Maharashtra,Pune,Pulses,Bengal Gram(Gram)(Whole),27-09-2025,4.8,Metric Tonnes,7427.29,Rs./Quintal
Maharashtra,Pune,Pulses,Black Gram(Urd Beans)(Whole),27-09-2025,0.4,Metric Tonnes,9500.0,Rs./Quintal
Maharashtra,Pune,Pulses,Green Gram(Moong)(Whole),27-09-2025,3.6,Metric Tonnes,9450.0,Rs./Quintal
Maharashtra,Pune,Pulses,Bengal Gram(Gram)(Whole),29-09-2025,3.7,Metric Tonnes,8000.0,Rs./Quintal
Maharashtra,Pune,Pulses,Black Gram(Urd Beans)(Whole),29-09-2025,28.1,Metric Tonnes,6433.1,Rs./Quintal
Maharashtra,Pune,Pulses,Green Gram(Moong)(Whole),29-09-2025,3.7,Metric Tonnes,9518.92,Rs./Quintal
Maharashtra,Pune,Pulses,Bengal Gram(Gram)(Whole),30-09-2025,3.8,Metric Tonnes,7900.0,Rs./Quintal
Maharashtra,Pune,Pulses,Black Gram(Urd Beans)(Whole),30-09-2025,0.4,Metric Tonnes,9250.0,Rs./Quintal
Maharashtra,Pune,Pulses,Green Gram(Moong)(Whole),30-09-2025,3.7,Metric Tonnes,9300.0,Rs./Quintal
Maharashtra,Pune,Pulses,Bengal Gram(Gram)(Whole),01-10-2025,3.7,Metric Tonnes,7850.0,Rs./Quintal
Maharashtra,Pune,Pulses,Black Gram(Urd Beans)(Whole),01-10-2025,0.3,Metric Tonnes,9300.0,Rs./Quintal
Maharashtra,Pune,Pulses,Green Gram(Moong)(Whole),01-10-2025,3.6,Metric Tonnes,9250.0,Rs./Quintal
Maharashtra,Pune,Pulses,Bengal Gram(Gram)(Whole),02-10-2025,3.7,Metric Tonnes,8000.0,Rs./Quintal
Maharashtra,Pune,Pulses,Black Gram(Urd Beans)(Whole),02-10-2025,1.0,Metric Tonnes,6920.0,Rs./Quintal
Maharashtra,Pune,Pulses,Green Gram(Moong)(Whole),02-10-2025,4.0,Metric Tonnes,9277.5,Rs./Quintal
Maharashtra,Pune,Pulses,Bengal Gram(Gram)(Whole),03-10-2025,4.3,Metric Tonnes,7837.21,Rs./Quintal
Maharashtra,Pune,Pulses,Black Gram(Urd Beans)(Whole),03-10-2025,0.5,Metric Tonnes,7750.0,Rs./Quintal
Maharashtra,Pune,Pulses,Green Gram(Moong)(Whole),03-10-2025,3.8,Metric Tonnes,9126.32,Rs./Quintal
Maharashtra,Pune,Pulses,Bengal Gram(Gram)(Whole),04-10-2025,4.0,Metric Tonnes,7900.0,Rs./Quintal
Maharashtra,Pune,Pulses,Black Gram(Urd Beans)(Whole),04-10-2025,0.5,Metric Tonnes,9250.0,Rs./Quintal
Maharashtra,Pune,Pulses,Green Gram(Moong)(Whole),04-10-2025,3.8,Metric Tonnes,9300.0,Rs./Quintal
Maharashtra,Pune,Pulses,Bengal Gram(Gram)(Whole),05-10-2025,0.1,Metric Tonnes,5000.0,Rs./Quintal
Maharashtra,Pune,Pulses,Bengal Gram(Gram)(Whole),06-10-2025,3.8,Metric Tonnes,8000.0,Rs./Quintal
Maharashtra,Pune,Pulses,Black Gram(Urd Beans)(Whole),06-10-2025,21.5,Metric Tonnes,5473.52,Rs./Quintal
Maharashtra,Pune,Pulses,Green Gram(Moong)(Whole),06-10-2025,4.6,Metric Tonnes,8706.52,Rs./Quintal
Maharashtra,Pune,Pulses,Bengal Gram(Gram)(Whole),07-10-2025,3.9,Metric Tonnes,7900.0,Rs./Quintal
Maharashtra,Pune,Pulses,Black Gram(Urd Beans)(Whole),07-10-2025,0.2,Metric Tonnes,9250.0,Rs./Quintal
Maharashtra,Pune,Pulses,Green Gram(Moong)(Whole),07-10-2025,3.5,Metric Tonnes,9300.0,Rs./Quintal
Maharashtra,Pune,Pulses,Bengal Gram(Gram)(Whole),08-10-2025,3.7,Metric Tonnes,8000.0,Rs./Quintal
Maharashtra,Pune,Pulses,Black Gram(Urd Beans)(Whole),08-10-2025,0.3,Metric Tonnes,9500.0,Rs./Quintal
Maharashtra,Pune,Pulses,Green Gram(Moong)(Whole),08-10-2025,3.2,Metric Tonnes,9314.06,Rs./Quintal
Maharashtra,Pune,Pulses,Red gram/Arhar/Tur(whole),08-10-2025,0.3,Metric Tonnes,5500.0,Rs./Quintal
Maharashtra,Pune,Pulses,Bengal Gram(Gram)(Whole),09-10-2025,3.3,Metric Tonnes,7850.0,Rs./Quintal
Maharashtra,Pune,Pulses,Black Gram(Urd Beans)(Whole),09-10-2025,0.2,Metric Tonnes,9300.0,Rs./Quintal
Maharashtra,Pune,Pulses,Green Gram(Moong)(Whole),09-10-2025,3.2,Metric Tonnes,9250.0,Rs./Quintal
Maharashtra,Pune,Pulses,Green Gram(Moong)(Whole),10-10-2025,0.1,Metric Tonnes,6500.0,Rs./Quintal
Maharashtra,Pune,Pulses,Bengal Gram(Gram)(Whole),11-10-2025,4.8,Metric Tonnes,7339.79,Rs./Quintal
Maharashtra,Pune,Pulses,Black Gram(Urd Beans)(Whole),11-10-2025,0.6,Metric Tonnes,9250.0,Rs./Quintal
Maharashtra,Pune,Pulses,Green Gram(Moong)(Whole),11-10-2025,3.5,Metric Tonnes,9300.0,Rs./Quintal
Maharashtra,Pune,Pulses,Bengal Gram(Gram)(Whole),12-10-2025,0.1,Metric Tonnes,3000.0,Rs./Quintal
Maharashtra,Pune,Pulses,Black Gram(Urd Beans)(Whole),12-10-2025,0.1,Metric Tonnes,5000.0,Rs./Quintal
Maharashtra,Pune,Pulses,Bengal Gram(Gram)(Whole),13-10-2025,4.0,Metric Tonnes,8050.0,Rs./Quintal
Maharashtra,Pune,Pulses,Black Gram(Urd Beans)(Whole),13-10-2025,0.5,Metric Tonnes,9600.0,Rs./Quintal
Maharashtra,Pune,Pulses,Green Gram(Moong)(Whole),13-10-2025,3.4,Metric Tonnes,9500.0,Rs./Quintal
Maharashtra,Pune,Pulses,Bengal Gram(Gram)(Whole),14-10-2025,3.9,Metric Tonnes,8000.0,Rs./Quintal
Maharashtra,Pune,Pulses,Black Gram(Urd Beans)(Whole),14-10-2025,0.5,Metric Tonnes,9600.0,Rs./Quintal
Maharashtra,Pune,Pulses,Green Gram(Moong)(Whole),14-10-2025,3.9,Metric Tonnes,9400.0,Rs./Quintal
Maharashtra,Pune,Pulses,Red gram/Arhar/Tur(whole),14-10-2025,1.0,Metric Tonnes,6000.0,Rs./Quintal
Maharashtra,Pune,Pulses,Bengal Gram(Gram)(Whole),15-10-2025,6.9,Metric Tonnes,6782.61,Rs./Quintal
Maharashtra,Pune,Pulses,Black Gram(Urd Beans)(Whole),15-10-2025,0.4,Metric Tonnes,9400.0,Rs./Quintal
Maharashtra,Pune,Pulses,Green Gram(Moong)(Whole),15-10-2025,3.8,Metric Tonnes,9400.0,Rs./Quintal
Maharashtra,Pune,Pulses,Bengal Gram(Gram)(Whole),16-10-2025,4.0,Metric Tonnes,7745.0,Rs./Quintal
Maharashtra,Pune,Pulses,Black Gram(Urd Beans)(Whole),16-10-2025,0.4,Metric Tonnes,9500.0,Rs./Quintal
Maharashtra,Pune,Pulses,Green Gram(Moong)(Whole),16-10-2025,3.7,Metric Tonnes,9400.0,Rs./Quintal
Maharashtra,Pune,Pulses,Bengal Gram(Gram)(Whole),17-10-2025,3.4,Metric Tonnes,7780.88,Rs./Quintal
Maharashtra,Pune,Pulses,Black Gram(Urd Beans)(Whole),17-10-2025,0.2,Metric Tonnes,9300.0,Rs./Quintal
Maharashtra,Pune,Pulses,Green Gram(Moong)(Whole),17-10-2025,3.4,Metric Tonnes,9250.0,Rs./Quintal
Maharashtra,Pune,Pulses,Bengal Gram(Gram)(Whole),18-10-2025,3.9,Metric Tonnes,7900.0,Rs./Quintal
Maharashtra,Pune,Pulses,Black Gram(Urd Beans)(Whole),18-10-2025,0.2,Metric Tonnes,9250.0,Rs./Quintal
Maharashtra,Pune,Pulses,Green Gram(Moong)(Whole),18-10-2025,3.6,Metric Tonnes,9194.44,Rs./Quintal
Maharashtra,Pune,Pulses,Bengal Gram(Gram)(Whole),19-10-2025,0.1,Metric Tonnes,5000.0,Rs./Quintal
Maharashtra,Pune,Pulses,Bengal Gram(Gram)(Whole),20-10-2025,4.2,Metric Tonnes,8000.0,Rs./Quintal
Maharashtra,Pune,Pulses,Black Gram(Urd Beans)(Whole),20-10-2025,0.6,Metric Tonnes,9600.0,Rs./Quintal
Maharashtra,Pune,Pulses,Green Gram(Moong)(Whole),20-10-2025,4.1,Metric Tonnes,9400.0,Rs./Quintal
Maharashtra,Pune,Pulses,Bengal Gram(Gram)(Whole),22-10-2025,4.4,Metric Tonnes,8050.0,Rs./Quintal
Maharashtra,Pune,Pulses,Black Gram(Urd Beans)(Whole),22-10-2025,0.6,Metric Tonnes,9600.0,Rs./Quintal
Maharashtra,Pune,Pulses,Green Gram(Moong)(Whole),22-10-2025,3.6,Metric Tonnes,9500.0,Rs./Quintal
Maharashtra,Pune,Pulses,Bengal Gram(Gram)(Whole),23-10-2025,4.6,Metric Tonnes,7900.0,Rs./Quintal
Maharashtra,Pune,Pulses,Black Gram(Urd Beans)(Whole),23-10-2025,0.7,Metric Tonnes,9500.0,Rs./Quintal
Maharashtra,Pune,Pulses,Green Gram(Moong)(Whole),23-10-2025,4.3,Metric Tonnes,9400.0,Rs./Quintal
Maharashtra,Pune,Pulses,Bengal Gram(Gram)(Whole),25-10-2025,4.0,Metric Tonnes,5200.0,Rs./Quintal
Maharashtra,Pune,Pulses,Bengal Gram(Gram)(Whole),27-10-2025,3.7,Metric Tonnes,8000.0,Rs./Quintal
Maharashtra,Pune,Pulses,Black Gram(Urd Beans)(Whole),27-10-2025,5.7,Metric Tonnes,5161.4,Rs./Quintal
Maharashtra,Pune,Pulses,Green Gram(Moong)(Whole),27-10-2025,4.9,Metric Tonnes,9387.76,Rs./Quintal
Maharashtra,Pune,Pulses,Red gram/Arhar/Tur(whole),27-10-2025,0.3,Metric Tonnes,5700.0,Rs./Quintal
Maharashtra,Pune,Pulses,Bengal Gram(Gram)(Whole),28-10-2025,3.5,Metric Tonnes,7950.0,Rs./Quintal
Maharashtra,Pune,Pulses,Black Gram(Urd Beans)(Whole),28-10-2025,0.3,Metric Tonnes,9300.0,Rs./Quintal
Maharashtra,Pune,Pulses,Green Gram(Moong)(Whole),28-10-2025,3.8,Metric Tonnes,9300.0,Rs./Quintal
Maharashtra,Pune,Pulses,Bengal Gram(Gram)(Whole),29-10-2025,6.5,Metric Tonnes,7987.69,Rs./Quintal
Maharashtra,Pune,Pulses,Black Gram(Urd Beans)(Whole),29-10-2025,0.2,Metric Tonnes,9300.0,Rs./Quintal
Maharashtra,Pune,Pulses,Green Gram(Moong)(Whole),29-10-2025,3.6,Metric Tonnes,9500.0,Rs./Quintal
Maharashtra,Pune,Pulses,Bengal Gram(Gram)(Whole),30-10-2025,9.8,Metric Tonnes,6579.59,Rs./Quintal
Maharashtra,Pune,Pulses,Black Gram(Urd Beans)(Whole),30-10-2025,10.1,Metric Tonnes,5749.48,Rs./Quintal
Maharashtra,Pune,Pulses,Green Gram(Moong)(Whole),30-10-2025,4.7,Metric Tonnes,9178.72,Rs./Quintal
Maharashtra,Pune,Pulses,Red gram/Arhar/Tur(whole),30-10-2025,0.1,Metric Tonnes,4000.0,Rs./Quintal
Maharashtra,Pune,Pulses,Bengal Gram(Gram)(Whole),31-10-2025,4.1,Metric Tonnes,7792.68,Rs./Quintal
Maharashtra,Pune,Pulses,Black Gram(Urd Beans)(Whole),31-10-2025,0.3,Metric Tonnes,9200.0,Rs./Quintal
Maharashtra,Pune,Pulses,Green Gram(Moong)(Whole),31-10-2025,3.6,Metric Tonnes,9250.0,Rs./Quintal
Maharashtra,Pune,Pulses,Bengal Gram(Gram)(Whole),01-11-2025,5.8,Metric Tonnes,6934.48,Rs./Quintal
Maharashtra,Pune,Pulses,Black Gram(Urd Beans)(Whole),01-11-2025,5.2,Metric Tonnes,4394.23,Rs./Quintal
Maharashtra,Pune,Pulses,Green Gram(Moong)(Whole),01-11-2025,3.4,Metric Tonnes,9300.0,Rs./Quintal
Maharashtra,Pune,Pulses,Bengal Gram(Gram)(Whole),03-11-2025,3.7,Metric Tonnes,8050.0,Rs./Quintal
Maharashtra,Pune,Pulses,Black Gram(Urd Beans)(Whole),03-11-2025,12.3,Metric Tonnes,5104.88,Rs./Quintal
Maharashtra,Pune,Pulses,Green Gram(Moong)(Whole),03-11-2025,3.5,Metric Tonnes,9500.0,Rs./Quintal
Maharashtra,Pune,Pulses,Red gram/Arhar/Tur(whole),03-11-2025,1.5,Metric Tonnes,5900.0,Rs./Quintal
Maharashtra,Pune,Pulses,Bengal Gram(Gram)(Whole),04-11-2025,3.6,Metric Tonnes,7900.0,Rs./Quintal
Maharashtra,Pune,Pulses,Black Gram(Urd Beans)(Whole),04-11-2025,0.3,Metric Tonnes,9150.0,Rs./Quintal
Maharashtra,Pune,Pulses,Green Gram(Moong)(Whole),04-11-2025,3.8,Metric Tonnes,9300.0,Rs./Quintal
Maharashtra,Pune,Pulses,Bengal Gram(Gram)(Whole),05-11-2025,3.5,Metric Tonnes,8050.0,Rs./Quintal
Maharashtra,Pune,Pulses,Black Gram(Urd Beans)(Whole),05-11-2025,0.2,Metric Tonnes,9300.0,Rs./Quintal
Maharashtra,Pune,Pulses,Green Gram(Moong)(Whole),05-11-2025,3.7,Metric Tonnes,9500.0,Rs./Quintal
Maharashtra,Pune,Pulses,Bengal Gram(Gram)(Whole),06-11-2025,5.5,Metric Tonnes,5200.0,Rs./Quintal
Maharashtra,Pune,Pulses,Black Gram(Urd Beans)(Whole),06-11-2025,21.3,Metric Tonnes,5791.0,Rs./Quintal
Maharashtra,Pune,Pulses,Green Gram(Moong)(Whole),06-11-2025,0.9,Metric Tonnes,6571.11,Rs./Quintal
Maharashtra,Pune,Pulses,Red gram/Arhar/Tur(whole),06-11-2025,0.1,Metric Tonnes,5300.0,Rs./Quintal
Maharashtra,Pune,Pulses,Bengal Gram(Gram)(Whole),07-11-2025,3.7,Metric Tonnes,7850.0,Rs./Quintal
Maharashtra,Pune,Pulses,Black Gram(Urd Beans)(Whole),07-11-2025,0.3,Metric Tonnes,9200.0,Rs./Quintal
Maharashtra,Pune,Pulses,Green Gram(Moong)(Whole),07-11-2025,3.3,Metric Tonnes,9250.0,Rs./Quintal
Maharashtra,Pune,Pulses,Bengal Gram(Gram)(Whole),08-11-2025,3.6,Metric Tonnes,7900.0,Rs./Quintal
Maharashtra,Pune,Pulses,Black Gram(Urd Beans)(Whole),08-11-2025,0.2,Metric Tonnes,9200.0,Rs./Quintal
Maharashtra,Pune,Pulses,Green Gram(Moong)(Whole),08-11-2025,3.4,Metric Tonnes,9200.0,Rs./Quintal
Maharashtra,Pune,Pulses,Bengal Gram(Gram)(Whole),10-11-2025,3.6,Metric Tonnes,7850.0,Rs./Quintal
Maharashtra,Pune,Pulses,Black Gram(Urd Beans)(Whole),10-11-2025,0.2,Metric Tonnes,9150.0,Rs./Quintal
Maharashtra,Pune,Pulses,Green Gram(Moong)(Whole),10-11-2025,3.6,Metric Tonnes,9100.0,Rs./Quintal
Maharashtra,Pune,Pulses,Bengal Gram(Gram)(Whole),11-11-2025,3.7,Metric Tonnes,8050.0,Rs./Quintal
Maharashtra,Pune,Pulses,Black Gram(Urd Beans)(Whole),11-11-2025,0.3,Metric Tonnes,9300.0,Rs./Quintal
Maharashtra,Pune,Pulses,Green Gram(Moong)(Whole),11-11-2025,3.3,Metric Tonnes,9500.0,Rs./Quintal
Maharashtra,Pune,Pulses,Bengal Gram(Gram)(Whole),12-11-2025,3.4,Metric Tonnes,7850.0,Rs./Quintal
Maharashtra,Pune,Pulses,Black Gram(Urd Beans)(Whole),12-11-2025,0.3,Metric Tonnes,9150.0,Rs./Quintal
Maharashtra,Pune,Pulses,Green Gram(Moong)(Whole),12-11-2025,3.8,Metric Tonnes,9100.0,Rs./Quintal
Maharashtra,Pune,Pulses,Bengal Gram(Gram)(Whole),13-11-2025,3.5,Metric Tonnes,7642.86,Rs./Quintal
Maharashtra,Pune,Pulses,Black Gram(Urd Beans)(Whole),13-11-2025,0.2,Metric Tonnes,9000.0,Rs./Quintal
Maharashtra,Pune,Pulses,Green Gram(Moong)(Whole),13-11-2025,3.5,Metric Tonnes,9000.0,Rs./Quintal
Maharashtra,Pune,Pulses,Bengal Gram(Gram)(Whole),14-11-2025,3.7,Metric Tonnes,7850.0,Rs./Quintal
Maharashtra,Pune,Pulses,Black Gram(Urd Beans)(Whole),14-11-2025,0.4,Metric Tonnes,8900.0,Rs./Quintal
Maharashtra,Pune,Pulses,Green Gram(Moong)(Whole),14-11-2025,3.6,Metric Tonnes,8900.0,Rs./Quintal
Maharashtra,Pune,Pulses,Bengal Gram(Gram)(Whole),15-11-2025,3.5,Metric Tonnes,7800.0,Rs./Quintal
Maharashtra,Pune,Pulses,Black Gram(Urd Beans)(Whole),15-11-2025,0.2,Metric Tonnes,8850.0,Rs./Quintal
Maharashtra,Pune,Pulses,Green Gram(Moong)(Whole),15-11-2025,3.8,Metric Tonnes,9000.0,Rs./Quintal
Maharashtra,Pune,Pulses,Bengal Gram(Gram)(Whole),17-11-2025,3.8,Metric Tonnes,7850.0,Rs./Quintal
Maharashtra,Pune,Pulses,Black Gram(Urd Beans)(Whole),17-11-2025,0.4,Metric Tonnes,8900.0,Rs./Quintal
Maharashtra,Pune,Pulses,Green Gram(Moong)(Whole),17-11-2025,4.0,Metric Tonnes,9200.0,Rs./Quintal
Maharashtra,Pune,Pulses,Bengal Gram(Gram)(Whole),18-11-2025,6.5,Metric Tonnes,7700.0,Rs./Quintal
Maharashtra,Pune,Pulses,Black Gram(Urd Beans)(Whole),18-11-2025,0.5,Metric Tonnes,8800.0,Rs./Quintal
Maharashtra,Pune,Pulses,Green Gram(Moong)(Whole),18-11-2025,3.8,Metric Tonnes,9150.0,Rs./Quintal
Maharashtra,Pune,Pulses,Bengal Gram(Gram)(Whole),19-11-2025,3.9,Metric Tonnes,7600.0,Rs./Quintal
Maharashtra,Pune,Pulses,Black Gram(Urd Beans)(Whole),19-11-2025,0.6,Metric Tonnes,8750.0,Rs./Quintal
Maharashtra,Pune,Pulses,Green Gram(Moong)(Whole),19-11-2025,3.5,Metric Tonnes,9000.0,Rs./Quintal
Maharashtra,Pune,Pulses,Bengal Gram(Gram)(Whole),20-11-2025,3.7,Metric Tonnes,7700.0,Rs./Quintal
Maharashtra,Pune,Pulses,Black Gram(Urd Beans)(Whole),20-11-2025,0.3,Metric Tonnes,8700.0,Rs./Quintal
Maharashtra,Pune,Pulses,Green Gram(Moong)(Whole),20-11-2025,3.9,Metric Tonnes,8900.0,Rs./Quintal
Maharashtra,Pune,Pulses,Bengal Gram(Gram)(Whole),21-11-2025,3.7,Metric Tonnes,7850.0,Rs./Quintal
Maharashtra,Pune,Pulses,Black Gram(Urd Beans)(Whole),21-11-2025,0.3,Metric Tonnes,9200.0,Rs./Quintal
Maharashtra,Pune,Pulses,Green Gram(Moong)(Whole),21-11-2025,3.3,Metric Tonnes,9250.0,Rs./Quintal
Maharashtra,Pune,Pulses,Bengal Gram(Gram)(Whole),22-11-2025,3.9,Metric Tonnes,7700.0,Rs./Quintal
Maharashtra,Pune,Pulses,Black Gram(Urd Beans)(Whole),22-11-2025,0.4,Metric Tonnes,8700.0,Rs./Quintal
Maharashtra,Pune,Pulses,Green Gram(Moong)(Whole),22-11-2025,3.6,Metric Tonnes,8900.0,Rs./Quintal
Maharashtra,Pune,Pulses,Bengal Gram(Gram)(Whole),23-11-2025,0.1,Metric Tonnes,5300.0,Rs./Quintal
Maharashtra,Pune,Pulses,Red gram/Arhar/Tur(whole),23-11-2025,0.1,Metric Tonnes,5000.0,Rs./Quintal
Maharashtra,Pune,Pulses,Bengal Gram(Gram)(Whole),24-11-2025,6.0,Metric Tonnes,6780.0,Rs./Quintal
Maharashtra,Pune,Pulses,Black Gram(Urd Beans)(Whole),24-11-2025,9.9,Metric Tonnes,5337.82,Rs./Quintal
Maharashtra,Pune,Pulses,Green Gram(Moong)(Whole),24-11-2025,4.1,Metric Tonnes,8926.83,Rs./Quintal
Maharashtra,Pune,Pulses,Red gram/Arhar/Tur(whole),24-11-2025,0.1,Metric Tonnes,5000.0,Rs./Quintal
Maharashtra,Pune,Pulses,Bengal Gram(Gram)(Whole),25-11-2025,3.9,Metric Tonnes,7300.0,Rs./Quintal
Maharashtra,Pune,Pulses,Black Gram(Urd Beans)(Whole),25-11-2025,0.3,Metric Tonnes,8700.0,Rs./Quintal
Maharashtra,Pune,Pulses,Green Gram(Moong)(Whole),25-11-2025,3.5,Metric Tonnes,9100.0,Rs./Quintal
Maharashtra,Pune,Pulses,Bengal Gram(Gram)(Whole),26-11-2025,4.1,Metric Tonnes,7400.0,Rs./Quintal
Maharashtra,Pune,Pulses,Black Gram(Urd Beans)(Whole),26-11-2025,0.5,Metric Tonnes,8600.0,Rs./Quintal
Maharashtra,Pune,Pulses,Green Gram(Moong)(Whole),26-11-2025,3.7,Metric Tonnes,9050.0,Rs./Quintal
Maharashtra,Pune,Pulses,Bengal Gram(Gram)(Whole),27-11-2025,4.4,Metric Tonnes,7300.0,Rs./Quintal
Maharashtra,Pune,Pulses,Black Gram(Urd Beans)(Whole),27-11-2025,0.3,Metric Tonnes,8500.0,Rs./Quintal
Maharashtra,Pune,Pulses,Green Gram(Moong)(Whole),27-11-2025,3.8,Metric Tonnes,9000.0,Rs./Quintal
Maharashtra,Pune,Pulses,Bengal Gram(Gram)(Whole),28-11-2025,4.2,Metric Tonnes,7200.0,Rs./Quintal
Maharashtra,Pune,Pulses,Black Gram(Urd Beans)(Whole),28-11-2025,0.5,Metric Tonnes,8600.0,Rs./Quintal
Maharashtra,Pune,Pulses,Green Gram(Moong)(Whole),28-11-2025,3.9,Metric Tonnes,9200.0,Rs./Quintal
Maharashtra,Pune,Pulses,Bengal Gram(Gram)(Whole),29-11-2025,4.9,Metric Tonnes,6710.2,Rs./Quintal
Maharashtra,Pune,Pulses,Black Gram(Urd Beans)(Whole),29-11-2025,0.3,Metric Tonnes,8700.0,Rs./Quintal
Maharashtra,Pune,Pulses,Green Gram(Moong)(Whole),29-11-2025,3.7,Metric Tonnes,9250.0,Rs./Quintal
Maharashtra,Pune,Pulses,Bengal Gram(Gram)(Whole),01-12-2025,6.6,Metric Tonnes,6366.67,Rs./Quintal
Maharashtra,Pune,Pulses,Black Gram(Urd Beans)(Whole),01-12-2025,5.9,Metric Tonnes,5616.95,Rs./Quintal
Maharashtra,Pune,Pulses,Green Gram(Moong)(Whole),01-12-2025,4.0,Metric Tonnes,9200.0,Rs./Quintal
Maharashtra,Pune,Pulses,Red gram/Arhar/Tur(whole),01-12-2025,0.1,Metric Tonnes,5000.0,Rs./Quintal
Maharashtra,Pune,Pulses,Bengal Gram(Gram)(Whole),02-12-2025,3.9,Metric Tonnes,7300.0,Rs./Quintal
Maharashtra,Pune,Pulses,Black Gram(Urd Beans)(Whole),02-12-2025,0.3,Metric Tonnes,8600.0,Rs./Quintal
Maharashtra,Pune,Pulses,Green Gram(Moong)(Whole),02-12-2025,4.2,Metric Tonnes,9250.0,Rs./Quintal
Maharashtra,Pune,Pulses,Bengal Gram(Gram)(Whole),03-12-2025,4.2,Metric Tonnes,7250.0,Rs./Quintal
Maharashtra,Pune,Pulses,Black Gram(Urd Beans)(Whole),03-12-2025,0.4,Metric Tonnes,8500.0,Rs./Quintal
Maharashtra,Pune,Pulses,Green Gram(Moong)(Whole),03-12-2025,3.9,Metric Tonnes,9350.0,Rs./Quintal
Maharashtra,Pune,Pulses,Bengal Gram(Gram)(Whole),04-12-2025,4.0,Metric Tonnes,7200.0,Rs./Quintal
Maharashtra,Pune,Pulses,Black Gram(Urd Beans)(Whole),04-12-2025,4.2,Metric Tonnes,5962.86,Rs./Quintal
Maharashtra,Pune,Pulses,Green Gram(Moong)(Whole),04-12-2025,4.2,Metric Tonnes,9250.0,Rs./Quintal
Maharashtra,Pune,Pulses,Bengal Gram(Gram)(Whole),06-12-2025,4.1,Metric Tonnes,7300.0,Rs./Quintal
Maharashtra,Pune,Pulses,Black Gram(Urd Beans)(Whole),06-12-2025,0.4,Metric Tonnes,8600.0,Rs./Quintal
Maharashtra,Pune,Pulses,Green Gram(Moong)(Whole),06-12-2025,4.0,Metric Tonnes,9250.0,Rs./Quintal
Maharashtra,Pune,Pulses,Bengal Gram(Gram)(Whole),08-12-2025,4.9,Metric Tonnes,6821.63,Rs./Quintal
Maharashtra,Pune,Pulses,Black Gram(Urd Beans)(Whole),08-12-2025,6.9,Metric Tonnes,5958.55,Rs./Quintal
Maharashtra,Pune,Pulses,Green Gram(Moong)(Whole),08-12-2025,4.6,Metric Tonnes,8782.61,Rs./Quintal
Maharashtra,Pune,Pulses,Red gram/Arhar/Tur(whole),08-12-2025,0.4,Metric Tonnes,5700.0,Rs./Quintal
Maharashtra,Pune,Pulses,Bengal Gram(Gram)(Whole),09-12-2025,0.1,Metric Tonnes,5200.0,Rs./Quintal
Maharashtra,Pune,Pulses,Red gram/Arhar/Tur(whole),09-12-2025,0.5,Metric Tonnes,6300.0,Rs./Quintal
Maharashtra,Pune,Pulses,Bengal Gram(Gram)(Whole),10-12-2025,3.7,Metric Tonnes,7100.0,Rs./Quintal
Maharashtra,Pune,Pulses,Black Gram(Urd Beans)(Whole),10-12-2025,0.6,Metric Tonnes,8300.0,Rs./Quintal
Maharashtra,Pune,Pulses,Green Gram(Moong)(Whole),10-12-2025,3.8,Metric Tonnes,9150.0,Rs./Quintal
Maharashtra,Pune,Pulses,Bengal Gram(Gram)(Whole),11-12-2025,5.3,Metric Tonnes,6471.7,Rs./Quintal
Maharashtra,Pune,Pulses,Black Gram(Urd Beans)(Whole),11-12-2025,9.3,Metric Tonnes,5751.48,Rs./Quintal
Maharashtra,Pune,Pulses,Green Gram(Moong)(Whole),11-12-2025,4.3,Metric Tonnes,9283.72,Rs./Quintal
Maharashtra,Pune,Pulses,Red gram/Arhar/Tur(whole),11-12-2025,2.1,Metric Tonnes,6126.0,Rs./Quintal
Maharashtra,Pune,Pulses,Bengal Gram(Gram)(Whole),12-12-2025,4.2,Metric Tonnes,7100.0,Rs./Quintal
Maharashtra,Pune,Pulses,Black Gram(Urd Beans)(Whole),12-12-2025,0.3,Metric Tonnes,8500.0,Rs./Quintal
Maharashtra,Pune,Pulses,Green Gram(Moong)(Whole),12-12-2025,3.9,Metric Tonnes,9150.0,Rs./Quintal
Maharashtra,Pune,Pulses,Bengal Gram(Gram)(Whole),13-12-2025,3.7,Metric Tonnes,7250.0,Rs./Quintal
Maharashtra,Pune,Pulses,Black Gram(Urd Beans)(Whole),13-12-2025,0.6,Metric Tonnes,8500.0,Rs./Quintal
Maharashtra,Pune,Pulses,Green Gram(Moong)(Whole),13-12-2025,4.1,Metric Tonnes,9200.0,Rs./Quintal
Maharashtra,Pune,Pulses,Bengal Gram(Gram)(Whole),15-12-2025,6.8,Metric Tonnes,6285.29,Rs./Quintal
Maharashtra,Pune,Pulses,Black Gram(Urd Beans)(Whole),15-12-2025,7.1,Metric Tonnes,6090.14,Rs./Quintal
Maharashtra,Pune,Pulses,Green Gram(Moong)(Whole),15-12-2025,4.1,Metric Tonnes,8856.1,Rs./Quintal
Maharashtra,Pune,Pulses,Red gram/Arhar/Tur(whole),15-12-2025,3.9,Metric Tonnes,6301.0,Rs./Quintal
Maharashtra,Pune,Pulses,Bengal Gram(Gram)(Whole),16-12-2025,4.2,Metric Tonnes,7300.0,Rs./Quintal
Maharashtra,Pune,Pulses,Black Gram(Urd Beans)(Whole),16-12-2025,0.6,Metric Tonnes,8650.0,Rs./Quintal
Maharashtra,Pune,Pulses,Green Gram(Moong)(Whole),16-12-2025,3.9,Metric Tonnes,9250.0,Rs./Quintal
Maharashtra,Pune,Pulses,Bengal Gram(Gram)(Whole),17-12-2025,4.0,Metric Tonnes,7200.0,Rs./Quintal
Maharashtra,Pune,Pulses,Black Gram(Urd Beans)(Whole),17-12-2025,0.4,Metric Tonnes,8700.0,Rs./Quintal
Maharashtra,Pune,Pulses,Green Gram(Moong)(Whole),17-12-2025,3.7,Metric Tonnes,9100.0,Rs./Quintal
Maharashtra,Pune,Pulses,Bengal Gram(Gram)(Whole),18-12-2025,5.0,Metric Tonnes,6804.0,Rs./Quintal
Maharashtra,Pune,Pulses,Black Gram(Urd Beans)(Whole),18-12-2025,8.4,Metric Tonnes,5830.0,Rs./Quintal
Maharashtra,Pune,Pulses,Green Gram(Moong)(Whole),18-12-2025,3.5,Metric Tonnes,9100.0,Rs./Quintal
Maharashtra,Pune,Pulses,Red gram/Arhar/Tur(whole),18-12-2025,4.3,Metric Tonnes,6801.0,Rs./Quintal
Maharashtra,Pune,Pulses,Bengal Gram(Gram)(Whole),19-12-2025,3.8,Metric Tonnes,7250.0,Rs./Quintal
Maharashtra,Pune,Pulses,Black Gram(Urd Beans)(Whole),19-12-2025,0.4,Metric Tonnes,8650.0,Rs./Quintal
Maharashtra,Pune,Pulses,Green Gram(Moong)(Whole),19-12-2025,3.7,Metric Tonnes,9250.0,Rs./Quintal
Maharashtra,Pune,Pulses,Bengal Gram(Gram)(Whole),20-12-2025,4.0,Metric Tonnes,7250.0,Rs./Quintal
Maharashtra,Pune,Pulses,Black Gram(Urd Beans)(Whole),20-12-2025,0.2,Metric Tonnes,8650.0,Rs./Quintal
Maharashtra,Pune,Pulses,Green Gram(Moong)(Whole),20-12-2025,3.9,Metric Tonnes,9250.0,Rs./Quintal
Maharashtra,Pune,Pulses,Red gram/Arhar/Tur(whole),21-12-2025,4.2,Metric Tonnes,6300.0,Rs./Quintal
Maharashtra,Pune,Pulses,Bengal Gram(Gram)(Whole),22-12-2025,4.3,Metric Tonnes,7239.53,Rs./Quintal
Maharashtra,Pune,Pulses,Black Gram(Urd Beans)(Whole),22-12-2025,0.4,Metric Tonnes,8700.0,Rs./Quintal
Maharashtra,Pune,Pulses,Green Gram(Moong)(Whole),22-12-2025,4.1,Metric Tonnes,9300.0,Rs./Quintal
Maharashtra,Pune,Pulses,Red gram/Arhar/Tur(whole),22-12-2025,1.1,Metric Tonnes,6000.0,Rs./Quintal
Maharashtra,Pune,Pulses,Bengal Gram(Gram)(Whole),23-12-2025,4.3,Metric Tonnes,7250.0,Rs./Quintal
Maharashtra,Pune,Pulses,Black Gram(Urd Beans)(Whole),23-12-2025,0.3,Metric Tonnes,8750.0,Rs./Quintal
Maharashtra,Pune,Pulses,Green Gram(Moong)(Whole),23-12-2025,3.5,Metric Tonnes,9350.0,Rs./Quintal
Maharashtra,Pune,Pulses,Red gram/Arhar/Tur(whole),23-12-2025,2.9,Metric Tonnes,6275.0,Rs./Quintal
Maharashtra,Pune,Pulses,Bengal Gram(Gram)(Whole),24-12-2025,4.1,Metric Tonnes,7150.0,Rs./Quintal
Maharashtra,Pune,Pulses,Black Gram(Urd Beans)(Whole),24-12-2025,0.4,Metric Tonnes,8850.0,Rs./Quintal
Maharashtra,Pune,Pulses,Green Gram(Moong)(Whole),24-12-2025,3.8,Metric Tonnes,9400.0,Rs./Quintal
Maharashtra,Pune,Pulses,Red gram/Arhar/Tur(whole),24-12-2025,2.9,Metric Tonnes,6300.0,Rs./Quintal
Maharashtra,Pune,Pulses,Bengal Gram(Gram)(Whole),25-12-2025,4.0,Metric Tonnes,7300.0,Rs./Quintal
Maharashtra,Pune,Pulses,Black Gram(Urd Beans)(Whole),25-12-2025,5.6,Metric Tonnes,5876.79,Rs./Quintal
Maharashtra,Pune,Pulses,Green Gram(Moong)(Whole),25-12-2025,3.8,Metric Tonnes,9300.0,Rs./Quintal
Maharashtra,Pune,Pulses,Red gram/Arhar/Tur(whole),25-12-2025,16.9,Metric Tonnes,6493.24,Rs./Quintal
Maharashtra,Pune,Pulses,Bengal Gram(Gram)(Whole),26-12-2025,4.8,Metric Tonnes,6862.5,Rs./Quintal
Maharashtra,Pune,Pulses,Black Gram(Urd Beans)(Whole),26-12-2025,0.4,Metric Tonnes,8800.0,Rs./Quintal
Maharashtra,Pune,Pulses,Green Gram(Moong)(Whole),26-12-2025,3.8,Metric Tonnes,9450.0,Rs./Quintal
Maharashtra,Pune,Pulses,Red gram/Arhar/Tur(whole),26-12-2025,5.2,Metric Tonnes,6450.0,Rs./Quintal
Maharashtra,Pune,Pulses,Bengal Gram(Gram)(Whole),27-12-2025,4.4,Metric Tonnes,7150.0,Rs./Quintal
Maharashtra,Pune,Pulses,Black Gram(Urd Beans)(Whole),27-12-2025,0.6,Metric Tonnes,8850.0,Rs./Quintal
Maharashtra,Pune,Pulses,Green Gram(Moong)(Whole),27-12-2025,4.0,Metric Tonnes,9400.0,Rs./Quintal
Maharashtra,Pune,Pulses,Red gram/Arhar/Tur(whole),28-12-2025,2.0,Metric Tonnes,6500.0,Rs./Quintal
Maharashtra,Pune,Pulses,Bengal Gram(Gram)(Whole),29-12-2025,5.9,Metric Tonnes,6655.34,Rs./Quintal
Maharashtra,Pune,Pulses,Black Gram(Urd Beans)(Whole),29-12-2025,9.9,Metric Tonnes,6163.64,Rs./Quintal
Maharashtra,Pune,Pulses,Green Gram(Moong)(Whole),29-12-2025,4.6,Metric Tonnes,9108.7,Rs./Quintal
Maharashtra,Pune,Pulses,Red gram/Arhar/Tur(whole),29-12-2025,26.7,Metric Tonnes,7000.0,Rs./Quintal
Maharashtra,Pune,Pulses,Bengal Gram(Gram)(Whole),30-12-2025,4.1,Metric Tonnes,7200.0,Rs./Quintal
Maharashtra,Pune,Pulses,Black Gram(Urd Beans)(Whole),30-12-2025,0.4,Metric Tonnes,8600.0,Rs./Quintal
Maharashtra,Pune,Pulses,Green Gram(Moong)(Whole),30-12-2025,4.2,Metric Tonnes,9550.0,Rs./Quintal
Maharashtra,Pune,Pulses,Red gram/Arhar/Tur(whole),30-12-2025,5.8,Metric Tonnes,6500.0,Rs./Quintal
Maharashtra,Pune,Pulses,Bengal Gram(Gram)(Whole),31-12-2025,4.2,Metric Tonnes,7300.0,Rs./Quintal
Maharashtra,Pune,Pulses,Black Gram(Urd Beans)(Whole),31-12-2025,0.4,Metric Tonnes,8700.0,Rs./Quintal
Maharashtra,Pune,Pulses,Green Gram(Moong)(Whole),31-12-2025,4.3,Metric Tonnes,9550.0,Rs./Quintal
