State/UT,District,Commodity Group,Commodity,Date,Arrival Quantity,Arrival Unit,Modal Price,Price Unit
Maharashtra,Pune,Vegetables,Onion,01-01-2021,1579.0,Metric Tonnes,2265.11,Rs./Quintal
Maharashtra,Pune,Vegetables,Tomato,01-01-2021,329.0,Metric Tonnes,884.04,Rs./Quintal
Maharashtra,Pune,Vegetables,Onion,02-01-2021,639.0,Metric Tonnes,2464.4,Rs./Quintal
Maharashtra,Pune,Vegetables,Tomato,02-01-2021,116.0,Metric Tonnes,632.76,Rs./Quintal
Maharashtra,Pune,Vegetables,Onion,03-01-2021,2444.0,Metric Tonnes,1999.47,Rs./Quintal
Maharashtra,Pune,Vegetables,Tomato,03-01-2021,494.0,Metric Tonnes,709.21,Rs./Quintal
Maharashtra,Pune,Vegetables,Onion,04-01-2021,1327.0,Metric Tonnes,1800.0,Rs./Quintal
Maharashtra,Pune,Vegetables,Tomato,04-01-2021,235.0,Metric Tonnes,732.34,Rs./Quintal
Maharashtra,Pune,Vegetables,Onion,05-01-2021,3002.0,Metric Tonnes,2223.12,Rs./Quintal
Maharashtra,Pune,Vegetables,Tomato,05-01-2021,278.0,Metric Tonnes,698.74,Rs./Quintal
Maharashtra,Pune,Vegetables,Onion,06-01-2021,1784.0,Metric Tonnes,2126.35,Rs./Quintal
Maharashtra,Pune,Vegetables,Tomato,06-01-2021,101.0,Metric Tonnes,656.44,Rs./Quintal
Maharashtra,Pune,Vegetables,Tomato,09-01-2021,4.0,Metric Tonnes,650.0,Rs./Quintal
Maharashtra,Pune,Vegetables,Onion,10-01-2021,371.0,Metric Tonnes,2425.0,Rs./Quintal
Maharashtra,Pune,Vegetables,Tomato,10-01-2021,84.0,Metric Tonnes,600.0,Rs./Quintal
Maharashtra,Pune,Vegetables,Onion,11-01-2021,21.0,Metric Tonnes,1600.0,Rs./Quintal
Maharashtra,Pune,Vegetables,Tomato,11-01-2021,35.0,Metric Tonnes,400.0,Rs./Quintal
Maharashtra,Pune,Vegetables,Tomato,12-01-2021,69.0,Metric Tonnes,550.0,Rs./Quintal
Maharashtra,Pune,Vegetables,Tomato,13-01-2021,43.0,Metric Tonnes,1000.0,Rs./Quintal
Maharashtra,Pune,Vegetables,Onion,14-01-2021,1098.0,Metric Tonnes,2228.92,Rs./Quintal
Maharashtra,Pune,Vegetables,Tomato,14-01-2021,113.0,Metric Tonnes,466.81,Rs./Quintal
Maharashtra,Pune,Vegetables,Onion,15-01-2021,1639.0,Metric Tonnes,2224.13,Rs./Quintal
Maharashtra,Pune,Vegetables,Tomato,15-01-2021,226.0,Metric Tonnes,515.93,Rs./Quintal
Maharashtra,Pune,Vegetables,Onion,16-01-2021,32.0,Metric Tonnes,2075.0,Rs./Quintal
Maharashtra,Pune,Vegetables,Tomato,16-01-2021,146.0,Metric Tonnes,746.58,Rs./Quintal
Maharashtra,Pune,Vegetables,Onion,17-01-2021,2432.0,Metric Tonnes,2172.96,Rs./Quintal
Maharashtra,Pune,Vegetables,Tomato,17-01-2021,361.0,Metric Tonnes,419.94,Rs./Quintal
Maharashtra,Pune,Vegetables,Onion,18-01-2021,1470.0,Metric Tonnes,2337.31,Rs./Quintal
Maharashtra,Pune,Vegetables,Tomato,18-01-2021,330.0,Metric Tonnes,486.06,Rs./Quintal
Maharashtra,Pune,Vegetables,Onion,19-01-2021,2878.0,Metric Tonnes,2352.77,Rs./Quintal
Maharashtra,Pune,Vegetables,Tomato,19-01-2021,372.0,Metric Tonnes,447.98,Rs./Quintal
Maharashtra,Pune,Vegetables,Onion,20-01-2021,2341.0,Metric Tonnes,2431.57,Rs./Quintal
Maharashtra,Pune,Vegetables,Tomato,20-01-2021,251.0,Metric Tonnes,622.71,Rs./Quintal
Maharashtra,Pune,Vegetables,Onion,21-01-2021,2871.0,Metric Tonnes,2287.41,Rs./Quintal
Maharashtra,Pune,Vegetables,Tomato,21-01-2021,296.0,Metric Tonnes,490.03,Rs./Quintal
Maharashtra,Pune,Vegetables,Onion,22-01-2021,2968.0,Metric Tonnes,2326.08,Rs./Quintal
Maharashtra,Pune,Vegetables,Tomato,22-01-2021,285.0,Metric Tonnes,404.56,Rs./Quintal
Maharashtra,Pune,Vegetables,Onion,23-01-2021,49.0,Metric Tonnes,2150.0,Rs./Quintal
Maharashtra,Pune,Vegetables,Tomato,23-01-2021,92.0,Metric Tonnes,456.52,Rs./Quintal
Maharashtra,Pune,Vegetables,Onion,24-01-2021,3066.0,Metric Tonnes,2155.04,Rs./Quintal
Maharashtra,Pune,Vegetables,Tomato,24-01-2021,344.0,Metric Tonnes,529.51,Rs./Quintal
Maharashtra,Pune,Vegetables,Onion,25-01-2021,1427.0,Metric Tonnes,1904.63,Rs./Quintal
Maharashtra,Pune,Vegetables,Tomato,25-01-2021,282.0,Metric Tonnes,509.75,Rs./Quintal
Maharashtra,Pune,Vegetables,Onion,26-01-2021,914.0,Metric Tonnes,2019.29,Rs./Quintal
Maharashtra,Pune,Vegetables,Tomato,26-01-2021,80.0,Metric Tonnes,500.38,Rs./Quintal
Maharashtra,Pune,Vegetables,Onion,27-01-2021,1969.0,Metric Tonnes,1981.95,Rs./Quintal
Maharashtra,Pune,Vegetables,Tomato,27-01-2021,315.0,Metric Tonnes,694.29,Rs./Quintal
Maharashtra,Pune,Vegetables,Onion,28-01-2021,2238.0,Metric Tonnes,1843.97,Rs./Quintal
Maharashtra,Pune,Vegetables,Tomato,28-01-2021,284.0,Metric Tonnes,451.76,Rs./Quintal
Maharashtra,Pune,Vegetables,Onion,29-01-2021,2268.0,Metric Tonnes,2027.07,Rs./Quintal
Maharashtra,Pune,Vegetables,Tomato,29-01-2021,238.0,Metric Tonnes,494.96,Rs./Quintal
Maharashtra,Pune,Vegetables,Onion,30-01-2021,14.0,Metric Tonnes,1200.0,Rs./Quintal
Maharashtra,Pune,Vegetables,Tomato,30-01-2021,23.0,Metric Tonnes,508.7,Rs./Quintal
Maharashtra,Pune,Vegetables,Onion,31-01-2021,2812.0,Metric Tonnes,2109.58,Rs./Quintal
Maharashtra,Pune,Vegetables,Tomato,31-01-2021,305.0,Metric Tonnes,563.11,Rs./Quintal
Maharashtra,Pune,Vegetables,Onion,01-02-2021,1417.0,Metric Tonnes,2414.4,Rs./Quintal
Maharashtra,Pune,Vegetables,Tomato,01-02-2021,298.0,Metric Tonnes,581.38,Rs./Quintal
Maharashtra,Pune,Vegetables,Onion,02-02-2021,1764.0,Metric Tonnes,2827.98,Rs./Quintal
Maharashtra,Pune,Vegetables,Tomato,02-02-2021,252.0,Metric Tonnes,497.82,Rs./Quintal
Maharashtra,Pune,Vegetables,Onion,03-02-2021,1407.0,Metric Tonnes,2923.24,Rs./Quintal
Maharashtra,Pune,Vegetables,Tomato,03-02-2021,237.0,Metric Tonnes,620.46,Rs./Quintal
Maharashtra,Pune,Vegetables,Onion,04-02-2021,2135.0,Metric Tonnes,2741.65,Rs./Quintal
Maharashtra,Pune,Vegetables,Tomato,04-02-2021,336.0,Metric Tonnes,575.74,Rs./Quintal
Maharashtra,Pune,Vegetables,Onion,05-02-2021,2049.0,Metric Tonnes,2394.36,Rs./Quintal
Maharashtra,Pune,Vegetables,Tomato,05-02-2021,1070.0,Metric Tonnes,750.47,Rs./Quintal
Maharashtra,Pune,Vegetables,Onion,06-02-2021,18.0,Metric Tonnes,2019.44,Rs./Quintal
Maharashtra,Pune,Vegetables,Tomato,06-02-2021,99.0,Metric Tonnes,889.9,Rs./Quintal
Maharashtra,Pune,Vegetables,Onion,07-02-2021,2157.0,Metric Tonnes,2511.54,Rs./Quintal
Maharashtra,Pune,Vegetables,Tomato,07-02-2021,327.0,Metric Tonnes,605.66,Rs./Quintal
Maharashtra,Pune,Vegetables,Onion,08-02-2021,17.0,Metric Tonnes,2018.0,Rs./Quintal
Maharashtra,Pune,Vegetables,Tomato,08-02-2021,89.0,Metric Tonnes,1051.69,Rs./Quintal
Maharashtra,Pune,Vegetables,Onion,09-02-2021,1971.0,Metric Tonnes,2671.13,Rs./Quintal
Maharashtra,Pune,Vegetables,Tomato,09-02-2021,347.0,Metric Tonnes,967.15,Rs./Quintal
Maharashtra,Pune,Vegetables,Onion,10-02-2021,1129.0,Metric Tonnes,2751.95,Rs./Quintal
Maharashtra,Pune,Vegetables,Tomato,10-02-2021,243.0,Metric Tonnes,854.53,Rs./Quintal
Maharashtra,Pune,Vegetables,Onion,11-02-2021,1875.0,Metric Tonnes,3145.41,Rs./Quintal
Maharashtra,Pune,Vegetables,Tomato,11-02-2021,225.0,Metric Tonnes,784.0,Rs./Quintal
Maharashtra,Pune,Vegetables,Onion,12-02-2021,1765.0,Metric Tonnes,3143.54,Rs./Quintal
Maharashtra,Pune,Vegetables,Tomato,12-02-2021,271.0,Metric Tonnes,908.12,Rs./Quintal
Maharashtra,Pune,Vegetables,Onion,13-02-2021,23.0,Metric Tonnes,2708.7,Rs./Quintal
Maharashtra,Pune,Vegetables,Tomato,13-02-2021,130.0,Metric Tonnes,1287.69,Rs./Quintal
Maharashtra,Pune,Vegetables,Onion,14-02-2021,1777.0,Metric Tonnes,2763.25,Rs./Quintal
Maharashtra,Pune,Vegetables,Tomato,14-02-2021,237.0,Metric Tonnes,1081.65,Rs./Quintal
Maharashtra,Pune,Vegetables,Onion,15-02-2021,1219.0,Metric Tonnes,2759.19,Rs./Quintal
Maharashtra,Pune,Vegetables,Tomato,15-02-2021,205.0,Metric Tonnes,1070.73,Rs./Quintal
Maharashtra,Pune,Vegetables,Onion,16-02-2021,1543.0,Metric Tonnes,3222.07,Rs./Quintal
Maharashtra,Pune,Vegetables,Tomato,16-02-2021,289.0,Metric Tonnes,1066.26,Rs./Quintal
Maharashtra,Pune,Vegetables,Onion,17-02-2021,1655.0,Metric Tonnes,2999.24,Rs./Quintal
Maharashtra,Pune,Vegetables,Tomato,17-02-2021,245.0,Metric Tonnes,962.24,Rs./Quintal
Maharashtra,Pune,Vegetables,Onion,18-02-2021,1312.0,Metric Tonnes,2755.14,Rs./Quintal
Maharashtra,Pune,Vegetables,Tomato,18-02-2021,347.0,Metric Tonnes,909.65,Rs./Quintal
Maharashtra,Pune,Vegetables,Onion,19-02-2021,2893.0,Metric Tonnes,3077.13,Rs./Quintal
Maharashtra,Pune,Vegetables,Tomato,19-02-2021,300.0,Metric Tonnes,822.17,Rs./Quintal
Maharashtra,Pune,Vegetables,Onion,20-02-2021,15.0,Metric Tonnes,2433.33,Rs./Quintal
Maharashtra,Pune,Vegetables,Tomato,20-02-2021,102.0,Metric Tonnes,922.55,Rs./Quintal
Maharashtra,Pune,Vegetables,Onion,21-02-2021,2247.0,Metric Tonnes,2917.19,Rs./Quintal
Maharashtra,Pune,Vegetables,Tomato,21-02-2021,373.0,Metric Tonnes,728.95,Rs./Quintal
Maharashtra,Pune,Vegetables,Onion,22-02-2021,1632.0,Metric Tonnes,3084.96,Rs./Quintal
Maharashtra,Pune,Vegetables,Tomato,22-02-2021,167.0,Metric Tonnes,833.83,Rs./Quintal
Maharashtra,Pune,Vegetables,Onion,23-02-2021,2065.0,Metric Tonnes,2878.54,Rs./Quintal
Maharashtra,Pune,Vegetables,Tomato,23-02-2021,307.0,Metric Tonnes,809.77,Rs./Quintal
Maharashtra,Pune,Vegetables,Onion,24-02-2021,1910.0,Metric Tonnes,3016.49,Rs./Quintal
Maharashtra,Pune,Vegetables,Tomato,24-02-2021,323.0,Metric Tonnes,696.28,Rs./Quintal
Maharashtra,Pune,Vegetables,Onion,25-02-2021,3282.0,Metric Tonnes,2655.89,Rs./Quintal
Maharashtra,Pune,Vegetables,Tomato,25-02-2021,275.0,Metric Tonnes,775.09,Rs./Quintal
Maharashtra,Pune,Vegetables,Onion,26-02-2021,1923.0,Metric Tonnes,2244.67,Rs./Quintal
Maharashtra,Pune,Vegetables,Tomato,26-02-2021,240.0,Metric Tonnes,766.04,Rs./Quintal
Maharashtra,Pune,Vegetables,Onion,27-02-2021,43.0,Metric Tonnes,2339.53,Rs./Quintal
Maharashtra,Pune,Vegetables,Tomato,27-02-2021,121.0,Metric Tonnes,901.24,Rs./Quintal
Maharashtra,Pune,Vegetables,Onion,28-02-2021,2244.0,Metric Tonnes,1893.79,Rs./Quintal
Maharashtra,Pune,Vegetables,Tomato,28-02-2021,246.0,Metric Tonnes,734.76,Rs./Quintal
Maharashtra,Pune,Vegetables,Onion,01-03-2021,637.0,Metric Tonnes,1889.82,Rs./Quintal
Maharashtra,Pune,Vegetables,Tomato,01-03-2021,204.0,Metric Tonnes,814.95,Rs./Quintal
Maharashtra,Pune,Vegetables,Onion,02-03-2021,1630.0,Metric Tonnes,2187.75,Rs./Quintal
Maharashtra,Pune,Vegetables,Tomato,02-03-2021,344.0,Metric Tonnes,761.05,Rs./Quintal
Maharashtra,Pune,Vegetables,Onion,03-03-2021,1327.0,Metric Tonnes,2152.07,Rs./Quintal
Maharashtra,Pune,Vegetables,Tomato,03-03-2021,289.0,Metric Tonnes,797.75,Rs./Quintal
Maharashtra,Pune,Vegetables,Onion,04-03-2021,1758.0,Metric Tonnes,1884.62,Rs./Quintal
Maharashtra,Pune,Vegetables,Tomato,04-03-2021,199.0,Metric Tonnes,710.8,Rs./Quintal
Maharashtra,Pune,Vegetables,Onion,05-03-2021,1733.0,Metric Tonnes,1677.32,Rs./Quintal
Maharashtra,Pune,Vegetables,Tomato,05-03-2021,286.0,Metric Tonnes,843.88,Rs./Quintal
Maharashtra,Pune,Vegetables,Onion,06-03-2021,40.0,Metric Tonnes,1593.75,Rs./Quintal
Maharashtra,Pune,Vegetables,Tomato,06-03-2021,132.0,Metric Tonnes,1129.92,Rs./Quintal
Maharashtra,Pune,Vegetables,Onion,07-03-2021,2750.0,Metric Tonnes,1632.98,Rs./Quintal
Maharashtra,Pune,Vegetables,Tomato,07-03-2021,299.0,Metric Tonnes,690.13,Rs./Quintal
Maharashtra,Pune,Vegetables,Onion,08-03-2021,1307.0,Metric Tonnes,1592.65,Rs./Quintal
Maharashtra,Pune,Vegetables,Tomato,08-03-2021,179.0,Metric Tonnes,770.39,Rs./Quintal
Maharashtra,Pune,Vegetables,Onion,09-03-2021,2650.0,Metric Tonnes,1208.17,Rs./Quintal
Maharashtra,Pune,Vegetables,Tomato,09-03-2021,268.0,Metric Tonnes,657.09,Rs./Quintal
Maharashtra,Pune,Vegetables,Onion,10-03-2021,1714.0,Metric Tonnes,1186.32,Rs./Quintal
Maharashtra,Pune,Vegetables,Tomato,10-03-2021,198.0,Metric Tonnes,689.9,Rs./Quintal
Maharashtra,Pune,Vegetables,Onion,11-03-2021,1077.0,Metric Tonnes,1309.17,Rs./Quintal
Maharashtra,Pune,Vegetables,Tomato,11-03-2021,221.0,Metric Tonnes,652.26,Rs./Quintal
Maharashtra,Pune,Vegetables,Onion,12-03-2021,1265.0,Metric Tonnes,1195.09,Rs./Quintal
Maharashtra,Pune,Vegetables,Tomato,12-03-2021,296.0,Metric Tonnes,669.76,Rs./Quintal
Maharashtra,Pune,Vegetables,Onion,13-03-2021,42.0,Metric Tonnes,884.52,Rs./Quintal
Maharashtra,Pune,Vegetables,Tomato,13-03-2021,130.0,Metric Tonnes,748.85,Rs./Quintal
Maharashtra,Pune,Vegetables,Onion,14-03-2021,2506.0,Metric Tonnes,1212.04,Rs./Quintal
Maharashtra,Pune,Vegetables,Tomato,14-03-2021,329.0,Metric Tonnes,605.78,Rs./Quintal
Maharashtra,Pune,Vegetables,Onion,15-03-2021,1007.0,Metric Tonnes,1186.74,Rs./Quintal
Maharashtra,Pune,Vegetables,Tomato,15-03-2021,183.0,Metric Tonnes,574.04,Rs./Quintal
Maharashtra,Pune,Vegetables,Onion,16-03-2021,1800.0,Metric Tonnes,1461.5,Rs./Quintal
Maharashtra,Pune,Vegetables,Tomato,16-03-2021,207.0,Metric Tonnes,699.28,Rs./Quintal
Maharashtra,Pune,Vegetables,Onion,19-03-2021,11.0,Metric Tonnes,1120.0,Rs./Quintal
Maharashtra,Pune,Vegetables,Tomato,20-03-2021,59.0,Metric Tonnes,900.0,Rs./Quintal
Maharashtra,Pune,Vegetables,Onion,21-03-2021,1733.0,Metric Tonnes,942.56,Rs./Quintal
Maharashtra,Pune,Vegetables,Tomato,21-03-2021,439.0,Metric Tonnes,709.23,Rs./Quintal
Maharashtra,Pune,Vegetables,Onion,22-03-2021,1028.0,Metric Tonnes,900.63,Rs./Quintal
Maharashtra,Pune,Vegetables,Tomato,22-03-2021,418.0,Metric Tonnes,747.97,Rs./Quintal
Maharashtra,Pune,Vegetables,Onion,23-03-2021,1847.0,Metric Tonnes,1033.38,Rs./Quintal
Maharashtra,Pune,Vegetables,Tomato,23-03-2021,307.0,Metric Tonnes,655.86,Rs./Quintal
Maharashtra,Pune,Vegetables,Onion,24-03-2021,1581.0,Metric Tonnes,944.8,Rs./Quintal
Maharashtra,Pune,Vegetables,Tomato,24-03-2021,303.0,Metric Tonnes,683.66,Rs./Quintal
Maharashtra,Pune,Vegetables,Onion,25-03-2021,881.0,Metric Tonnes,893.81,Rs./Quintal
Maharashtra,Pune,Vegetables,Tomato,25-03-2021,254.0,Metric Tonnes,799.21,Rs./Quintal
Maharashtra,Pune,Vegetables,Onion,26-03-2021,866.0,Metric Tonnes,900.43,Rs./Quintal
Maharashtra,Pune,Vegetables,Tomato,26-03-2021,332.0,Metric Tonnes,653.32,Rs./Quintal
Maharashtra,Pune,Vegetables,Onion,27-03-2021,42.0,Metric Tonnes,890.48,Rs./Quintal
Maharashtra,Pune,Vegetables,Tomato,27-03-2021,141.0,Metric Tonnes,888.65,Rs./Quintal
Maharashtra,Pune,Vegetables,Onion,28-03-2021,1789.0,Metric Tonnes,1092.71,Rs./Quintal
Maharashtra,Pune,Vegetables,Tomato,28-03-2021,328.0,Metric Tonnes,705.49,Rs./Quintal
Maharashtra,Pune,Vegetables,Onion,29-03-2021,301.0,Metric Tonnes,1025.0,Rs./Quintal
Maharashtra,Pune,Vegetables,Tomato,29-03-2021,32.0,Metric Tonnes,1006.25,Rs./Quintal
Maharashtra,Pune,Vegetables,Onion,30-03-2021,1272.0,Metric Tonnes,899.73,Rs./Quintal
Maharashtra,Pune,Vegetables,Tomato,30-03-2021,377.0,Metric Tonnes,1099.73,Rs./Quintal
Maharashtra,Pune,Vegetables,Onion,31-03-2021,1246.0,Metric Tonnes,886.8,Rs./Quintal
Maharashtra,Pune,Vegetables,Tomato,31-03-2021,203.0,Metric Tonnes,1095.57,Rs./Quintal
Maharashtra,Pune,Vegetables,Onion,01-04-2021,1294.0,Metric Tonnes,902.67,Rs./Quintal
Maharashtra,Pune,Vegetables,Tomato,01-04-2021,374.0,Metric Tonnes,1164.44,Rs./Quintal
Maharashtra,Pune,Vegetables,Onion,02-04-2021,1842.0,Metric Tonnes,930.33,Rs./Quintal
Maharashtra,Pune,Vegetables,Tomato,02-04-2021,428.0,Metric Tonnes,960.75,Rs./Quintal
Maharashtra,Pune,Vegetables,Onion,03-04-2021,534.0,Metric Tonnes,865.45,Rs./Quintal
Maharashtra,Pune,Vegetables,Tomato,03-04-2021,145.0,Metric Tonnes,906.21,Rs./Quintal
Maharashtra,Pune,Vegetables,Onion,04-04-2021,2302.0,Metric Tonnes,799.08,Rs./Quintal
Maharashtra,Pune,Vegetables,Tomato,04-04-2021,390.0,Metric Tonnes,992.95,Rs./Quintal
Maharashtra,Pune,Vegetables,Onion,05-04-2021,948.0,Metric Tonnes,798.92,Rs./Quintal
Maharashtra,Pune,Vegetables,Tomato,05-04-2021,294.0,Metric Tonnes,893.54,Rs./Quintal
Maharashtra,Pune,Vegetables,Onion,06-04-2021,1731.0,Metric Tonnes,949.88,Rs./Quintal
Maharashtra,Pune,Vegetables,Tomato,06-04-2021,320.0,Metric Tonnes,870.47,Rs./Quintal
Maharashtra,Pune,Vegetables,Onion,07-04-2021,1526.0,Metric Tonnes,849.08,Rs./Quintal
Maharashtra,Pune,Vegetables,Tomato,07-04-2021,258.0,Metric Tonnes,949.42,Rs./Quintal
Maharashtra,Pune,Vegetables,Onion,08-04-2021,1978.0,Metric Tonnes,893.05,Rs./Quintal
Maharashtra,Pune,Vegetables,Tomato,08-04-2021,336.0,Metric Tonnes,842.86,Rs./Quintal
Maharashtra,Pune,Vegetables,Onion,09-04-2021,1563.0,Metric Tonnes,791.55,Rs./Quintal
Maharashtra,Pune,Vegetables,Tomato,09-04-2021,288.0,Metric Tonnes,729.86,Rs./Quintal
Maharashtra,Pune,Vegetables,Onion,12-04-2021,971.0,Metric Tonnes,838.74,Rs./Quintal
Maharashtra,Pune,Vegetables,Tomato,12-04-2021,319.0,Metric Tonnes,876.18,Rs./Quintal
Maharashtra,Pune,Vegetables,Onion,13-04-2021,2243.0,Metric Tonnes,823.92,Rs./Quintal
Maharashtra,Pune,Vegetables,Tomato,13-04-2021,275.0,Metric Tonnes,737.27,Rs./Quintal
Maharashtra,Pune,Vegetables,Onion,14-04-2021,1196.0,Metric Tonnes,916.89,Rs./Quintal
Maharashtra,Pune,Vegetables,Tomato,14-04-2021,302.0,Metric Tonnes,1019.7,Rs./Quintal
Maharashtra,Pune,Vegetables,Onion,15-04-2021,1908.0,Metric Tonnes,881.89,Rs./Quintal
Maharashtra,Pune,Vegetables,Tomato,15-04-2021,397.0,Metric Tonnes,925.57,Rs./Quintal
Maharashtra,Pune,Vegetables,Onion,16-04-2021,1693.0,Metric Tonnes,868.9,Rs./Quintal
Maharashtra,Pune,Vegetables,Tomato,16-04-2021,296.0,Metric Tonnes,725.68,Rs./Quintal
Maharashtra,Pune,Vegetables,Tomato,17-04-2021,53.0,Metric Tonnes,1000.0,Rs./Quintal
Maharashtra,Pune,Vegetables,Onion,18-04-2021,884.0,Metric Tonnes,1035.75,Rs./Quintal
Maharashtra,Pune,Vegetables,Tomato,18-04-2021,66.0,Metric Tonnes,1000.0,Rs./Quintal
Maharashtra,Pune,Vegetables,Onion,19-04-2021,1378.0,Metric Tonnes,836.01,Rs./Quintal
Maharashtra,Pune,Vegetables,Tomato,19-04-2021,371.0,Metric Tonnes,823.45,Rs./Quintal
Maharashtra,Pune,Vegetables,Onion,20-04-2021,1927.0,Metric Tonnes,820.29,Rs./Quintal
Maharashtra,Pune,Vegetables,Tomato,20-04-2021,160.0,Metric Tonnes,590.63,Rs./Quintal
Maharashtra,Pune,Vegetables,Onion,21-04-2021,799.0,Metric Tonnes,786.3,Rs./Quintal
Maharashtra,Pune,Vegetables,Tomato,21-04-2021,171.0,Metric Tonnes,869.3,Rs./Quintal
Maharashtra,Pune,Vegetables,Onion,22-04-2021,1678.0,Metric Tonnes,939.9,Rs./Quintal
Maharashtra,Pune,Vegetables,Tomato,22-04-2021,250.0,Metric Tonnes,846.6,Rs./Quintal
Maharashtra,Pune,Vegetables,Onion,23-04-2021,1406.0,Metric Tonnes,730.39,Rs./Quintal
Maharashtra,Pune,Vegetables,Tomato,23-04-2021,242.0,Metric Tonnes,816.32,Rs./Quintal
Maharashtra,Pune,Vegetables,Tomato,24-04-2021,216.0,Metric Tonnes,800.0,Rs./Quintal
Maharashtra,Pune,Vegetables,Onion,25-04-2021,482.0,Metric Tonnes,1093.15,Rs./Quintal
Maharashtra,Pune,Vegetables,Tomato,25-04-2021,65.0,Metric Tonnes,1500.0,Rs./Quintal
Maharashtra,Pune,Vegetables,Onion,26-04-2021,881.0,Metric Tonnes,833.94,Rs./Quintal
Maharashtra,Pune,Vegetables,Tomato,26-04-2021,232.0,Metric Tonnes,817.24,Rs./Quintal
Maharashtra,Pune,Vegetables,Onion,27-04-2021,1374.0,Metric Tonnes,734.65,Rs./Quintal
Maharashtra,Pune,Vegetables,Tomato,27-04-2021,280.0,Metric Tonnes,875.71,Rs./Quintal
Maharashtra,Pune,Vegetables,Onion,28-04-2021,722.0,Metric Tonnes,848.13,Rs./Quintal
Maharashtra,Pune,Vegetables,Tomato,28-04-2021,291.0,Metric Tonnes,882.47,Rs./Quintal
Maharashtra,Pune,Vegetables,Onion,29-04-2021,1004.0,Metric Tonnes,832.92,Rs./Quintal
Maharashtra,Pune,Vegetables,Tomato,29-04-2021,258.0,Metric Tonnes,1005.04,Rs./Quintal
Maharashtra,Pune,Vegetables,Onion,30-04-2021,1281.0,Metric Tonnes,832.55,Rs./Quintal
Maharashtra,Pune,Vegetables,Tomato,30-04-2021,249.0,Metric Tonnes,1025.9,Rs./Quintal
Maharashtra,Pune,Vegetables,Tomato,01-05-2021,63.0,Metric Tonnes,1000.0,Rs./Quintal
Maharashtra,Pune,Vegetables,Onion,02-05-2021,1088.0,Metric Tonnes,782.19,Rs./Quintal
Maharashtra,Pune,Vegetables,Tomato,02-05-2021,98.0,Metric Tonnes,1000.0,Rs./Quintal
Maharashtra,Pune,Vegetables,Onion,03-05-2021,1156.0,Metric Tonnes,899.44,Rs./Quintal
Maharashtra,Pune,Vegetables,Tomato,03-05-2021,335.0,Metric Tonnes,879.25,Rs./Quintal
Maharashtra,Pune,Vegetables,Onion,04-05-2021,2163.0,Metric Tonnes,905.33,Rs./Quintal
Maharashtra,Pune,Vegetables,Tomato,04-05-2021,330.0,Metric Tonnes,895.76,Rs./Quintal
Maharashtra,Pune,Vegetables,Onion,05-05-2021,1309.0,Metric Tonnes,930.44,Rs./Quintal
Maharashtra,Pune,Vegetables,Tomato,05-05-2021,328.0,Metric Tonnes,835.06,Rs./Quintal
Maharashtra,Pune,Vegetables,Onion,06-05-2021,2479.0,Metric Tonnes,965.66,Rs./Quintal
Maharashtra,Pune,Vegetables,Tomato,06-05-2021,335.0,Metric Tonnes,827.91,Rs./Quintal
Maharashtra,Pune,Vegetables,Onion,07-05-2021,2200.0,Metric Tonnes,803.04,Rs./Quintal
Maharashtra,Pune,Vegetables,Tomato,07-05-2021,241.0,Metric Tonnes,824.48,Rs./Quintal
Maharashtra,Pune,Vegetables,Tomato,08-05-2021,67.0,Metric Tonnes,1000.0,Rs./Quintal
Maharashtra,Pune,Vegetables,Onion,09-05-2021,2272.0,Metric Tonnes,1011.99,Rs./Quintal
Maharashtra,Pune,Vegetables,Tomato,09-05-2021,127.0,Metric Tonnes,901.0,Rs./Quintal
Maharashtra,Pune,Vegetables,Onion,10-05-2021,1473.0,Metric Tonnes,846.84,Rs./Quintal
Maharashtra,Pune,Vegetables,Tomato,10-05-2021,409.0,Metric Tonnes,852.32,Rs./Quintal
Maharashtra,Pune,Vegetables,Onion,11-05-2021,2489.0,Metric Tonnes,817.66,Rs./Quintal
Maharashtra,Pune,Vegetables,Tomato,11-05-2021,357.0,Metric Tonnes,803.5,Rs./Quintal
Maharashtra,Pune,Vegetables,Onion,12-05-2021,731.0,Metric Tonnes,893.74,Rs./Quintal
Maharashtra,Pune,Vegetables,Tomato,12-05-2021,288.0,Metric Tonnes,872.05,Rs./Quintal
Maharashtra,Pune,Vegetables,Onion,13-05-2021,2094.0,Metric Tonnes,1060.39,Rs./Quintal
Maharashtra,Pune,Vegetables,Tomato,13-05-2021,325.0,Metric Tonnes,845.38,Rs./Quintal
Maharashtra,Pune,Vegetables,Onion,14-05-2021,2032.0,Metric Tonnes,778.42,Rs./Quintal
Maharashtra,Pune,Vegetables,Tomato,14-05-2021,292.0,Metric Tonnes,792.29,Rs./Quintal
Maharashtra,Pune,Vegetables,Onion,15-05-2021,25.0,Metric Tonnes,950.0,Rs./Quintal
Maharashtra,Pune,Vegetables,Tomato,15-05-2021,140.0,Metric Tonnes,989.29,Rs./Quintal
Maharashtra,Pune,Vegetables,Onion,16-05-2021,1986.0,Metric Tonnes,1088.78,Rs./Quintal
Maharashtra,Pune,Vegetables,Onion,17-05-2021,1193.0,Metric Tonnes,933.17,Rs./Quintal
Maharashtra,Pune,Vegetables,Tomato,17-05-2021,452.0,Metric Tonnes,737.72,Rs./Quintal
Maharashtra,Pune,Vegetables,Onion,18-05-2021,1240.0,Metric Tonnes,845.04,Rs./Quintal
Maharashtra,Pune,Vegetables,Tomato,18-05-2021,329.0,Metric Tonnes,679.64,Rs./Quintal
Maharashtra,Pune,Vegetables,Onion,19-05-2021,667.0,Metric Tonnes,964.24,Rs./Quintal
Maharashtra,Pune,Vegetables,Tomato,19-05-2021,399.0,Metric Tonnes,585.59,Rs./Quintal
Maharashtra,Pune,Vegetables,Onion,20-05-2021,1588.0,Metric Tonnes,1278.2,Rs./Quintal
Maharashtra,Pune,Vegetables,Tomato,20-05-2021,423.0,Metric Tonnes,629.31,Rs./Quintal
Maharashtra,Pune,Vegetables,Onion,21-05-2021,2104.0,Metric Tonnes,1018.73,Rs./Quintal
Maharashtra,Pune,Vegetables,Tomato,21-05-2021,390.0,Metric Tonnes,662.05,Rs./Quintal
Maharashtra,Pune,Vegetables,Tomato,22-05-2021,163.0,Metric Tonnes,600.0,Rs./Quintal
Maharashtra,Pune,Vegetables,Onion,23-05-2021,2773.0,Metric Tonnes,1162.25,Rs./Quintal
Maharashtra,Pune,Vegetables,Tomato,23-05-2021,163.0,Metric Tonnes,600.0,Rs./Quintal
Maharashtra,Pune,Vegetables,Onion,24-05-2021,1393.0,Metric Tonnes,1036.13,Rs./Quintal
Maharashtra,Pune,Vegetables,Tomato,24-05-2021,405.0,Metric Tonnes,802.96,Rs./Quintal
Maharashtra,Pune,Vegetables,Onion,25-05-2021,2911.0,Metric Tonnes,1078.81,Rs./Quintal
Maharashtra,Pune,Vegetables,Tomato,25-05-2021,389.0,Metric Tonnes,818.38,Rs./Quintal
Maharashtra,Pune,Vegetables,Onion,26-05-2021,892.0,Metric Tonnes,1186.43,Rs./Quintal
Maharashtra,Pune,Vegetables,Tomato,26-05-2021,255.0,Metric Tonnes,775.49,Rs./Quintal
Maharashtra,Pune,Vegetables,Onion,27-05-2021,1219.0,Metric Tonnes,1406.03,Rs./Quintal
Maharashtra,Pune,Vegetables,Tomato,27-05-2021,420.0,Metric Tonnes,805.36,Rs./Quintal
Maharashtra,Pune,Vegetables,Onion,28-05-2021,2220.0,Metric Tonnes,1161.35,Rs./Quintal
Maharashtra,Pune,Vegetables,Tomato,28-05-2021,437.0,Metric Tonnes,687.3,Rs./Quintal
Maharashtra,Pune,Vegetables,Onion,29-05-2021,11.0,Metric Tonnes,700.0,Rs./Quintal
Maharashtra,Pune,Vegetables,Tomato,29-05-2021,187.0,Metric Tonnes,600.0,Rs./Quintal
Maharashtra,Pune,Vegetables,Onion,30-05-2021,1738.0,Metric Tonnes,1322.84,Rs./Quintal
Maharashtra,Pune,Vegetables,Tomato,30-05-2021,317.0,Metric Tonnes,743.06,Rs./Quintal
Maharashtra,Pune,Vegetables,Onion,31-05-2021,1112.0,Metric Tonnes,1264.1,Rs./Quintal
Maharashtra,Pune,Vegetables,Tomato,31-05-2021,637.0,Metric Tonnes,773.63,Rs./Quintal
Maharashtra,Pune,Vegetables,Onion,01-06-2021,1765.0,Metric Tonnes,1418.4,Rs./Quintal
Maharashtra,Pune,Vegetables,Tomato,01-06-2021,474.0,Metric Tonnes,763.08,Rs./Quintal
Maharashtra,Pune,Vegetables,Onion,02-06-2021,958.0,Metric Tonnes,1319.78,Rs./Quintal
Maharashtra,Pune,Vegetables,Tomato,02-06-2021,330.0,Metric Tonnes,788.79,Rs./Quintal
Maharashtra,Pune,Vegetables,Onion,03-06-2021,2511.0,Metric Tonnes,1709.91,Rs./Quintal
Maharashtra,Pune,Vegetables,Tomato,03-06-2021,374.0,Metric Tonnes,756.28,Rs./Quintal
Maharashtra,Pune,Vegetables,Onion,04-06-2021,2087.0,Metric Tonnes,1377.49,Rs./Quintal
Maharashtra,Pune,Vegetables,Tomato,04-06-2021,216.0,Metric Tonnes,706.94,Rs./Quintal
Maharashtra,Pune,Vegetables,Onion,05-06-2021,87.0,Metric Tonnes,991.95,Rs./Quintal
Maharashtra,Pune,Vegetables,Tomato,05-06-2021,230.0,Metric Tonnes,509.57,Rs./Quintal
Maharashtra,Pune,Vegetables,Onion,06-06-2021,2915.0,Metric Tonnes,1651.92,Rs./Quintal
Maharashtra,Pune,Vegetables,Tomato,06-06-2021,307.0,Metric Tonnes,783.06,Rs./Quintal
Maharashtra,Pune,Vegetables,Onion,07-06-2021,988.0,Metric Tonnes,1386.89,Rs./Quintal
Maharashtra,Pune,Vegetables,Tomato,07-06-2021,452.0,Metric Tonnes,847.57,Rs./Quintal
Maharashtra,Pune,Vegetables,Onion,08-06-2021,2601.0,Metric Tonnes,1306.88,Rs./Quintal
Maharashtra,Pune,Vegetables,Tomato,08-06-2021,504.0,Metric Tonnes,727.18,Rs./Quintal
Maharashtra,Pune,Vegetables,Onion,09-06-2021,954.0,Metric Tonnes,1421.12,Rs./Quintal
Maharashtra,Pune,Vegetables,Tomato,09-06-2021,474.0,Metric Tonnes,616.56,Rs./Quintal
Maharashtra,Pune,Vegetables,Onion,10-06-2021,3006.0,Metric Tonnes,1684.14,Rs./Quintal
Maharashtra,Pune,Vegetables,Tomato,10-06-2021,854.0,Metric Tonnes,632.96,Rs./Quintal
Maharashtra,Pune,Vegetables,Onion,11-06-2021,1734.0,Metric Tonnes,1466.91,Rs./Quintal
Maharashtra,Pune,Vegetables,Tomato,11-06-2021,712.0,Metric Tonnes,619.17,Rs./Quintal
Maharashtra,Pune,Vegetables,Onion,12-06-2021,110.0,Metric Tonnes,1402.73,Rs./Quintal
Maharashtra,Pune,Vegetables,Tomato,12-06-2021,290.0,Metric Tonnes,642.93,Rs./Quintal
Maharashtra,Pune,Vegetables,Onion,13-06-2021,2954.0,Metric Tonnes,1585.72,Rs./Quintal
Maharashtra,Pune,Vegetables,Tomato,13-06-2021,715.0,Metric Tonnes,636.5,Rs./Quintal
Maharashtra,Pune,Vegetables,Onion,14-06-2021,854.0,Metric Tonnes,1358.2,Rs./Quintal
Maharashtra,Pune,Vegetables,Tomato,14-06-2021,640.0,Metric Tonnes,552.42,Rs./Quintal
Maharashtra,Pune,Vegetables,Onion,15-06-2021,1972.0,Metric Tonnes,1423.46,Rs./Quintal
Maharashtra,Pune,Vegetables,Tomato,15-06-2021,640.0,Metric Tonnes,641.41,Rs./Quintal
Maharashtra,Pune,Vegetables,Onion,16-06-2021,865.0,Metric Tonnes,1358.5,Rs./Quintal
Maharashtra,Pune,Vegetables,Tomato,16-06-2021,125.0,Metric Tonnes,705.6,Rs./Quintal
Maharashtra,Pune,Vegetables,Onion,17-06-2021,2818.0,Metric Tonnes,1491.77,Rs./Quintal
Maharashtra,Pune,Vegetables,Tomato,17-06-2021,212.0,Metric Tonnes,646.93,Rs./Quintal
Maharashtra,Pune,Vegetables,Onion,18-06-2021,1882.0,Metric Tonnes,1384.43,Rs./Quintal
Maharashtra,Pune,Vegetables,Tomato,18-06-2021,217.0,Metric Tonnes,689.4,Rs./Quintal
Maharashtra,Pune,Vegetables,Onion,19-06-2021,126.0,Metric Tonnes,1424.6,Rs./Quintal
Maharashtra,Pune,Vegetables,Tomato,19-06-2021,630.0,Metric Tonnes,629.6,Rs./Quintal
Maharashtra,Pune,Vegetables,Onion,20-06-2021,3679.0,Metric Tonnes,1655.56,Rs./Quintal
Maharashtra,Pune,Vegetables,Tomato,20-06-2021,953.0,Metric Tonnes,573.24,Rs./Quintal
Maharashtra,Pune,Vegetables,Onion,21-06-2021,866.0,Metric Tonnes,1270.93,Rs./Quintal
Maharashtra,Pune,Vegetables,Tomato,21-06-2021,894.0,Metric Tonnes,625.17,Rs./Quintal
Maharashtra,Pune,Vegetables,Onion,22-06-2021,2428.0,Metric Tonnes,1495.65,Rs./Quintal
Maharashtra,Pune,Vegetables,Tomato,22-06-2021,1005.0,Metric Tonnes,487.11,Rs./Quintal
Maharashtra,Pune,Vegetables,Onion,23-06-2021,950.0,Metric Tonnes,1385.32,Rs./Quintal
Maharashtra,Pune,Vegetables,Tomato,23-06-2021,1029.0,Metric Tonnes,549.56,Rs./Quintal
Maharashtra,Pune,Vegetables,Onion,24-06-2021,3425.0,Metric Tonnes,1528.5,Rs./Quintal
Maharashtra,Pune,Vegetables,Tomato,24-06-2021,1179.0,Metric Tonnes,622.82,Rs./Quintal
Maharashtra,Pune,Vegetables,Onion,25-06-2021,1672.0,Metric Tonnes,1326.53,Rs./Quintal
Maharashtra,Pune,Vegetables,Tomato,25-06-2021,364.0,Metric Tonnes,701.92,Rs./Quintal
Maharashtra,Pune,Vegetables,Onion,26-06-2021,128.0,Metric Tonnes,1444.92,Rs./Quintal
Maharashtra,Pune,Vegetables,Tomato,26-06-2021,922.0,Metric Tonnes,512.42,Rs./Quintal
Maharashtra,Pune,Vegetables,Onion,27-06-2021,3857.0,Metric Tonnes,1576.23,Rs./Quintal
Maharashtra,Pune,Vegetables,Tomato,27-06-2021,1287.0,Metric Tonnes,562.08,Rs./Quintal
Maharashtra,Pune,Vegetables,Onion,28-06-2021,815.0,Metric Tonnes,1285.03,Rs./Quintal
Maharashtra,Pune,Vegetables,Tomato,28-06-2021,1190.0,Metric Tonnes,552.86,Rs./Quintal
Maharashtra,Pune,Vegetables,Onion,29-06-2021,2087.0,Metric Tonnes,1310.16,Rs./Quintal
Maharashtra,Pune,Vegetables,Tomato,29-06-2021,1201.0,Metric Tonnes,523.65,Rs./Quintal
Maharashtra,Pune,Vegetables,Onion,30-06-2021,823.0,Metric Tonnes,1290.83,Rs./Quintal
Maharashtra,Pune,Vegetables,Tomato,30-06-2021,1210.0,Metric Tonnes,622.15,Rs./Quintal
Maharashtra,Pune,Vegetables,Onion,01-07-2021,3149.0,Metric Tonnes,1584.04,Rs./Quintal
Maharashtra,Pune,Vegetables,Tomato,01-07-2021,1317.0,Metric Tonnes,631.44,Rs./Quintal
Maharashtra,Pune,Vegetables,Onion,02-07-2021,1303.0,Metric Tonnes,1152.84,Rs./Quintal
Maharashtra,Pune,Vegetables,Tomato,02-07-2021,1352.0,Metric Tonnes,614.35,Rs./Quintal
Maharashtra,Pune,Vegetables,Onion,03-07-2021,122.0,Metric Tonnes,1449.59,Rs./Quintal
Maharashtra,Pune,Vegetables,Tomato,03-07-2021,1136.0,Metric Tonnes,603.17,Rs./Quintal
Maharashtra,Pune,Vegetables,Onion,04-07-2021,2911.0,Metric Tonnes,1517.62,Rs./Quintal
Maharashtra,Pune,Vegetables,Tomato,04-07-2021,1580.0,Metric Tonnes,650.44,Rs./Quintal
Maharashtra,Pune,Vegetables,Onion,05-07-2021,640.0,Metric Tonnes,1376.95,Rs./Quintal
Maharashtra,Pune,Vegetables,Tomato,05-07-2021,1289.0,Metric Tonnes,595.15,Rs./Quintal
Maharashtra,Pune,Vegetables,Onion,06-07-2021,1518.0,Metric Tonnes,1356.95,Rs./Quintal
Maharashtra,Pune,Vegetables,Tomato,06-07-2021,1241.0,Metric Tonnes,604.92,Rs./Quintal
Maharashtra,Pune,Vegetables,Onion,07-07-2021,759.0,Metric Tonnes,1461.4,Rs./Quintal
Maharashtra,Pune,Vegetables,Tomato,07-07-2021,1267.0,Metric Tonnes,687.49,Rs./Quintal
Maharashtra,Pune,Vegetables,Onion,08-07-2021,2818.0,Metric Tonnes,1582.74,Rs./Quintal
Maharashtra,Pune,Vegetables,Tomato,08-07-2021,1307.0,Metric Tonnes,601.19,Rs./Quintal
Maharashtra,Pune,Vegetables,Onion,09-07-2021,1541.0,Metric Tonnes,1252.37,Rs./Quintal
Maharashtra,Pune,Vegetables,Tomato,09-07-2021,1237.0,Metric Tonnes,609.58,Rs./Quintal
Maharashtra,Pune,Vegetables,Onion,10-07-2021,109.0,Metric Tonnes,1477.06,Rs./Quintal
Maharashtra,Pune,Vegetables,Tomato,10-07-2021,853.0,Metric Tonnes,798.07,Rs./Quintal
Maharashtra,Pune,Vegetables,Onion,11-07-2021,3039.0,Metric Tonnes,1423.46,Rs./Quintal
Maharashtra,Pune,Vegetables,Tomato,11-07-2021,1043.0,Metric Tonnes,735.47,Rs./Quintal
Maharashtra,Pune,Vegetables,Onion,12-07-2021,903.0,Metric Tonnes,1340.53,Rs./Quintal
Maharashtra,Pune,Vegetables,Tomato,12-07-2021,1183.0,Metric Tonnes,912.26,Rs./Quintal
Maharashtra,Pune,Vegetables,Onion,13-07-2021,1249.0,Metric Tonnes,1221.45,Rs./Quintal
Maharashtra,Pune,Vegetables,Tomato,13-07-2021,1171.0,Metric Tonnes,701.96,Rs./Quintal
Maharashtra,Pune,Vegetables,Onion,14-07-2021,832.0,Metric Tonnes,1135.34,Rs./Quintal
Maharashtra,Pune,Vegetables,Tomato,14-07-2021,139.0,Metric Tonnes,692.81,Rs./Quintal
Maharashtra,Pune,Vegetables,Onion,15-07-2021,3152.0,Metric Tonnes,1428.49,Rs./Quintal
Maharashtra,Pune,Vegetables,Tomato,15-07-2021,1014.0,Metric Tonnes,1129.19,Rs./Quintal
Maharashtra,Pune,Vegetables,Onion,16-07-2021,1491.0,Metric Tonnes,1112.17,Rs./Quintal
Maharashtra,Pune,Vegetables,Tomato,16-07-2021,1103.0,Metric Tonnes,1322.3,Rs./Quintal
Maharashtra,Pune,Vegetables,Onion,17-07-2021,33.0,Metric Tonnes,963.64,Rs./Quintal
Maharashtra,Pune,Vegetables,Tomato,17-07-2021,43.0,Metric Tonnes,723.26,Rs./Quintal
Maharashtra,Pune,Vegetables,Onion,18-07-2021,3381.0,Metric Tonnes,1368.34,Rs./Quintal
Maharashtra,Pune,Vegetables,Tomato,18-07-2021,393.0,Metric Tonnes,808.65,Rs./Quintal
Maharashtra,Pune,Vegetables,Onion,19-07-2021,597.0,Metric Tonnes,1271.94,Rs./Quintal
Maharashtra,Pune,Vegetables,Tomato,19-07-2021,1023.0,Metric Tonnes,932.99,Rs./Quintal
Maharashtra,Pune,Vegetables,Onion,20-07-2021,1655.0,Metric Tonnes,1272.6,Rs./Quintal
Maharashtra,Pune,Vegetables,Tomato,20-07-2021,898.0,Metric Tonnes,1123.83,Rs./Quintal
Maharashtra,Pune,Vegetables,Onion,21-07-2021,374.0,Metric Tonnes,1246.52,Rs./Quintal
Maharashtra,Pune,Vegetables,Tomato,21-07-2021,823.0,Metric Tonnes,938.76,Rs./Quintal
Maharashtra,Pune,Vegetables,Onion,22-07-2021,2810.0,Metric Tonnes,1448.72,Rs./Quintal
Maharashtra,Pune,Vegetables,Tomato,22-07-2021,732.0,Metric Tonnes,1216.87,Rs./Quintal
Maharashtra,Pune,Vegetables,Onion,23-07-2021,1073.0,Metric Tonnes,1135.22,Rs./Quintal
Maharashtra,Pune,Vegetables,Tomato,23-07-2021,824.0,Metric Tonnes,1350.73,Rs./Quintal
Maharashtra,Pune,Vegetables,Onion,24-07-2021,29.0,Metric Tonnes,1082.76,Rs./Quintal
Maharashtra,Pune,Vegetables,Tomato,24-07-2021,652.0,Metric Tonnes,1444.4,Rs./Quintal
Maharashtra,Pune,Vegetables,Onion,25-07-2021,2722.0,Metric Tonnes,1505.74,Rs./Quintal
Maharashtra,Pune,Vegetables,Tomato,25-07-2021,947.0,Metric Tonnes,1492.61,Rs./Quintal
Maharashtra,Pune,Vegetables,Onion,26-07-2021,418.0,Metric Tonnes,1328.83,Rs./Quintal
Maharashtra,Pune,Vegetables,Tomato,26-07-2021,865.0,Metric Tonnes,1379.83,Rs./Quintal
Maharashtra,Pune,Vegetables,Onion,27-07-2021,1009.0,Metric Tonnes,1137.17,Rs./Quintal
Maharashtra,Pune,Vegetables,Tomato,27-07-2021,995.0,Metric Tonnes,1325.43,Rs./Quintal
Maharashtra,Pune,Vegetables,Onion,28-07-2021,486.0,Metric Tonnes,1409.57,Rs./Quintal
Maharashtra,Pune,Vegetables,Tomato,28-07-2021,927.0,Metric Tonnes,1347.09,Rs./Quintal
Maharashtra,Pune,Vegetables,Onion,29-07-2021,2210.0,Metric Tonnes,1864.71,Rs./Quintal
Maharashtra,Pune,Vegetables,Tomato,29-07-2021,989.0,Metric Tonnes,961.12,Rs./Quintal
Maharashtra,Pune,Vegetables,Onion,30-07-2021,1233.0,Metric Tonnes,1231.71,Rs./Quintal
Maharashtra,Pune,Vegetables,Tomato,30-07-2021,954.0,Metric Tonnes,966.19,Rs./Quintal
Maharashtra,Pune,Vegetables,Onion,31-07-2021,185.0,Metric Tonnes,1507.57,Rs./Quintal
Maharashtra,Pune,Vegetables,Tomato,31-07-2021,715.0,Metric Tonnes,976.57,Rs./Quintal
Maharashtra,Pune,Vegetables,Onion,01-08-2021,3824.0,Metric Tonnes,1359.94,Rs./Quintal
Maharashtra,Pune,Vegetables,Tomato,01-08-2021,1023.0,Metric Tonnes,1112.9,Rs./Quintal
Maharashtra,Pune,Vegetables,Onion,02-08-2021,480.0,Metric Tonnes,1194.79,Rs./Quintal
Maharashtra,Pune,Vegetables,Tomato,02-08-2021,917.0,Metric Tonnes,934.19,Rs./Quintal
Maharashtra,Pune,Vegetables,Onion,03-08-2021,1900.0,Metric Tonnes,1246.11,Rs./Quintal
Maharashtra,Pune,Vegetables,Tomato,03-08-2021,902.0,Metric Tonnes,996.9,Rs./Quintal
Maharashtra,Pune,Vegetables,Onion,04-08-2021,490.0,Metric Tonnes,1340.92,Rs./Quintal
Maharashtra,Pune,Vegetables,Tomato,04-08-2021,730.0,Metric Tonnes,1112.4,Rs./Quintal
Maharashtra,Pune,Vegetables,Onion,05-08-2021,673.0,Metric Tonnes,1468.87,Rs./Quintal
Maharashtra,Pune,Vegetables,Tomato,05-08-2021,611.0,Metric Tonnes,995.5,Rs./Quintal
Maharashtra,Pune,Vegetables,Onion,06-08-2021,1420.0,Metric Tonnes,1099.67,Rs./Quintal
Maharashtra,Pune,Vegetables,Tomato,06-08-2021,858.0,Metric Tonnes,1098.89,Rs./Quintal
Maharashtra,Pune,Vegetables,Onion,07-08-2021,139.0,Metric Tonnes,1387.41,Rs./Quintal
Maharashtra,Pune,Vegetables,Tomato,07-08-2021,688.0,Metric Tonnes,1444.99,Rs./Quintal
Maharashtra,Pune,Vegetables,Onion,08-08-2021,2887.0,Metric Tonnes,1348.79,Rs./Quintal
Maharashtra,Pune,Vegetables,Tomato,08-08-2021,900.0,Metric Tonnes,928.33,Rs./Quintal
Maharashtra,Pune,Vegetables,Onion,09-08-2021,411.0,Metric Tonnes,1136.98,Rs./Quintal
Maharashtra,Pune,Vegetables,Tomato,09-08-2021,943.0,Metric Tonnes,928.31,Rs./Quintal
Maharashtra,Pune,Vegetables,Onion,10-08-2021,1006.0,Metric Tonnes,1084.49,Rs./Quintal
Maharashtra,Pune,Vegetables,Tomato,10-08-2021,972.0,Metric Tonnes,954.22,Rs./Quintal
Maharashtra,Pune,Vegetables,Onion,11-08-2021,442.0,Metric Tonnes,1302.15,Rs./Quintal
Maharashtra,Pune,Vegetables,Tomato,11-08-2021,841.0,Metric Tonnes,941.26,Rs./Quintal
Maharashtra,Pune,Vegetables,Onion,12-08-2021,1697.0,Metric Tonnes,1463.29,Rs./Quintal
Maharashtra,Pune,Vegetables,Tomato,12-08-2021,304.0,Metric Tonnes,664.47,Rs./Quintal
Maharashtra,Pune,Vegetables,Onion,13-08-2021,1291.0,Metric Tonnes,1139.89,Rs./Quintal
Maharashtra,Pune,Vegetables,Tomato,13-08-2021,914.0,Metric Tonnes,551.97,Rs./Quintal
Maharashtra,Pune,Vegetables,Onion,14-08-2021,124.0,Metric Tonnes,1354.84,Rs./Quintal
Maharashtra,Pune,Vegetables,Tomato,14-08-2021,726.0,Metric Tonnes,948.07,Rs./Quintal
Maharashtra,Pune,Vegetables,Onion,15-08-2021,1849.0,Metric Tonnes,1419.64,Rs./Quintal
Maharashtra,Pune,Vegetables,Tomato,15-08-2021,585.0,Metric Tonnes,502.39,Rs./Quintal
Maharashtra,Pune,Vegetables,Onion,16-08-2021,672.0,Metric Tonnes,1279.69,Rs./Quintal
Maharashtra,Pune,Vegetables,Tomato,16-08-2021,1081.0,Metric Tonnes,847.13,Rs./Quintal
Maharashtra,Pune,Vegetables,Onion,17-08-2021,1943.0,Metric Tonnes,1196.91,Rs./Quintal
Maharashtra,Pune,Vegetables,Tomato,17-08-2021,932.0,Metric Tonnes,518.03,Rs./Quintal
Maharashtra,Pune,Vegetables,Onion,18-08-2021,484.0,Metric Tonnes,1305.48,Rs./Quintal
Maharashtra,Pune,Vegetables,Tomato,18-08-2021,662.0,Metric Tonnes,443.28,Rs./Quintal
Maharashtra,Pune,Vegetables,Onion,19-08-2021,1549.0,Metric Tonnes,1398.77,Rs./Quintal
Maharashtra,Pune,Vegetables,Tomato,19-08-2021,754.0,Metric Tonnes,733.29,Rs./Quintal
Maharashtra,Pune,Vegetables,Onion,20-08-2021,2199.0,Metric Tonnes,1045.0,Rs./Quintal
Maharashtra,Pune,Vegetables,Tomato,20-08-2021,675.0,Metric Tonnes,484.15,Rs./Quintal
Maharashtra,Pune,Vegetables,Onion,21-08-2021,108.0,Metric Tonnes,1397.22,Rs./Quintal
Maharashtra,Pune,Vegetables,Tomato,21-08-2021,77.0,Metric Tonnes,497.4,Rs./Quintal
Maharashtra,Pune,Vegetables,Onion,22-08-2021,2162.0,Metric Tonnes,1249.79,Rs./Quintal
Maharashtra,Pune,Vegetables,Tomato,22-08-2021,804.0,Metric Tonnes,817.72,Rs./Quintal
Maharashtra,Pune,Vegetables,Onion,23-08-2021,312.0,Metric Tonnes,1237.18,Rs./Quintal
Maharashtra,Pune,Vegetables,Tomato,23-08-2021,951.0,Metric Tonnes,598.42,Rs./Quintal
Maharashtra,Pune,Vegetables,Onion,24-08-2021,2105.0,Metric Tonnes,1245.93,Rs./Quintal
Maharashtra,Pune,Vegetables,Tomato,24-08-2021,585.0,Metric Tonnes,567.95,Rs./Quintal
Maharashtra,Pune,Vegetables,Onion,25-08-2021,573.0,Metric Tonnes,1296.77,Rs./Quintal
Maharashtra,Pune,Vegetables,Tomato,25-08-2021,753.0,Metric Tonnes,486.99,Rs./Quintal
Maharashtra,Pune,Vegetables,Onion,26-08-2021,4255.0,Metric Tonnes,1300.43,Rs./Quintal
Maharashtra,Pune,Vegetables,Tomato,26-08-2021,823.0,Metric Tonnes,536.57,Rs./Quintal
Maharashtra,Pune,Vegetables,Onion,27-08-2021,2007.0,Metric Tonnes,948.17,Rs./Quintal
Maharashtra,Pune,Vegetables,Tomato,27-08-2021,706.0,Metric Tonnes,526.84,Rs./Quintal
Maharashtra,Pune,Vegetables,Onion,28-08-2021,34.0,Metric Tonnes,1044.12,Rs./Quintal
Maharashtra,Pune,Vegetables,Tomato,28-08-2021,538.0,Metric Tonnes,463.66,Rs./Quintal
Maharashtra,Pune,Vegetables,Onion,29-08-2021,4895.0,Metric Tonnes,1119.06,Rs./Quintal
Maharashtra,Pune,Vegetables,Tomato,29-08-2021,784.0,Metric Tonnes,534.69,Rs./Quintal
Maharashtra,Pune,Vegetables,Onion,30-08-2021,521.0,Metric Tonnes,1081.86,Rs./Quintal
Maharashtra,Pune,Vegetables,Tomato,30-08-2021,249.0,Metric Tonnes,575.9,Rs./Quintal
Maharashtra,Pune,Vegetables,Onion,31-08-2021,1425.0,Metric Tonnes,1176.69,Rs./Quintal
Maharashtra,Pune,Vegetables,Tomato,31-08-2021,639.0,Metric Tonnes,557.36,Rs./Quintal
Maharashtra,Pune,Vegetables,Onion,01-09-2021,306.0,Metric Tonnes,1171.73,Rs./Quintal
Maharashtra,Pune,Vegetables,Tomato,01-09-2021,636.0,Metric Tonnes,464.62,Rs./Quintal
Maharashtra,Pune,Vegetables,Onion,02-09-2021,1050.0,Metric Tonnes,1083.65,Rs./Quintal
Maharashtra,Pune,Vegetables,Tomato,02-09-2021,808.0,Metric Tonnes,465.97,Rs./Quintal
Maharashtra,Pune,Vegetables,Onion,03-09-2021,1700.0,Metric Tonnes,867.87,Rs./Quintal
Maharashtra,Pune,Vegetables,Tomato,03-09-2021,808.0,Metric Tonnes,530.69,Rs./Quintal
Maharashtra,Pune,Vegetables,Onion,04-09-2021,125.0,Metric Tonnes,1231.2,Rs./Quintal
Maharashtra,Pune,Vegetables,Tomato,04-09-2021,547.0,Metric Tonnes,917.09,Rs./Quintal
Maharashtra,Pune,Vegetables,Onion,05-09-2021,583.0,Metric Tonnes,1129.67,Rs./Quintal
Maharashtra,Pune,Vegetables,Tomato,05-09-2021,553.0,Metric Tonnes,587.52,Rs./Quintal
Maharashtra,Pune,Vegetables,Onion,06-09-2021,1359.0,Metric Tonnes,1332.16,Rs./Quintal
Maharashtra,Pune,Vegetables,Tomato,06-09-2021,655.0,Metric Tonnes,624.12,Rs./Quintal
Maharashtra,Pune,Vegetables,Onion,07-09-2021,2425.0,Metric Tonnes,1259.23,Rs./Quintal
Maharashtra,Pune,Vegetables,Tomato,07-09-2021,681.0,Metric Tonnes,483.85,Rs./Quintal
Maharashtra,Pune,Vegetables,Onion,08-09-2021,436.0,Metric Tonnes,1256.74,Rs./Quintal
Maharashtra,Pune,Vegetables,Tomato,08-09-2021,585.0,Metric Tonnes,465.13,Rs./Quintal
Maharashtra,Pune,Vegetables,Onion,09-09-2021,1440.0,Metric Tonnes,1217.17,Rs./Quintal
Maharashtra,Pune,Vegetables,Tomato,09-09-2021,624.0,Metric Tonnes,500.88,Rs./Quintal
Maharashtra,Pune,Vegetables,Onion,10-09-2021,1457.0,Metric Tonnes,1136.2,Rs./Quintal
Maharashtra,Pune,Vegetables,Tomato,10-09-2021,607.0,Metric Tonnes,504.12,Rs./Quintal
Maharashtra,Pune,Vegetables,Onion,11-09-2021,573.0,Metric Tonnes,1475.39,Rs./Quintal
Maharashtra,Pune,Vegetables,Tomato,11-09-2021,406.0,Metric Tonnes,600.74,Rs./Quintal
Maharashtra,Pune,Vegetables,Onion,12-09-2021,3009.0,Metric Tonnes,1230.61,Rs./Quintal
Maharashtra,Pune,Vegetables,Tomato,12-09-2021,716.0,Metric Tonnes,552.51,Rs./Quintal
Maharashtra,Pune,Vegetables,Onion,13-09-2021,945.0,Metric Tonnes,1144.47,Rs./Quintal
Maharashtra,Pune,Vegetables,Tomato,13-09-2021,516.0,Metric Tonnes,572.09,Rs./Quintal
Maharashtra,Pune,Vegetables,Onion,14-09-2021,2387.0,Metric Tonnes,993.46,Rs./Quintal
Maharashtra,Pune,Vegetables,Tomato,14-09-2021,602.0,Metric Tonnes,566.53,Rs./Quintal
Maharashtra,Pune,Vegetables,Onion,15-09-2021,2642.0,Metric Tonnes,1376.56,Rs./Quintal
Maharashtra,Pune,Vegetables,Tomato,15-09-2021,529.0,Metric Tonnes,584.59,Rs./Quintal
Maharashtra,Pune,Vegetables,Onion,16-09-2021,2048.0,Metric Tonnes,1339.99,Rs./Quintal
Maharashtra,Pune,Vegetables,Tomato,16-09-2021,536.0,Metric Tonnes,603.26,Rs./Quintal
Maharashtra,Pune,Vegetables,Onion,17-09-2021,782.0,Metric Tonnes,1148.98,Rs./Quintal
Maharashtra,Pune,Vegetables,Tomato,17-09-2021,567.0,Metric Tonnes,711.73,Rs./Quintal
Maharashtra,Pune,Vegetables,Onion,18-09-2021,113.0,Metric Tonnes,1240.27,Rs./Quintal
Maharashtra,Pune,Vegetables,Tomato,18-09-2021,315.0,Metric Tonnes,1249.37,Rs./Quintal
Maharashtra,Pune,Vegetables,Onion,19-09-2021,1754.0,Metric Tonnes,1156.8,Rs./Quintal
Maharashtra,Pune,Vegetables,Tomato,19-09-2021,609.0,Metric Tonnes,746.14,Rs./Quintal
Maharashtra,Pune,Vegetables,Onion,20-09-2021,4.0,Metric Tonnes,925.0,Rs./Quintal
Maharashtra,Pune,Vegetables,Tomato,20-09-2021,317.0,Metric Tonnes,800.32,Rs./Quintal
Maharashtra,Pune,Vegetables,Onion,21-09-2021,1564.0,Metric Tonnes,1018.7,Rs./Quintal
Maharashtra,Pune,Vegetables,Tomato,21-09-2021,365.0,Metric Tonnes,786.71,Rs./Quintal
Maharashtra,Pune,Vegetables,Onion,22-09-2021,845.0,Metric Tonnes,1351.61,Rs./Quintal
Maharashtra,Pune,Vegetables,Tomato,22-09-2021,422.0,Metric Tonnes,1100.59,Rs./Quintal
Maharashtra,Pune,Vegetables,Onion,23-09-2021,3978.0,Metric Tonnes,1741.86,Rs./Quintal
Maharashtra,Pune,Vegetables,Tomato,23-09-2021,4504.0,Metric Tonnes,801.28,Rs./Quintal
Maharashtra,Pune,Vegetables,Onion,24-09-2021,2065.0,Metric Tonnes,1230.2,Rs./Quintal
Maharashtra,Pune,Vegetables,Tomato,24-09-2021,467.0,Metric Tonnes,1558.89,Rs./Quintal
Maharashtra,Pune,Vegetables,Onion,25-09-2021,87.0,Metric Tonnes,1191.95,Rs./Quintal
Maharashtra,Pune,Vegetables,Tomato,25-09-2021,379.0,Metric Tonnes,1865.57,Rs./Quintal
Maharashtra,Pune,Vegetables,Onion,26-09-2021,5568.0,Metric Tonnes,1579.51,Rs./Quintal
Maharashtra,Pune,Vegetables,Tomato,26-09-2021,339.0,Metric Tonnes,1394.54,Rs./Quintal
Maharashtra,Pune,Vegetables,Onion,27-09-2021,1107.0,Metric Tonnes,1051.8,Rs./Quintal
Maharashtra,Pune,Vegetables,Tomato,27-09-2021,317.0,Metric Tonnes,2364.35,Rs./Quintal
Maharashtra,Pune,Vegetables,Onion,28-09-2021,1722.0,Metric Tonnes,1523.65,Rs./Quintal
Maharashtra,Pune,Vegetables,Tomato,28-09-2021,423.0,Metric Tonnes,2275.41,Rs./Quintal
Maharashtra,Pune,Vegetables,Onion,29-09-2021,996.0,Metric Tonnes,1460.02,Rs./Quintal
Maharashtra,Pune,Vegetables,Tomato,29-09-2021,326.0,Metric Tonnes,2238.19,Rs./Quintal
Maharashtra,Pune,Vegetables,Onion,30-09-2021,2505.0,Metric Tonnes,2045.06,Rs./Quintal
Maharashtra,Pune,Vegetables,Tomato,30-09-2021,542.0,Metric Tonnes,1933.76,Rs./Quintal
Maharashtra,Pune,Vegetables,Onion,01-10-2021,2205.0,Metric Tonnes,2034.81,Rs./Quintal
Maharashtra,Pune,Vegetables,Tomato,01-10-2021,418.0,Metric Tonnes,2285.77,Rs./Quintal
Maharashtra,Pune,Vegetables,Onion,02-10-2021,108.0,Metric Tonnes,1841.2,Rs./Quintal
Maharashtra,Pune,Vegetables,Tomato,02-10-2021,263.0,Metric Tonnes,2838.02,Rs./Quintal
Maharashtra,Pune,Vegetables,Onion,03-10-2021,3851.0,Metric Tonnes,2229.98,Rs./Quintal
Maharashtra,Pune,Vegetables,Tomato,03-10-2021,585.0,Metric Tonnes,1983.33,Rs./Quintal
Maharashtra,Pune,Vegetables,Onion,04-10-2021,1071.0,Metric Tonnes,1989.36,Rs./Quintal
Maharashtra,Pune,Vegetables,Tomato,04-10-2021,350.0,Metric Tonnes,2250.14,Rs./Quintal
Maharashtra,Pune,Vegetables,Onion,05-10-2021,2315.0,Metric Tonnes,2170.32,Rs./Quintal
Maharashtra,Pune,Vegetables,Tomato,05-10-2021,335.0,Metric Tonnes,2300.0,Rs./Quintal
Maharashtra,Pune,Vegetables,Onion,06-10-2021,1296.0,Metric Tonnes,2336.11,Rs./Quintal
Maharashtra,Pune,Vegetables,Tomato,06-10-2021,227.0,Metric Tonnes,2543.61,Rs./Quintal
Maharashtra,Pune,Vegetables,Onion,07-10-2021,1326.0,Metric Tonnes,2223.08,Rs./Quintal
Maharashtra,Pune,Vegetables,Tomato,07-10-2021,205.0,Metric Tonnes,1989.27,Rs./Quintal
Maharashtra,Pune,Vegetables,Onion,08-10-2021,2712.0,Metric Tonnes,2310.38,Rs./Quintal
Maharashtra,Pune,Vegetables,Tomato,08-10-2021,323.0,Metric Tonnes,2412.07,Rs./Quintal
Maharashtra,Pune,Vegetables,Onion,09-10-2021,130.0,Metric Tonnes,2307.69,Rs./Quintal
Maharashtra,Pune,Vegetables,Tomato,09-10-2021,168.0,Metric Tonnes,2618.45,Rs./Quintal
Maharashtra,Pune,Vegetables,Onion,10-10-2021,3710.0,Metric Tonnes,2884.58,Rs./Quintal
Maharashtra,Pune,Vegetables,Tomato,10-10-2021,443.0,Metric Tonnes,2316.82,Rs./Quintal
Maharashtra,Pune,Vegetables,Onion,11-10-2021,1187.0,Metric Tonnes,2476.24,Rs./Quintal
Maharashtra,Pune,Vegetables,Tomato,11-10-2021,113.0,Metric Tonnes,2891.59,Rs./Quintal
Maharashtra,Pune,Vegetables,Onion,12-10-2021,2371.0,Metric Tonnes,2525.49,Rs./Quintal
Maharashtra,Pune,Vegetables,Tomato,12-10-2021,362.0,Metric Tonnes,2157.73,Rs./Quintal
Maharashtra,Pune,Vegetables,Onion,13-10-2021,1610.0,Metric Tonnes,2406.4,Rs./Quintal
Maharashtra,Pune,Vegetables,Tomato,13-10-2021,249.0,Metric Tonnes,2573.09,Rs./Quintal
Maharashtra,Pune,Vegetables,Onion,14-10-2021,1257.0,Metric Tonnes,2160.98,Rs./Quintal
Maharashtra,Pune,Vegetables,Tomato,14-10-2021,261.0,Metric Tonnes,2517.43,Rs./Quintal
Maharashtra,Pune,Vegetables,Onion,15-10-2021,2224.0,Metric Tonnes,2473.08,Rs./Quintal
Maharashtra,Pune,Vegetables,Tomato,15-10-2021,251.0,Metric Tonnes,2432.87,Rs./Quintal
Maharashtra,Pune,Vegetables,Onion,16-10-2021,13.0,Metric Tonnes,3065.38,Rs./Quintal
Maharashtra,Pune,Vegetables,Tomato,16-10-2021,83.0,Metric Tonnes,3347.59,Rs./Quintal
Maharashtra,Pune,Vegetables,Onion,17-10-2021,2266.0,Metric Tonnes,2260.52,Rs./Quintal
Maharashtra,Pune,Vegetables,Tomato,17-10-2021,346.0,Metric Tonnes,2239.16,Rs./Quintal
Maharashtra,Pune,Vegetables,Onion,18-10-2021,2432.0,Metric Tonnes,2221.89,Rs./Quintal
Maharashtra,Pune,Vegetables,Tomato,18-10-2021,275.0,Metric Tonnes,1742.55,Rs./Quintal
Maharashtra,Pune,Vegetables,Onion,19-10-2021,2177.0,Metric Tonnes,2323.51,Rs./Quintal
Maharashtra,Pune,Vegetables,Tomato,19-10-2021,223.0,Metric Tonnes,2214.35,Rs./Quintal
Maharashtra,Pune,Vegetables,Onion,20-10-2021,1497.0,Metric Tonnes,2163.16,Rs./Quintal
Maharashtra,Pune,Vegetables,Tomato,20-10-2021,228.0,Metric Tonnes,2842.32,Rs./Quintal
Maharashtra,Pune,Vegetables,Onion,21-10-2021,2220.0,Metric Tonnes,2081.64,Rs./Quintal
Maharashtra,Pune,Vegetables,Tomato,21-10-2021,285.0,Metric Tonnes,2810.47,Rs./Quintal
Maharashtra,Pune,Vegetables,Onion,22-10-2021,2511.0,Metric Tonnes,1887.75,Rs./Quintal
Maharashtra,Pune,Vegetables,Tomato,22-10-2021,291.0,Metric Tonnes,2370.96,Rs./Quintal
Maharashtra,Pune,Vegetables,Onion,23-10-2021,575.0,Metric Tonnes,1969.3,Rs./Quintal
Maharashtra,Pune,Vegetables,Tomato,23-10-2021,105.0,Metric Tonnes,2963.33,Rs./Quintal
Maharashtra,Pune,Vegetables,Onion,24-10-2021,3097.0,Metric Tonnes,2002.52,Rs./Quintal
Maharashtra,Pune,Vegetables,Tomato,24-10-2021,299.0,Metric Tonnes,2412.21,Rs./Quintal
Maharashtra,Pune,Vegetables,Onion,25-10-2021,1037.0,Metric Tonnes,1689.78,Rs./Quintal
Maharashtra,Pune,Vegetables,Tomato,25-10-2021,181.0,Metric Tonnes,2829.83,Rs./Quintal
Maharashtra,Pune,Vegetables,Onion,26-10-2021,2490.0,Metric Tonnes,2066.55,Rs./Quintal
Maharashtra,Pune,Vegetables,Tomato,26-10-2021,278.0,Metric Tonnes,2681.83,Rs./Quintal
Maharashtra,Pune,Vegetables,Onion,27-10-2021,1021.0,Metric Tonnes,1954.85,Rs./Quintal
Maharashtra,Pune,Vegetables,Tomato,27-10-2021,193.0,Metric Tonnes,2801.55,Rs./Quintal
Maharashtra,Pune,Vegetables,Onion,28-10-2021,1906.0,Metric Tonnes,1894.91,Rs./Quintal
Maharashtra,Pune,Vegetables,Tomato,28-10-2021,290.0,Metric Tonnes,2461.55,Rs./Quintal
Maharashtra,Pune,Vegetables,Onion,29-10-2021,1612.0,Metric Tonnes,1779.44,Rs./Quintal
Maharashtra,Pune,Vegetables,Tomato,29-10-2021,309.0,Metric Tonnes,2638.35,Rs./Quintal
Maharashtra,Pune,Vegetables,Onion,30-10-2021,129.0,Metric Tonnes,1784.88,Rs./Quintal
Maharashtra,Pune,Vegetables,Tomato,30-10-2021,88.0,Metric Tonnes,2725.57,Rs./Quintal
Maharashtra,Pune,Vegetables,Onion,31-10-2021,3409.0,Metric Tonnes,1873.21,Rs./Quintal
Maharashtra,Pune,Vegetables,Tomato,31-10-2021,354.0,Metric Tonnes,2159.89,Rs./Quintal
Maharashtra,Pune,Vegetables,Onion,01-11-2021,1471.0,Metric Tonnes,1812.17,Rs./Quintal
Maharashtra,Pune,Vegetables,Tomato,01-11-2021,2319.0,Metric Tonnes,1090.25,Rs./Quintal
Maharashtra,Pune,Vegetables,Onion,02-11-2021,1361.0,Metric Tonnes,1832.96,Rs./Quintal
Maharashtra,Pune,Vegetables,Tomato,02-11-2021,205.0,Metric Tonnes,2400.49,Rs./Quintal
Maharashtra,Pune,Vegetables,Onion,03-11-2021,818.0,Metric Tonnes,1822.07,Rs./Quintal
Maharashtra,Pune,Vegetables,Tomato,03-11-2021,135.0,Metric Tonnes,2822.22,Rs./Quintal
Maharashtra,Pune,Vegetables,Onion,04-11-2021,724.0,Metric Tonnes,1793.44,Rs./Quintal
Maharashtra,Pune,Vegetables,Tomato,04-11-2021,199.0,Metric Tonnes,2426.63,Rs./Quintal
Maharashtra,Pune,Vegetables,Onion,05-11-2021,1032.0,Metric Tonnes,1808.72,Rs./Quintal
Maharashtra,Pune,Vegetables,Tomato,05-11-2021,358.0,Metric Tonnes,2129.89,Rs./Quintal
Maharashtra,Pune,Vegetables,Onion,06-11-2021,1.0,Metric Tonnes,2450.0,Rs./Quintal
Maharashtra,Pune,Vegetables,Tomato,06-11-2021,37.0,Metric Tonnes,2982.43,Rs./Quintal
Maharashtra,Pune,Vegetables,Onion,07-11-2021,1789.0,Metric Tonnes,2069.22,Rs./Quintal
Maharashtra,Pune,Vegetables,Tomato,07-11-2021,283.0,Metric Tonnes,2728.45,Rs./Quintal
Maharashtra,Pune,Vegetables,Onion,08-11-2021,1812.0,Metric Tonnes,2432.96,Rs./Quintal
Maharashtra,Pune,Vegetables,Tomato,08-11-2021,187.0,Metric Tonnes,2432.62,Rs./Quintal
Maharashtra,Pune,Vegetables,Onion,09-11-2021,2265.0,Metric Tonnes,2415.76,Rs./Quintal
Maharashtra,Pune,Vegetables,Tomato,09-11-2021,309.0,Metric Tonnes,2503.4,Rs./Quintal
Maharashtra,Pune,Vegetables,Onion,10-11-2021,2109.0,Metric Tonnes,2382.76,Rs./Quintal
Maharashtra,Pune,Vegetables,Tomato,10-11-2021,199.0,Metric Tonnes,2466.58,Rs./Quintal
Maharashtra,Pune,Vegetables,Onion,11-11-2021,3811.0,Metric Tonnes,2404.87,Rs./Quintal
Maharashtra,Pune,Vegetables,Tomato,11-11-2021,242.0,Metric Tonnes,2512.4,Rs./Quintal
Maharashtra,Pune,Vegetables,Onion,12-11-2021,3092.0,Metric Tonnes,2163.87,Rs./Quintal
Maharashtra,Pune,Vegetables,Tomato,12-11-2021,233.0,Metric Tonnes,2533.69,Rs./Quintal
Maharashtra,Pune,Vegetables,Onion,13-11-2021,63.0,Metric Tonnes,2134.13,Rs./Quintal
Maharashtra,Pune,Vegetables,Tomato,13-11-2021,95.0,Metric Tonnes,2899.47,Rs./Quintal
Maharashtra,Pune,Vegetables,Onion,14-11-2021,5428.0,Metric Tonnes,1892.27,Rs./Quintal
Maharashtra,Pune,Vegetables,Tomato,14-11-2021,310.0,Metric Tonnes,2645.65,Rs./Quintal
Maharashtra,Pune,Vegetables,Onion,15-11-2021,1325.0,Metric Tonnes,1890.0,Rs./Quintal
Maharashtra,Pune,Vegetables,Tomato,15-11-2021,176.0,Metric Tonnes,2649.72,Rs./Quintal
Maharashtra,Pune,Vegetables,Onion,16-11-2021,2721.0,Metric Tonnes,1732.07,Rs./Quintal
Maharashtra,Pune,Vegetables,Tomato,16-11-2021,252.0,Metric Tonnes,2717.26,Rs./Quintal
Maharashtra,Pune,Vegetables,Onion,17-11-2021,1449.0,Metric Tonnes,1722.71,Rs./Quintal
Maharashtra,Pune,Vegetables,Tomato,17-11-2021,172.0,Metric Tonnes,3090.7,Rs./Quintal
Maharashtra,Pune,Vegetables,Onion,18-11-2021,3600.0,Metric Tonnes,1561.21,Rs./Quintal
Maharashtra,Pune,Vegetables,Tomato,18-11-2021,254.0,Metric Tonnes,2862.2,Rs./Quintal
Maharashtra,Pune,Vegetables,Onion,19-11-2021,2312.0,Metric Tonnes,1563.41,Rs./Quintal
Maharashtra,Pune,Vegetables,Tomato,19-11-2021,258.0,Metric Tonnes,2652.13,Rs./Quintal
Maharashtra,Pune,Vegetables,Onion,20-11-2021,184.0,Metric Tonnes,1900.54,Rs./Quintal
Maharashtra,Pune,Vegetables,Tomato,20-11-2021,88.0,Metric Tonnes,3553.69,Rs./Quintal
Maharashtra,Pune,Vegetables,Onion,21-11-2021,3583.0,Metric Tonnes,1851.0,Rs./Quintal
Maharashtra,Pune,Vegetables,Tomato,21-11-2021,301.0,Metric Tonnes,2817.44,Rs./Quintal
Maharashtra,Pune,Vegetables,Onion,22-11-2021,1059.0,Metric Tonnes,1791.97,Rs./Quintal
Maharashtra,Pune,Vegetables,Tomato,22-11-2021,131.0,Metric Tonnes,2884.73,Rs./Quintal
Maharashtra,Pune,Vegetables,Onion,23-11-2021,2491.0,Metric Tonnes,1798.23,Rs./Quintal
Maharashtra,Pune,Vegetables,Tomato,23-11-2021,203.0,Metric Tonnes,3435.22,Rs./Quintal
Maharashtra,Pune,Vegetables,Onion,24-11-2021,1725.0,Metric Tonnes,1714.46,Rs./Quintal
Maharashtra,Pune,Vegetables,Tomato,24-11-2021,165.0,Metric Tonnes,3392.73,Rs./Quintal
Maharashtra,Pune,Vegetables,Onion,25-11-2021,2875.0,Metric Tonnes,1738.61,Rs./Quintal
Maharashtra,Pune,Vegetables,Tomato,25-11-2021,283.0,Metric Tonnes,3042.23,Rs./Quintal
Maharashtra,Pune,Vegetables,Onion,26-11-2021,2047.0,Metric Tonnes,1440.74,Rs./Quintal
Maharashtra,Pune,Vegetables,Tomato,26-11-2021,258.0,Metric Tonnes,2663.95,Rs./Quintal
Maharashtra,Pune,Vegetables,Onion,27-11-2021,234.0,Metric Tonnes,1865.38,Rs./Quintal
Maharashtra,Pune,Vegetables,Tomato,27-11-2021,79.0,Metric Tonnes,2851.9,Rs./Quintal
Maharashtra,Pune,Vegetables,Onion,28-11-2021,3659.0,Metric Tonnes,1537.93,Rs./Quintal
Maharashtra,Pune,Vegetables,Tomato,28-11-2021,235.0,Metric Tonnes,2786.81,Rs./Quintal
Maharashtra,Pune,Vegetables,Onion,29-11-2021,1091.0,Metric Tonnes,1296.52,Rs./Quintal
Maharashtra,Pune,Vegetables,Tomato,29-11-2021,191.0,Metric Tonnes,2486.13,Rs./Quintal
Maharashtra,Pune,Vegetables,Onion,30-11-2021,1923.0,Metric Tonnes,1304.21,Rs./Quintal
Maharashtra,Pune,Vegetables,Tomato,30-11-2021,176.0,Metric Tonnes,2576.7,Rs./Quintal
Maharashtra,Pune,Vegetables,Onion,01-12-2021,1437.0,Metric Tonnes,1287.02,Rs./Quintal
Maharashtra,Pune,Vegetables,Tomato,01-12-2021,154.0,Metric Tonnes,2471.1,Rs./Quintal
Maharashtra,Pune,Vegetables,Onion,02-12-2021,1242.0,Metric Tonnes,1983.37,Rs./Quintal
Maharashtra,Pune,Vegetables,Tomato,02-12-2021,150.0,Metric Tonnes,2702.5,Rs./Quintal
Maharashtra,Pune,Vegetables,Onion,03-12-2021,1163.0,Metric Tonnes,1848.02,Rs./Quintal
Maharashtra,Pune,Vegetables,Tomato,03-12-2021,124.0,Metric Tonnes,3106.85,Rs./Quintal
Maharashtra,Pune,Vegetables,Onion,04-12-2021,90.0,Metric Tonnes,1851.67,Rs./Quintal
Maharashtra,Pune,Vegetables,Tomato,04-12-2021,91.0,Metric Tonnes,3170.33,Rs./Quintal
Maharashtra,Pune,Vegetables,Onion,05-12-2021,3068.0,Metric Tonnes,1811.48,Rs./Quintal
Maharashtra,Pune,Vegetables,Tomato,05-12-2021,292.0,Metric Tonnes,3299.83,Rs./Quintal
Maharashtra,Pune,Vegetables,Onion,06-12-2021,1172.0,Metric Tonnes,1503.95,Rs./Quintal
Maharashtra,Pune,Vegetables,Tomato,06-12-2021,187.0,Metric Tonnes,3100.0,Rs./Quintal
Maharashtra,Pune,Vegetables,Onion,07-12-2021,2083.0,Metric Tonnes,1592.64,Rs./Quintal
Maharashtra,Pune,Vegetables,Tomato,07-12-2021,235.0,Metric Tonnes,3380.21,Rs./Quintal
Maharashtra,Pune,Vegetables,Onion,08-12-2021,1305.0,Metric Tonnes,1447.3,Rs./Quintal
Maharashtra,Pune,Vegetables,Tomato,08-12-2021,166.0,Metric Tonnes,3536.75,Rs./Quintal
Maharashtra,Pune,Vegetables,Onion,09-12-2021,1520.0,Metric Tonnes,1754.58,Rs./Quintal
Maharashtra,Pune,Vegetables,Tomato,09-12-2021,296.0,Metric Tonnes,3181.93,Rs./Quintal
Maharashtra,Pune,Vegetables,Onion,10-12-2021,1992.0,Metric Tonnes,1995.41,Rs./Quintal
Maharashtra,Pune,Vegetables,Tomato,10-12-2021,302.0,Metric Tonnes,2705.79,Rs./Quintal
Maharashtra,Pune,Vegetables,Onion,11-12-2021,32.0,Metric Tonnes,1196.88,Rs./Quintal
Maharashtra,Pune,Vegetables,Tomato,11-12-2021,89.0,Metric Tonnes,2573.03,Rs./Quintal
Maharashtra,Pune,Vegetables,Onion,12-12-2021,3324.0,Metric Tonnes,2107.49,Rs./Quintal
Maharashtra,Pune,Vegetables,Tomato,12-12-2021,333.0,Metric Tonnes,2429.43,Rs./Quintal
Maharashtra,Pune,Vegetables,Onion,13-12-2021,1281.0,Metric Tonnes,1838.42,Rs./Quintal
Maharashtra,Pune,Vegetables,Tomato,13-12-2021,226.0,Metric Tonnes,2528.32,Rs./Quintal
Maharashtra,Pune,Vegetables,Onion,14-12-2021,1913.0,Metric Tonnes,2018.13,Rs./Quintal
Maharashtra,Pune,Vegetables,Tomato,14-12-2021,340.0,Metric Tonnes,2391.91,Rs./Quintal
Maharashtra,Pune,Vegetables,Onion,15-12-2021,1625.0,Metric Tonnes,1999.63,Rs./Quintal
Maharashtra,Pune,Vegetables,Tomato,15-12-2021,201.0,Metric Tonnes,2018.66,Rs./Quintal
Maharashtra,Pune,Vegetables,Onion,16-12-2021,2392.0,Metric Tonnes,2281.51,Rs./Quintal
Maharashtra,Pune,Vegetables,Tomato,16-12-2021,304.0,Metric Tonnes,2059.87,Rs./Quintal
Maharashtra,Pune,Vegetables,Onion,17-12-2021,2330.0,Metric Tonnes,1818.79,Rs./Quintal
Maharashtra,Pune,Vegetables,Tomato,17-12-2021,264.0,Metric Tonnes,2012.69,Rs./Quintal
Maharashtra,Pune,Vegetables,Onion,18-12-2021,649.0,Metric Tonnes,1479.82,Rs./Quintal
Maharashtra,Pune,Vegetables,Tomato,18-12-2021,99.0,Metric Tonnes,1715.66,Rs./Quintal
Maharashtra,Pune,Vegetables,Onion,19-12-2021,2248.0,Metric Tonnes,1952.76,Rs./Quintal
Maharashtra,Pune,Vegetables,Tomato,19-12-2021,339.0,Metric Tonnes,2220.5,Rs./Quintal
Maharashtra,Pune,Vegetables,Onion,20-12-2021,1095.0,Metric Tonnes,1982.83,Rs./Quintal
Maharashtra,Pune,Vegetables,Tomato,20-12-2021,208.0,Metric Tonnes,2016.11,Rs./Quintal
Maharashtra,Pune,Vegetables,Onion,21-12-2021,2506.0,Metric Tonnes,2012.49,Rs./Quintal
Maharashtra,Pune,Vegetables,Tomato,21-12-2021,276.0,Metric Tonnes,1830.8,Rs./Quintal
Maharashtra,Pune,Vegetables,Onion,22-12-2021,1680.0,Metric Tonnes,1776.1,Rs./Quintal
Maharashtra,Pune,Vegetables,Tomato,22-12-2021,174.0,Metric Tonnes,1932.18,Rs./Quintal
Maharashtra,Pune,Vegetables,Onion,23-12-2021,2086.0,Metric Tonnes,2178.4,Rs./Quintal
Maharashtra,Pune,Vegetables,Tomato,23-12-2021,234.0,Metric Tonnes,2077.35,Rs./Quintal
Maharashtra,Pune,Vegetables,Onion,24-12-2021,2641.0,Metric Tonnes,1982.87,Rs./Quintal
Maharashtra,Pune,Vegetables,Tomato,24-12-2021,234.0,Metric Tonnes,2388.68,Rs./Quintal
Maharashtra,Pune,Vegetables,Onion,25-12-2021,442.0,Metric Tonnes,1754.64,Rs./Quintal
Maharashtra,Pune,Vegetables,Tomato,25-12-2021,78.0,Metric Tonnes,2689.74,Rs./Quintal
Maharashtra,Pune,Vegetables,Onion,26-12-2021,3367.0,Metric Tonnes,2199.7,Rs./Quintal
Maharashtra,Pune,Vegetables,Tomato,26-12-2021,272.0,Metric Tonnes,2277.76,Rs./Quintal
Maharashtra,Pune,Vegetables,Onion,27-12-2021,1220.0,Metric Tonnes,2258.48,Rs./Quintal
Maharashtra,Pune,Vegetables,Tomato,27-12-2021,203.0,Metric Tonnes,2127.09,Rs./Quintal
Maharashtra,Pune,Vegetables,Onion,28-12-2021,2607.0,Metric Tonnes,2066.42,Rs./Quintal
Maharashtra,Pune,Vegetables,Tomato,28-12-2021,228.0,Metric Tonnes,2389.04,Rs./Quintal
Maharashtra,Pune,Vegetables,Onion,29-12-2021,2116.0,Metric Tonnes,1951.51,Rs./Quintal
Maharashtra,Pune,Vegetables,Tomato,29-12-2021,202.0,Metric Tonnes,2227.48,Rs./Quintal
Maharashtra,Pune,Vegetables,Onion,30-12-2021,1634.0,Metric Tonnes,1972.28,Rs./Quintal
Maharashtra,Pune,Vegetables,Tomato,30-12-2021,338.0,Metric Tonnes,2057.84,Rs./Quintal
Maharashtra,Pune,Vegetables,Onion,31-12-2021,3023.0,Metric Tonnes,2014.4,Rs./Quintal
Maharashtra,Pune,Vegetables,Tomato,31-12-2021,336.0,Metric Tonnes,2042.26,Rs./Quintal
Maharashtra,Pune,Vegetables,Onion,01-01-2022,587.0,Metric Tonnes,1937.56,Rs./Quintal
Maharashtra,Pune,Vegetables,Tomato,01-01-2022,90.0,Metric Tonnes,1687.78,Rs./Quintal
Maharashtra,Pune,Vegetables,Onion,02-01-2022,1440.0,Metric Tonnes,2030.0,Rs./Quintal
Maharashtra,Pune,Vegetables,Tomato,02-01-2022,349.0,Metric Tonnes,2038.68,Rs./Quintal
Maharashtra,Pune,Vegetables,Onion,03-01-2022,1629.0,Metric Tonnes,1962.83,Rs./Quintal
Maharashtra,Pune,Vegetables,Tomato,03-01-2022,263.0,Metric Tonnes,1938.02,Rs./Quintal
Maharashtra,Pune,Vegetables,Onion,04-01-2022,3034.0,Metric Tonnes,2008.34,Rs./Quintal
Maharashtra,Pune,Vegetables,Tomato,04-01-2022,277.0,Metric Tonnes,1816.61,Rs./Quintal
Maharashtra,Pune,Vegetables,Onion,05-01-2022,1897.0,Metric Tonnes,1869.61,Rs./Quintal
Maharashtra,Pune,Vegetables,Tomato,05-01-2022,203.0,Metric Tonnes,1802.46,Rs./Quintal
Maharashtra,Pune,Vegetables,Onion,06-01-2022,475.0,Metric Tonnes,2490.53,Rs./Quintal
Maharashtra,Pune,Vegetables,Tomato,06-01-2022,61.0,Metric Tonnes,2118.03,Rs./Quintal
Maharashtra,Pune,Vegetables,Onion,07-01-2022,1730.0,Metric Tonnes,1932.76,Rs./Quintal
Maharashtra,Pune,Vegetables,Tomato,07-01-2022,333.0,Metric Tonnes,1386.34,Rs./Quintal
Maharashtra,Pune,Vegetables,Onion,08-01-2022,806.0,Metric Tonnes,2139.08,Rs./Quintal
Maharashtra,Pune,Vegetables,Tomato,08-01-2022,134.0,Metric Tonnes,1383.96,Rs./Quintal
Maharashtra,Pune,Vegetables,Onion,09-01-2022,2234.0,Metric Tonnes,1945.59,Rs./Quintal
Maharashtra,Pune,Vegetables,Tomato,09-01-2022,334.0,Metric Tonnes,1604.79,Rs./Quintal
Maharashtra,Pune,Vegetables,Onion,10-01-2022,1656.0,Metric Tonnes,1929.17,Rs./Quintal
Maharashtra,Pune,Vegetables,Tomato,10-01-2022,268.0,Metric Tonnes,1435.63,Rs./Quintal
Maharashtra,Pune,Vegetables,Onion,11-01-2022,3337.0,Metric Tonnes,1884.1,Rs./Quintal
Maharashtra,Pune,Vegetables,Tomato,11-01-2022,268.0,Metric Tonnes,1430.22,Rs./Quintal
Maharashtra,Pune,Vegetables,Onion,12-01-2022,1959.0,Metric Tonnes,1832.95,Rs./Quintal
Maharashtra,Pune,Vegetables,Tomato,12-01-2022,248.0,Metric Tonnes,1399.19,Rs./Quintal
Maharashtra,Pune,Vegetables,Onion,13-01-2022,343.0,Metric Tonnes,1778.13,Rs./Quintal
Maharashtra,Pune,Vegetables,Tomato,13-01-2022,58.0,Metric Tonnes,1151.72,Rs./Quintal
Maharashtra,Pune,Vegetables,Onion,14-01-2022,2814.0,Metric Tonnes,1799.53,Rs./Quintal
Maharashtra,Pune,Vegetables,Tomato,14-01-2022,197.0,Metric Tonnes,1526.65,Rs./Quintal
Maharashtra,Pune,Vegetables,Onion,15-01-2022,919.0,Metric Tonnes,1753.3,Rs./Quintal
Maharashtra,Pune,Vegetables,Tomato,15-01-2022,99.0,Metric Tonnes,1457.58,Rs./Quintal
Maharashtra,Pune,Vegetables,Onion,16-01-2022,3148.0,Metric Tonnes,1770.74,Rs./Quintal
Maharashtra,Pune,Vegetables,Tomato,16-01-2022,449.0,Metric Tonnes,1400.0,Rs./Quintal
Maharashtra,Pune,Vegetables,Onion,17-01-2022,1413.0,Metric Tonnes,1548.12,Rs./Quintal
Maharashtra,Pune,Vegetables,Tomato,17-01-2022,324.0,Metric Tonnes,1201.7,Rs./Quintal
Maharashtra,Pune,Vegetables,Onion,18-01-2022,3280.0,Metric Tonnes,1920.46,Rs./Quintal
Maharashtra,Pune,Vegetables,Tomato,18-01-2022,247.0,Metric Tonnes,1254.86,Rs./Quintal
Maharashtra,Pune,Vegetables,Onion,19-01-2022,2093.0,Metric Tonnes,1799.58,Rs./Quintal
Maharashtra,Pune,Vegetables,Tomato,19-01-2022,223.0,Metric Tonnes,1044.62,Rs./Quintal
Maharashtra,Pune,Vegetables,Onion,20-01-2022,2423.0,Metric Tonnes,1987.1,Rs./Quintal
Maharashtra,Pune,Vegetables,Tomato,20-01-2022,274.0,Metric Tonnes,1141.24,Rs./Quintal
Maharashtra,Pune,Vegetables,Onion,21-01-2022,3653.0,Metric Tonnes,1903.94,Rs./Quintal
Maharashtra,Pune,Vegetables,Tomato,21-01-2022,220.0,Metric Tonnes,1332.27,Rs./Quintal
Maharashtra,Pune,Vegetables,Onion,22-01-2022,543.0,Metric Tonnes,1761.6,Rs./Quintal
Maharashtra,Pune,Vegetables,Tomato,22-01-2022,93.0,Metric Tonnes,1681.18,Rs./Quintal
Maharashtra,Pune,Vegetables,Onion,23-01-2022,4491.0,Metric Tonnes,1819.84,Rs./Quintal
Maharashtra,Pune,Vegetables,Tomato,23-01-2022,363.0,Metric Tonnes,1523.0,Rs./Quintal
Maharashtra,Pune,Vegetables,Onion,24-01-2022,1406.0,Metric Tonnes,1687.48,Rs./Quintal
Maharashtra,Pune,Vegetables,Tomato,24-01-2022,282.0,Metric Tonnes,1465.96,Rs./Quintal
Maharashtra,Pune,Vegetables,Onion,25-01-2022,4112.0,Metric Tonnes,1878.07,Rs./Quintal
Maharashtra,Pune,Vegetables,Tomato,25-01-2022,335.0,Metric Tonnes,1566.57,Rs./Quintal
Maharashtra,Pune,Vegetables,Tomato,26-01-2022,26.0,Metric Tonnes,1500.0,Rs./Quintal
Maharashtra,Pune,Vegetables,Onion,27-01-2022,1950.0,Metric Tonnes,1858.69,Rs./Quintal
Maharashtra,Pune,Vegetables,Tomato,27-01-2022,447.0,Metric Tonnes,1248.21,Rs./Quintal
Maharashtra,Pune,Vegetables,Onion,28-01-2022,3114.0,Metric Tonnes,1881.35,Rs./Quintal
Maharashtra,Pune,Vegetables,Tomato,28-01-2022,334.0,Metric Tonnes,1377.69,Rs./Quintal
Maharashtra,Pune,Vegetables,Onion,29-01-2022,443.0,Metric Tonnes,1744.47,Rs./Quintal
Maharashtra,Pune,Vegetables,Tomato,29-01-2022,100.0,Metric Tonnes,1252.0,Rs./Quintal
Maharashtra,Pune,Vegetables,Onion,30-01-2022,3219.0,Metric Tonnes,1943.28,Rs./Quintal
Maharashtra,Pune,Vegetables,Tomato,30-01-2022,409.0,Metric Tonnes,1420.54,Rs./Quintal
Maharashtra,Pune,Vegetables,Onion,31-01-2022,1519.0,Metric Tonnes,1589.66,Rs./Quintal
Maharashtra,Pune,Vegetables,Tomato,31-01-2022,31.0,Metric Tonnes,958.06,Rs./Quintal
Maharashtra,Pune,Vegetables,Onion,01-02-2022,3188.0,Metric Tonnes,1706.02,Rs./Quintal
Maharashtra,Pune,Vegetables,Tomato,01-02-2022,138.0,Metric Tonnes,1203.99,Rs./Quintal
Maharashtra,Pune,Vegetables,Onion,02-02-2022,1477.0,Metric Tonnes,1560.07,Rs./Quintal
Maharashtra,Pune,Vegetables,Tomato,02-02-2022,85.0,Metric Tonnes,1522.35,Rs./Quintal
Maharashtra,Pune,Vegetables,Onion,03-02-2022,2101.0,Metric Tonnes,1721.72,Rs./Quintal
Maharashtra,Pune,Vegetables,Tomato,03-02-2022,269.0,Metric Tonnes,1485.32,Rs./Quintal
Maharashtra,Pune,Vegetables,Onion,04-02-2022,3120.0,Metric Tonnes,1846.29,Rs./Quintal
Maharashtra,Pune,Vegetables,Tomato,04-02-2022,275.0,Metric Tonnes,1742.55,Rs./Quintal
Maharashtra,Pune,Vegetables,Onion,05-02-2022,442.0,Metric Tonnes,1750.45,Rs./Quintal
Maharashtra,Pune,Vegetables,Tomato,05-02-2022,123.0,Metric Tonnes,1510.57,Rs./Quintal
Maharashtra,Pune,Vegetables,Onion,06-02-2022,3521.0,Metric Tonnes,1841.37,Rs./Quintal
Maharashtra,Pune,Vegetables,Tomato,06-02-2022,336.0,Metric Tonnes,1677.08,Rs./Quintal
Maharashtra,Pune,Vegetables,Onion,07-02-2022,1287.0,Metric Tonnes,1688.77,Rs./Quintal
Maharashtra,Pune,Vegetables,Tomato,07-02-2022,286.0,Metric Tonnes,2080.59,Rs./Quintal
Maharashtra,Pune,Vegetables,Onion,08-02-2022,2809.0,Metric Tonnes,2029.58,Rs./Quintal
Maharashtra,Pune,Vegetables,Tomato,08-02-2022,359.0,Metric Tonnes,1584.12,Rs./Quintal
Maharashtra,Pune,Vegetables,Onion,09-02-2022,1524.0,Metric Tonnes,1851.87,Rs./Quintal
Maharashtra,Pune,Vegetables,Tomato,09-02-2022,283.0,Metric Tonnes,1709.54,Rs./Quintal
Maharashtra,Pune,Vegetables,Onion,10-02-2022,2341.0,Metric Tonnes,1860.98,Rs./Quintal
Maharashtra,Pune,Vegetables,Tomato,10-02-2022,345.0,Metric Tonnes,1440.87,Rs./Quintal
Maharashtra,Pune,Vegetables,Onion,11-02-2022,2458.0,Metric Tonnes,2305.78,Rs./Quintal
Maharashtra,Pune,Vegetables,Tomato,11-02-2022,416.0,Metric Tonnes,1321.03,Rs./Quintal
Maharashtra,Pune,Vegetables,Onion,12-02-2022,480.0,Metric Tonnes,2191.46,Rs./Quintal
Maharashtra,Pune,Vegetables,Tomato,12-02-2022,117.0,Metric Tonnes,1333.76,Rs./Quintal
Maharashtra,Pune,Vegetables,Onion,13-02-2022,3364.0,Metric Tonnes,2031.89,Rs./Quintal
Maharashtra,Pune,Vegetables,Tomato,13-02-2022,568.0,Metric Tonnes,1131.78,Rs./Quintal
Maharashtra,Pune,Vegetables,Onion,14-02-2022,1176.0,Metric Tonnes,1933.89,Rs./Quintal
Maharashtra,Pune,Vegetables,Tomato,14-02-2022,238.0,Metric Tonnes,1156.93,Rs./Quintal
Maharashtra,Pune,Vegetables,Onion,15-02-2022,2609.0,Metric Tonnes,1733.5,Rs./Quintal
Maharashtra,Pune,Vegetables,Tomato,15-02-2022,327.0,Metric Tonnes,1067.43,Rs./Quintal
Maharashtra,Pune,Vegetables,Onion,16-02-2022,1862.0,Metric Tonnes,1660.12,Rs./Quintal
Maharashtra,Pune,Vegetables,Tomato,16-02-2022,247.0,Metric Tonnes,1101.01,Rs./Quintal
Maharashtra,Pune,Vegetables,Onion,17-02-2022,2576.0,Metric Tonnes,2001.35,Rs./Quintal
Maharashtra,Pune,Vegetables,Tomato,17-02-2022,329.0,Metric Tonnes,1061.25,Rs./Quintal
Maharashtra,Pune,Vegetables,Onion,18-02-2022,2725.0,Metric Tonnes,1938.88,Rs./Quintal
Maharashtra,Pune,Vegetables,Tomato,18-02-2022,281.0,Metric Tonnes,953.2,Rs./Quintal
Maharashtra,Pune,Vegetables,Onion,19-02-2022,645.0,Metric Tonnes,2141.01,Rs./Quintal
Maharashtra,Pune,Vegetables,Tomato,19-02-2022,115.0,Metric Tonnes,1134.78,Rs./Quintal
Maharashtra,Pune,Vegetables,Onion,20-02-2022,3657.0,Metric Tonnes,1897.87,Rs./Quintal
Maharashtra,Pune,Vegetables,Tomato,20-02-2022,438.0,Metric Tonnes,1023.29,Rs./Quintal
Maharashtra,Pune,Vegetables,Onion,21-02-2022,1424.0,Metric Tonnes,1749.02,Rs./Quintal
Maharashtra,Pune,Vegetables,Tomato,21-02-2022,316.0,Metric Tonnes,1061.71,Rs./Quintal
Maharashtra,Pune,Vegetables,Onion,22-02-2022,3275.0,Metric Tonnes,1916.66,Rs./Quintal
Maharashtra,Pune,Vegetables,Tomato,22-02-2022,317.0,Metric Tonnes,1047.79,Rs./Quintal
Maharashtra,Pune,Vegetables,Onion,23-02-2022,2285.0,Metric Tonnes,1896.29,Rs./Quintal
Maharashtra,Pune,Vegetables,Tomato,23-02-2022,283.0,Metric Tonnes,975.97,Rs./Quintal
Maharashtra,Pune,Vegetables,Onion,24-02-2022,3609.0,Metric Tonnes,1845.1,Rs./Quintal
Maharashtra,Pune,Vegetables,Tomato,24-02-2022,320.0,Metric Tonnes,1030.0,Rs./Quintal
Maharashtra,Pune,Vegetables,Onion,25-02-2022,2294.0,Metric Tonnes,1600.76,Rs./Quintal
Maharashtra,Pune,Vegetables,Tomato,25-02-2022,350.0,Metric Tonnes,1037.57,Rs./Quintal
Maharashtra,Pune,Vegetables,Onion,26-02-2022,1301.0,Metric Tonnes,1977.86,Rs./Quintal
Maharashtra,Pune,Vegetables,Tomato,26-02-2022,149.0,Metric Tonnes,1197.65,Rs./Quintal
Maharashtra,Pune,Vegetables,Onion,27-02-2022,4590.0,Metric Tonnes,1523.78,Rs./Quintal
Maharashtra,Pune,Vegetables,Tomato,27-02-2022,340.0,Metric Tonnes,1100.29,Rs./Quintal
Maharashtra,Pune,Vegetables,Onion,28-02-2022,1929.0,Metric Tonnes,1402.13,Rs./Quintal
Maharashtra,Pune,Vegetables,Tomato,28-02-2022,279.0,Metric Tonnes,1061.65,Rs./Quintal
Maharashtra,Pune,Vegetables,Onion,01-03-2022,3550.0,Metric Tonnes,1617.93,Rs./Quintal
Maharashtra,Pune,Vegetables,Tomato,01-03-2022,253.0,Metric Tonnes,1010.08,Rs./Quintal
Maharashtra,Pune,Vegetables,Onion,02-03-2022,2999.0,Metric Tonnes,1550.55,Rs./Quintal
Maharashtra,Pune,Vegetables,Tomato,02-03-2022,369.0,Metric Tonnes,1062.2,Rs./Quintal
Maharashtra,Pune,Vegetables,Onion,03-03-2022,3695.0,Metric Tonnes,1545.28,Rs./Quintal
Maharashtra,Pune,Vegetables,Tomato,03-03-2022,313.0,Metric Tonnes,1059.74,Rs./Quintal
Maharashtra,Pune,Vegetables,Onion,04-03-2022,3346.0,Metric Tonnes,1167.41,Rs./Quintal
Maharashtra,Pune,Vegetables,Tomato,04-03-2022,385.0,Metric Tonnes,948.44,Rs./Quintal
Maharashtra,Pune,Vegetables,Onion,05-03-2022,2044.0,Metric Tonnes,1495.99,Rs./Quintal
Maharashtra,Pune,Vegetables,Tomato,05-03-2022,151.0,Metric Tonnes,957.62,Rs./Quintal
Maharashtra,Pune,Vegetables,Onion,06-03-2022,4338.0,Metric Tonnes,1320.38,Rs./Quintal
Maharashtra,Pune,Vegetables,Tomato,06-03-2022,449.0,Metric Tonnes,1028.95,Rs./Quintal
Maharashtra,Pune,Vegetables,Onion,07-03-2022,1904.0,Metric Tonnes,1150.34,Rs./Quintal
Maharashtra,Pune,Vegetables,Tomato,07-03-2022,307.0,Metric Tonnes,1008.31,Rs./Quintal
Maharashtra,Pune,Vegetables,Onion,08-03-2022,3833.0,Metric Tonnes,1289.87,Rs./Quintal
Maharashtra,Pune,Vegetables,Tomato,08-03-2022,358.0,Metric Tonnes,1035.06,Rs./Quintal
Maharashtra,Pune,Vegetables,Onion,09-03-2022,2631.0,Metric Tonnes,1253.79,Rs./Quintal
Maharashtra,Pune,Vegetables,Tomato,09-03-2022,268.0,Metric Tonnes,991.04,Rs./Quintal
Maharashtra,Pune,Vegetables,Onion,10-03-2022,2945.0,Metric Tonnes,1281.51,Rs./Quintal
Maharashtra,Pune,Vegetables,Tomato,10-03-2022,379.0,Metric Tonnes,964.64,Rs./Quintal
Maharashtra,Pune,Vegetables,Onion,11-03-2022,3013.0,Metric Tonnes,982.53,Rs./Quintal
Maharashtra,Pune,Vegetables,Tomato,11-03-2022,326.0,Metric Tonnes,969.79,Rs./Quintal
Maharashtra,Pune,Vegetables,Onion,12-03-2022,1153.0,Metric Tonnes,1481.7,Rs./Quintal
Maharashtra,Pune,Vegetables,Tomato,12-03-2022,145.0,Metric Tonnes,1013.1,Rs./Quintal
Maharashtra,Pune,Vegetables,Onion,13-03-2022,4011.0,Metric Tonnes,1108.25,Rs./Quintal
Maharashtra,Pune,Vegetables,Tomato,13-03-2022,478.0,Metric Tonnes,974.69,Rs./Quintal
Maharashtra,Pune,Vegetables,Onion,14-03-2022,1532.0,Metric Tonnes,1063.51,Rs./Quintal
Maharashtra,Pune,Vegetables,Tomato,14-03-2022,316.0,Metric Tonnes,1006.01,Rs./Quintal
Maharashtra,Pune,Vegetables,Onion,15-03-2022,2341.0,Metric Tonnes,936.26,Rs./Quintal
Maharashtra,Pune,Vegetables,Tomato,15-03-2022,356.0,Metric Tonnes,958.43,Rs./Quintal
Maharashtra,Pune,Vegetables,Onion,16-03-2022,2807.0,Metric Tonnes,1084.32,Rs./Quintal
Maharashtra,Pune,Vegetables,Tomato,16-03-2022,238.0,Metric Tonnes,937.61,Rs./Quintal
Maharashtra,Pune,Vegetables,Onion,17-03-2022,3146.0,Metric Tonnes,1001.58,Rs./Quintal
Maharashtra,Pune,Vegetables,Tomato,17-03-2022,281.0,Metric Tonnes,928.47,Rs./Quintal
Maharashtra,Pune,Vegetables,Onion,18-03-2022,644.0,Metric Tonnes,923.99,Rs./Quintal
Maharashtra,Pune,Vegetables,Tomato,18-03-2022,173.0,Metric Tonnes,1194.8,Rs./Quintal
Maharashtra,Pune,Vegetables,Onion,19-03-2022,1165.0,Metric Tonnes,1178.63,Rs./Quintal
Maharashtra,Pune,Vegetables,Tomato,19-03-2022,155.0,Metric Tonnes,1128.39,Rs./Quintal
Maharashtra,Pune,Vegetables,Onion,20-03-2022,3679.0,Metric Tonnes,873.93,Rs./Quintal
Maharashtra,Pune,Vegetables,Tomato,20-03-2022,368.0,Metric Tonnes,1326.63,Rs./Quintal
Maharashtra,Pune,Vegetables,Onion,21-03-2022,1841.0,Metric Tonnes,902.82,Rs./Quintal
Maharashtra,Pune,Vegetables,Tomato,21-03-2022,278.0,Metric Tonnes,1210.61,Rs./Quintal
Maharashtra,Pune,Vegetables,Onion,22-03-2022,3179.0,Metric Tonnes,900.27,Rs./Quintal
Maharashtra,Pune,Vegetables,Tomato,22-03-2022,401.0,Metric Tonnes,1263.09,Rs./Quintal
Maharashtra,Pune,Vegetables,Onion,23-03-2022,2252.0,Metric Tonnes,892.23,Rs./Quintal
Maharashtra,Pune,Vegetables,Tomato,23-03-2022,332.0,Metric Tonnes,1068.67,Rs./Quintal
Maharashtra,Pune,Vegetables,Onion,24-03-2022,3688.0,Metric Tonnes,978.33,Rs./Quintal
Maharashtra,Pune,Vegetables,Tomato,24-03-2022,405.0,Metric Tonnes,1019.51,Rs./Quintal
Maharashtra,Pune,Vegetables,Onion,25-03-2022,2267.0,Metric Tonnes,788.58,Rs./Quintal
Maharashtra,Pune,Vegetables,Tomato,25-03-2022,346.0,Metric Tonnes,925.58,Rs./Quintal
Maharashtra,Pune,Vegetables,Onion,26-03-2022,842.0,Metric Tonnes,992.4,Rs./Quintal
Maharashtra,Pune,Vegetables,Tomato,26-03-2022,154.0,Metric Tonnes,889.29,Rs./Quintal
Maharashtra,Pune,Vegetables,Onion,27-03-2022,1956.0,Metric Tonnes,784.39,Rs./Quintal
Maharashtra,Pune,Vegetables,Tomato,27-03-2022,478.0,Metric Tonnes,969.35,Rs./Quintal
Maharashtra,Pune,Vegetables,Onion,28-03-2022,897.0,Metric Tonnes,849.11,Rs./Quintal
Maharashtra,Pune,Vegetables,Tomato,28-03-2022,282.0,Metric Tonnes,859.22,Rs./Quintal
Maharashtra,Pune,Vegetables,Onion,29-03-2022,1191.0,Metric Tonnes,769.06,Rs./Quintal
Maharashtra,Pune,Vegetables,Tomato,29-03-2022,365.0,Metric Tonnes,945.62,Rs./Quintal
Maharashtra,Pune,Vegetables,Onion,30-03-2022,1417.0,Metric Tonnes,887.56,Rs./Quintal
Maharashtra,Pune,Vegetables,Tomato,30-03-2022,266.0,Metric Tonnes,924.06,Rs./Quintal
Maharashtra,Pune,Vegetables,Onion,31-03-2022,1986.0,Metric Tonnes,1005.75,Rs./Quintal
Maharashtra,Pune,Vegetables,Tomato,31-03-2022,276.0,Metric Tonnes,932.25,Rs./Quintal
Maharashtra,Pune,Vegetables,Onion,01-04-2022,1338.0,Metric Tonnes,899.85,Rs./Quintal
Maharashtra,Pune,Vegetables,Tomato,01-04-2022,316.0,Metric Tonnes,923.89,Rs./Quintal
Maharashtra,Pune,Vegetables,Onion,02-04-2022,467.0,Metric Tonnes,975.7,Rs./Quintal
Maharashtra,Pune,Vegetables,Tomato,02-04-2022,116.0,Metric Tonnes,1126.72,Rs./Quintal
Maharashtra,Pune,Vegetables,Onion,03-04-2022,1625.0,Metric Tonnes,981.75,Rs./Quintal
Maharashtra,Pune,Vegetables,Tomato,03-04-2022,334.0,Metric Tonnes,1538.47,Rs./Quintal
Maharashtra,Pune,Vegetables,Onion,04-04-2022,1280.0,Metric Tonnes,850.33,Rs./Quintal
Maharashtra,Pune,Vegetables,Tomato,04-04-2022,321.0,Metric Tonnes,1233.64,Rs./Quintal
Maharashtra,Pune,Vegetables,Onion,05-04-2022,2080.0,Metric Tonnes,862.66,Rs./Quintal
Maharashtra,Pune,Vegetables,Tomato,05-04-2022,420.0,Metric Tonnes,1029.4,Rs./Quintal
Maharashtra,Pune,Vegetables,Onion,06-04-2022,1865.0,Metric Tonnes,896.63,Rs./Quintal
Maharashtra,Pune,Vegetables,Tomato,06-04-2022,356.0,Metric Tonnes,938.34,Rs./Quintal
Maharashtra,Pune,Vegetables,Onion,07-04-2022,2537.0,Metric Tonnes,885.25,Rs./Quintal
Maharashtra,Pune,Vegetables,Tomato,07-04-2022,358.0,Metric Tonnes,1171.23,Rs./Quintal
Maharashtra,Pune,Vegetables,Onion,08-04-2022,1674.0,Metric Tonnes,730.09,Rs./Quintal
Maharashtra,Pune,Vegetables,Tomato,08-04-2022,367.0,Metric Tonnes,920.98,Rs./Quintal
Maharashtra,Pune,Vegetables,Onion,09-04-2022,796.0,Metric Tonnes,982.04,Rs./Quintal
Maharashtra,Pune,Vegetables,Tomato,09-04-2022,168.0,Metric Tonnes,943.15,Rs./Quintal
Maharashtra,Pune,Vegetables,Onion,10-04-2022,2198.0,Metric Tonnes,702.29,Rs./Quintal
Maharashtra,Pune,Vegetables,Tomato,10-04-2022,455.0,Metric Tonnes,907.69,Rs./Quintal
Maharashtra,Pune,Vegetables,Onion,11-04-2022,747.0,Metric Tonnes,707.76,Rs./Quintal
Maharashtra,Pune,Vegetables,Tomato,11-04-2022,307.0,Metric Tonnes,883.71,Rs./Quintal
Maharashtra,Pune,Vegetables,Onion,12-04-2022,998.0,Metric Tonnes,685.95,Rs./Quintal
Maharashtra,Pune,Vegetables,Tomato,12-04-2022,358.0,Metric Tonnes,1081.01,Rs./Quintal
Maharashtra,Pune,Vegetables,Onion,13-04-2022,1268.0,Metric Tonnes,771.8,Rs./Quintal
Maharashtra,Pune,Vegetables,Tomato,13-04-2022,328.0,Metric Tonnes,987.2,Rs./Quintal
Maharashtra,Pune,Vegetables,Onion,14-04-2022,709.0,Metric Tonnes,715.23,Rs./Quintal
Maharashtra,Pune,Vegetables,Tomato,14-04-2022,345.0,Metric Tonnes,972.17,Rs./Quintal
Maharashtra,Pune,Vegetables,Onion,15-04-2022,976.0,Metric Tonnes,708.61,Rs./Quintal
Maharashtra,Pune,Vegetables,Tomato,15-04-2022,312.0,Metric Tonnes,908.81,Rs./Quintal
Maharashtra,Pune,Vegetables,Onion,16-04-2022,649.0,Metric Tonnes,887.98,Rs./Quintal
Maharashtra,Pune,Vegetables,Tomato,16-04-2022,190.0,Metric Tonnes,1066.32,Rs./Quintal
Maharashtra,Pune,Vegetables,Onion,17-04-2022,680.0,Metric Tonnes,796.73,Rs./Quintal
Maharashtra,Pune,Vegetables,Tomato,17-04-2022,369.0,Metric Tonnes,1201.63,Rs./Quintal
Maharashtra,Pune,Vegetables,Onion,18-04-2022,756.0,Metric Tonnes,823.61,Rs./Quintal
Maharashtra,Pune,Vegetables,Tomato,18-04-2022,276.0,Metric Tonnes,1298.01,Rs./Quintal
Maharashtra,Pune,Vegetables,Onion,19-04-2022,821.0,Metric Tonnes,813.22,Rs./Quintal
Maharashtra,Pune,Vegetables,Tomato,19-04-2022,368.0,Metric Tonnes,1325.27,Rs./Quintal
Maharashtra,Pune,Vegetables,Onion,20-04-2022,1225.0,Metric Tonnes,851.1,Rs./Quintal
Maharashtra,Pune,Vegetables,Tomato,20-04-2022,308.0,Metric Tonnes,1222.24,Rs./Quintal
Maharashtra,Pune,Vegetables,Onion,21-04-2022,1368.0,Metric Tonnes,835.12,Rs./Quintal
Maharashtra,Pune,Vegetables,Tomato,21-04-2022,357.0,Metric Tonnes,1092.16,Rs./Quintal
Maharashtra,Pune,Vegetables,Onion,22-04-2022,1725.0,Metric Tonnes,794.03,Rs./Quintal
Maharashtra,Pune,Vegetables,Tomato,22-04-2022,352.0,Metric Tonnes,1165.34,Rs./Quintal
Maharashtra,Pune,Vegetables,Onion,23-04-2022,446.0,Metric Tonnes,891.14,Rs./Quintal
Maharashtra,Pune,Vegetables,Tomato,23-04-2022,210.0,Metric Tonnes,1184.76,Rs./Quintal
Maharashtra,Pune,Vegetables,Onion,24-04-2022,2256.0,Metric Tonnes,840.25,Rs./Quintal
Maharashtra,Pune,Vegetables,Tomato,24-04-2022,413.0,Metric Tonnes,1375.54,Rs./Quintal
Maharashtra,Pune,Vegetables,Onion,25-04-2022,599.0,Metric Tonnes,751.75,Rs./Quintal
Maharashtra,Pune,Vegetables,Tomato,25-04-2022,319.0,Metric Tonnes,1253.13,Rs./Quintal
Maharashtra,Pune,Vegetables,Onion,26-04-2022,985.0,Metric Tonnes,855.91,Rs./Quintal
Maharashtra,Pune,Vegetables,Tomato,26-04-2022,384.0,Metric Tonnes,1286.2,Rs./Quintal
Maharashtra,Pune,Vegetables,Onion,27-04-2022,1028.0,Metric Tonnes,796.01,Rs./Quintal
Maharashtra,Pune,Vegetables,Tomato,27-04-2022,208.0,Metric Tonnes,1587.5,Rs./Quintal
Maharashtra,Pune,Vegetables,Onion,28-04-2022,1391.0,Metric Tonnes,844.61,Rs./Quintal
Maharashtra,Pune,Vegetables,Tomato,28-04-2022,407.0,Metric Tonnes,1237.59,Rs./Quintal
Maharashtra,Pune,Vegetables,Onion,29-04-2022,956.0,Metric Tonnes,776.26,Rs./Quintal
Maharashtra,Pune,Vegetables,Tomato,29-04-2022,411.0,Metric Tonnes,1547.69,Rs./Quintal
Maharashtra,Pune,Vegetables,Onion,30-04-2022,400.0,Metric Tonnes,877.75,Rs./Quintal
Maharashtra,Pune,Vegetables,Tomato,30-04-2022,213.0,Metric Tonnes,1719.01,Rs./Quintal
Maharashtra,Pune,Vegetables,Onion,01-05-2022,2045.0,Metric Tonnes,826.66,Rs./Quintal
Maharashtra,Pune,Vegetables,Tomato,01-05-2022,132.0,Metric Tonnes,1501.89,Rs./Quintal
Maharashtra,Pune,Vegetables,Onion,02-05-2022,1305.0,Metric Tonnes,799.9,Rs./Quintal
Maharashtra,Pune,Vegetables,Tomato,02-05-2022,316.0,Metric Tonnes,2524.84,Rs./Quintal
Maharashtra,Pune,Vegetables,Onion,03-05-2022,1598.0,Metric Tonnes,723.12,Rs./Quintal
Maharashtra,Pune,Vegetables,Tomato,03-05-2022,308.0,Metric Tonnes,2719.48,Rs./Quintal
Maharashtra,Pune,Vegetables,Onion,04-05-2022,967.0,Metric Tonnes,800.41,Rs./Quintal
Maharashtra,Pune,Vegetables,Tomato,04-05-2022,261.0,Metric Tonnes,2800.38,Rs./Quintal
Maharashtra,Pune,Vegetables,Onion,05-05-2022,1311.0,Metric Tonnes,854.23,Rs./Quintal
Maharashtra,Pune,Vegetables,Tomato,05-05-2022,371.0,Metric Tonnes,2707.55,Rs./Quintal
Maharashtra,Pune,Vegetables,Onion,06-05-2022,936.0,Metric Tonnes,757.1,Rs./Quintal
Maharashtra,Pune,Vegetables,Tomato,06-05-2022,232.0,Metric Tonnes,2815.95,Rs./Quintal
Maharashtra,Pune,Vegetables,Onion,07-05-2022,370.0,Metric Tonnes,782.97,Rs./Quintal
Maharashtra,Pune,Vegetables,Tomato,07-05-2022,193.0,Metric Tonnes,2708.03,Rs./Quintal
Maharashtra,Pune,Vegetables,Onion,08-05-2022,1997.0,Metric Tonnes,711.69,Rs./Quintal
Maharashtra,Pune,Vegetables,Tomato,08-05-2022,398.0,Metric Tonnes,3034.42,Rs./Quintal
Maharashtra,Pune,Vegetables,Onion,09-05-2022,997.0,Metric Tonnes,750.25,Rs./Quintal
Maharashtra,Pune,Vegetables,Tomato,09-05-2022,315.0,Metric Tonnes,2741.27,Rs./Quintal
Maharashtra,Pune,Vegetables,Onion,10-05-2022,2422.0,Metric Tonnes,706.93,Rs./Quintal
Maharashtra,Pune,Vegetables,Tomato,10-05-2022,361.0,Metric Tonnes,2557.2,Rs./Quintal
Maharashtra,Pune,Vegetables,Onion,11-05-2022,1163.0,Metric Tonnes,707.44,Rs./Quintal
Maharashtra,Pune,Vegetables,Tomato,11-05-2022,302.0,Metric Tonnes,2602.65,Rs./Quintal
Maharashtra,Pune,Vegetables,Onion,12-05-2022,72.0,Metric Tonnes,748.61,Rs./Quintal
Maharashtra,Pune,Vegetables,Tomato,12-05-2022,169.0,Metric Tonnes,2637.87,Rs./Quintal
Maharashtra,Pune,Vegetables,Tomato,13-05-2022,219.0,Metric Tonnes,2527.4,Rs./Quintal
Maharashtra,Pune,Vegetables,Onion,14-05-2022,206.0,Metric Tonnes,754.37,Rs./Quintal
Maharashtra,Pune,Vegetables,Tomato,14-05-2022,242.0,Metric Tonnes,2493.6,Rs./Quintal
Maharashtra,Pune,Vegetables,Onion,15-05-2022,4141.0,Metric Tonnes,773.39,Rs./Quintal
Maharashtra,Pune,Vegetables,Tomato,15-05-2022,467.0,Metric Tonnes,2586.19,Rs./Quintal
Maharashtra,Pune,Vegetables,Onion,16-05-2022,691.0,Metric Tonnes,704.49,Rs./Quintal
Maharashtra,Pune,Vegetables,Tomato,16-05-2022,303.0,Metric Tonnes,2646.86,Rs./Quintal
Maharashtra,Pune,Vegetables,Onion,17-05-2022,1869.0,Metric Tonnes,808.19,Rs./Quintal
Maharashtra,Pune,Vegetables,Tomato,17-05-2022,338.0,Metric Tonnes,3065.83,Rs./Quintal
Maharashtra,Pune,Vegetables,Onion,18-05-2022,869.0,Metric Tonnes,800.63,Rs./Quintal
Maharashtra,Pune,Vegetables,Tomato,18-05-2022,308.0,Metric Tonnes,3290.75,Rs./Quintal
Maharashtra,Pune,Vegetables,Onion,19-05-2022,1251.0,Metric Tonnes,915.27,Rs./Quintal
Maharashtra,Pune,Vegetables,Tomato,19-05-2022,356.0,Metric Tonnes,3642.98,Rs./Quintal
Maharashtra,Pune,Vegetables,Onion,20-05-2022,1879.0,Metric Tonnes,845.32,Rs./Quintal
Maharashtra,Pune,Vegetables,Tomato,20-05-2022,342.0,Metric Tonnes,3554.68,Rs./Quintal
Maharashtra,Pune,Vegetables,Onion,21-05-2022,266.0,Metric Tonnes,840.23,Rs./Quintal
Maharashtra,Pune,Vegetables,Tomato,21-05-2022,154.0,Metric Tonnes,3733.77,Rs./Quintal
Maharashtra,Pune,Vegetables,Onion,22-05-2022,2460.0,Metric Tonnes,981.08,Rs./Quintal
Maharashtra,Pune,Vegetables,Tomato,22-05-2022,354.0,Metric Tonnes,3991.53,Rs./Quintal
Maharashtra,Pune,Vegetables,Onion,23-05-2022,750.0,Metric Tonnes,775.53,Rs./Quintal
Maharashtra,Pune,Vegetables,Tomato,23-05-2022,330.0,Metric Tonnes,3840.61,Rs./Quintal
Maharashtra,Pune,Vegetables,Onion,24-05-2022,1934.0,Metric Tonnes,949.41,Rs./Quintal
Maharashtra,Pune,Vegetables,Tomato,24-05-2022,369.0,Metric Tonnes,3520.73,Rs./Quintal
Maharashtra,Pune,Vegetables,Onion,25-05-2022,966.0,Metric Tonnes,863.3,Rs./Quintal
Maharashtra,Pune,Vegetables,Tomato,25-05-2022,366.0,Metric Tonnes,3614.62,Rs./Quintal
Maharashtra,Pune,Vegetables,Onion,26-05-2022,1432.0,Metric Tonnes,970.74,Rs./Quintal
Maharashtra,Pune,Vegetables,Tomato,26-05-2022,480.0,Metric Tonnes,3534.27,Rs./Quintal
Maharashtra,Pune,Vegetables,Onion,27-05-2022,1418.0,Metric Tonnes,908.07,Rs./Quintal
Maharashtra,Pune,Vegetables,Tomato,27-05-2022,313.0,Metric Tonnes,3436.58,Rs./Quintal
Maharashtra,Pune,Vegetables,Onion,28-05-2022,63.0,Metric Tonnes,652.38,Rs./Quintal
Maharashtra,Pune,Vegetables,Tomato,28-05-2022,189.0,Metric Tonnes,3990.48,Rs./Quintal
Maharashtra,Pune,Vegetables,Onion,29-05-2022,2488.0,Metric Tonnes,1032.87,Rs./Quintal
Maharashtra,Pune,Vegetables,Tomato,29-05-2022,416.0,Metric Tonnes,3841.35,Rs./Quintal
Maharashtra,Pune,Vegetables,Onion,30-05-2022,624.0,Metric Tonnes,840.06,Rs./Quintal
Maharashtra,Pune,Vegetables,Tomato,30-05-2022,260.0,Metric Tonnes,3916.92,Rs./Quintal
Maharashtra,Pune,Vegetables,Onion,31-05-2022,2004.0,Metric Tonnes,1009.75,Rs./Quintal
Maharashtra,Pune,Vegetables,Tomato,31-05-2022,214.0,Metric Tonnes,3660.75,Rs./Quintal
Maharashtra,Pune,Vegetables,Onion,01-06-2022,692.0,Metric Tonnes,961.92,Rs./Quintal
Maharashtra,Pune,Vegetables,Tomato,01-06-2022,282.0,Metric Tonnes,4029.43,Rs./Quintal
Maharashtra,Pune,Vegetables,Onion,02-06-2022,897.0,Metric Tonnes,985.23,Rs./Quintal
Maharashtra,Pune,Vegetables,Tomato,02-06-2022,252.0,Metric Tonnes,3979.17,Rs./Quintal
Maharashtra,Pune,Vegetables,Onion,03-06-2022,226.0,Metric Tonnes,1476.55,Rs./Quintal
Maharashtra,Pune,Vegetables,Tomato,03-06-2022,158.0,Metric Tonnes,4500.0,Rs./Quintal
Maharashtra,Pune,Vegetables,Onion,04-06-2022,57.0,Metric Tonnes,809.65,Rs./Quintal
Maharashtra,Pune,Vegetables,Tomato,04-06-2022,154.0,Metric Tonnes,3873.38,Rs./Quintal
Maharashtra,Pune,Vegetables,Onion,05-06-2022,2106.0,Metric Tonnes,1045.54,Rs./Quintal
Maharashtra,Pune,Vegetables,Tomato,05-06-2022,291.0,Metric Tonnes,3853.78,Rs./Quintal
Maharashtra,Pune,Vegetables,Onion,06-06-2022,8.0,Metric Tonnes,600.0,Rs./Quintal
Maharashtra,Pune,Vegetables,Tomato,06-06-2022,173.0,Metric Tonnes,4895.95,Rs./Quintal
Maharashtra,Pune,Vegetables,Onion,07-06-2022,1826.0,Metric Tonnes,1162.48,Rs./Quintal
Maharashtra,Pune,Vegetables,Tomato,07-06-2022,346.0,Metric Tonnes,4085.12,Rs./Quintal
Maharashtra,Pune,Vegetables,Onion,08-06-2022,675.0,Metric Tonnes,973.33,Rs./Quintal
Maharashtra,Pune,Vegetables,Tomato,08-06-2022,318.0,Metric Tonnes,3633.81,Rs./Quintal
Maharashtra,Pune,Vegetables,Onion,09-06-2022,1200.0,Metric Tonnes,1198.73,Rs./Quintal
Maharashtra,Pune,Vegetables,Tomato,09-06-2022,372.0,Metric Tonnes,3691.13,Rs./Quintal
Maharashtra,Pune,Vegetables,Onion,10-06-2022,1563.0,Metric Tonnes,1247.28,Rs./Quintal
Maharashtra,Pune,Vegetables,Tomato,10-06-2022,368.0,Metric Tonnes,3628.67,Rs./Quintal
Maharashtra,Pune,Vegetables,Onion,11-06-2022,212.0,Metric Tonnes,1126.42,Rs./Quintal
Maharashtra,Pune,Vegetables,Tomato,11-06-2022,252.0,Metric Tonnes,3445.24,Rs./Quintal
Maharashtra,Pune,Vegetables,Onion,12-06-2022,2326.0,Metric Tonnes,1492.93,Rs./Quintal
Maharashtra,Pune,Vegetables,Tomato,12-06-2022,484.0,Metric Tonnes,3446.9,Rs./Quintal
Maharashtra,Pune,Vegetables,Onion,13-06-2022,877.0,Metric Tonnes,1132.55,Rs./Quintal
Maharashtra,Pune,Vegetables,Tomato,13-06-2022,301.0,Metric Tonnes,3782.39,Rs./Quintal
Maharashtra,Pune,Vegetables,Onion,14-06-2022,1448.0,Metric Tonnes,1281.9,Rs./Quintal
Maharashtra,Pune,Vegetables,Tomato,14-06-2022,517.0,Metric Tonnes,3283.37,Rs./Quintal
Maharashtra,Pune,Vegetables,Onion,15-06-2022,965.0,Metric Tonnes,1084.15,Rs./Quintal
Maharashtra,Pune,Vegetables,Tomato,15-06-2022,193.0,Metric Tonnes,3097.67,Rs./Quintal
Maharashtra,Pune,Vegetables,Onion,16-06-2022,1118.0,Metric Tonnes,1449.96,Rs./Quintal
Maharashtra,Pune,Vegetables,Tomato,16-06-2022,372.0,Metric Tonnes,3508.87,Rs./Quintal
Maharashtra,Pune,Vegetables,Onion,17-06-2022,877.0,Metric Tonnes,1065.28,Rs./Quintal
Maharashtra,Pune,Vegetables,Tomato,17-06-2022,237.0,Metric Tonnes,3100.0,Rs./Quintal
Maharashtra,Pune,Vegetables,Onion,18-06-2022,205.0,Metric Tonnes,1113.66,Rs./Quintal
Maharashtra,Pune,Vegetables,Tomato,18-06-2022,390.0,Metric Tonnes,3947.18,Rs./Quintal
Maharashtra,Pune,Vegetables,Onion,19-06-2022,2435.0,Metric Tonnes,1356.63,Rs./Quintal
Maharashtra,Pune,Vegetables,Tomato,19-06-2022,587.0,Metric Tonnes,3333.05,Rs./Quintal
Maharashtra,Pune,Vegetables,Onion,20-06-2022,721.0,Metric Tonnes,1092.72,Rs./Quintal
Maharashtra,Pune,Vegetables,Tomato,20-06-2022,480.0,Metric Tonnes,3400.63,Rs./Quintal
Maharashtra,Pune,Vegetables,Onion,21-06-2022,931.0,Metric Tonnes,1268.1,Rs./Quintal
Maharashtra,Pune,Vegetables,Tomato,21-06-2022,537.0,Metric Tonnes,3456.61,Rs./Quintal
Maharashtra,Pune,Vegetables,Onion,22-06-2022,722.0,Metric Tonnes,1215.51,Rs./Quintal
Maharashtra,Pune,Vegetables,Tomato,22-06-2022,503.0,Metric Tonnes,3680.52,Rs./Quintal
Maharashtra,Pune,Vegetables,Onion,23-06-2022,1192.0,Metric Tonnes,1436.37,Rs./Quintal
Maharashtra,Pune,Vegetables,Tomato,23-06-2022,605.0,Metric Tonnes,3347.52,Rs./Quintal
Maharashtra,Pune,Vegetables,Onion,24-06-2022,1475.0,Metric Tonnes,1286.68,Rs./Quintal
Maharashtra,Pune,Vegetables,Tomato,24-06-2022,590.0,Metric Tonnes,3364.07,Rs./Quintal
Maharashtra,Pune,Vegetables,Onion,25-06-2022,225.0,Metric Tonnes,1261.56,Rs./Quintal
Maharashtra,Pune,Vegetables,Tomato,25-06-2022,452.0,Metric Tonnes,3582.19,Rs./Quintal
Maharashtra,Pune,Vegetables,Onion,26-06-2022,3167.0,Metric Tonnes,1345.61,Rs./Quintal
Maharashtra,Pune,Vegetables,Tomato,26-06-2022,717.0,Metric Tonnes,3093.65,Rs./Quintal
Maharashtra,Pune,Vegetables,Onion,27-06-2022,744.0,Metric Tonnes,1185.22,Rs./Quintal
Maharashtra,Pune,Vegetables,Tomato,27-06-2022,633.0,Metric Tonnes,3003.87,Rs./Quintal
Maharashtra,Pune,Vegetables,Onion,28-06-2022,1941.0,Metric Tonnes,1373.36,Rs./Quintal
Maharashtra,Pune,Vegetables,Tomato,28-06-2022,679.0,Metric Tonnes,2642.86,Rs./Quintal
Maharashtra,Pune,Vegetables,Onion,29-06-2022,955.0,Metric Tonnes,1194.08,Rs./Quintal
Maharashtra,Pune,Vegetables,Tomato,29-06-2022,732.0,Metric Tonnes,2298.02,Rs./Quintal
Maharashtra,Pune,Vegetables,Onion,30-06-2022,2256.0,Metric Tonnes,1221.85,Rs./Quintal
Maharashtra,Pune,Vegetables,Tomato,30-06-2022,322.0,Metric Tonnes,2326.4,Rs./Quintal
Maharashtra,Pune,Vegetables,Onion,01-07-2022,949.0,Metric Tonnes,1042.1,Rs./Quintal
Maharashtra,Pune,Vegetables,Tomato,01-07-2022,318.0,Metric Tonnes,1877.36,Rs./Quintal
Maharashtra,Pune,Vegetables,Onion,02-07-2022,131.0,Metric Tonnes,1338.93,Rs./Quintal
Maharashtra,Pune,Vegetables,Tomato,02-07-2022,668.0,Metric Tonnes,1494.46,Rs./Quintal
Maharashtra,Pune,Vegetables,Onion,03-07-2022,2428.0,Metric Tonnes,1158.83,Rs./Quintal
Maharashtra,Pune,Vegetables,Tomato,03-07-2022,978.0,Metric Tonnes,1750.05,Rs./Quintal
Maharashtra,Pune,Vegetables,Onion,04-07-2022,551.0,Metric Tonnes,1030.68,Rs./Quintal
Maharashtra,Pune,Vegetables,Tomato,04-07-2022,758.0,Metric Tonnes,1503.56,Rs./Quintal
Maharashtra,Pune,Vegetables,Onion,05-07-2022,1312.0,Metric Tonnes,1042.64,Rs./Quintal
Maharashtra,Pune,Vegetables,Tomato,05-07-2022,842.0,Metric Tonnes,1495.96,Rs./Quintal
Maharashtra,Pune,Vegetables,Onion,06-07-2022,619.0,Metric Tonnes,1202.58,Rs./Quintal
Maharashtra,Pune,Vegetables,Tomato,06-07-2022,685.0,Metric Tonnes,1456.06,Rs./Quintal
Maharashtra,Pune,Vegetables,Onion,07-07-2022,1728.0,Metric Tonnes,1177.27,Rs./Quintal
Maharashtra,Pune,Vegetables,Tomato,07-07-2022,827.0,Metric Tonnes,1366.2,Rs./Quintal
Maharashtra,Pune,Vegetables,Onion,08-07-2022,1360.0,Metric Tonnes,1292.9,Rs./Quintal
Maharashtra,Pune,Vegetables,Tomato,08-07-2022,842.0,Metric Tonnes,1377.67,Rs./Quintal
Maharashtra,Pune,Vegetables,Onion,09-07-2022,141.0,Metric Tonnes,1253.2,Rs./Quintal
Maharashtra,Pune,Vegetables,Tomato,09-07-2022,478.0,Metric Tonnes,1490.38,Rs./Quintal
Maharashtra,Pune,Vegetables,Onion,10-07-2022,1816.0,Metric Tonnes,1425.5,Rs./Quintal
Maharashtra,Pune,Vegetables,Tomato,10-07-2022,615.0,Metric Tonnes,1499.67,Rs./Quintal
Maharashtra,Pune,Vegetables,Onion,11-07-2022,927.0,Metric Tonnes,1253.48,Rs./Quintal
Maharashtra,Pune,Vegetables,Tomato,11-07-2022,773.0,Metric Tonnes,1420.89,Rs./Quintal
Maharashtra,Pune,Vegetables,Onion,12-07-2022,1185.0,Metric Tonnes,1300.08,Rs./Quintal
Maharashtra,Pune,Vegetables,Tomato,12-07-2022,684.0,Metric Tonnes,1329.46,Rs./Quintal
Maharashtra,Pune,Vegetables,Onion,13-07-2022,718.0,Metric Tonnes,1200.14,Rs./Quintal
Maharashtra,Pune,Vegetables,Tomato,13-07-2022,653.0,Metric Tonnes,1244.33,Rs./Quintal
Maharashtra,Pune,Vegetables,Onion,14-07-2022,1140.0,Metric Tonnes,1230.22,Rs./Quintal
Maharashtra,Pune,Vegetables,Tomato,14-07-2022,527.0,Metric Tonnes,1300.66,Rs./Quintal
Maharashtra,Pune,Vegetables,Onion,15-07-2022,1532.0,Metric Tonnes,1314.88,Rs./Quintal
Maharashtra,Pune,Vegetables,Tomato,15-07-2022,750.0,Metric Tonnes,1223.33,Rs./Quintal
Maharashtra,Pune,Vegetables,Onion,16-07-2022,136.0,Metric Tonnes,1172.06,Rs./Quintal
Maharashtra,Pune,Vegetables,Tomato,16-07-2022,437.0,Metric Tonnes,1484.67,Rs./Quintal
Maharashtra,Pune,Vegetables,Onion,17-07-2022,2850.0,Metric Tonnes,1210.4,Rs./Quintal
Maharashtra,Pune,Vegetables,Tomato,17-07-2022,866.0,Metric Tonnes,1286.26,Rs./Quintal
Maharashtra,Pune,Vegetables,Onion,18-07-2022,1812.0,Metric Tonnes,1229.33,Rs./Quintal
Maharashtra,Pune,Vegetables,Tomato,18-07-2022,652.0,Metric Tonnes,1173.31,Rs./Quintal
Maharashtra,Pune,Vegetables,Onion,19-07-2022,2502.0,Metric Tonnes,1300.08,Rs./Quintal
Maharashtra,Pune,Vegetables,Tomato,19-07-2022,661.0,Metric Tonnes,1198.26,Rs./Quintal
Maharashtra,Pune,Vegetables,Onion,20-07-2022,697.0,Metric Tonnes,1047.13,Rs./Quintal
Maharashtra,Pune,Vegetables,Tomato,20-07-2022,553.0,Metric Tonnes,1146.11,Rs./Quintal
Maharashtra,Pune,Vegetables,Onion,21-07-2022,2896.0,Metric Tonnes,1289.92,Rs./Quintal
Maharashtra,Pune,Vegetables,Tomato,21-07-2022,721.0,Metric Tonnes,1046.6,Rs./Quintal
Maharashtra,Pune,Vegetables,Onion,22-07-2022,2029.0,Metric Tonnes,1107.52,Rs./Quintal
Maharashtra,Pune,Vegetables,Tomato,22-07-2022,662.0,Metric Tonnes,1048.94,Rs./Quintal
Maharashtra,Pune,Vegetables,Onion,23-07-2022,37.0,Metric Tonnes,906.95,Rs./Quintal
Maharashtra,Pune,Vegetables,Tomato,23-07-2022,474.0,Metric Tonnes,1030.17,Rs./Quintal
Maharashtra,Pune,Vegetables,Onion,24-07-2022,3120.0,Metric Tonnes,1114.04,Rs./Quintal
Maharashtra,Pune,Vegetables,Tomato,24-07-2022,793.0,Metric Tonnes,1111.66,Rs./Quintal
Maharashtra,Pune,Vegetables,Onion,25-07-2022,736.0,Metric Tonnes,979.76,Rs./Quintal
Maharashtra,Pune,Vegetables,Tomato,25-07-2022,615.0,Metric Tonnes,1064.63,Rs./Quintal
Maharashtra,Pune,Vegetables,Onion,26-07-2022,1274.0,Metric Tonnes,1147.71,Rs./Quintal
Maharashtra,Pune,Vegetables,Tomato,26-07-2022,603.0,Metric Tonnes,1031.01,Rs./Quintal
Maharashtra,Pune,Vegetables,Onion,27-07-2022,577.0,Metric Tonnes,1048.27,Rs./Quintal
Maharashtra,Pune,Vegetables,Tomato,27-07-2022,514.0,Metric Tonnes,1017.51,Rs./Quintal
Maharashtra,Pune,Vegetables,Onion,28-07-2022,1769.0,Metric Tonnes,1143.63,Rs./Quintal
Maharashtra,Pune,Vegetables,Tomato,28-07-2022,572.0,Metric Tonnes,1034.53,Rs./Quintal
Maharashtra,Pune,Vegetables,Onion,29-07-2022,1630.0,Metric Tonnes,1124.08,Rs./Quintal
Maharashtra,Pune,Vegetables,Tomato,29-07-2022,701.0,Metric Tonnes,989.8,Rs./Quintal
Maharashtra,Pune,Vegetables,Onion,30-07-2022,27.0,Metric Tonnes,916.78,Rs./Quintal
Maharashtra,Pune,Vegetables,Tomato,30-07-2022,381.0,Metric Tonnes,1002.49,Rs./Quintal
Maharashtra,Pune,Vegetables,Onion,31-07-2022,2204.0,Metric Tonnes,1169.76,Rs./Quintal
Maharashtra,Pune,Vegetables,Tomato,31-07-2022,347.0,Metric Tonnes,1189.48,Rs./Quintal
Maharashtra,Pune,Vegetables,Onion,01-08-2022,23.0,Metric Tonnes,941.3,Rs./Quintal
Maharashtra,Pune,Vegetables,Tomato,01-08-2022,386.0,Metric Tonnes,1073.58,Rs./Quintal
Maharashtra,Pune,Vegetables,Onion,02-08-2022,1984.0,Metric Tonnes,1207.33,Rs./Quintal
Maharashtra,Pune,Vegetables,Tomato,02-08-2022,652.0,Metric Tonnes,1194.94,Rs./Quintal
Maharashtra,Pune,Vegetables,Onion,03-08-2022,509.0,Metric Tonnes,1000.59,Rs./Quintal
Maharashtra,Pune,Vegetables,Tomato,03-08-2022,573.0,Metric Tonnes,1391.88,Rs./Quintal
Maharashtra,Pune,Vegetables,Onion,04-08-2022,2460.0,Metric Tonnes,1237.86,Rs./Quintal
Maharashtra,Pune,Vegetables,Tomato,04-08-2022,841.0,Metric Tonnes,1078.3,Rs./Quintal
Maharashtra,Pune,Vegetables,Onion,05-08-2022,1606.0,Metric Tonnes,1106.1,Rs./Quintal
Maharashtra,Pune,Vegetables,Tomato,05-08-2022,630.0,Metric Tonnes,1019.37,Rs./Quintal
Maharashtra,Pune,Vegetables,Onion,06-08-2022,154.0,Metric Tonnes,1130.52,Rs./Quintal
Maharashtra,Pune,Vegetables,Tomato,06-08-2022,444.0,Metric Tonnes,1031.42,Rs./Quintal
Maharashtra,Pune,Vegetables,Onion,07-08-2022,3838.0,Metric Tonnes,1244.52,Rs./Quintal
Maharashtra,Pune,Vegetables,Tomato,07-08-2022,721.0,Metric Tonnes,1041.89,Rs./Quintal
Maharashtra,Pune,Vegetables,Onion,08-08-2022,600.0,Metric Tonnes,991.25,Rs./Quintal
Maharashtra,Pune,Vegetables,Tomato,08-08-2022,585.0,Metric Tonnes,1252.05,Rs./Quintal
Maharashtra,Pune,Vegetables,Onion,09-08-2022,1910.0,Metric Tonnes,1156.88,Rs./Quintal
Maharashtra,Pune,Vegetables,Tomato,09-08-2022,672.0,Metric Tonnes,1307.22,Rs./Quintal
Maharashtra,Pune,Vegetables,Onion,10-08-2022,486.0,Metric Tonnes,1051.44,Rs./Quintal
Maharashtra,Pune,Vegetables,Tomato,10-08-2022,495.0,Metric Tonnes,1294.75,Rs./Quintal
Maharashtra,Pune,Vegetables,Onion,11-08-2022,1602.0,Metric Tonnes,1219.1,Rs./Quintal
Maharashtra,Pune,Vegetables,Tomato,11-08-2022,614.0,Metric Tonnes,1230.7,Rs./Quintal
Maharashtra,Pune,Vegetables,Onion,12-08-2022,1608.0,Metric Tonnes,1219.09,Rs./Quintal
Maharashtra,Pune,Vegetables,Tomato,12-08-2022,571.0,Metric Tonnes,1338.27,Rs./Quintal
Maharashtra,Pune,Vegetables,Onion,13-08-2022,31.0,Metric Tonnes,719.35,Rs./Quintal
Maharashtra,Pune,Vegetables,Tomato,13-08-2022,387.0,Metric Tonnes,1433.33,Rs./Quintal
Maharashtra,Pune,Vegetables,Onion,14-08-2022,1746.0,Metric Tonnes,1062.49,Rs./Quintal
Maharashtra,Pune,Vegetables,Tomato,14-08-2022,890.0,Metric Tonnes,1492.7,Rs./Quintal
Maharashtra,Pune,Vegetables,Onion,15-08-2022,1016.0,Metric Tonnes,1539.98,Rs./Quintal
Maharashtra,Pune,Vegetables,Tomato,15-08-2022,411.0,Metric Tonnes,1099.76,Rs./Quintal
Maharashtra,Pune,Vegetables,Onion,16-08-2022,1441.0,Metric Tonnes,1247.09,Rs./Quintal
Maharashtra,Pune,Vegetables,Tomato,16-08-2022,775.0,Metric Tonnes,1031.35,Rs./Quintal
Maharashtra,Pune,Vegetables,Onion,17-08-2022,620.0,Metric Tonnes,1008.39,Rs./Quintal
Maharashtra,Pune,Vegetables,Tomato,17-08-2022,661.0,Metric Tonnes,858.02,Rs./Quintal
Maharashtra,Pune,Vegetables,Onion,18-08-2022,2857.0,Metric Tonnes,1276.92,Rs./Quintal
Maharashtra,Pune,Vegetables,Tomato,18-08-2022,676.0,Metric Tonnes,953.33,Rs./Quintal
Maharashtra,Pune,Vegetables,Onion,19-08-2022,2091.0,Metric Tonnes,1221.33,Rs./Quintal
Maharashtra,Pune,Vegetables,Tomato,19-08-2022,612.0,Metric Tonnes,1005.72,Rs./Quintal
Maharashtra,Pune,Vegetables,Onion,20-08-2022,239.0,Metric Tonnes,1198.74,Rs./Quintal
Maharashtra,Pune,Vegetables,Tomato,20-08-2022,454.0,Metric Tonnes,1019.27,Rs./Quintal
Maharashtra,Pune,Vegetables,Onion,21-08-2022,5288.0,Metric Tonnes,1271.3,Rs./Quintal
Maharashtra,Pune,Vegetables,Tomato,21-08-2022,752.0,Metric Tonnes,1076.6,Rs./Quintal
Maharashtra,Pune,Vegetables,Onion,22-08-2022,900.0,Metric Tonnes,988.23,Rs./Quintal
Maharashtra,Pune,Vegetables,Tomato,22-08-2022,558.0,Metric Tonnes,1028.23,Rs./Quintal
Maharashtra,Pune,Vegetables,Onion,23-08-2022,3276.0,Metric Tonnes,1219.22,Rs./Quintal
Maharashtra,Pune,Vegetables,Tomato,23-08-2022,698.0,Metric Tonnes,921.13,Rs./Quintal
Maharashtra,Pune,Vegetables,Onion,24-08-2022,1005.0,Metric Tonnes,998.26,Rs./Quintal
Maharashtra,Pune,Vegetables,Tomato,24-08-2022,630.0,Metric Tonnes,876.19,Rs./Quintal
Maharashtra,Pune,Vegetables,Onion,25-08-2022,3237.0,Metric Tonnes,1184.6,Rs./Quintal
Maharashtra,Pune,Vegetables,Tomato,25-08-2022,717.0,Metric Tonnes,867.8,Rs./Quintal
Maharashtra,Pune,Vegetables,Onion,26-08-2022,3111.0,Metric Tonnes,1181.6,Rs./Quintal
Maharashtra,Pune,Vegetables,Tomato,26-08-2022,683.0,Metric Tonnes,836.3,Rs./Quintal
Maharashtra,Pune,Vegetables,Onion,27-08-2022,253.0,Metric Tonnes,1184.98,Rs./Quintal
Maharashtra,Pune,Vegetables,Tomato,27-08-2022,419.0,Metric Tonnes,821.42,Rs./Quintal
Maharashtra,Pune,Vegetables,Onion,28-08-2022,3092.0,Metric Tonnes,1145.05,Rs./Quintal
Maharashtra,Pune,Vegetables,Tomato,28-08-2022,709.0,Metric Tonnes,837.97,Rs./Quintal
Maharashtra,Pune,Vegetables,Onion,29-08-2022,47.0,Metric Tonnes,968.09,Rs./Quintal
Maharashtra,Pune,Vegetables,Tomato,29-08-2022,58.0,Metric Tonnes,833.62,Rs./Quintal
Maharashtra,Pune,Vegetables,Onion,30-08-2022,1927.0,Metric Tonnes,1106.31,Rs./Quintal
Maharashtra,Pune,Vegetables,Tomato,30-08-2022,270.0,Metric Tonnes,929.44,Rs./Quintal
Maharashtra,Pune,Vegetables,Onion,31-08-2022,909.0,Metric Tonnes,1072.22,Rs./Quintal
Maharashtra,Pune,Vegetables,Tomato,31-08-2022,173.0,Metric Tonnes,873.99,Rs./Quintal
Maharashtra,Pune,Vegetables,Onion,01-09-2022,521.0,Metric Tonnes,1250.0,Rs./Quintal
Maharashtra,Pune,Vegetables,Tomato,01-09-2022,310.0,Metric Tonnes,1395.48,Rs./Quintal
Maharashtra,Pune,Vegetables,Onion,02-09-2022,2282.0,Metric Tonnes,1112.73,Rs./Quintal
Maharashtra,Pune,Vegetables,Tomato,02-09-2022,577.0,Metric Tonnes,1226.0,Rs./Quintal
Maharashtra,Pune,Vegetables,Onion,03-09-2022,316.0,Metric Tonnes,1227.85,Rs./Quintal
Maharashtra,Pune,Vegetables,Tomato,03-09-2022,451.0,Metric Tonnes,1433.37,Rs./Quintal
Maharashtra,Pune,Vegetables,Onion,04-09-2022,4274.0,Metric Tonnes,1178.39,Rs./Quintal
Maharashtra,Pune,Vegetables,Tomato,04-09-2022,667.0,Metric Tonnes,1380.66,Rs./Quintal
Maharashtra,Pune,Vegetables,Onion,05-09-2022,1666.0,Metric Tonnes,996.19,Rs./Quintal
Maharashtra,Pune,Vegetables,Tomato,05-09-2022,551.0,Metric Tonnes,1172.23,Rs./Quintal
Maharashtra,Pune,Vegetables,Onion,06-09-2022,833.0,Metric Tonnes,1007.56,Rs./Quintal
Maharashtra,Pune,Vegetables,Tomato,06-09-2022,412.0,Metric Tonnes,1031.07,Rs./Quintal
Maharashtra,Pune,Vegetables,Onion,07-09-2022,834.0,Metric Tonnes,1036.69,Rs./Quintal
Maharashtra,Pune,Vegetables,Tomato,07-09-2022,627.0,Metric Tonnes,1006.86,Rs./Quintal
Maharashtra,Pune,Vegetables,Onion,08-09-2022,2253.0,Metric Tonnes,1120.2,Rs./Quintal
Maharashtra,Pune,Vegetables,Tomato,08-09-2022,645.0,Metric Tonnes,1102.33,Rs./Quintal
Maharashtra,Pune,Vegetables,Onion,09-09-2022,2138.0,Metric Tonnes,1204.57,Rs./Quintal
Maharashtra,Pune,Vegetables,Tomato,09-09-2022,433.0,Metric Tonnes,1156.93,Rs./Quintal
Maharashtra,Pune,Vegetables,Onion,10-09-2022,2.0,Metric Tonnes,1100.0,Rs./Quintal
Maharashtra,Pune,Vegetables,Tomato,10-09-2022,1.0,Metric Tonnes,1250.0,Rs./Quintal
Maharashtra,Pune,Vegetables,Onion,11-09-2022,2750.0,Metric Tonnes,1285.29,Rs./Quintal
Maharashtra,Pune,Vegetables,Tomato,11-09-2022,333.0,Metric Tonnes,995.95,Rs./Quintal
Maharashtra,Pune,Vegetables,Onion,12-09-2022,6.0,Metric Tonnes,800.0,Rs./Quintal
Maharashtra,Pune,Vegetables,Tomato,12-09-2022,304.0,Metric Tonnes,1869.74,Rs./Quintal
Maharashtra,Pune,Vegetables,Onion,13-09-2022,994.0,Metric Tonnes,1138.18,Rs./Quintal
Maharashtra,Pune,Vegetables,Tomato,13-09-2022,526.0,Metric Tonnes,1708.37,Rs./Quintal
Maharashtra,Pune,Vegetables,Onion,14-09-2022,2.0,Metric Tonnes,1000.0,Rs./Quintal
Maharashtra,Pune,Vegetables,Tomato,14-09-2022,314.0,Metric Tonnes,2035.67,Rs./Quintal
Maharashtra,Pune,Vegetables,Onion,15-09-2022,5775.0,Metric Tonnes,1249.58,Rs./Quintal
Maharashtra,Pune,Vegetables,Tomato,15-09-2022,630.0,Metric Tonnes,1335.95,Rs./Quintal
Maharashtra,Pune,Vegetables,Onion,16-09-2022,851.0,Metric Tonnes,1371.39,Rs./Quintal
Maharashtra,Pune,Vegetables,Tomato,16-09-2022,338.0,Metric Tonnes,1159.59,Rs./Quintal
Maharashtra,Pune,Vegetables,Onion,17-09-2022,112.0,Metric Tonnes,1049.11,Rs./Quintal
Maharashtra,Pune,Vegetables,Tomato,17-09-2022,232.0,Metric Tonnes,1666.81,Rs./Quintal
Maharashtra,Pune,Vegetables,Onion,18-09-2022,4625.0,Metric Tonnes,1172.7,Rs./Quintal
Maharashtra,Pune,Vegetables,Tomato,18-09-2022,792.0,Metric Tonnes,1270.08,Rs./Quintal
Maharashtra,Pune,Vegetables,Onion,19-09-2022,885.0,Metric Tonnes,994.8,Rs./Quintal
Maharashtra,Pune,Vegetables,Tomato,19-09-2022,522.0,Metric Tonnes,1377.01,Rs./Quintal
Maharashtra,Pune,Vegetables,Onion,20-09-2022,1742.0,Metric Tonnes,1125.26,Rs./Quintal
Maharashtra,Pune,Vegetables,Tomato,20-09-2022,432.0,Metric Tonnes,1187.6,Rs./Quintal
Maharashtra,Pune,Vegetables,Onion,21-09-2022,108.0,Metric Tonnes,1218.52,Rs./Quintal
Maharashtra,Pune,Vegetables,Tomato,21-09-2022,69.0,Metric Tonnes,1056.52,Rs./Quintal
Maharashtra,Pune,Vegetables,Onion,22-09-2022,2739.0,Metric Tonnes,1182.82,Rs./Quintal
Maharashtra,Pune,Vegetables,Tomato,22-09-2022,580.0,Metric Tonnes,1881.13,Rs./Quintal
Maharashtra,Pune,Vegetables,Onion,23-09-2022,2073.0,Metric Tonnes,1130.25,Rs./Quintal
Maharashtra,Pune,Vegetables,Tomato,23-09-2022,546.0,Metric Tonnes,1796.72,Rs./Quintal
Maharashtra,Pune,Vegetables,Onion,24-09-2022,48.0,Metric Tonnes,791.67,Rs./Quintal
Maharashtra,Pune,Vegetables,Tomato,24-09-2022,274.0,Metric Tonnes,2016.79,Rs./Quintal
Maharashtra,Pune,Vegetables,Onion,25-09-2022,3368.0,Metric Tonnes,1177.42,Rs./Quintal
Maharashtra,Pune,Vegetables,Tomato,25-09-2022,614.0,Metric Tonnes,1743.08,Rs./Quintal
Maharashtra,Pune,Vegetables,Onion,26-09-2022,1436.0,Metric Tonnes,1115.3,Rs./Quintal
Maharashtra,Pune,Vegetables,Tomato,26-09-2022,88.0,Metric Tonnes,1458.52,Rs./Quintal
Maharashtra,Pune,Vegetables,Onion,27-09-2022,338.0,Metric Tonnes,1490.53,Rs./Quintal
Maharashtra,Pune,Vegetables,Tomato,27-09-2022,110.0,Metric Tonnes,2396.36,Rs./Quintal
Maharashtra,Pune,Vegetables,Onion,28-09-2022,798.0,Metric Tonnes,1267.29,Rs./Quintal
Maharashtra,Pune,Vegetables,Tomato,28-09-2022,469.0,Metric Tonnes,2045.63,Rs./Quintal
Maharashtra,Pune,Vegetables,Onion,29-09-2022,3168.0,Metric Tonnes,1542.55,Rs./Quintal
Maharashtra,Pune,Vegetables,Tomato,29-09-2022,409.0,Metric Tonnes,1490.59,Rs./Quintal
Maharashtra,Pune,Vegetables,Onion,30-09-2022,2185.0,Metric Tonnes,1470.76,Rs./Quintal
Maharashtra,Pune,Vegetables,Tomato,30-09-2022,215.0,Metric Tonnes,1635.81,Rs./Quintal
Maharashtra,Pune,Vegetables,Onion,01-10-2022,209.0,Metric Tonnes,1197.61,Rs./Quintal
Maharashtra,Pune,Vegetables,Tomato,01-10-2022,178.0,Metric Tonnes,1781.74,Rs./Quintal
Maharashtra,Pune,Vegetables,Onion,02-10-2022,6130.0,Metric Tonnes,1453.36,Rs./Quintal
Maharashtra,Pune,Vegetables,Tomato,02-10-2022,395.0,Metric Tonnes,1848.73,Rs./Quintal
Maharashtra,Pune,Vegetables,Onion,03-10-2022,875.0,Metric Tonnes,1178.4,Rs./Quintal
Maharashtra,Pune,Vegetables,Tomato,03-10-2022,266.0,Metric Tonnes,1704.7,Rs./Quintal
Maharashtra,Pune,Vegetables,Onion,04-10-2022,2249.0,Metric Tonnes,1535.5,Rs./Quintal
Maharashtra,Pune,Vegetables,Tomato,04-10-2022,246.0,Metric Tonnes,2133.33,Rs./Quintal
Maharashtra,Pune,Vegetables,Onion,05-10-2022,799.0,Metric Tonnes,1249.87,Rs./Quintal
Maharashtra,Pune,Vegetables,Tomato,05-10-2022,239.0,Metric Tonnes,2376.78,Rs./Quintal
Maharashtra,Pune,Vegetables,Onion,06-10-2022,2476.0,Metric Tonnes,1543.27,Rs./Quintal
Maharashtra,Pune,Vegetables,Tomato,06-10-2022,149.0,Metric Tonnes,2263.09,Rs./Quintal
Maharashtra,Pune,Vegetables,Onion,07-10-2022,2823.0,Metric Tonnes,1639.07,Rs./Quintal
Maharashtra,Pune,Vegetables,Tomato,07-10-2022,508.0,Metric Tonnes,2096.06,Rs./Quintal
Maharashtra,Pune,Vegetables,Onion,08-10-2022,38.0,Metric Tonnes,1038.16,Rs./Quintal
Maharashtra,Pune,Vegetables,Tomato,08-10-2022,186.0,Metric Tonnes,2188.44,Rs./Quintal
Maharashtra,Pune,Vegetables,Onion,09-10-2022,5234.0,Metric Tonnes,2057.05,Rs./Quintal
Maharashtra,Pune,Vegetables,Tomato,09-10-2022,438.0,Metric Tonnes,1917.81,Rs./Quintal
Maharashtra,Pune,Vegetables,Onion,10-10-2022,1249.0,Metric Tonnes,1449.16,Rs./Quintal
Maharashtra,Pune,Vegetables,Tomato,10-10-2022,228.0,Metric Tonnes,1742.76,Rs./Quintal
Maharashtra,Pune,Vegetables,Onion,11-10-2022,1477.0,Metric Tonnes,2202.54,Rs./Quintal
Maharashtra,Pune,Vegetables,Tomato,11-10-2022,158.0,Metric Tonnes,2094.94,Rs./Quintal
Maharashtra,Pune,Vegetables,Onion,12-10-2022,955.0,Metric Tonnes,1451.83,Rs./Quintal
Maharashtra,Pune,Vegetables,Tomato,12-10-2022,261.0,Metric Tonnes,1973.95,Rs./Quintal
Maharashtra,Pune,Vegetables,Onion,13-10-2022,4603.0,Metric Tonnes,1855.0,Rs./Quintal
Maharashtra,Pune,Vegetables,Tomato,13-10-2022,249.0,Metric Tonnes,1938.15,Rs./Quintal
Maharashtra,Pune,Vegetables,Onion,14-10-2022,3142.0,Metric Tonnes,1731.65,Rs./Quintal
Maharashtra,Pune,Vegetables,Tomato,14-10-2022,311.0,Metric Tonnes,2425.72,Rs./Quintal
Maharashtra,Pune,Vegetables,Onion,15-10-2022,17.0,Metric Tonnes,1370.59,Rs./Quintal
Maharashtra,Pune,Vegetables,Tomato,15-10-2022,139.0,Metric Tonnes,2646.04,Rs./Quintal
Maharashtra,Pune,Vegetables,Onion,16-10-2022,8240.0,Metric Tonnes,1942.79,Rs./Quintal
Maharashtra,Pune,Vegetables,Tomato,16-10-2022,369.0,Metric Tonnes,3154.47,Rs./Quintal
Maharashtra,Pune,Vegetables,Onion,17-10-2022,455.0,Metric Tonnes,1463.41,Rs./Quintal
Maharashtra,Pune,Vegetables,Tomato,17-10-2022,281.0,Metric Tonnes,2649.47,Rs./Quintal
Maharashtra,Pune,Vegetables,Onion,18-10-2022,3991.0,Metric Tonnes,2035.6,Rs./Quintal
Maharashtra,Pune,Vegetables,Tomato,18-10-2022,282.0,Metric Tonnes,2383.87,Rs./Quintal
Maharashtra,Pune,Vegetables,Onion,19-10-2022,1019.0,Metric Tonnes,1524.48,Rs./Quintal
Maharashtra,Pune,Vegetables,Tomato,19-10-2022,213.0,Metric Tonnes,2283.1,Rs./Quintal
Maharashtra,Pune,Vegetables,Onion,20-10-2022,4324.0,Metric Tonnes,1848.0,Rs./Quintal
Maharashtra,Pune,Vegetables,Tomato,20-10-2022,316.0,Metric Tonnes,2122.47,Rs./Quintal
Maharashtra,Pune,Vegetables,Onion,21-10-2022,3397.0,Metric Tonnes,1857.82,Rs./Quintal
Maharashtra,Pune,Vegetables,Tomato,21-10-2022,284.0,Metric Tonnes,1893.31,Rs./Quintal
Maharashtra,Pune,Vegetables,Onion,22-10-2022,34.0,Metric Tonnes,1277.94,Rs./Quintal
Maharashtra,Pune,Vegetables,Tomato,22-10-2022,115.0,Metric Tonnes,2251.3,Rs./Quintal
Maharashtra,Pune,Vegetables,Onion,23-10-2022,3872.0,Metric Tonnes,1987.69,Rs./Quintal
Maharashtra,Pune,Vegetables,Tomato,23-10-2022,332.0,Metric Tonnes,2705.12,Rs./Quintal
Maharashtra,Pune,Vegetables,Onion,24-10-2022,591.0,Metric Tonnes,1540.19,Rs./Quintal
Maharashtra,Pune,Vegetables,Tomato,24-10-2022,169.0,Metric Tonnes,2031.07,Rs./Quintal
Maharashtra,Pune,Vegetables,Onion,25-10-2022,1050.0,Metric Tonnes,1842.9,Rs./Quintal
Maharashtra,Pune,Vegetables,Tomato,25-10-2022,242.0,Metric Tonnes,2250.41,Rs./Quintal
Maharashtra,Pune,Vegetables,Onion,26-10-2022,959.0,Metric Tonnes,1652.09,Rs./Quintal
Maharashtra,Pune,Vegetables,Tomato,26-10-2022,342.0,Metric Tonnes,1760.67,Rs./Quintal
Maharashtra,Pune,Vegetables,Onion,27-10-2022,765.0,Metric Tonnes,2522.42,Rs./Quintal
Maharashtra,Pune,Vegetables,Tomato,27-10-2022,146.0,Metric Tonnes,1636.3,Rs./Quintal
Maharashtra,Pune,Vegetables,Onion,28-10-2022,1630.0,Metric Tonnes,2221.47,Rs./Quintal
Maharashtra,Pune,Vegetables,Tomato,28-10-2022,452.0,Metric Tonnes,2024.56,Rs./Quintal
Maharashtra,Pune,Vegetables,Onion,29-10-2022,242.0,Metric Tonnes,2299.38,Rs./Quintal
Maharashtra,Pune,Vegetables,Tomato,29-10-2022,120.0,Metric Tonnes,2009.17,Rs./Quintal
Maharashtra,Pune,Vegetables,Onion,30-10-2022,5415.0,Metric Tonnes,2604.63,Rs./Quintal
Maharashtra,Pune,Vegetables,Tomato,30-10-2022,1427.0,Metric Tonnes,1783.92,Rs./Quintal
Maharashtra,Pune,Vegetables,Onion,31-10-2022,1164.0,Metric Tonnes,2039.0,Rs./Quintal
Maharashtra,Pune,Vegetables,Tomato,31-10-2022,259.0,Metric Tonnes,1642.47,Rs./Quintal
Maharashtra,Pune,Vegetables,Onion,01-11-2022,3764.0,Metric Tonnes,2855.88,Rs./Quintal
Maharashtra,Pune,Vegetables,Tomato,01-11-2022,304.0,Metric Tonnes,1519.41,Rs./Quintal
Maharashtra,Pune,Vegetables,Onion,02-11-2022,1395.0,Metric Tonnes,2002.15,Rs./Quintal
Maharashtra,Pune,Vegetables,Tomato,02-11-2022,182.0,Metric Tonnes,1468.68,Rs./Quintal
Maharashtra,Pune,Vegetables,Onion,03-11-2022,3750.0,Metric Tonnes,2298.47,Rs./Quintal
Maharashtra,Pune,Vegetables,Tomato,03-11-2022,253.0,Metric Tonnes,1333.79,Rs./Quintal
Maharashtra,Pune,Vegetables,Onion,04-11-2022,3769.0,Metric Tonnes,2340.3,Rs./Quintal
Maharashtra,Pune,Vegetables,Tomato,04-11-2022,326.0,Metric Tonnes,1355.21,Rs./Quintal
Maharashtra,Pune,Vegetables,Onion,05-11-2022,417.0,Metric Tonnes,2378.54,Rs./Quintal
Maharashtra,Pune,Vegetables,Tomato,05-11-2022,112.0,Metric Tonnes,1070.09,Rs./Quintal
Maharashtra,Pune,Vegetables,Onion,06-11-2022,6591.0,Metric Tonnes,2412.14,Rs./Quintal
Maharashtra,Pune,Vegetables,Tomato,06-11-2022,457.0,Metric Tonnes,1308.69,Rs./Quintal
Maharashtra,Pune,Vegetables,Onion,07-11-2022,1040.0,Metric Tonnes,1789.13,Rs./Quintal
Maharashtra,Pune,Vegetables,Tomato,07-11-2022,189.0,Metric Tonnes,1309.52,Rs./Quintal
Maharashtra,Pune,Vegetables,Onion,08-11-2022,3507.0,Metric Tonnes,2067.59,Rs./Quintal
Maharashtra,Pune,Vegetables,Tomato,08-11-2022,290.0,Metric Tonnes,1166.03,Rs./Quintal
Maharashtra,Pune,Vegetables,Onion,09-11-2022,1063.0,Metric Tonnes,1715.05,Rs./Quintal
Maharashtra,Pune,Vegetables,Tomato,09-11-2022,224.0,Metric Tonnes,1114.51,Rs./Quintal
Maharashtra,Pune,Vegetables,Onion,10-11-2022,3298.0,Metric Tonnes,1773.4,Rs./Quintal
Maharashtra,Pune,Vegetables,Tomato,10-11-2022,331.0,Metric Tonnes,849.24,Rs./Quintal
Maharashtra,Pune,Vegetables,Onion,11-11-2022,3002.0,Metric Tonnes,1946.85,Rs./Quintal
Maharashtra,Pune,Vegetables,Tomato,11-11-2022,296.0,Metric Tonnes,882.43,Rs./Quintal
Maharashtra,Pune,Vegetables,Onion,12-11-2022,61.0,Metric Tonnes,1650.82,Rs./Quintal
Maharashtra,Pune,Vegetables,Tomato,12-11-2022,120.0,Metric Tonnes,759.17,Rs./Quintal
Maharashtra,Pune,Vegetables,Onion,13-11-2022,3228.0,Metric Tonnes,1984.23,Rs./Quintal
Maharashtra,Pune,Vegetables,Tomato,13-11-2022,405.0,Metric Tonnes,873.7,Rs./Quintal
Maharashtra,Pune,Vegetables,Onion,14-11-2022,8.0,Metric Tonnes,2200.0,Rs./Quintal
Maharashtra,Pune,Vegetables,Tomato,14-11-2022,50.0,Metric Tonnes,700.0,Rs./Quintal
Maharashtra,Pune,Vegetables,Onion,15-11-2022,1060.0,Metric Tonnes,1690.66,Rs./Quintal
Maharashtra,Pune,Vegetables,Tomato,15-11-2022,364.0,Metric Tonnes,794.51,Rs./Quintal
Maharashtra,Pune,Vegetables,Onion,16-11-2022,1361.0,Metric Tonnes,1664.07,Rs./Quintal
Maharashtra,Pune,Vegetables,Tomato,16-11-2022,235.0,Metric Tonnes,702.13,Rs./Quintal
Maharashtra,Pune,Vegetables,Onion,17-11-2022,2293.0,Metric Tonnes,1618.58,Rs./Quintal
Maharashtra,Pune,Vegetables,Tomato,17-11-2022,300.0,Metric Tonnes,643.33,Rs./Quintal
Maharashtra,Pune,Vegetables,Onion,18-11-2022,2719.0,Metric Tonnes,1452.85,Rs./Quintal
Maharashtra,Pune,Vegetables,Tomato,18-11-2022,278.0,Metric Tonnes,700.9,Rs./Quintal
Maharashtra,Pune,Vegetables,Onion,19-11-2022,250.0,Metric Tonnes,1401.0,Rs./Quintal
Maharashtra,Pune,Vegetables,Tomato,19-11-2022,122.0,Metric Tonnes,688.52,Rs./Quintal
Maharashtra,Pune,Vegetables,Onion,20-11-2022,5019.0,Metric Tonnes,1487.25,Rs./Quintal
Maharashtra,Pune,Vegetables,Tomato,20-11-2022,364.0,Metric Tonnes,719.78,Rs./Quintal
Maharashtra,Pune,Vegetables,Onion,21-11-2022,918.0,Metric Tonnes,1382.52,Rs./Quintal
Maharashtra,Pune,Vegetables,Tomato,21-11-2022,250.0,Metric Tonnes,643.2,Rs./Quintal
Maharashtra,Pune,Vegetables,Onion,22-11-2022,1830.0,Metric Tonnes,1385.14,Rs./Quintal
Maharashtra,Pune,Vegetables,Tomato,22-11-2022,342.0,Metric Tonnes,648.98,Rs./Quintal
Maharashtra,Pune,Vegetables,Onion,23-11-2022,957.0,Metric Tonnes,1405.43,Rs./Quintal
Maharashtra,Pune,Vegetables,Tomato,23-11-2022,234.0,Metric Tonnes,609.62,Rs./Quintal
Maharashtra,Pune,Vegetables,Onion,24-11-2022,2042.0,Metric Tonnes,1389.74,Rs./Quintal
Maharashtra,Pune,Vegetables,Tomato,24-11-2022,278.0,Metric Tonnes,711.15,Rs./Quintal
Maharashtra,Pune,Vegetables,Onion,25-11-2022,23.0,Metric Tonnes,1000.0,Rs./Quintal
Maharashtra,Pune,Vegetables,Tomato,25-11-2022,13.0,Metric Tonnes,400.0,Rs./Quintal
Maharashtra,Pune,Vegetables,Onion,26-11-2022,209.0,Metric Tonnes,1347.37,Rs./Quintal
Maharashtra,Pune,Vegetables,Tomato,26-11-2022,89.0,Metric Tonnes,687.08,Rs./Quintal
Maharashtra,Pune,Vegetables,Onion,27-11-2022,3667.0,Metric Tonnes,1386.34,Rs./Quintal
Maharashtra,Pune,Vegetables,Tomato,27-11-2022,403.0,Metric Tonnes,755.46,Rs./Quintal
Maharashtra,Pune,Vegetables,Onion,28-11-2022,936.0,Metric Tonnes,1294.02,Rs./Quintal
Maharashtra,Pune,Vegetables,Tomato,28-11-2022,207.0,Metric Tonnes,611.84,Rs./Quintal
Maharashtra,Pune,Vegetables,Onion,29-11-2022,490.0,Metric Tonnes,1500.0,Rs./Quintal
Maharashtra,Pune,Vegetables,Tomato,29-11-2022,18.0,Metric Tonnes,500.0,Rs./Quintal
Maharashtra,Pune,Vegetables,Onion,30-11-2022,1066.0,Metric Tonnes,1194.56,Rs./Quintal
Maharashtra,Pune,Vegetables,Tomato,30-11-2022,231.0,Metric Tonnes,668.83,Rs./Quintal
Maharashtra,Pune,Vegetables,Onion,01-12-2022,1340.0,Metric Tonnes,1507.84,Rs./Quintal
Maharashtra,Pune,Vegetables,Tomato,01-12-2022,164.0,Metric Tonnes,631.1,Rs./Quintal
Maharashtra,Pune,Vegetables,Onion,02-12-2022,2678.0,Metric Tonnes,1192.81,Rs./Quintal
Maharashtra,Pune,Vegetables,Tomato,02-12-2022,370.0,Metric Tonnes,592.57,Rs./Quintal
Maharashtra,Pune,Vegetables,Onion,03-12-2022,170.0,Metric Tonnes,1277.35,Rs./Quintal
Maharashtra,Pune,Vegetables,Tomato,03-12-2022,157.0,Metric Tonnes,665.61,Rs./Quintal
Maharashtra,Pune,Vegetables,Onion,04-12-2022,2613.0,Metric Tonnes,1084.62,Rs./Quintal
Maharashtra,Pune,Vegetables,Tomato,04-12-2022,482.0,Metric Tonnes,591.8,Rs./Quintal
Maharashtra,Pune,Vegetables,Onion,05-12-2022,50.0,Metric Tonnes,945.0,Rs./Quintal
Maharashtra,Pune,Vegetables,Tomato,05-12-2022,119.0,Metric Tonnes,718.49,Rs./Quintal
Maharashtra,Pune,Vegetables,Onion,06-12-2022,1253.0,Metric Tonnes,1000.88,Rs./Quintal
Maharashtra,Pune,Vegetables,Tomato,06-12-2022,324.0,Metric Tonnes,581.17,Rs./Quintal
Maharashtra,Pune,Vegetables,Onion,07-12-2022,17.0,Metric Tonnes,1064.71,Rs./Quintal
Maharashtra,Pune,Vegetables,Tomato,07-12-2022,71.0,Metric Tonnes,553.52,Rs./Quintal
Maharashtra,Pune,Vegetables,Onion,08-12-2022,1664.0,Metric Tonnes,1013.58,Rs./Quintal
Maharashtra,Pune,Vegetables,Tomato,08-12-2022,343.0,Metric Tonnes,597.96,Rs./Quintal
Maharashtra,Pune,Vegetables,Onion,09-12-2022,3243.0,Metric Tonnes,1053.35,Rs./Quintal
Maharashtra,Pune,Vegetables,Tomato,09-12-2022,366.0,Metric Tonnes,543.85,Rs./Quintal
Maharashtra,Pune,Vegetables,Onion,10-12-2022,184.0,Metric Tonnes,1075.54,Rs./Quintal
Maharashtra,Pune,Vegetables,Tomato,10-12-2022,162.0,Metric Tonnes,495.06,Rs./Quintal
Maharashtra,Pune,Vegetables,Onion,11-12-2022,4886.0,Metric Tonnes,1086.82,Rs./Quintal
Maharashtra,Pune,Vegetables,Tomato,11-12-2022,468.0,Metric Tonnes,538.46,Rs./Quintal
Maharashtra,Pune,Vegetables,Onion,12-12-2022,1349.0,Metric Tonnes,850.3,Rs./Quintal
Maharashtra,Pune,Vegetables,Tomato,12-12-2022,329.0,Metric Tonnes,580.55,Rs./Quintal
Maharashtra,Pune,Vegetables,Onion,13-12-2022,1827.0,Metric Tonnes,1193.51,Rs./Quintal
Maharashtra,Pune,Vegetables,Tomato,13-12-2022,125.0,Metric Tonnes,621.6,Rs./Quintal
Maharashtra,Pune,Vegetables,Onion,14-12-2022,1576.0,Metric Tonnes,871.89,Rs./Quintal
Maharashtra,Pune,Vegetables,Tomato,14-12-2022,359.0,Metric Tonnes,677.02,Rs./Quintal
Maharashtra,Pune,Vegetables,Onion,15-12-2022,2221.0,Metric Tonnes,998.77,Rs./Quintal
Maharashtra,Pune,Vegetables,Tomato,15-12-2022,299.0,Metric Tonnes,620.74,Rs./Quintal
Maharashtra,Pune,Vegetables,Onion,16-12-2022,2446.0,Metric Tonnes,1077.88,Rs./Quintal
Maharashtra,Pune,Vegetables,Tomato,16-12-2022,395.0,Metric Tonnes,544.3,Rs./Quintal
Maharashtra,Pune,Vegetables,Onion,17-12-2022,48.0,Metric Tonnes,891.67,Rs./Quintal
Maharashtra,Pune,Vegetables,Tomato,17-12-2022,139.0,Metric Tonnes,561.15,Rs./Quintal
Maharashtra,Pune,Vegetables,Onion,18-12-2022,2766.0,Metric Tonnes,1201.99,Rs./Quintal
Maharashtra,Pune,Vegetables,Tomato,18-12-2022,480.0,Metric Tonnes,551.35,Rs./Quintal
Maharashtra,Pune,Vegetables,Onion,19-12-2022,994.0,Metric Tonnes,1195.82,Rs./Quintal
Maharashtra,Pune,Vegetables,Tomato,19-12-2022,243.0,Metric Tonnes,535.8,Rs./Quintal
Maharashtra,Pune,Vegetables,Onion,20-12-2022,2103.0,Metric Tonnes,1298.01,Rs./Quintal
Maharashtra,Pune,Vegetables,Tomato,20-12-2022,331.0,Metric Tonnes,535.2,Rs./Quintal
Maharashtra,Pune,Vegetables,Onion,21-12-2022,1156.0,Metric Tonnes,1199.83,Rs./Quintal
Maharashtra,Pune,Vegetables,Tomato,21-12-2022,167.0,Metric Tonnes,515.57,Rs./Quintal
Maharashtra,Pune,Vegetables,Onion,22-12-2022,1877.0,Metric Tonnes,1525.8,Rs./Quintal
Maharashtra,Pune,Vegetables,Tomato,22-12-2022,301.0,Metric Tonnes,554.32,Rs./Quintal
Maharashtra,Pune,Vegetables,Onion,23-12-2022,2257.0,Metric Tonnes,1535.47,Rs./Quintal
Maharashtra,Pune,Vegetables,Tomato,23-12-2022,263.0,Metric Tonnes,578.9,Rs./Quintal
Maharashtra,Pune,Vegetables,Onion,24-12-2022,46.0,Metric Tonnes,1065.22,Rs./Quintal
Maharashtra,Pune,Vegetables,Tomato,24-12-2022,143.0,Metric Tonnes,552.1,Rs./Quintal
Maharashtra,Pune,Vegetables,Onion,25-12-2022,4662.0,Metric Tonnes,1517.84,Rs./Quintal
Maharashtra,Pune,Vegetables,Tomato,25-12-2022,411.0,Metric Tonnes,592.58,Rs./Quintal
Maharashtra,Pune,Vegetables,Onion,26-12-2022,1397.0,Metric Tonnes,1191.12,Rs./Quintal
Maharashtra,Pune,Vegetables,Tomato,26-12-2022,181.0,Metric Tonnes,841.71,Rs./Quintal
Maharashtra,Pune,Vegetables,Onion,27-12-2022,401.0,Metric Tonnes,1764.96,Rs./Quintal
Maharashtra,Pune,Vegetables,Tomato,27-12-2022,56.0,Metric Tonnes,746.43,Rs./Quintal
Maharashtra,Pune,Vegetables,Onion,28-12-2022,1326.0,Metric Tonnes,1379.41,Rs./Quintal
Maharashtra,Pune,Vegetables,Tomato,28-12-2022,210.0,Metric Tonnes,696.43,Rs./Quintal
Maharashtra,Pune,Vegetables,Onion,29-12-2022,2924.0,Metric Tonnes,1593.4,Rs./Quintal
Maharashtra,Pune,Vegetables,Tomato,29-12-2022,333.0,Metric Tonnes,705.86,Rs./Quintal
Maharashtra,Pune,Vegetables,Onion,30-12-2022,2854.0,Metric Tonnes,1432.45,Rs./Quintal
Maharashtra,Pune,Vegetables,Tomato,30-12-2022,420.0,Metric Tonnes,937.5,Rs./Quintal
Maharashtra,Pune,Vegetables,Onion,31-12-2022,234.0,Metric Tonnes,1412.82,Rs./Quintal
Maharashtra,Pune,Vegetables,Tomato,31-12-2022,152.0,Metric Tonnes,695.07,Rs./Quintal
Maharashtra,Pune,Vegetables,Onion,01-01-2023,2311.0,Metric Tonnes,1512.31,Rs./Quintal
Maharashtra,Pune,Vegetables,Tomato,01-01-2023,424.0,Metric Tonnes,656.13,Rs./Quintal
Maharashtra,Pune,Vegetables,Onion,02-01-2023,1173.0,Metric Tonnes,1387.43,Rs./Quintal
Maharashtra,Pune,Vegetables,Tomato,02-01-2023,237.0,Metric Tonnes,2048.31,Rs./Quintal
Maharashtra,Pune,Vegetables,Onion,03-01-2023,2434.0,Metric Tonnes,1457.95,Rs./Quintal
Maharashtra,Pune,Vegetables,Tomato,03-01-2023,287.0,Metric Tonnes,636.93,Rs./Quintal
Maharashtra,Pune,Vegetables,Onion,04-01-2023,1488.0,Metric Tonnes,1333.27,Rs./Quintal
Maharashtra,Pune,Vegetables,Tomato,04-01-2023,212.0,Metric Tonnes,666.04,Rs./Quintal
Maharashtra,Pune,Vegetables,Tomato,05-01-2023,48.0,Metric Tonnes,800.0,Rs./Quintal
Maharashtra,Pune,Vegetables,Onion,06-01-2023,94.0,Metric Tonnes,1418.09,Rs./Quintal
Maharashtra,Pune,Vegetables,Tomato,06-01-2023,108.0,Metric Tonnes,1131.94,Rs./Quintal
Maharashtra,Pune,Vegetables,Onion,07-01-2023,38.0,Metric Tonnes,1015.79,Rs./Quintal
Maharashtra,Pune,Vegetables,Tomato,07-01-2023,113.0,Metric Tonnes,676.11,Rs./Quintal
Maharashtra,Pune,Vegetables,Onion,08-01-2023,3560.0,Metric Tonnes,1307.65,Rs./Quintal
Maharashtra,Pune,Vegetables,Tomato,08-01-2023,385.0,Metric Tonnes,621.04,Rs./Quintal
Maharashtra,Pune,Vegetables,Onion,10-01-2023,384.0,Metric Tonnes,1705.0,Rs./Quintal
Maharashtra,Pune,Vegetables,Tomato,10-01-2023,42.0,Metric Tonnes,800.0,Rs./Quintal
Maharashtra,Pune,Vegetables,Onion,11-01-2023,1830.0,Metric Tonnes,1323.42,Rs./Quintal
Maharashtra,Pune,Vegetables,Tomato,11-01-2023,180.0,Metric Tonnes,717.78,Rs./Quintal
Maharashtra,Pune,Vegetables,Onion,12-01-2023,2037.0,Metric Tonnes,1235.86,Rs./Quintal
Maharashtra,Pune,Vegetables,Tomato,12-01-2023,274.0,Metric Tonnes,657.12,Rs./Quintal
Maharashtra,Pune,Vegetables,Onion,13-01-2023,2.0,Metric Tonnes,1500.0,Rs./Quintal
Maharashtra,Pune,Vegetables,Tomato,13-01-2023,34.0,Metric Tonnes,800.0,Rs./Quintal
Maharashtra,Pune,Vegetables,Onion,14-01-2023,56.0,Metric Tonnes,993.75,Rs./Quintal
Maharashtra,Pune,Vegetables,Tomato,14-01-2023,106.0,Metric Tonnes,885.85,Rs./Quintal
Maharashtra,Pune,Vegetables,Onion,15-01-2023,2317.0,Metric Tonnes,1287.48,Rs./Quintal
Maharashtra,Pune,Vegetables,Tomato,15-01-2023,194.0,Metric Tonnes,1145.88,Rs./Quintal
Maharashtra,Pune,Vegetables,Tomato,16-01-2023,43.0,Metric Tonnes,1000.0,Rs./Quintal
Maharashtra,Pune,Vegetables,Onion,17-01-2023,2594.0,Metric Tonnes,1253.41,Rs./Quintal
Maharashtra,Pune,Vegetables,Tomato,17-01-2023,376.0,Metric Tonnes,1151.6,Rs./Quintal
Maharashtra,Pune,Vegetables,Onion,18-01-2023,601.0,Metric Tonnes,1599.58,Rs./Quintal
Maharashtra,Pune,Vegetables,Tomato,18-01-2023,37.0,Metric Tonnes,1214.86,Rs./Quintal
Maharashtra,Pune,Vegetables,Onion,19-01-2023,186.0,Metric Tonnes,1334.95,Rs./Quintal
Maharashtra,Pune,Vegetables,Tomato,19-01-2023,148.0,Metric Tonnes,863.51,Rs./Quintal
Maharashtra,Pune,Vegetables,Onion,20-01-2023,122.0,Metric Tonnes,1241.8,Rs./Quintal
Maharashtra,Pune,Vegetables,Tomato,20-01-2023,149.0,Metric Tonnes,1004.7,Rs./Quintal
Maharashtra,Pune,Vegetables,Onion,21-01-2023,1061.0,Metric Tonnes,1376.15,Rs./Quintal
Maharashtra,Pune,Vegetables,Tomato,21-01-2023,160.0,Metric Tonnes,926.56,Rs./Quintal
Maharashtra,Pune,Vegetables,Onion,22-01-2023,4556.0,Metric Tonnes,1210.77,Rs./Quintal
Maharashtra,Pune,Vegetables,Tomato,22-01-2023,520.0,Metric Tonnes,904.13,Rs./Quintal
Maharashtra,Pune,Vegetables,Onion,23-01-2023,1299.0,Metric Tonnes,1086.14,Rs./Quintal
Maharashtra,Pune,Vegetables,Tomato,23-01-2023,279.0,Metric Tonnes,898.21,Rs./Quintal
Maharashtra,Pune,Vegetables,Onion,24-01-2023,3616.0,Metric Tonnes,1217.98,Rs./Quintal
Maharashtra,Pune,Vegetables,Tomato,24-01-2023,436.0,Metric Tonnes,927.41,Rs./Quintal
Maharashtra,Pune,Vegetables,Onion,25-01-2023,2336.0,Metric Tonnes,1241.59,Rs./Quintal
Maharashtra,Pune,Vegetables,Tomato,25-01-2023,392.0,Metric Tonnes,866.2,Rs./Quintal
Maharashtra,Pune,Vegetables,Onion,26-01-2023,313.0,Metric Tonnes,1496.17,Rs./Quintal
Maharashtra,Pune,Vegetables,Tomato,26-01-2023,75.0,Metric Tonnes,516.0,Rs./Quintal
Maharashtra,Pune,Vegetables,Onion,27-01-2023,4208.0,Metric Tonnes,1083.64,Rs./Quintal
Maharashtra,Pune,Vegetables,Tomato,27-01-2023,515.0,Metric Tonnes,739.22,Rs./Quintal
Maharashtra,Pune,Vegetables,Onion,28-01-2023,1141.0,Metric Tonnes,1282.3,Rs./Quintal
Maharashtra,Pune,Vegetables,Tomato,28-01-2023,218.0,Metric Tonnes,706.88,Rs./Quintal
Maharashtra,Pune,Vegetables,Onion,29-01-2023,2281.0,Metric Tonnes,1000.61,Rs./Quintal
Maharashtra,Pune,Vegetables,Tomato,29-01-2023,478.0,Metric Tonnes,731.49,Rs./Quintal
Maharashtra,Pune,Vegetables,Onion,30-01-2023,1396.0,Metric Tonnes,926.81,Rs./Quintal
Maharashtra,Pune,Vegetables,Tomato,30-01-2023,351.0,Metric Tonnes,658.97,Rs./Quintal
Maharashtra,Pune,Vegetables,Onion,31-01-2023,3374.0,Metric Tonnes,1047.47,Rs./Quintal
Maharashtra,Pune,Vegetables,Tomato,31-01-2023,391.0,Metric Tonnes,772.63,Rs./Quintal
Maharashtra,Pune,Vegetables,Onion,01-02-2023,1670.0,Metric Tonnes,1061.41,Rs./Quintal
Maharashtra,Pune,Vegetables,Tomato,01-02-2023,211.0,Metric Tonnes,657.35,Rs./Quintal
Maharashtra,Pune,Vegetables,Onion,02-02-2023,2706.0,Metric Tonnes,996.1,Rs./Quintal
Maharashtra,Pune,Vegetables,Tomato,02-02-2023,360.0,Metric Tonnes,632.64,Rs./Quintal
Maharashtra,Pune,Vegetables,Onion,03-02-2023,2808.0,Metric Tonnes,986.24,Rs./Quintal
Maharashtra,Pune,Vegetables,Tomato,03-02-2023,382.0,Metric Tonnes,709.42,Rs./Quintal
Maharashtra,Pune,Vegetables,Onion,04-02-2023,1119.0,Metric Tonnes,1171.54,Rs./Quintal
Maharashtra,Pune,Vegetables,Tomato,04-02-2023,178.0,Metric Tonnes,603.93,Rs./Quintal
Maharashtra,Pune,Vegetables,Onion,05-02-2023,3116.0,Metric Tonnes,1051.48,Rs./Quintal
Maharashtra,Pune,Vegetables,Tomato,05-02-2023,454.0,Metric Tonnes,708.59,Rs./Quintal
Maharashtra,Pune,Vegetables,Onion,06-02-2023,1247.0,Metric Tonnes,949.52,Rs./Quintal
Maharashtra,Pune,Vegetables,Tomato,06-02-2023,279.0,Metric Tonnes,810.39,Rs./Quintal
Maharashtra,Pune,Vegetables,Onion,07-02-2023,2389.0,Metric Tonnes,1065.19,Rs./Quintal
Maharashtra,Pune,Vegetables,Tomato,07-02-2023,380.0,Metric Tonnes,825.79,Rs./Quintal
Maharashtra,Pune,Vegetables,Onion,08-02-2023,1654.0,Metric Tonnes,978.34,Rs./Quintal
Maharashtra,Pune,Vegetables,Tomato,08-02-2023,263.0,Metric Tonnes,763.88,Rs./Quintal
Maharashtra,Pune,Vegetables,Onion,09-02-2023,1859.0,Metric Tonnes,929.4,Rs./Quintal
Maharashtra,Pune,Vegetables,Tomato,09-02-2023,346.0,Metric Tonnes,756.5,Rs./Quintal
Maharashtra,Pune,Vegetables,Onion,10-02-2023,2650.0,Metric Tonnes,1027.26,Rs./Quintal
Maharashtra,Pune,Vegetables,Tomato,10-02-2023,330.0,Metric Tonnes,874.24,Rs./Quintal
Maharashtra,Pune,Vegetables,Onion,11-02-2023,661.0,Metric Tonnes,1151.66,Rs./Quintal
Maharashtra,Pune,Vegetables,Tomato,11-02-2023,172.0,Metric Tonnes,988.95,Rs./Quintal
Maharashtra,Pune,Vegetables,Onion,12-02-2023,4101.0,Metric Tonnes,960.78,Rs./Quintal
Maharashtra,Pune,Vegetables,Tomato,12-02-2023,430.0,Metric Tonnes,1032.21,Rs./Quintal
Maharashtra,Pune,Vegetables,Onion,13-02-2023,1184.0,Metric Tonnes,889.19,Rs./Quintal
Maharashtra,Pune,Vegetables,Tomato,13-02-2023,273.0,Metric Tonnes,1045.6,Rs./Quintal
Maharashtra,Pune,Vegetables,Onion,14-02-2023,3858.0,Metric Tonnes,857.73,Rs./Quintal
Maharashtra,Pune,Vegetables,Tomato,14-02-2023,380.0,Metric Tonnes,1301.32,Rs./Quintal
Maharashtra,Pune,Vegetables,Onion,15-02-2023,1790.0,Metric Tonnes,960.98,Rs./Quintal
Maharashtra,Pune,Vegetables,Tomato,15-02-2023,244.0,Metric Tonnes,1017.83,Rs./Quintal
Maharashtra,Pune,Vegetables,Onion,16-02-2023,3100.0,Metric Tonnes,918.4,Rs./Quintal
Maharashtra,Pune,Vegetables,Tomato,16-02-2023,406.0,Metric Tonnes,1048.4,Rs./Quintal
Maharashtra,Pune,Vegetables,Onion,17-02-2023,2739.0,Metric Tonnes,802.76,Rs./Quintal
Maharashtra,Pune,Vegetables,Tomato,17-02-2023,288.0,Metric Tonnes,1047.4,Rs./Quintal
Maharashtra,Pune,Vegetables,Onion,18-02-2023,181.0,Metric Tonnes,953.59,Rs./Quintal
Maharashtra,Pune,Vegetables,Tomato,18-02-2023,135.0,Metric Tonnes,1210.74,Rs./Quintal
Maharashtra,Pune,Vegetables,Onion,19-02-2023,3788.0,Metric Tonnes,882.69,Rs./Quintal
Maharashtra,Pune,Vegetables,Tomato,19-02-2023,445.0,Metric Tonnes,1155.84,Rs./Quintal
Maharashtra,Pune,Vegetables,Onion,20-02-2023,988.0,Metric Tonnes,744.94,Rs./Quintal
Maharashtra,Pune,Vegetables,Tomato,20-02-2023,284.0,Metric Tonnes,1217.61,Rs./Quintal
Maharashtra,Pune,Vegetables,Onion,21-02-2023,2690.0,Metric Tonnes,883.74,Rs./Quintal
Maharashtra,Pune,Vegetables,Tomato,21-02-2023,331.0,Metric Tonnes,1265.26,Rs./Quintal
Maharashtra,Pune,Vegetables,Onion,22-02-2023,1682.0,Metric Tonnes,854.13,Rs./Quintal
Maharashtra,Pune,Vegetables,Tomato,22-02-2023,282.0,Metric Tonnes,1086.17,Rs./Quintal
Maharashtra,Pune,Vegetables,Onion,23-02-2023,2835.0,Metric Tonnes,1531.5,Rs./Quintal
Maharashtra,Pune,Vegetables,Tomato,23-02-2023,311.0,Metric Tonnes,1118.01,Rs./Quintal
Maharashtra,Pune,Vegetables,Onion,24-02-2023,5708.0,Metric Tonnes,571.74,Rs./Quintal
Maharashtra,Pune,Vegetables,Tomato,24-02-2023,321.0,Metric Tonnes,1135.67,Rs./Quintal
Maharashtra,Pune,Vegetables,Onion,25-02-2023,763.0,Metric Tonnes,983.55,Rs./Quintal
Maharashtra,Pune,Vegetables,Tomato,25-02-2023,171.0,Metric Tonnes,1152.34,Rs./Quintal
Maharashtra,Pune,Vegetables,Onion,26-02-2023,5418.0,Metric Tonnes,911.83,Rs./Quintal
Maharashtra,Pune,Vegetables,Tomato,26-02-2023,454.0,Metric Tonnes,1047.03,Rs./Quintal
Maharashtra,Pune,Vegetables,Onion,27-02-2023,1099.0,Metric Tonnes,795.59,Rs./Quintal
Maharashtra,Pune,Vegetables,Tomato,27-02-2023,356.0,Metric Tonnes,1039.47,Rs./Quintal
Maharashtra,Pune,Vegetables,Onion,28-02-2023,3157.0,Metric Tonnes,881.9,Rs./Quintal
Maharashtra,Pune,Vegetables,Tomato,28-02-2023,342.0,Metric Tonnes,1108.63,Rs./Quintal
Maharashtra,Pune,Vegetables,Onion,01-03-2023,1608.0,Metric Tonnes,840.11,Rs./Quintal
Maharashtra,Pune,Vegetables,Tomato,01-03-2023,264.0,Metric Tonnes,1149.43,Rs./Quintal
Maharashtra,Pune,Vegetables,Onion,02-03-2023,2443.0,Metric Tonnes,933.6,Rs./Quintal
Maharashtra,Pune,Vegetables,Tomato,02-03-2023,404.0,Metric Tonnes,1117.2,Rs./Quintal
Maharashtra,Pune,Vegetables,Onion,03-03-2023,2005.0,Metric Tonnes,889.25,Rs./Quintal
Maharashtra,Pune,Vegetables,Tomato,03-03-2023,360.0,Metric Tonnes,1118.75,Rs./Quintal
Maharashtra,Pune,Vegetables,Onion,04-03-2023,761.0,Metric Tonnes,1012.09,Rs./Quintal
Maharashtra,Pune,Vegetables,Tomato,04-03-2023,192.0,Metric Tonnes,1170.31,Rs./Quintal
Maharashtra,Pune,Vegetables,Onion,05-03-2023,2665.0,Metric Tonnes,1044.81,Rs./Quintal
Maharashtra,Pune,Vegetables,Tomato,05-03-2023,442.0,Metric Tonnes,1083.07,Rs./Quintal
Maharashtra,Pune,Vegetables,Onion,06-03-2023,1324.0,Metric Tonnes,905.93,Rs./Quintal
Maharashtra,Pune,Vegetables,Tomato,06-03-2023,360.0,Metric Tonnes,1161.39,Rs./Quintal
Maharashtra,Pune,Vegetables,Onion,07-03-2023,1624.0,Metric Tonnes,1061.44,Rs./Quintal
Maharashtra,Pune,Vegetables,Tomato,07-03-2023,92.0,Metric Tonnes,1056.52,Rs./Quintal
Maharashtra,Pune,Vegetables,Onion,08-03-2023,2295.0,Metric Tonnes,951.85,Rs./Quintal
Maharashtra,Pune,Vegetables,Tomato,08-03-2023,280.0,Metric Tonnes,1193.57,Rs./Quintal
Maharashtra,Pune,Vegetables,Onion,09-03-2023,3190.0,Metric Tonnes,1008.82,Rs./Quintal
Maharashtra,Pune,Vegetables,Tomato,09-03-2023,450.0,Metric Tonnes,1085.44,Rs./Quintal
Maharashtra,Pune,Vegetables,Onion,10-03-2023,2831.0,Metric Tonnes,906.38,Rs./Quintal
Maharashtra,Pune,Vegetables,Tomato,10-03-2023,375.0,Metric Tonnes,1106.27,Rs./Quintal
Maharashtra,Pune,Vegetables,Onion,11-03-2023,885.0,Metric Tonnes,1055.71,Rs./Quintal
Maharashtra,Pune,Vegetables,Tomato,11-03-2023,172.0,Metric Tonnes,983.72,Rs./Quintal
Maharashtra,Pune,Vegetables,Onion,12-03-2023,3287.0,Metric Tonnes,873.01,Rs./Quintal
Maharashtra,Pune,Vegetables,Tomato,12-03-2023,449.0,Metric Tonnes,1153.01,Rs./Quintal
Maharashtra,Pune,Vegetables,Onion,13-03-2023,1568.0,Metric Tonnes,794.01,Rs./Quintal
Maharashtra,Pune,Vegetables,Tomato,13-03-2023,228.0,Metric Tonnes,1227.63,Rs./Quintal
Maharashtra,Pune,Vegetables,Onion,14-03-2023,2728.0,Metric Tonnes,890.67,Rs./Quintal
Maharashtra,Pune,Vegetables,Tomato,14-03-2023,265.0,Metric Tonnes,1242.64,Rs./Quintal
Maharashtra,Pune,Vegetables,Onion,15-03-2023,2076.0,Metric Tonnes,934.78,Rs./Quintal
Maharashtra,Pune,Vegetables,Tomato,15-03-2023,268.0,Metric Tonnes,1267.91,Rs./Quintal
Maharashtra,Pune,Vegetables,Onion,16-03-2023,4451.0,Metric Tonnes,941.47,Rs./Quintal
Maharashtra,Pune,Vegetables,Tomato,16-03-2023,396.0,Metric Tonnes,1269.44,Rs./Quintal
Maharashtra,Pune,Vegetables,Onion,17-03-2023,4618.0,Metric Tonnes,951.63,Rs./Quintal
Maharashtra,Pune,Vegetables,Tomato,17-03-2023,352.0,Metric Tonnes,1247.44,Rs./Quintal
Maharashtra,Pune,Vegetables,Onion,18-03-2023,1158.0,Metric Tonnes,983.07,Rs./Quintal
Maharashtra,Pune,Vegetables,Tomato,18-03-2023,132.0,Metric Tonnes,1456.44,Rs./Quintal
Maharashtra,Pune,Vegetables,Onion,19-03-2023,5911.0,Metric Tonnes,925.93,Rs./Quintal
Maharashtra,Pune,Vegetables,Tomato,19-03-2023,425.0,Metric Tonnes,1284.0,Rs./Quintal
Maharashtra,Pune,Vegetables,Onion,20-03-2023,1529.0,Metric Tonnes,833.94,Rs./Quintal
Maharashtra,Pune,Vegetables,Tomato,20-03-2023,349.0,Metric Tonnes,1394.27,Rs./Quintal
Maharashtra,Pune,Vegetables,Onion,21-03-2023,2498.0,Metric Tonnes,832.03,Rs./Quintal
Maharashtra,Pune,Vegetables,Tomato,21-03-2023,361.0,Metric Tonnes,1268.28,Rs./Quintal
Maharashtra,Pune,Vegetables,Onion,22-03-2023,4637.0,Metric Tonnes,941.3,Rs./Quintal
Maharashtra,Pune,Vegetables,Tomato,22-03-2023,201.0,Metric Tonnes,1357.21,Rs./Quintal
Maharashtra,Pune,Vegetables,Onion,23-03-2023,4339.0,Metric Tonnes,974.64,Rs./Quintal
Maharashtra,Pune,Vegetables,Tomato,23-03-2023,272.0,Metric Tonnes,1270.59,Rs./Quintal
Maharashtra,Pune,Vegetables,Onion,24-03-2023,2856.0,Metric Tonnes,835.03,Rs./Quintal
Maharashtra,Pune,Vegetables,Tomato,24-03-2023,394.0,Metric Tonnes,1087.94,Rs./Quintal
Maharashtra,Pune,Vegetables,Onion,25-03-2023,79.0,Metric Tonnes,744.94,Rs./Quintal
Maharashtra,Pune,Vegetables,Tomato,25-03-2023,175.0,Metric Tonnes,1246.08,Rs./Quintal
Maharashtra,Pune,Vegetables,Onion,26-03-2023,8400.0,Metric Tonnes,922.64,Rs./Quintal
Maharashtra,Pune,Vegetables,Tomato,26-03-2023,401.0,Metric Tonnes,1175.31,Rs./Quintal
Maharashtra,Pune,Vegetables,Onion,27-03-2023,2088.0,Metric Tonnes,704.98,Rs./Quintal
Maharashtra,Pune,Vegetables,Tomato,27-03-2023,247.0,Metric Tonnes,1313.56,Rs./Quintal
Maharashtra,Pune,Vegetables,Onion,28-03-2023,3407.0,Metric Tonnes,803.38,Rs./Quintal
Maharashtra,Pune,Vegetables,Tomato,28-03-2023,316.0,Metric Tonnes,1239.4,Rs./Quintal
Maharashtra,Pune,Vegetables,Onion,29-03-2023,2124.0,Metric Tonnes,601.22,Rs./Quintal
Maharashtra,Pune,Vegetables,Tomato,29-03-2023,232.0,Metric Tonnes,1257.54,Rs./Quintal
Maharashtra,Pune,Vegetables,Onion,30-03-2023,13841.0,Metric Tonnes,804.27,Rs./Quintal
Maharashtra,Pune,Vegetables,Tomato,30-03-2023,400.0,Metric Tonnes,1274.75,Rs./Quintal
Maharashtra,Pune,Vegetables,Onion,31-03-2023,2566.0,Metric Tonnes,522.93,Rs./Quintal
Maharashtra,Pune,Vegetables,Tomato,31-03-2023,374.0,Metric Tonnes,1330.75,Rs./Quintal
Maharashtra,Pune,Vegetables,Onion,01-04-2023,738.0,Metric Tonnes,796.54,Rs./Quintal
Maharashtra,Pune,Vegetables,Tomato,01-04-2023,162.0,Metric Tonnes,1241.98,Rs./Quintal
Maharashtra,Pune,Vegetables,Onion,02-04-2023,1228.0,Metric Tonnes,834.53,Rs./Quintal
Maharashtra,Pune,Vegetables,Tomato,02-04-2023,455.0,Metric Tonnes,1160.33,Rs./Quintal
Maharashtra,Pune,Vegetables,Onion,03-04-2023,684.0,Metric Tonnes,842.4,Rs./Quintal
Maharashtra,Pune,Vegetables,Tomato,03-04-2023,132.0,Metric Tonnes,1234.85,Rs./Quintal
Maharashtra,Pune,Vegetables,Onion,04-04-2023,1634.0,Metric Tonnes,822.71,Rs./Quintal
Maharashtra,Pune,Vegetables,Tomato,04-04-2023,433.0,Metric Tonnes,1196.65,Rs./Quintal
Maharashtra,Pune,Vegetables,Onion,05-04-2023,2343.0,Metric Tonnes,830.26,Rs./Quintal
Maharashtra,Pune,Vegetables,Tomato,05-04-2023,310.0,Metric Tonnes,1095.81,Rs./Quintal
Maharashtra,Pune,Vegetables,Onion,06-04-2023,2227.0,Metric Tonnes,778.78,Rs./Quintal
Maharashtra,Pune,Vegetables,Tomato,06-04-2023,362.0,Metric Tonnes,1112.57,Rs./Quintal
Maharashtra,Pune,Vegetables,Onion,07-04-2023,2006.0,Metric Tonnes,652.42,Rs./Quintal
Maharashtra,Pune,Vegetables,Tomato,07-04-2023,310.0,Metric Tonnes,985.32,Rs./Quintal
Maharashtra,Pune,Vegetables,Onion,08-04-2023,1037.0,Metric Tonnes,842.82,Rs./Quintal
Maharashtra,Pune,Vegetables,Tomato,08-04-2023,147.0,Metric Tonnes,1030.61,Rs./Quintal
Maharashtra,Pune,Vegetables,Onion,09-04-2023,2850.0,Metric Tonnes,716.21,Rs./Quintal
Maharashtra,Pune,Vegetables,Tomato,09-04-2023,434.0,Metric Tonnes,1089.29,Rs./Quintal
Maharashtra,Pune,Vegetables,Onion,10-04-2023,1289.0,Metric Tonnes,599.92,Rs./Quintal
Maharashtra,Pune,Vegetables,Tomato,10-04-2023,396.0,Metric Tonnes,913.01,Rs./Quintal
Maharashtra,Pune,Vegetables,Onion,11-04-2023,2560.0,Metric Tonnes,761.66,Rs./Quintal
Maharashtra,Pune,Vegetables,Tomato,11-04-2023,480.0,Metric Tonnes,931.67,Rs./Quintal
Maharashtra,Pune,Vegetables,Onion,12-04-2023,2168.0,Metric Tonnes,756.41,Rs./Quintal
Maharashtra,Pune,Vegetables,Tomato,12-04-2023,282.0,Metric Tonnes,864.72,Rs./Quintal
Maharashtra,Pune,Vegetables,Onion,13-04-2023,2595.0,Metric Tonnes,708.3,Rs./Quintal
Maharashtra,Pune,Vegetables,Tomato,13-04-2023,304.0,Metric Tonnes,861.07,Rs./Quintal
Maharashtra,Pune,Vegetables,Onion,14-04-2023,3551.0,Metric Tonnes,704.6,Rs./Quintal
Maharashtra,Pune,Vegetables,Tomato,14-04-2023,263.0,Metric Tonnes,788.59,Rs./Quintal
Maharashtra,Pune,Vegetables,Onion,15-04-2023,1253.0,Metric Tonnes,842.42,Rs./Quintal
Maharashtra,Pune,Vegetables,Tomato,15-04-2023,149.0,Metric Tonnes,1062.08,Rs./Quintal
Maharashtra,Pune,Vegetables,Onion,16-04-2023,4095.0,Metric Tonnes,767.59,Rs./Quintal
Maharashtra,Pune,Vegetables,Tomato,16-04-2023,438.0,Metric Tonnes,1011.3,Rs./Quintal
Maharashtra,Pune,Vegetables,Onion,17-04-2023,1705.0,Metric Tonnes,614.6,Rs./Quintal
Maharashtra,Pune,Vegetables,Tomato,17-04-2023,378.0,Metric Tonnes,998.94,Rs./Quintal
Maharashtra,Pune,Vegetables,Onion,18-04-2023,1525.0,Metric Tonnes,601.21,Rs./Quintal
Maharashtra,Pune,Vegetables,Tomato,18-04-2023,196.0,Metric Tonnes,877.04,Rs./Quintal
Maharashtra,Pune,Vegetables,Onion,19-04-2023,2441.0,Metric Tonnes,732.98,Rs./Quintal
Maharashtra,Pune,Vegetables,Tomato,19-04-2023,366.0,Metric Tonnes,919.13,Rs./Quintal
Maharashtra,Pune,Vegetables,Onion,20-04-2023,1636.0,Metric Tonnes,791.72,Rs./Quintal
Maharashtra,Pune,Vegetables,Tomato,20-04-2023,225.0,Metric Tonnes,780.22,Rs./Quintal
Maharashtra,Pune,Vegetables,Onion,21-04-2023,2370.0,Metric Tonnes,600.91,Rs./Quintal
Maharashtra,Pune,Vegetables,Tomato,21-04-2023,490.0,Metric Tonnes,816.84,Rs./Quintal
Maharashtra,Pune,Vegetables,Onion,22-04-2023,57.0,Metric Tonnes,685.96,Rs./Quintal
Maharashtra,Pune,Vegetables,Tomato,22-04-2023,166.0,Metric Tonnes,828.92,Rs./Quintal
Maharashtra,Pune,Vegetables,Onion,23-04-2023,3059.0,Metric Tonnes,732.58,Rs./Quintal
Maharashtra,Pune,Vegetables,Tomato,23-04-2023,451.0,Metric Tonnes,893.35,Rs./Quintal
Maharashtra,Pune,Vegetables,Onion,24-04-2023,1604.0,Metric Tonnes,581.96,Rs./Quintal
Maharashtra,Pune,Vegetables,Tomato,24-04-2023,385.0,Metric Tonnes,874.29,Rs./Quintal
Maharashtra,Pune,Vegetables,Onion,25-04-2023,3103.0,Metric Tonnes,664.6,Rs./Quintal
Maharashtra,Pune,Vegetables,Tomato,25-04-2023,492.0,Metric Tonnes,740.45,Rs./Quintal
Maharashtra,Pune,Vegetables,Onion,26-04-2023,2503.0,Metric Tonnes,600.1,Rs./Quintal
Maharashtra,Pune,Vegetables,Tomato,26-04-2023,322.0,Metric Tonnes,757.45,Rs./Quintal
Maharashtra,Pune,Vegetables,Onion,27-04-2023,2589.0,Metric Tonnes,678.61,Rs./Quintal
Maharashtra,Pune,Vegetables,Tomato,27-04-2023,447.0,Metric Tonnes,743.85,Rs./Quintal
Maharashtra,Pune,Vegetables,Onion,28-04-2023,2253.0,Metric Tonnes,613.63,Rs./Quintal
Maharashtra,Pune,Vegetables,Tomato,28-04-2023,401.0,Metric Tonnes,723.94,Rs./Quintal
Maharashtra,Pune,Vegetables,Onion,29-04-2023,37.0,Metric Tonnes,554.05,Rs./Quintal
Maharashtra,Pune,Vegetables,Tomato,29-04-2023,222.0,Metric Tonnes,620.95,Rs./Quintal
Maharashtra,Pune,Vegetables,Onion,30-04-2023,1544.0,Metric Tonnes,684.62,Rs./Quintal
Maharashtra,Pune,Vegetables,Tomato,30-04-2023,551.0,Metric Tonnes,700.45,Rs./Quintal
Maharashtra,Pune,Vegetables,Onion,01-05-2023,2155.0,Metric Tonnes,804.43,Rs./Quintal
Maharashtra,Pune,Vegetables,Tomato,01-05-2023,157.0,Metric Tonnes,509.55,Rs./Quintal
Maharashtra,Pune,Vegetables,Onion,02-05-2023,3655.0,Metric Tonnes,684.22,Rs./Quintal
Maharashtra,Pune,Vegetables,Tomato,02-05-2023,680.0,Metric Tonnes,654.78,Rs./Quintal
Maharashtra,Pune,Vegetables,Onion,03-05-2023,2391.0,Metric Tonnes,718.76,Rs./Quintal
Maharashtra,Pune,Vegetables,Tomato,03-05-2023,446.0,Metric Tonnes,640.25,Rs./Quintal
Maharashtra,Pune,Vegetables,Onion,04-05-2023,3172.0,Metric Tonnes,862.2,Rs./Quintal
Maharashtra,Pune,Vegetables,Tomato,04-05-2023,518.0,Metric Tonnes,610.14,Rs./Quintal
Maharashtra,Pune,Vegetables,Onion,05-05-2023,2992.0,Metric Tonnes,757.4,Rs./Quintal
Maharashtra,Pune,Vegetables,Tomato,05-05-2023,445.0,Metric Tonnes,595.06,Rs./Quintal
Maharashtra,Pune,Vegetables,Onion,06-05-2023,543.0,Metric Tonnes,778.36,Rs./Quintal
Maharashtra,Pune,Vegetables,Tomato,06-05-2023,297.0,Metric Tonnes,577.1,Rs./Quintal
Maharashtra,Pune,Vegetables,Onion,07-05-2023,5463.0,Metric Tonnes,801.37,Rs./Quintal
Maharashtra,Pune,Vegetables,Tomato,07-05-2023,631.0,Metric Tonnes,795.96,Rs./Quintal
Maharashtra,Pune,Vegetables,Onion,08-05-2023,1552.0,Metric Tonnes,695.1,Rs./Quintal
Maharashtra,Pune,Vegetables,Tomato,08-05-2023,397.0,Metric Tonnes,693.7,Rs./Quintal
Maharashtra,Pune,Vegetables,Onion,09-05-2023,2867.0,Metric Tonnes,789.12,Rs./Quintal
Maharashtra,Pune,Vegetables,Tomato,09-05-2023,523.0,Metric Tonnes,631.55,Rs./Quintal
Maharashtra,Pune,Vegetables,Onion,10-05-2023,1751.0,Metric Tonnes,722.79,Rs./Quintal
Maharashtra,Pune,Vegetables,Tomato,10-05-2023,461.0,Metric Tonnes,723.1,Rs./Quintal
Maharashtra,Pune,Vegetables,Onion,11-05-2023,2714.0,Metric Tonnes,848.64,Rs./Quintal
Maharashtra,Pune,Vegetables,Tomato,11-05-2023,528.0,Metric Tonnes,701.61,Rs./Quintal
Maharashtra,Pune,Vegetables,Onion,12-05-2023,2729.0,Metric Tonnes,897.43,Rs./Quintal
Maharashtra,Pune,Vegetables,Tomato,12-05-2023,531.0,Metric Tonnes,863.75,Rs./Quintal
Maharashtra,Pune,Vegetables,Onion,13-05-2023,52.0,Metric Tonnes,545.19,Rs./Quintal
Maharashtra,Pune,Vegetables,Tomato,13-05-2023,317.0,Metric Tonnes,888.01,Rs./Quintal
Maharashtra,Pune,Vegetables,Onion,14-05-2023,4951.0,Metric Tonnes,783.94,Rs./Quintal
Maharashtra,Pune,Vegetables,Tomato,14-05-2023,623.0,Metric Tonnes,730.26,Rs./Quintal
Maharashtra,Pune,Vegetables,Onion,15-05-2023,1133.0,Metric Tonnes,690.95,Rs./Quintal
Maharashtra,Pune,Vegetables,Tomato,15-05-2023,532.0,Metric Tonnes,757.89,Rs./Quintal
Maharashtra,Pune,Vegetables,Onion,16-05-2023,3425.0,Metric Tonnes,759.94,Rs./Quintal
Maharashtra,Pune,Vegetables,Tomato,16-05-2023,610.0,Metric Tonnes,832.13,Rs./Quintal
Maharashtra,Pune,Vegetables,Onion,17-05-2023,1659.0,Metric Tonnes,726.07,Rs./Quintal
Maharashtra,Pune,Vegetables,Tomato,17-05-2023,469.0,Metric Tonnes,754.58,Rs./Quintal
Maharashtra,Pune,Vegetables,Onion,18-05-2023,4438.0,Metric Tonnes,821.94,Rs./Quintal
Maharashtra,Pune,Vegetables,Tomato,18-05-2023,680.0,Metric Tonnes,628.68,Rs./Quintal
Maharashtra,Pune,Vegetables,Onion,19-05-2023,3023.0,Metric Tonnes,744.46,Rs./Quintal
Maharashtra,Pune,Vegetables,Tomato,19-05-2023,593.0,Metric Tonnes,812.06,Rs./Quintal
Maharashtra,Pune,Vegetables,Onion,20-05-2023,110.0,Metric Tonnes,511.36,Rs./Quintal
Maharashtra,Pune,Vegetables,Tomato,20-05-2023,342.0,Metric Tonnes,487.28,Rs./Quintal
Maharashtra,Pune,Vegetables,Onion,21-05-2023,2691.0,Metric Tonnes,788.28,Rs./Quintal
Maharashtra,Pune,Vegetables,Tomato,21-05-2023,703.0,Metric Tonnes,603.98,Rs./Quintal
Maharashtra,Pune,Vegetables,Onion,22-05-2023,95.0,Metric Tonnes,543.68,Rs./Quintal
Maharashtra,Pune,Vegetables,Tomato,22-05-2023,399.0,Metric Tonnes,412.53,Rs./Quintal
Maharashtra,Pune,Vegetables,Onion,23-05-2023,2349.0,Metric Tonnes,757.45,Rs./Quintal
Maharashtra,Pune,Vegetables,Tomato,23-05-2023,281.0,Metric Tonnes,667.62,Rs./Quintal
Maharashtra,Pune,Vegetables,Onion,24-05-2023,1441.0,Metric Tonnes,709.51,Rs./Quintal
Maharashtra,Pune,Vegetables,Tomato,24-05-2023,220.0,Metric Tonnes,648.18,Rs./Quintal
Maharashtra,Pune,Vegetables,Onion,25-05-2023,1928.0,Metric Tonnes,860.53,Rs./Quintal
Maharashtra,Pune,Vegetables,Tomato,25-05-2023,583.0,Metric Tonnes,586.36,Rs./Quintal
Maharashtra,Pune,Vegetables,Onion,26-05-2023,2420.0,Metric Tonnes,916.47,Rs./Quintal
Maharashtra,Pune,Vegetables,Tomato,26-05-2023,605.0,Metric Tonnes,594.3,Rs./Quintal
Maharashtra,Pune,Vegetables,Onion,27-05-2023,433.0,Metric Tonnes,750.35,Rs./Quintal
Maharashtra,Pune,Vegetables,Tomato,27-05-2023,390.0,Metric Tonnes,528.85,Rs./Quintal
Maharashtra,Pune,Vegetables,Onion,28-05-2023,4693.0,Metric Tonnes,979.13,Rs./Quintal
Maharashtra,Pune,Vegetables,Tomato,28-05-2023,816.0,Metric Tonnes,550.18,Rs./Quintal
Maharashtra,Pune,Vegetables,Onion,29-05-2023,1316.0,Metric Tonnes,884.04,Rs./Quintal
Maharashtra,Pune,Vegetables,Tomato,29-05-2023,643.0,Metric Tonnes,562.44,Rs./Quintal
Maharashtra,Pune,Vegetables,Onion,30-05-2023,2656.0,Metric Tonnes,874.91,Rs./Quintal
Maharashtra,Pune,Vegetables,Tomato,30-05-2023,649.0,Metric Tonnes,756.24,Rs./Quintal
Maharashtra,Pune,Vegetables,Onion,31-05-2023,1276.0,Metric Tonnes,885.03,Rs./Quintal
Maharashtra,Pune,Vegetables,Tomato,31-05-2023,184.0,Metric Tonnes,906.25,Rs./Quintal
Maharashtra,Pune,Vegetables,Onion,01-06-2023,3192.0,Metric Tonnes,892.03,Rs./Quintal
Maharashtra,Pune,Vegetables,Tomato,01-06-2023,925.0,Metric Tonnes,810.59,Rs./Quintal
Maharashtra,Pune,Vegetables,Onion,02-06-2023,2971.0,Metric Tonnes,873.58,Rs./Quintal
Maharashtra,Pune,Vegetables,Tomato,02-06-2023,872.0,Metric Tonnes,1044.38,Rs./Quintal
Maharashtra,Pune,Vegetables,Onion,03-06-2023,350.0,Metric Tonnes,909.0,Rs./Quintal
Maharashtra,Pune,Vegetables,Tomato,03-06-2023,822.0,Metric Tonnes,1020.92,Rs./Quintal
Maharashtra,Pune,Vegetables,Onion,04-06-2023,4432.0,Metric Tonnes,953.84,Rs./Quintal
Maharashtra,Pune,Vegetables,Tomato,04-06-2023,941.0,Metric Tonnes,1150.69,Rs./Quintal
Maharashtra,Pune,Vegetables,Onion,05-06-2023,799.0,Metric Tonnes,877.41,Rs./Quintal
Maharashtra,Pune,Vegetables,Tomato,05-06-2023,1123.0,Metric Tonnes,1187.89,Rs./Quintal
Maharashtra,Pune,Vegetables,Onion,06-06-2023,2921.0,Metric Tonnes,1043.07,Rs./Quintal
Maharashtra,Pune,Vegetables,Tomato,06-06-2023,1321.0,Metric Tonnes,1048.03,Rs./Quintal
Maharashtra,Pune,Vegetables,Onion,07-06-2023,1330.0,Metric Tonnes,927.59,Rs./Quintal
Maharashtra,Pune,Vegetables,Tomato,07-06-2023,1354.0,Metric Tonnes,1030.8,Rs./Quintal
Maharashtra,Pune,Vegetables,Onion,08-06-2023,2465.0,Metric Tonnes,1091.89,Rs./Quintal
Maharashtra,Pune,Vegetables,Tomato,08-06-2023,1643.0,Metric Tonnes,1198.39,Rs./Quintal
Maharashtra,Pune,Vegetables,Onion,09-06-2023,1463.0,Metric Tonnes,1073.99,Rs./Quintal
Maharashtra,Pune,Vegetables,Tomato,09-06-2023,1040.0,Metric Tonnes,1480.77,Rs./Quintal
Maharashtra,Pune,Vegetables,Onion,10-06-2023,299.0,Metric Tonnes,954.52,Rs./Quintal
Maharashtra,Pune,Vegetables,Tomato,10-06-2023,1117.0,Metric Tonnes,1938.59,Rs./Quintal
Maharashtra,Pune,Vegetables,Onion,11-06-2023,4207.0,Metric Tonnes,1024.58,Rs./Quintal
Maharashtra,Pune,Vegetables,Tomato,11-06-2023,1180.0,Metric Tonnes,2192.84,Rs./Quintal
Maharashtra,Pune,Vegetables,Onion,12-06-2023,1082.0,Metric Tonnes,1028.56,Rs./Quintal
Maharashtra,Pune,Vegetables,Tomato,12-06-2023,1310.0,Metric Tonnes,2382.37,Rs./Quintal
Maharashtra,Pune,Vegetables,Onion,13-06-2023,2275.0,Metric Tonnes,1041.32,Rs./Quintal
Maharashtra,Pune,Vegetables,Tomato,13-06-2023,293.0,Metric Tonnes,1818.26,Rs./Quintal
Maharashtra,Pune,Vegetables,Onion,14-06-2023,850.0,Metric Tonnes,962.24,Rs./Quintal
Maharashtra,Pune,Vegetables,Tomato,14-06-2023,938.0,Metric Tonnes,2393.12,Rs./Quintal
Maharashtra,Pune,Vegetables,Onion,15-06-2023,3284.0,Metric Tonnes,1188.64,Rs./Quintal
Maharashtra,Pune,Vegetables,Tomato,15-06-2023,321.0,Metric Tonnes,1775.23,Rs./Quintal
Maharashtra,Pune,Vegetables,Onion,16-06-2023,2211.0,Metric Tonnes,1020.71,Rs./Quintal
Maharashtra,Pune,Vegetables,Tomato,16-06-2023,1000.0,Metric Tonnes,2295.55,Rs./Quintal
Maharashtra,Pune,Vegetables,Onion,17-06-2023,247.0,Metric Tonnes,997.77,Rs./Quintal
Maharashtra,Pune,Vegetables,Tomato,17-06-2023,738.0,Metric Tonnes,1987.2,Rs./Quintal
Maharashtra,Pune,Vegetables,Onion,18-06-2023,4440.0,Metric Tonnes,1252.0,Rs./Quintal
Maharashtra,Pune,Vegetables,Tomato,18-06-2023,1035.0,Metric Tonnes,2303.96,Rs./Quintal
Maharashtra,Pune,Vegetables,Onion,19-06-2023,1332.0,Metric Tonnes,937.88,Rs./Quintal
Maharashtra,Pune,Vegetables,Tomato,19-06-2023,838.0,Metric Tonnes,2705.61,Rs./Quintal
Maharashtra,Pune,Vegetables,Onion,20-06-2023,3153.0,Metric Tonnes,1074.29,Rs./Quintal
Maharashtra,Pune,Vegetables,Tomato,20-06-2023,718.0,Metric Tonnes,2947.77,Rs./Quintal
Maharashtra,Pune,Vegetables,Onion,21-06-2023,1128.0,Metric Tonnes,950.67,Rs./Quintal
Maharashtra,Pune,Vegetables,Tomato,21-06-2023,203.0,Metric Tonnes,3013.79,Rs./Quintal
Maharashtra,Pune,Vegetables,Onion,22-06-2023,2378.0,Metric Tonnes,1104.35,Rs./Quintal
Maharashtra,Pune,Vegetables,Tomato,22-06-2023,838.0,Metric Tonnes,3311.04,Rs./Quintal
Maharashtra,Pune,Vegetables,Onion,23-06-2023,2211.0,Metric Tonnes,948.76,Rs./Quintal
Maharashtra,Pune,Vegetables,Tomato,23-06-2023,728.0,Metric Tonnes,3618.61,Rs./Quintal
Maharashtra,Pune,Vegetables,Onion,24-06-2023,219.0,Metric Tonnes,866.89,Rs./Quintal
Maharashtra,Pune,Vegetables,Tomato,24-06-2023,608.0,Metric Tonnes,3894.57,Rs./Quintal
Maharashtra,Pune,Vegetables,Onion,25-06-2023,2912.0,Metric Tonnes,1013.29,Rs./Quintal
Maharashtra,Pune,Vegetables,Tomato,25-06-2023,345.0,Metric Tonnes,3052.03,Rs./Quintal
Maharashtra,Pune,Vegetables,Onion,26-06-2023,636.0,Metric Tonnes,931.29,Rs./Quintal
Maharashtra,Pune,Vegetables,Tomato,26-06-2023,687.0,Metric Tonnes,3836.54,Rs./Quintal
Maharashtra,Pune,Vegetables,Onion,27-06-2023,2740.0,Metric Tonnes,1457.98,Rs./Quintal
Maharashtra,Pune,Vegetables,Tomato,27-06-2023,256.0,Metric Tonnes,3560.35,Rs./Quintal
Maharashtra,Pune,Vegetables,Onion,28-06-2023,1157.0,Metric Tonnes,1141.36,Rs./Quintal
Maharashtra,Pune,Vegetables,Tomato,28-06-2023,617.0,Metric Tonnes,4344.89,Rs./Quintal
Maharashtra,Pune,Vegetables,Onion,29-06-2023,1998.0,Metric Tonnes,1550.79,Rs./Quintal
Maharashtra,Pune,Vegetables,Tomato,29-06-2023,643.0,Metric Tonnes,4279.94,Rs./Quintal
Maharashtra,Pune,Vegetables,Onion,30-06-2023,1816.0,Metric Tonnes,1412.17,Rs./Quintal
Maharashtra,Pune,Vegetables,Tomato,30-06-2023,635.0,Metric Tonnes,4839.84,Rs./Quintal
Maharashtra,Pune,Vegetables,Onion,01-07-2023,190.0,Metric Tonnes,1224.21,Rs./Quintal
Maharashtra,Pune,Vegetables,Tomato,01-07-2023,550.0,Metric Tonnes,5296.91,Rs./Quintal
Maharashtra,Pune,Vegetables,Onion,02-07-2023,5192.0,Metric Tonnes,1599.28,Rs./Quintal
Maharashtra,Pune,Vegetables,Tomato,02-07-2023,706.0,Metric Tonnes,5465.3,Rs./Quintal
Maharashtra,Pune,Vegetables,Onion,03-07-2023,956.0,Metric Tonnes,1097.59,Rs./Quintal
Maharashtra,Pune,Vegetables,Tomato,03-07-2023,380.0,Metric Tonnes,7912.63,Rs./Quintal
Maharashtra,Pune,Vegetables,Onion,04-07-2023,3490.0,Metric Tonnes,1561.83,Rs./Quintal
Maharashtra,Pune,Vegetables,Tomato,04-07-2023,164.0,Metric Tonnes,7418.29,Rs./Quintal
Maharashtra,Pune,Vegetables,Onion,05-07-2023,1150.0,Metric Tonnes,1201.13,Rs./Quintal
Maharashtra,Pune,Vegetables,Tomato,05-07-2023,234.0,Metric Tonnes,6254.27,Rs./Quintal
Maharashtra,Pune,Vegetables,Onion,06-07-2023,3875.0,Metric Tonnes,1567.55,Rs./Quintal
Maharashtra,Pune,Vegetables,Tomato,06-07-2023,627.0,Metric Tonnes,5541.47,Rs./Quintal
Maharashtra,Pune,Vegetables,Onion,07-07-2023,2853.0,Metric Tonnes,1464.58,Rs./Quintal
Maharashtra,Pune,Vegetables,Tomato,07-07-2023,475.0,Metric Tonnes,5881.05,Rs./Quintal
Maharashtra,Pune,Vegetables,Onion,08-07-2023,406.0,Metric Tonnes,1221.18,Rs./Quintal
Maharashtra,Pune,Vegetables,Tomato,08-07-2023,359.0,Metric Tonnes,6105.01,Rs./Quintal
Maharashtra,Pune,Vegetables,Onion,09-07-2023,5929.0,Metric Tonnes,1568.51,Rs./Quintal
Maharashtra,Pune,Vegetables,Tomato,09-07-2023,582.0,Metric Tonnes,6960.22,Rs./Quintal
Maharashtra,Pune,Vegetables,Onion,10-07-2023,1271.0,Metric Tonnes,1193.82,Rs./Quintal
Maharashtra,Pune,Vegetables,Tomato,10-07-2023,429.0,Metric Tonnes,7623.78,Rs./Quintal
Maharashtra,Pune,Vegetables,Onion,11-07-2023,3171.0,Metric Tonnes,1396.23,Rs./Quintal
Maharashtra,Pune,Vegetables,Tomato,11-07-2023,562.0,Metric Tonnes,7653.47,Rs./Quintal
Maharashtra,Pune,Vegetables,Onion,12-07-2023,1058.0,Metric Tonnes,1091.07,Rs./Quintal
Maharashtra,Pune,Vegetables,Tomato,12-07-2023,418.0,Metric Tonnes,7390.67,Rs./Quintal
Maharashtra,Pune,Vegetables,Onion,13-07-2023,3607.0,Metric Tonnes,1321.69,Rs./Quintal
Maharashtra,Pune,Vegetables,Tomato,13-07-2023,540.0,Metric Tonnes,6740.56,Rs./Quintal
Maharashtra,Pune,Vegetables,Onion,14-07-2023,2056.0,Metric Tonnes,1279.09,Rs./Quintal
Maharashtra,Pune,Vegetables,Tomato,14-07-2023,546.0,Metric Tonnes,6063.19,Rs./Quintal
Maharashtra,Pune,Vegetables,Onion,15-07-2023,93.0,Metric Tonnes,1118.82,Rs./Quintal
Maharashtra,Pune,Vegetables,Tomato,15-07-2023,338.0,Metric Tonnes,7885.36,Rs./Quintal
Maharashtra,Pune,Vegetables,Onion,16-07-2023,3666.0,Metric Tonnes,1384.19,Rs./Quintal
Maharashtra,Pune,Vegetables,Tomato,16-07-2023,520.0,Metric Tonnes,7249.42,Rs./Quintal
Maharashtra,Pune,Vegetables,Onion,17-07-2023,761.0,Metric Tonnes,1187.65,Rs./Quintal
Maharashtra,Pune,Vegetables,Tomato,17-07-2023,417.0,Metric Tonnes,7586.09,Rs./Quintal
Maharashtra,Pune,Vegetables,Onion,18-07-2023,2023.0,Metric Tonnes,1482.87,Rs./Quintal
Maharashtra,Pune,Vegetables,Tomato,18-07-2023,345.0,Metric Tonnes,7878.41,Rs./Quintal
Maharashtra,Pune,Vegetables,Onion,19-07-2023,975.0,Metric Tonnes,1153.18,Rs./Quintal
Maharashtra,Pune,Vegetables,Tomato,19-07-2023,303.0,Metric Tonnes,7981.02,Rs./Quintal
Maharashtra,Pune,Vegetables,Onion,20-07-2023,3311.0,Metric Tonnes,1443.82,Rs./Quintal
Maharashtra,Pune,Vegetables,Tomato,20-07-2023,376.0,Metric Tonnes,7147.61,Rs./Quintal
Maharashtra,Pune,Vegetables,Onion,21-07-2023,2280.0,Metric Tonnes,1385.92,Rs./Quintal
Maharashtra,Pune,Vegetables,Tomato,21-07-2023,365.0,Metric Tonnes,6607.12,Rs./Quintal
Maharashtra,Pune,Vegetables,Onion,22-07-2023,96.0,Metric Tonnes,1097.92,Rs./Quintal
Maharashtra,Pune,Vegetables,Tomato,22-07-2023,229.0,Metric Tonnes,7404.8,Rs./Quintal
Maharashtra,Pune,Vegetables,Onion,23-07-2023,4218.0,Metric Tonnes,1429.63,Rs./Quintal
Maharashtra,Pune,Vegetables,Tomato,23-07-2023,418.0,Metric Tonnes,6733.25,Rs./Quintal
Maharashtra,Pune,Vegetables,Onion,24-07-2023,910.0,Metric Tonnes,1139.29,Rs./Quintal
Maharashtra,Pune,Vegetables,Tomato,24-07-2023,342.0,Metric Tonnes,7529.24,Rs./Quintal
Maharashtra,Pune,Vegetables,Onion,25-07-2023,2060.0,Metric Tonnes,1288.87,Rs./Quintal
Maharashtra,Pune,Vegetables,Tomato,25-07-2023,341.0,Metric Tonnes,7850.15,Rs./Quintal
Maharashtra,Pune,Vegetables,Onion,26-07-2023,731.0,Metric Tonnes,1198.22,Rs./Quintal
Maharashtra,Pune,Vegetables,Tomato,26-07-2023,319.0,Metric Tonnes,7476.8,Rs./Quintal
Maharashtra,Pune,Vegetables,Onion,27-07-2023,2982.0,Metric Tonnes,1283.79,Rs./Quintal
Maharashtra,Pune,Vegetables,Tomato,27-07-2023,382.0,Metric Tonnes,7295.29,Rs./Quintal
Maharashtra,Pune,Vegetables,Onion,28-07-2023,1705.0,Metric Tonnes,1253.02,Rs./Quintal
Maharashtra,Pune,Vegetables,Tomato,28-07-2023,316.0,Metric Tonnes,7049.68,Rs./Quintal
Maharashtra,Pune,Vegetables,Onion,29-07-2023,243.0,Metric Tonnes,1053.09,Rs./Quintal
Maharashtra,Pune,Vegetables,Tomato,29-07-2023,944.0,Metric Tonnes,7061.12,Rs./Quintal
Maharashtra,Pune,Vegetables,Onion,30-07-2023,3704.0,Metric Tonnes,1392.29,Rs./Quintal
Maharashtra,Pune,Vegetables,Tomato,30-07-2023,376.0,Metric Tonnes,7283.24,Rs./Quintal
Maharashtra,Pune,Vegetables,Onion,31-07-2023,964.0,Metric Tonnes,1239.47,Rs./Quintal
Maharashtra,Pune,Vegetables,Tomato,31-07-2023,278.0,Metric Tonnes,8943.17,Rs./Quintal
Maharashtra,Pune,Vegetables,Onion,01-08-2023,2242.0,Metric Tonnes,1473.55,Rs./Quintal
Maharashtra,Pune,Vegetables,Tomato,01-08-2023,349.0,Metric Tonnes,8448.42,Rs./Quintal
Maharashtra,Pune,Vegetables,Onion,02-08-2023,1118.0,Metric Tonnes,1155.37,Rs./Quintal
Maharashtra,Pune,Vegetables,Tomato,02-08-2023,375.0,Metric Tonnes,8953.07,Rs./Quintal
Maharashtra,Pune,Vegetables,Onion,03-08-2023,3059.0,Metric Tonnes,1375.82,Rs./Quintal
Maharashtra,Pune,Vegetables,Tomato,03-08-2023,365.0,Metric Tonnes,7660.96,Rs./Quintal
Maharashtra,Pune,Vegetables,Onion,04-08-2023,1235.0,Metric Tonnes,1696.03,Rs./Quintal
Maharashtra,Pune,Vegetables,Tomato,04-08-2023,362.0,Metric Tonnes,7038.67,Rs./Quintal
Maharashtra,Pune,Vegetables,Onion,05-08-2023,226.0,Metric Tonnes,1150.66,Rs./Quintal
Maharashtra,Pune,Vegetables,Tomato,05-08-2023,241.0,Metric Tonnes,8580.08,Rs./Quintal
Maharashtra,Pune,Vegetables,Onion,06-08-2023,3987.0,Metric Tonnes,1625.92,Rs./Quintal
Maharashtra,Pune,Vegetables,Tomato,06-08-2023,386.0,Metric Tonnes,8572.54,Rs./Quintal
Maharashtra,Pune,Vegetables,Onion,07-08-2023,1053.0,Metric Tonnes,1335.38,Rs./Quintal
Maharashtra,Pune,Vegetables,Tomato,07-08-2023,289.0,Metric Tonnes,8832.89,Rs./Quintal
Maharashtra,Pune,Vegetables,Onion,08-08-2023,2550.0,Metric Tonnes,1692.96,Rs./Quintal
Maharashtra,Pune,Vegetables,Tomato,08-08-2023,342.0,Metric Tonnes,7804.39,Rs./Quintal
Maharashtra,Pune,Vegetables,Onion,09-08-2023,1043.0,Metric Tonnes,1502.44,Rs./Quintal
Maharashtra,Pune,Vegetables,Tomato,09-08-2023,296.0,Metric Tonnes,5817.57,Rs./Quintal
Maharashtra,Pune,Vegetables,Onion,10-08-2023,3576.0,Metric Tonnes,1782.19,Rs./Quintal
Maharashtra,Pune,Vegetables,Tomato,10-08-2023,368.0,Metric Tonnes,5606.25,Rs./Quintal
Maharashtra,Pune,Vegetables,Onion,11-08-2023,2228.0,Metric Tonnes,1686.67,Rs./Quintal
Maharashtra,Pune,Vegetables,Tomato,11-08-2023,416.0,Metric Tonnes,4690.63,Rs./Quintal
Maharashtra,Pune,Vegetables,Onion,12-08-2023,200.0,Metric Tonnes,1686.0,Rs./Quintal
Maharashtra,Pune,Vegetables,Tomato,12-08-2023,243.0,Metric Tonnes,4242.8,Rs./Quintal
Maharashtra,Pune,Vegetables,Onion,13-08-2023,3763.0,Metric Tonnes,2141.68,Rs./Quintal
Maharashtra,Pune,Vegetables,Tomato,13-08-2023,504.0,Metric Tonnes,3981.65,Rs./Quintal
Maharashtra,Pune,Vegetables,Onion,14-08-2023,1372.0,Metric Tonnes,1740.42,Rs./Quintal
Maharashtra,Pune,Vegetables,Tomato,14-08-2023,345.0,Metric Tonnes,4549.28,Rs./Quintal
Maharashtra,Pune,Vegetables,Onion,15-08-2023,2.0,Metric Tonnes,1850.0,Rs./Quintal
Maharashtra,Pune,Vegetables,Onion,16-08-2023,5.0,Metric Tonnes,1840.0,Rs./Quintal
Maharashtra,Pune,Vegetables,Tomato,16-08-2023,200.0,Metric Tonnes,2005.0,Rs./Quintal
Maharashtra,Pune,Vegetables,Onion,17-08-2023,5838.0,Metric Tonnes,1876.46,Rs./Quintal
Maharashtra,Pune,Vegetables,Tomato,17-08-2023,523.0,Metric Tonnes,2772.47,Rs./Quintal
Maharashtra,Pune,Vegetables,Onion,18-08-2023,3287.0,Metric Tonnes,1979.16,Rs./Quintal
Maharashtra,Pune,Vegetables,Tomato,18-08-2023,560.0,Metric Tonnes,2359.11,Rs./Quintal
Maharashtra,Pune,Vegetables,Onion,19-08-2023,357.0,Metric Tonnes,1825.77,Rs./Quintal
Maharashtra,Pune,Vegetables,Tomato,19-08-2023,302.0,Metric Tonnes,2417.22,Rs./Quintal
Maharashtra,Pune,Vegetables,Onion,20-08-2023,5924.0,Metric Tonnes,1830.17,Rs./Quintal
Maharashtra,Pune,Vegetables,Tomato,20-08-2023,604.0,Metric Tonnes,2207.2,Rs./Quintal
Maharashtra,Pune,Vegetables,Onion,21-08-2023,827.0,Metric Tonnes,1561.73,Rs./Quintal
Maharashtra,Pune,Vegetables,Tomato,21-08-2023,372.0,Metric Tonnes,2108.33,Rs./Quintal
Maharashtra,Pune,Vegetables,Onion,22-08-2023,2324.0,Metric Tonnes,2103.16,Rs./Quintal
Maharashtra,Pune,Vegetables,Tomato,22-08-2023,483.0,Metric Tonnes,2286.34,Rs./Quintal
Maharashtra,Pune,Vegetables,Onion,23-08-2023,1275.0,Metric Tonnes,1757.25,Rs./Quintal
Maharashtra,Pune,Vegetables,Tomato,23-08-2023,230.0,Metric Tonnes,2421.74,Rs./Quintal
Maharashtra,Pune,Vegetables,Onion,24-08-2023,2545.0,Metric Tonnes,1729.31,Rs./Quintal
Maharashtra,Pune,Vegetables,Tomato,24-08-2023,658.0,Metric Tonnes,1790.27,Rs./Quintal
Maharashtra,Pune,Vegetables,Onion,25-08-2023,2292.0,Metric Tonnes,1841.19,Rs./Quintal
Maharashtra,Pune,Vegetables,Tomato,25-08-2023,623.0,Metric Tonnes,1739.33,Rs./Quintal
Maharashtra,Pune,Vegetables,Onion,26-08-2023,199.0,Metric Tonnes,1769.1,Rs./Quintal
Maharashtra,Pune,Vegetables,Tomato,26-08-2023,367.0,Metric Tonnes,1660.49,Rs./Quintal
Maharashtra,Pune,Vegetables,Onion,27-08-2023,5827.0,Metric Tonnes,1896.36,Rs./Quintal
Maharashtra,Pune,Vegetables,Tomato,27-08-2023,570.0,Metric Tonnes,1570.61,Rs./Quintal
Maharashtra,Pune,Vegetables,Onion,28-08-2023,1073.0,Metric Tonnes,1600.51,Rs./Quintal
Maharashtra,Pune,Vegetables,Tomato,28-08-2023,484.0,Metric Tonnes,1573.86,Rs./Quintal
Maharashtra,Pune,Vegetables,Onion,29-08-2023,2922.0,Metric Tonnes,1958.17,Rs./Quintal
Maharashtra,Pune,Vegetables,Tomato,29-08-2023,523.0,Metric Tonnes,1558.22,Rs./Quintal
Maharashtra,Pune,Vegetables,Onion,30-08-2023,958.0,Metric Tonnes,1637.42,Rs./Quintal
Maharashtra,Pune,Vegetables,Tomato,30-08-2023,482.0,Metric Tonnes,1515.77,Rs./Quintal
Maharashtra,Pune,Vegetables,Onion,31-08-2023,3515.0,Metric Tonnes,1787.04,Rs./Quintal
Maharashtra,Pune,Vegetables,Tomato,31-08-2023,502.0,Metric Tonnes,1253.59,Rs./Quintal
Maharashtra,Pune,Vegetables,Onion,01-09-2023,1893.0,Metric Tonnes,1881.27,Rs./Quintal
Maharashtra,Pune,Vegetables,Tomato,01-09-2023,522.0,Metric Tonnes,1296.36,Rs./Quintal
Maharashtra,Pune,Vegetables,Onion,02-09-2023,234.0,Metric Tonnes,1660.68,Rs./Quintal
Maharashtra,Pune,Vegetables,Tomato,02-09-2023,373.0,Metric Tonnes,1146.11,Rs./Quintal
Maharashtra,Pune,Vegetables,Onion,03-09-2023,4890.0,Metric Tonnes,2057.61,Rs./Quintal
Maharashtra,Pune,Vegetables,Tomato,03-09-2023,634.0,Metric Tonnes,1182.02,Rs./Quintal
Maharashtra,Pune,Vegetables,Onion,04-09-2023,1035.0,Metric Tonnes,1591.11,Rs./Quintal
Maharashtra,Pune,Vegetables,Tomato,04-09-2023,503.0,Metric Tonnes,1125.84,Rs./Quintal
Maharashtra,Pune,Vegetables,Onion,05-09-2023,3659.0,Metric Tonnes,1947.24,Rs./Quintal
Maharashtra,Pune,Vegetables,Tomato,05-09-2023,369.0,Metric Tonnes,1160.98,Rs./Quintal
Maharashtra,Pune,Vegetables,Onion,06-09-2023,1418.0,Metric Tonnes,1705.08,Rs./Quintal
Maharashtra,Pune,Vegetables,Tomato,06-09-2023,320.0,Metric Tonnes,1046.88,Rs./Quintal
Maharashtra,Pune,Vegetables,Onion,07-09-2023,1061.0,Metric Tonnes,1550.09,Rs./Quintal
Maharashtra,Pune,Vegetables,Tomato,07-09-2023,241.0,Metric Tonnes,509.96,Rs./Quintal
Maharashtra,Pune,Vegetables,Onion,08-09-2023,2368.0,Metric Tonnes,1818.48,Rs./Quintal
Maharashtra,Pune,Vegetables,Tomato,08-09-2023,439.0,Metric Tonnes,699.54,Rs./Quintal
Maharashtra,Pune,Vegetables,Onion,09-09-2023,123.0,Metric Tonnes,1671.54,Rs./Quintal
Maharashtra,Pune,Vegetables,Tomato,09-09-2023,285.0,Metric Tonnes,600.35,Rs./Quintal
Maharashtra,Pune,Vegetables,Onion,10-09-2023,6101.0,Metric Tonnes,1836.82,Rs./Quintal
Maharashtra,Pune,Vegetables,Tomato,10-09-2023,629.0,Metric Tonnes,543.88,Rs./Quintal
Maharashtra,Pune,Vegetables,Onion,11-09-2023,1135.0,Metric Tonnes,1587.49,Rs./Quintal
Maharashtra,Pune,Vegetables,Tomato,11-09-2023,620.0,Metric Tonnes,555.65,Rs./Quintal
Maharashtra,Pune,Vegetables,Onion,12-09-2023,3701.0,Metric Tonnes,1904.01,Rs./Quintal
Maharashtra,Pune,Vegetables,Tomato,12-09-2023,597.0,Metric Tonnes,555.11,Rs./Quintal
Maharashtra,Pune,Vegetables,Onion,13-09-2023,1218.0,Metric Tonnes,1593.1,Rs./Quintal
Maharashtra,Pune,Vegetables,Tomato,13-09-2023,276.0,Metric Tonnes,725.36,Rs./Quintal
Maharashtra,Pune,Vegetables,Onion,14-09-2023,4684.0,Metric Tonnes,1858.88,Rs./Quintal
Maharashtra,Pune,Vegetables,Tomato,14-09-2023,521.0,Metric Tonnes,545.68,Rs./Quintal
Maharashtra,Pune,Vegetables,Onion,15-09-2023,2149.0,Metric Tonnes,1875.62,Rs./Quintal
Maharashtra,Pune,Vegetables,Tomato,15-09-2023,565.0,Metric Tonnes,510.53,Rs./Quintal
Maharashtra,Pune,Vegetables,Onion,16-09-2023,263.0,Metric Tonnes,1589.35,Rs./Quintal
Maharashtra,Pune,Vegetables,Tomato,16-09-2023,318.0,Metric Tonnes,567.3,Rs./Quintal
Maharashtra,Pune,Vegetables,Onion,17-09-2023,5950.0,Metric Tonnes,1830.69,Rs./Quintal
Maharashtra,Pune,Vegetables,Tomato,17-09-2023,521.0,Metric Tonnes,620.25,Rs./Quintal
Maharashtra,Pune,Vegetables,Onion,18-09-2023,947.0,Metric Tonnes,1581.1,Rs./Quintal
Maharashtra,Pune,Vegetables,Tomato,18-09-2023,266.0,Metric Tonnes,640.6,Rs./Quintal
Maharashtra,Pune,Vegetables,Onion,19-09-2023,1802.0,Metric Tonnes,1901.89,Rs./Quintal
Maharashtra,Pune,Vegetables,Tomato,19-09-2023,447.0,Metric Tonnes,532.55,Rs./Quintal
Maharashtra,Pune,Vegetables,Onion,20-09-2023,766.0,Metric Tonnes,1597.78,Rs./Quintal
Maharashtra,Pune,Vegetables,Tomato,20-09-2023,370.0,Metric Tonnes,518.65,Rs./Quintal
Maharashtra,Pune,Vegetables,Onion,21-09-2023,3788.0,Metric Tonnes,1947.16,Rs./Quintal
Maharashtra,Pune,Vegetables,Tomato,21-09-2023,463.0,Metric Tonnes,530.24,Rs./Quintal
Maharashtra,Pune,Vegetables,Onion,22-09-2023,2086.0,Metric Tonnes,1911.12,Rs./Quintal
Maharashtra,Pune,Vegetables,Tomato,22-09-2023,402.0,Metric Tonnes,567.29,Rs./Quintal
Maharashtra,Pune,Vegetables,Onion,23-09-2023,132.0,Metric Tonnes,1507.2,Rs./Quintal
Maharashtra,Pune,Vegetables,Tomato,23-09-2023,224.0,Metric Tonnes,499.33,Rs./Quintal
Maharashtra,Pune,Vegetables,Onion,24-09-2023,6005.0,Metric Tonnes,2040.07,Rs./Quintal
Maharashtra,Pune,Vegetables,Tomato,24-09-2023,469.0,Metric Tonnes,614.39,Rs./Quintal
Maharashtra,Pune,Vegetables,Onion,25-09-2023,1235.0,Metric Tonnes,1741.26,Rs./Quintal
Maharashtra,Pune,Vegetables,Tomato,25-09-2023,460.0,Metric Tonnes,673.37,Rs./Quintal
Maharashtra,Pune,Vegetables,Onion,26-09-2023,4078.0,Metric Tonnes,2134.42,Rs./Quintal
Maharashtra,Pune,Vegetables,Tomato,26-09-2023,510.0,Metric Tonnes,662.65,Rs./Quintal
Maharashtra,Pune,Vegetables,Onion,27-09-2023,3491.0,Metric Tonnes,1966.04,Rs./Quintal
Maharashtra,Pune,Vegetables,Tomato,27-09-2023,378.0,Metric Tonnes,571.3,Rs./Quintal
Maharashtra,Pune,Vegetables,Onion,28-09-2023,1301.0,Metric Tonnes,1772.71,Rs./Quintal
Maharashtra,Pune,Vegetables,Tomato,28-09-2023,520.0,Metric Tonnes,577.98,Rs./Quintal
Maharashtra,Pune,Vegetables,Onion,29-09-2023,20.0,Metric Tonnes,1690.0,Rs./Quintal
Maharashtra,Pune,Vegetables,Tomato,29-09-2023,123.0,Metric Tonnes,448.37,Rs./Quintal
Maharashtra,Pune,Vegetables,Onion,30-09-2023,189.0,Metric Tonnes,1832.8,Rs./Quintal
Maharashtra,Pune,Vegetables,Tomato,30-09-2023,297.0,Metric Tonnes,663.64,Rs./Quintal
Maharashtra,Pune,Vegetables,Onion,01-10-2023,6240.0,Metric Tonnes,2005.11,Rs./Quintal
Maharashtra,Pune,Vegetables,Tomato,01-10-2023,652.0,Metric Tonnes,572.09,Rs./Quintal
Maharashtra,Pune,Vegetables,Onion,02-10-2023,1331.0,Metric Tonnes,1603.46,Rs./Quintal
Maharashtra,Pune,Vegetables,Tomato,02-10-2023,384.0,Metric Tonnes,602.99,Rs./Quintal
Maharashtra,Pune,Vegetables,Onion,03-10-2023,4156.0,Metric Tonnes,1892.64,Rs./Quintal
Maharashtra,Pune,Vegetables,Tomato,03-10-2023,427.0,Metric Tonnes,587.0,Rs./Quintal
Maharashtra,Pune,Vegetables,Onion,04-10-2023,1587.0,Metric Tonnes,1671.93,Rs./Quintal
Maharashtra,Pune,Vegetables,Tomato,04-10-2023,445.0,Metric Tonnes,584.04,Rs./Quintal
Maharashtra,Pune,Vegetables,Onion,05-10-2023,6091.0,Metric Tonnes,1911.96,Rs./Quintal
Maharashtra,Pune,Vegetables,Tomato,05-10-2023,608.0,Metric Tonnes,771.88,Rs./Quintal
Maharashtra,Pune,Vegetables,Onion,06-10-2023,3289.0,Metric Tonnes,1839.19,Rs./Quintal
Maharashtra,Pune,Vegetables,Tomato,06-10-2023,551.0,Metric Tonnes,473.59,Rs./Quintal
Maharashtra,Pune,Vegetables,Onion,07-10-2023,269.0,Metric Tonnes,1679.37,Rs./Quintal
Maharashtra,Pune,Vegetables,Tomato,07-10-2023,255.0,Metric Tonnes,499.8,Rs./Quintal
Maharashtra,Pune,Vegetables,Onion,08-10-2023,6781.0,Metric Tonnes,1978.75,Rs./Quintal
Maharashtra,Pune,Vegetables,Tomato,08-10-2023,532.0,Metric Tonnes,514.9,Rs./Quintal
Maharashtra,Pune,Vegetables,Onion,09-10-2023,1301.0,Metric Tonnes,1828.06,Rs./Quintal
Maharashtra,Pune,Vegetables,Tomato,09-10-2023,433.0,Metric Tonnes,444.05,Rs./Quintal
Maharashtra,Pune,Vegetables,Onion,10-10-2023,3873.0,Metric Tonnes,1930.38,Rs./Quintal
Maharashtra,Pune,Vegetables,Tomato,10-10-2023,440.0,Metric Tonnes,581.93,Rs./Quintal
Maharashtra,Pune,Vegetables,Onion,11-10-2023,1800.0,Metric Tonnes,1855.67,Rs./Quintal
Maharashtra,Pune,Vegetables,Tomato,11-10-2023,366.0,Metric Tonnes,485.52,Rs./Quintal
Maharashtra,Pune,Vegetables,Onion,12-10-2023,3661.0,Metric Tonnes,1999.69,Rs./Quintal
Maharashtra,Pune,Vegetables,Tomato,12-10-2023,351.0,Metric Tonnes,558.26,Rs./Quintal
Maharashtra,Pune,Vegetables,Onion,13-10-2023,2428.0,Metric Tonnes,1841.31,Rs./Quintal
Maharashtra,Pune,Vegetables,Tomato,13-10-2023,387.0,Metric Tonnes,497.67,Rs./Quintal
Maharashtra,Pune,Vegetables,Onion,14-10-2023,88.0,Metric Tonnes,1589.77,Rs./Quintal
Maharashtra,Pune,Vegetables,Tomato,14-10-2023,219.0,Metric Tonnes,522.6,Rs./Quintal
Maharashtra,Pune,Vegetables,Onion,15-10-2023,3605.0,Metric Tonnes,2075.59,Rs./Quintal
Maharashtra,Pune,Vegetables,Tomato,15-10-2023,420.0,Metric Tonnes,691.55,Rs./Quintal
Maharashtra,Pune,Vegetables,Onion,16-10-2023,774.0,Metric Tonnes,2075.06,Rs./Quintal
Maharashtra,Pune,Vegetables,Tomato,16-10-2023,396.0,Metric Tonnes,559.22,Rs./Quintal
Maharashtra,Pune,Vegetables,Onion,17-10-2023,2548.0,Metric Tonnes,2994.54,Rs./Quintal
Maharashtra,Pune,Vegetables,Tomato,17-10-2023,455.0,Metric Tonnes,584.62,Rs./Quintal
Maharashtra,Pune,Vegetables,Onion,18-10-2023,1214.0,Metric Tonnes,2843.0,Rs./Quintal
Maharashtra,Pune,Vegetables,Tomato,18-10-2023,426.0,Metric Tonnes,524.53,Rs./Quintal
Maharashtra,Pune,Vegetables,Onion,19-10-2023,4028.0,Metric Tonnes,3061.02,Rs./Quintal
Maharashtra,Pune,Vegetables,Tomato,19-10-2023,432.0,Metric Tonnes,1088.19,Rs./Quintal
Maharashtra,Pune,Vegetables,Onion,20-10-2023,2713.0,Metric Tonnes,2813.6,Rs./Quintal
Maharashtra,Pune,Vegetables,Tomato,20-10-2023,374.0,Metric Tonnes,482.09,Rs./Quintal
Maharashtra,Pune,Vegetables,Onion,21-10-2023,174.0,Metric Tonnes,2650.57,Rs./Quintal
Maharashtra,Pune,Vegetables,Tomato,21-10-2023,157.0,Metric Tonnes,581.53,Rs./Quintal
Maharashtra,Pune,Vegetables,Onion,22-10-2023,5110.0,Metric Tonnes,3134.92,Rs./Quintal
Maharashtra,Pune,Vegetables,Tomato,22-10-2023,421.0,Metric Tonnes,620.43,Rs./Quintal
Maharashtra,Pune,Vegetables,Onion,23-10-2023,874.0,Metric Tonnes,2663.04,Rs./Quintal
Maharashtra,Pune,Vegetables,Tomato,23-10-2023,249.0,Metric Tonnes,650.2,Rs./Quintal
Maharashtra,Pune,Vegetables,Onion,24-10-2023,2819.0,Metric Tonnes,3457.92,Rs./Quintal
Maharashtra,Pune,Vegetables,Tomato,24-10-2023,328.0,Metric Tonnes,680.95,Rs./Quintal
Maharashtra,Pune,Vegetables,Onion,25-10-2023,4.0,Metric Tonnes,2500.0,Rs./Quintal
Maharashtra,Pune,Vegetables,Tomato,25-10-2023,140.0,Metric Tonnes,703.57,Rs./Quintal
Maharashtra,Pune,Vegetables,Onion,26-10-2023,2769.0,Metric Tonnes,4771.98,Rs./Quintal
Maharashtra,Pune,Vegetables,Tomato,26-10-2023,1862.0,Metric Tonnes,623.98,Rs./Quintal
Maharashtra,Pune,Vegetables,Onion,27-10-2023,2804.0,Metric Tonnes,4631.47,Rs./Quintal
Maharashtra,Pune,Vegetables,Tomato,27-10-2023,543.0,Metric Tonnes,651.38,Rs./Quintal
Maharashtra,Pune,Vegetables,Onion,28-10-2023,189.0,Metric Tonnes,3501.59,Rs./Quintal
Maharashtra,Pune,Vegetables,Tomato,28-10-2023,145.0,Metric Tonnes,672.41,Rs./Quintal
Maharashtra,Pune,Vegetables,Onion,29-10-2023,6795.0,Metric Tonnes,4526.18,Rs./Quintal
Maharashtra,Pune,Vegetables,Tomato,29-10-2023,578.0,Metric Tonnes,771.63,Rs./Quintal
Maharashtra,Pune,Vegetables,Onion,30-10-2023,1238.0,Metric Tonnes,4146.61,Rs./Quintal
Maharashtra,Pune,Vegetables,Tomato,30-10-2023,333.0,Metric Tonnes,866.22,Rs./Quintal
Maharashtra,Pune,Vegetables,Onion,31-10-2023,2599.0,Metric Tonnes,4280.93,Rs./Quintal
Maharashtra,Pune,Vegetables,Tomato,31-10-2023,358.0,Metric Tonnes,813.83,Rs./Quintal
Maharashtra,Pune,Vegetables,Onion,01-11-2023,1259.0,Metric Tonnes,2500.0,Rs./Quintal
Maharashtra,Pune,Vegetables,Tomato,01-11-2023,90.0,Metric Tonnes,995.0,Rs./Quintal
Maharashtra,Pune,Vegetables,Onion,02-11-2023,3810.0,Metric Tonnes,4062.52,Rs./Quintal
Maharashtra,Pune,Vegetables,Tomato,02-11-2023,474.0,Metric Tonnes,910.81,Rs./Quintal
Maharashtra,Pune,Vegetables,Onion,03-11-2023,1747.0,Metric Tonnes,3554.36,Rs./Quintal
Maharashtra,Pune,Vegetables,Tomato,03-11-2023,362.0,Metric Tonnes,839.71,Rs./Quintal
Maharashtra,Pune,Vegetables,Onion,04-11-2023,83.0,Metric Tonnes,3031.33,Rs./Quintal
Maharashtra,Pune,Vegetables,Tomato,04-11-2023,114.0,Metric Tonnes,977.63,Rs./Quintal
Maharashtra,Pune,Vegetables,Onion,06-11-2023,824.0,Metric Tonnes,2870.51,Rs./Quintal
Maharashtra,Pune,Vegetables,Tomato,06-11-2023,326.0,Metric Tonnes,1079.35,Rs./Quintal
Maharashtra,Pune,Vegetables,Onion,07-11-2023,1849.0,Metric Tonnes,3355.87,Rs./Quintal
Maharashtra,Pune,Vegetables,Tomato,07-11-2023,340.0,Metric Tonnes,979.71,Rs./Quintal
Maharashtra,Pune,Vegetables,Onion,08-11-2023,886.0,Metric Tonnes,3738.26,Rs./Quintal
Maharashtra,Pune,Vegetables,Tomato,08-11-2023,268.0,Metric Tonnes,1079.1,Rs./Quintal
Maharashtra,Pune,Vegetables,Onion,09-11-2023,1674.0,Metric Tonnes,4001.37,Rs./Quintal
Maharashtra,Pune,Vegetables,Tomato,09-11-2023,336.0,Metric Tonnes,1071.43,Rs./Quintal
Maharashtra,Pune,Vegetables,Onion,10-11-2023,2454.0,Metric Tonnes,3563.51,Rs./Quintal
Maharashtra,Pune,Vegetables,Tomato,10-11-2023,443.0,Metric Tonnes,1089.95,Rs./Quintal
Maharashtra,Pune,Vegetables,Onion,11-11-2023,139.0,Metric Tonnes,3212.23,Rs./Quintal
Maharashtra,Pune,Vegetables,Tomato,11-11-2023,180.0,Metric Tonnes,1376.39,Rs./Quintal
Maharashtra,Pune,Vegetables,Onion,12-11-2023,1880.0,Metric Tonnes,3796.47,Rs./Quintal
Maharashtra,Pune,Vegetables,Tomato,12-11-2023,226.0,Metric Tonnes,1253.76,Rs./Quintal
Maharashtra,Pune,Vegetables,Onion,13-11-2023,479.0,Metric Tonnes,3419.31,Rs./Quintal
Maharashtra,Pune,Vegetables,Tomato,13-11-2023,143.0,Metric Tonnes,1656.64,Rs./Quintal
Maharashtra,Pune,Vegetables,Onion,14-11-2023,1032.0,Metric Tonnes,3285.85,Rs./Quintal
Maharashtra,Pune,Vegetables,Tomato,14-11-2023,312.0,Metric Tonnes,1575.0,Rs./Quintal
Maharashtra,Pune,Vegetables,Onion,15-11-2023,81.0,Metric Tonnes,3114.2,Rs./Quintal
Maharashtra,Pune,Vegetables,Tomato,15-11-2023,117.0,Metric Tonnes,2084.19,Rs./Quintal
Maharashtra,Pune,Vegetables,Onion,16-11-2023,2854.0,Metric Tonnes,3535.63,Rs./Quintal
Maharashtra,Pune,Vegetables,Tomato,16-11-2023,327.0,Metric Tonnes,1903.52,Rs./Quintal
Maharashtra,Pune,Vegetables,Onion,17-11-2023,1671.0,Metric Tonnes,3499.28,Rs./Quintal
Maharashtra,Pune,Vegetables,Tomato,17-11-2023,397.0,Metric Tonnes,1939.17,Rs./Quintal
Maharashtra,Pune,Vegetables,Onion,18-11-2023,154.0,Metric Tonnes,3219.81,Rs./Quintal
Maharashtra,Pune,Vegetables,Tomato,18-11-2023,190.0,Metric Tonnes,1980.53,Rs./Quintal
Maharashtra,Pune,Vegetables,Onion,19-11-2023,1622.0,Metric Tonnes,3183.31,Rs./Quintal
Maharashtra,Pune,Vegetables,Tomato,19-11-2023,420.0,Metric Tonnes,1969.4,Rs./Quintal
Maharashtra,Pune,Vegetables,Onion,20-11-2023,1168.0,Metric Tonnes,3384.33,Rs./Quintal
Maharashtra,Pune,Vegetables,Tomato,20-11-2023,253.0,Metric Tonnes,1854.94,Rs./Quintal
Maharashtra,Pune,Vegetables,Onion,21-11-2023,2350.0,Metric Tonnes,3310.15,Rs./Quintal
Maharashtra,Pune,Vegetables,Tomato,21-11-2023,344.0,Metric Tonnes,1905.52,Rs./Quintal
Maharashtra,Pune,Vegetables,Onion,22-11-2023,1657.0,Metric Tonnes,3362.49,Rs./Quintal
Maharashtra,Pune,Vegetables,Tomato,22-11-2023,272.0,Metric Tonnes,2170.04,Rs./Quintal
Maharashtra,Pune,Vegetables,Onion,23-11-2023,2886.0,Metric Tonnes,2984.22,Rs./Quintal
Maharashtra,Pune,Vegetables,Tomato,23-11-2023,364.0,Metric Tonnes,2018.68,Rs./Quintal
Maharashtra,Pune,Vegetables,Onion,24-11-2023,2125.0,Metric Tonnes,2933.95,Rs./Quintal
Maharashtra,Pune,Vegetables,Tomato,24-11-2023,405.0,Metric Tonnes,2087.53,Rs./Quintal
Maharashtra,Pune,Vegetables,Onion,25-11-2023,213.0,Metric Tonnes,2838.73,Rs./Quintal
Maharashtra,Pune,Vegetables,Tomato,25-11-2023,176.0,Metric Tonnes,2150.28,Rs./Quintal
Maharashtra,Pune,Vegetables,Onion,26-11-2023,3158.0,Metric Tonnes,2971.93,Rs./Quintal
Maharashtra,Pune,Vegetables,Tomato,26-11-2023,420.0,Metric Tonnes,1791.79,Rs./Quintal
Maharashtra,Pune,Vegetables,Onion,27-11-2023,808.0,Metric Tonnes,2952.97,Rs./Quintal
Maharashtra,Pune,Vegetables,Tomato,27-11-2023,246.0,Metric Tonnes,2143.29,Rs./Quintal
Maharashtra,Pune,Vegetables,Onion,28-11-2023,1363.0,Metric Tonnes,3495.82,Rs./Quintal
Maharashtra,Pune,Vegetables,Tomato,28-11-2023,321.0,Metric Tonnes,2248.6,Rs./Quintal
Maharashtra,Pune,Vegetables,Onion,29-11-2023,908.0,Metric Tonnes,3695.21,Rs./Quintal
Maharashtra,Pune,Vegetables,Tomato,29-11-2023,263.0,Metric Tonnes,2176.62,Rs./Quintal
Maharashtra,Pune,Vegetables,Onion,30-11-2023,2278.0,Metric Tonnes,3504.13,Rs./Quintal
Maharashtra,Pune,Vegetables,Tomato,30-11-2023,313.0,Metric Tonnes,1977.16,Rs./Quintal
Maharashtra,Pune,Vegetables,Onion,02-12-2023,157.0,Metric Tonnes,3114.65,Rs./Quintal
Maharashtra,Pune,Vegetables,Tomato,02-12-2023,25.0,Metric Tonnes,2500.0,Rs./Quintal
Maharashtra,Pune,Vegetables,Tomato,03-12-2023,75.0,Metric Tonnes,2153.33,Rs./Quintal
Maharashtra,Pune,Vegetables,Onion,04-12-2023,913.0,Metric Tonnes,3464.68,Rs./Quintal
Maharashtra,Pune,Vegetables,Tomato,04-12-2023,316.0,Metric Tonnes,2223.1,Rs./Quintal
Maharashtra,Pune,Vegetables,Onion,05-12-2023,1817.0,Metric Tonnes,3584.01,Rs./Quintal
Maharashtra,Pune,Vegetables,Tomato,05-12-2023,345.0,Metric Tonnes,2008.7,Rs./Quintal
Maharashtra,Pune,Vegetables,Onion,06-12-2023,1205.0,Metric Tonnes,3483.73,Rs./Quintal
Maharashtra,Pune,Vegetables,Tomato,06-12-2023,331.0,Metric Tonnes,1880.97,Rs./Quintal
Maharashtra,Pune,Vegetables,Onion,07-12-2023,1887.0,Metric Tonnes,3624.46,Rs./Quintal
Maharashtra,Pune,Vegetables,Tomato,07-12-2023,386.0,Metric Tonnes,1774.48,Rs./Quintal
Maharashtra,Pune,Vegetables,Onion,08-12-2023,1816.0,Metric Tonnes,2810.79,Rs./Quintal
Maharashtra,Pune,Vegetables,Tomato,08-12-2023,509.0,Metric Tonnes,1682.61,Rs./Quintal
Maharashtra,Pune,Vegetables,Onion,09-12-2023,135.0,Metric Tonnes,2750.0,Rs./Quintal
Maharashtra,Pune,Vegetables,Tomato,09-12-2023,141.0,Metric Tonnes,1769.86,Rs./Quintal
Maharashtra,Pune,Vegetables,Onion,10-12-2023,3079.0,Metric Tonnes,3145.44,Rs./Quintal
Maharashtra,Pune,Vegetables,Tomato,10-12-2023,541.0,Metric Tonnes,1753.14,Rs./Quintal
Maharashtra,Pune,Vegetables,Onion,11-12-2023,1224.0,Metric Tonnes,2973.53,Rs./Quintal
Maharashtra,Pune,Vegetables,Tomato,11-12-2023,336.0,Metric Tonnes,1665.77,Rs./Quintal
Maharashtra,Pune,Vegetables,Onion,12-12-2023,2536.0,Metric Tonnes,2474.96,Rs./Quintal
Maharashtra,Pune,Vegetables,Tomato,12-12-2023,364.0,Metric Tonnes,1536.81,Rs./Quintal
Maharashtra,Pune,Vegetables,Onion,13-12-2023,1970.0,Metric Tonnes,2830.2,Rs./Quintal
Maharashtra,Pune,Vegetables,Tomato,13-12-2023,322.0,Metric Tonnes,1472.67,Rs./Quintal
Maharashtra,Pune,Vegetables,Onion,14-12-2023,1061.0,Metric Tonnes,2107.4,Rs./Quintal
Maharashtra,Pune,Vegetables,Tomato,14-12-2023,165.0,Metric Tonnes,1717.58,Rs./Quintal
Maharashtra,Pune,Vegetables,Onion,15-12-2023,3720.0,Metric Tonnes,2251.88,Rs./Quintal
Maharashtra,Pune,Vegetables,Tomato,15-12-2023,458.0,Metric Tonnes,1572.05,Rs./Quintal
Maharashtra,Pune,Vegetables,Onion,16-12-2023,623.0,Metric Tonnes,2253.61,Rs./Quintal
Maharashtra,Pune,Vegetables,Tomato,16-12-2023,157.0,Metric Tonnes,1636.62,Rs./Quintal
Maharashtra,Pune,Vegetables,Onion,17-12-2023,5414.0,Metric Tonnes,1996.73,Rs./Quintal
Maharashtra,Pune,Vegetables,Tomato,17-12-2023,505.0,Metric Tonnes,1465.05,Rs./Quintal
Maharashtra,Pune,Vegetables,Onion,18-12-2023,1601.0,Metric Tonnes,1990.22,Rs./Quintal
Maharashtra,Pune,Vegetables,Tomato,18-12-2023,297.0,Metric Tonnes,1615.49,Rs./Quintal
Maharashtra,Pune,Vegetables,Onion,19-12-2023,3693.0,Metric Tonnes,1918.71,Rs./Quintal
Maharashtra,Pune,Vegetables,Tomato,19-12-2023,365.0,Metric Tonnes,1537.26,Rs./Quintal
Maharashtra,Pune,Vegetables,Onion,20-12-2023,1782.0,Metric Tonnes,1963.08,Rs./Quintal
Maharashtra,Pune,Vegetables,Tomato,20-12-2023,257.0,Metric Tonnes,1619.07,Rs./Quintal
Maharashtra,Pune,Vegetables,Onion,21-12-2023,1999.0,Metric Tonnes,1948.45,Rs./Quintal
Maharashtra,Pune,Vegetables,Tomato,21-12-2023,336.0,Metric Tonnes,1431.85,Rs./Quintal
Maharashtra,Pune,Vegetables,Onion,22-12-2023,2805.0,Metric Tonnes,1946.61,Rs./Quintal
Maharashtra,Pune,Vegetables,Tomato,22-12-2023,346.0,Metric Tonnes,1535.4,Rs./Quintal
Maharashtra,Pune,Vegetables,Onion,23-12-2023,105.0,Metric Tonnes,1511.43,Rs./Quintal
Maharashtra,Pune,Vegetables,Tomato,23-12-2023,127.0,Metric Tonnes,1673.23,Rs./Quintal
Maharashtra,Pune,Vegetables,Onion,24-12-2023,4482.0,Metric Tonnes,1708.34,Rs./Quintal
Maharashtra,Pune,Vegetables,Tomato,24-12-2023,436.0,Metric Tonnes,1412.27,Rs./Quintal
Maharashtra,Pune,Vegetables,Onion,25-12-2023,1252.0,Metric Tonnes,1592.69,Rs./Quintal
Maharashtra,Pune,Vegetables,Tomato,25-12-2023,207.0,Metric Tonnes,1709.18,Rs./Quintal
Maharashtra,Pune,Vegetables,Onion,26-12-2023,3503.0,Metric Tonnes,1876.28,Rs./Quintal
Maharashtra,Pune,Vegetables,Tomato,26-12-2023,200.0,Metric Tonnes,1873.5,Rs./Quintal
Maharashtra,Pune,Vegetables,Onion,27-12-2023,1611.0,Metric Tonnes,1767.29,Rs./Quintal
Maharashtra,Pune,Vegetables,Tomato,27-12-2023,232.0,Metric Tonnes,1931.03,Rs./Quintal
Maharashtra,Pune,Vegetables,Onion,28-12-2023,1656.0,Metric Tonnes,1817.29,Rs./Quintal
Maharashtra,Pune,Vegetables,Tomato,28-12-2023,321.0,Metric Tonnes,1993.15,Rs./Quintal
Maharashtra,Pune,Vegetables,Onion,29-12-2023,1277.0,Metric Tonnes,1961.47,Rs./Quintal
Maharashtra,Pune,Vegetables,Tomato,29-12-2023,397.0,Metric Tonnes,1977.96,Rs./Quintal
Maharashtra,Pune,Vegetables,Onion,30-12-2023,605.0,Metric Tonnes,1740.08,Rs./Quintal
Maharashtra,Pune,Vegetables,Tomato,30-12-2023,160.0,Metric Tonnes,2142.5,Rs./Quintal
Maharashtra,Pune,Vegetables,Onion,31-12-2023,3040.0,Metric Tonnes,1875.39,Rs./Quintal
Maharashtra,Pune,Vegetables,Tomato,31-12-2023,466.0,Metric Tonnes,1772.42,Rs./Quintal
Maharashtra,Pune,Vegetables,Onion,01-01-2024,872.0,Metric Tonnes,1664.22,Rs./Quintal
Maharashtra,Pune,Vegetables,Tomato,01-01-2024,250.0,Metric Tonnes,1794.0,Rs./Quintal
Maharashtra,Pune,Vegetables,Onion,02-01-2024,2503.0,Metric Tonnes,2077.75,Rs./Quintal
Maharashtra,Pune,Vegetables,Tomato,02-01-2024,241.0,Metric Tonnes,2280.29,Rs./Quintal
Maharashtra,Pune,Vegetables,Onion,03-01-2024,2029.0,Metric Tonnes,1924.69,Rs./Quintal
Maharashtra,Pune,Vegetables,Tomato,03-01-2024,314.0,Metric Tonnes,1987.26,Rs./Quintal
Maharashtra,Pune,Vegetables,Onion,04-01-2024,2456.0,Metric Tonnes,2020.48,Rs./Quintal
Maharashtra,Pune,Vegetables,Tomato,04-01-2024,367.0,Metric Tonnes,1899.05,Rs./Quintal
Maharashtra,Pune,Vegetables,Onion,05-01-2024,3030.0,Metric Tonnes,1927.99,Rs./Quintal
Maharashtra,Pune,Vegetables,Tomato,05-01-2024,408.0,Metric Tonnes,1798.04,Rs./Quintal
Maharashtra,Pune,Vegetables,Onion,06-01-2024,946.0,Metric Tonnes,1748.84,Rs./Quintal
Maharashtra,Pune,Vegetables,Tomato,06-01-2024,187.0,Metric Tonnes,1779.14,Rs./Quintal
Maharashtra,Pune,Vegetables,Onion,07-01-2024,4674.0,Metric Tonnes,1765.03,Rs./Quintal
Maharashtra,Pune,Vegetables,Tomato,07-01-2024,499.0,Metric Tonnes,1711.82,Rs./Quintal
Maharashtra,Pune,Vegetables,Onion,08-01-2024,1413.0,Metric Tonnes,1445.4,Rs./Quintal
Maharashtra,Pune,Vegetables,Tomato,08-01-2024,295.0,Metric Tonnes,1508.81,Rs./Quintal
Maharashtra,Pune,Vegetables,Onion,09-01-2024,3855.0,Metric Tonnes,1754.47,Rs./Quintal
Maharashtra,Pune,Vegetables,Tomato,09-01-2024,321.0,Metric Tonnes,1294.55,Rs./Quintal
Maharashtra,Pune,Vegetables,Onion,10-01-2024,1214.0,Metric Tonnes,1481.8,Rs./Quintal
Maharashtra,Pune,Vegetables,Tomato,10-01-2024,243.0,Metric Tonnes,1530.25,Rs./Quintal
Maharashtra,Pune,Vegetables,Onion,11-01-2024,2296.0,Metric Tonnes,1520.75,Rs./Quintal
Maharashtra,Pune,Vegetables,Tomato,11-01-2024,365.0,Metric Tonnes,1449.32,Rs./Quintal
Maharashtra,Pune,Vegetables,Onion,12-01-2024,1645.0,Metric Tonnes,1964.86,Rs./Quintal
Maharashtra,Pune,Vegetables,Tomato,12-01-2024,340.0,Metric Tonnes,1510.44,Rs./Quintal
Maharashtra,Pune,Vegetables,Onion,13-01-2024,103.0,Metric Tonnes,1455.83,Rs./Quintal
Maharashtra,Pune,Vegetables,Tomato,13-01-2024,199.0,Metric Tonnes,1478.64,Rs./Quintal
Maharashtra,Pune,Vegetables,Onion,14-01-2024,3614.0,Metric Tonnes,1515.48,Rs./Quintal
Maharashtra,Pune,Vegetables,Tomato,14-01-2024,428.0,Metric Tonnes,1499.77,Rs./Quintal
Maharashtra,Pune,Vegetables,Onion,15-01-2024,1291.0,Metric Tonnes,1390.36,Rs./Quintal
Maharashtra,Pune,Vegetables,Tomato,15-01-2024,195.0,Metric Tonnes,1433.59,Rs./Quintal
Maharashtra,Pune,Vegetables,Onion,16-01-2024,3164.0,Metric Tonnes,1683.58,Rs./Quintal
Maharashtra,Pune,Vegetables,Tomato,16-01-2024,316.0,Metric Tonnes,1711.87,Rs./Quintal
Maharashtra,Pune,Vegetables,Onion,17-01-2024,1338.0,Metric Tonnes,1321.64,Rs./Quintal
Maharashtra,Pune,Vegetables,Tomato,17-01-2024,236.0,Metric Tonnes,1711.86,Rs./Quintal
Maharashtra,Pune,Vegetables,Onion,18-01-2024,2940.0,Metric Tonnes,1555.82,Rs./Quintal
Maharashtra,Pune,Vegetables,Tomato,18-01-2024,336.0,Metric Tonnes,1675.0,Rs./Quintal
Maharashtra,Pune,Vegetables,Onion,19-01-2024,3576.0,Metric Tonnes,1555.62,Rs./Quintal
Maharashtra,Pune,Vegetables,Tomato,19-01-2024,299.0,Metric Tonnes,1753.68,Rs./Quintal
Maharashtra,Pune,Vegetables,Onion,20-01-2024,149.0,Metric Tonnes,1263.09,Rs./Quintal
Maharashtra,Pune,Vegetables,Tomato,20-01-2024,140.0,Metric Tonnes,1556.43,Rs./Quintal
Maharashtra,Pune,Vegetables,Onion,21-01-2024,5949.0,Metric Tonnes,1370.14,Rs./Quintal
Maharashtra,Pune,Vegetables,Tomato,21-01-2024,415.0,Metric Tonnes,1787.59,Rs./Quintal
Maharashtra,Pune,Vegetables,Onion,22-01-2024,1255.0,Metric Tonnes,1106.85,Rs./Quintal
Maharashtra,Pune,Vegetables,Tomato,22-01-2024,265.0,Metric Tonnes,1846.98,Rs./Quintal
Maharashtra,Pune,Vegetables,Onion,23-01-2024,3655.0,Metric Tonnes,1267.27,Rs./Quintal
Maharashtra,Pune,Vegetables,Tomato,23-01-2024,285.0,Metric Tonnes,1802.63,Rs./Quintal
Maharashtra,Pune,Vegetables,Onion,24-01-2024,2159.0,Metric Tonnes,1222.26,Rs./Quintal
Maharashtra,Pune,Vegetables,Tomato,24-01-2024,337.0,Metric Tonnes,1806.97,Rs./Quintal
Maharashtra,Pune,Vegetables,Onion,25-01-2024,2970.0,Metric Tonnes,1166.1,Rs./Quintal
Maharashtra,Pune,Vegetables,Tomato,25-01-2024,439.0,Metric Tonnes,1926.2,Rs./Quintal
Maharashtra,Pune,Vegetables,Onion,26-01-2024,1279.0,Metric Tonnes,1100.23,Rs./Quintal
Maharashtra,Pune,Vegetables,Tomato,26-01-2024,47.0,Metric Tonnes,1989.36,Rs./Quintal
Maharashtra,Pune,Vegetables,Onion,27-01-2024,653.0,Metric Tonnes,966.46,Rs./Quintal
Maharashtra,Pune,Vegetables,Tomato,27-01-2024,174.0,Metric Tonnes,2277.3,Rs./Quintal
Maharashtra,Pune,Vegetables,Onion,28-01-2024,2901.0,Metric Tonnes,1000.17,Rs./Quintal
Maharashtra,Pune,Vegetables,Tomato,28-01-2024,442.0,Metric Tonnes,2189.03,Rs./Quintal
Maharashtra,Pune,Vegetables,Onion,29-01-2024,1501.0,Metric Tonnes,915.49,Rs./Quintal
Maharashtra,Pune,Vegetables,Tomato,29-01-2024,318.0,Metric Tonnes,2405.82,Rs./Quintal
Maharashtra,Pune,Vegetables,Onion,30-01-2024,2569.0,Metric Tonnes,1132.99,Rs./Quintal
Maharashtra,Pune,Vegetables,Tomato,30-01-2024,338.0,Metric Tonnes,2000.89,Rs./Quintal
Maharashtra,Pune,Vegetables,Onion,31-01-2024,1324.0,Metric Tonnes,1103.51,Rs./Quintal
Maharashtra,Pune,Vegetables,Tomato,31-01-2024,261.0,Metric Tonnes,1893.1,Rs./Quintal
Maharashtra,Pune,Vegetables,Onion,01-02-2024,2602.0,Metric Tonnes,1247.72,Rs./Quintal
Maharashtra,Pune,Vegetables,Tomato,01-02-2024,323.0,Metric Tonnes,1927.4,Rs./Quintal
Maharashtra,Pune,Vegetables,Onion,02-02-2024,2608.0,Metric Tonnes,1240.49,Rs./Quintal
Maharashtra,Pune,Vegetables,Tomato,02-02-2024,332.0,Metric Tonnes,2405.42,Rs./Quintal
Maharashtra,Pune,Vegetables,Onion,03-02-2024,553.0,Metric Tonnes,1240.96,Rs./Quintal
Maharashtra,Pune,Vegetables,Tomato,03-02-2024,156.0,Metric Tonnes,2699.04,Rs./Quintal
Maharashtra,Pune,Vegetables,Onion,04-02-2024,3848.0,Metric Tonnes,1293.24,Rs./Quintal
Maharashtra,Pune,Vegetables,Tomato,04-02-2024,490.0,Metric Tonnes,2521.73,Rs./Quintal
Maharashtra,Pune,Vegetables,Onion,05-02-2024,1308.0,Metric Tonnes,1172.36,Rs./Quintal
Maharashtra,Pune,Vegetables,Tomato,05-02-2024,281.0,Metric Tonnes,2405.69,Rs./Quintal
Maharashtra,Pune,Vegetables,Onion,06-02-2024,3826.0,Metric Tonnes,1325.33,Rs./Quintal
Maharashtra,Pune,Vegetables,Tomato,06-02-2024,314.0,Metric Tonnes,2339.33,Rs./Quintal
Maharashtra,Pune,Vegetables,Onion,07-02-2024,1836.0,Metric Tonnes,1125.3,Rs./Quintal
Maharashtra,Pune,Vegetables,Tomato,07-02-2024,253.0,Metric Tonnes,2266.6,Rs./Quintal
Maharashtra,Pune,Vegetables,Onion,08-02-2024,2903.0,Metric Tonnes,1262.87,Rs./Quintal
Maharashtra,Pune,Vegetables,Tomato,08-02-2024,360.0,Metric Tonnes,1963.89,Rs./Quintal
Maharashtra,Pune,Vegetables,Onion,09-02-2024,2771.0,Metric Tonnes,1259.89,Rs./Quintal
Maharashtra,Pune,Vegetables,Tomato,09-02-2024,408.0,Metric Tonnes,2039.58,Rs./Quintal
Maharashtra,Pune,Vegetables,Onion,10-02-2024,795.0,Metric Tonnes,968.24,Rs./Quintal
Maharashtra,Pune,Vegetables,Tomato,10-02-2024,282.0,Metric Tonnes,2140.07,Rs./Quintal
Maharashtra,Pune,Vegetables,Onion,11-02-2024,4384.0,Metric Tonnes,1326.82,Rs./Quintal
Maharashtra,Pune,Vegetables,Tomato,11-02-2024,474.0,Metric Tonnes,1981.22,Rs./Quintal
Maharashtra,Pune,Vegetables,Onion,12-02-2024,1162.0,Metric Tonnes,1024.53,Rs./Quintal
Maharashtra,Pune,Vegetables,Tomato,12-02-2024,264.0,Metric Tonnes,1932.58,Rs./Quintal
Maharashtra,Pune,Vegetables,Onion,13-02-2024,3154.0,Metric Tonnes,1283.8,Rs./Quintal
Maharashtra,Pune,Vegetables,Tomato,13-02-2024,417.0,Metric Tonnes,1842.21,Rs./Quintal
Maharashtra,Pune,Vegetables,Onion,14-02-2024,1053.0,Metric Tonnes,1049.0,Rs./Quintal
Maharashtra,Pune,Vegetables,Tomato,14-02-2024,325.0,Metric Tonnes,1944.77,Rs./Quintal
Maharashtra,Pune,Vegetables,Onion,15-02-2024,2981.0,Metric Tonnes,1159.51,Rs./Quintal
Maharashtra,Pune,Vegetables,Tomato,15-02-2024,424.0,Metric Tonnes,1853.3,Rs./Quintal
Maharashtra,Pune,Vegetables,Onion,16-02-2024,2782.0,Metric Tonnes,1243.49,Rs./Quintal
Maharashtra,Pune,Vegetables,Tomato,16-02-2024,426.0,Metric Tonnes,1632.16,Rs./Quintal
Maharashtra,Pune,Vegetables,Onion,17-02-2024,817.0,Metric Tonnes,1122.71,Rs./Quintal
Maharashtra,Pune,Vegetables,Tomato,17-02-2024,143.0,Metric Tonnes,1446.5,Rs./Quintal
Maharashtra,Pune,Vegetables,Onion,18-02-2024,3354.0,Metric Tonnes,1268.68,Rs./Quintal
Maharashtra,Pune,Vegetables,Tomato,18-02-2024,374.0,Metric Tonnes,1538.24,Rs./Quintal
Maharashtra,Pune,Vegetables,Onion,19-02-2024,917.0,Metric Tonnes,1195.97,Rs./Quintal
Maharashtra,Pune,Vegetables,Tomato,19-02-2024,314.0,Metric Tonnes,1545.06,Rs./Quintal
Maharashtra,Pune,Vegetables,Onion,20-02-2024,1826.0,Metric Tonnes,1689.26,Rs./Quintal
Maharashtra,Pune,Vegetables,Tomato,20-02-2024,421.0,Metric Tonnes,1532.3,Rs./Quintal
Maharashtra,Pune,Vegetables,Onion,21-02-2024,1351.0,Metric Tonnes,1307.99,Rs./Quintal
Maharashtra,Pune,Vegetables,Tomato,21-02-2024,281.0,Metric Tonnes,1620.28,Rs./Quintal
Maharashtra,Pune,Vegetables,Onion,22-02-2024,3674.0,Metric Tonnes,1391.94,Rs./Quintal
Maharashtra,Pune,Vegetables,Tomato,22-02-2024,417.0,Metric Tonnes,1566.67,Rs./Quintal
Maharashtra,Pune,Vegetables,Onion,23-02-2024,1703.0,Metric Tonnes,1105.9,Rs./Quintal
Maharashtra,Pune,Vegetables,Tomato,23-02-2024,367.0,Metric Tonnes,1465.94,Rs./Quintal
Maharashtra,Pune,Vegetables,Onion,24-02-2024,2224.0,Metric Tonnes,1596.49,Rs./Quintal
Maharashtra,Pune,Vegetables,Tomato,24-02-2024,193.0,Metric Tonnes,1478.76,Rs./Quintal
Maharashtra,Pune,Vegetables,Onion,25-02-2024,4471.0,Metric Tonnes,1820.93,Rs./Quintal
Maharashtra,Pune,Vegetables,Tomato,25-02-2024,500.0,Metric Tonnes,1552.8,Rs./Quintal
Maharashtra,Pune,Vegetables,Onion,26-02-2024,58.0,Metric Tonnes,1230.17,Rs./Quintal
Maharashtra,Pune,Vegetables,Tomato,26-02-2024,134.0,Metric Tonnes,1492.54,Rs./Quintal
Maharashtra,Pune,Vegetables,Onion,27-02-2024,5065.0,Metric Tonnes,1559.45,Rs./Quintal
Maharashtra,Pune,Vegetables,Tomato,27-02-2024,452.0,Metric Tonnes,1477.1,Rs./Quintal
Maharashtra,Pune,Vegetables,Onion,28-02-2024,3941.0,Metric Tonnes,1438.16,Rs./Quintal
Maharashtra,Pune,Vegetables,Tomato,28-02-2024,374.8,Metric Tonnes,1540.84,Rs./Quintal
Maharashtra,Pune,Vegetables,Onion,29-02-2024,4925.2,Metric Tonnes,1340.53,Rs./Quintal
Maharashtra,Pune,Vegetables,Tomato,29-02-2024,441.0,Metric Tonnes,1435.78,Rs./Quintal
Maharashtra,Pune,Vegetables,Onion,01-03-2024,3140.2,Metric Tonnes,1222.54,Rs./Quintal
Maharashtra,Pune,Vegetables,Tomato,01-03-2024,352.0,Metric Tonnes,1372.46,Rs./Quintal
Maharashtra,Pune,Vegetables,Onion,02-03-2024,383.4,Metric Tonnes,1407.52,Rs./Quintal
Maharashtra,Pune,Vegetables,Tomato,02-03-2024,211.1,Metric Tonnes,1250.21,Rs./Quintal
Maharashtra,Pune,Vegetables,Onion,03-03-2024,6410.3,Metric Tonnes,1470.57,Rs./Quintal
Maharashtra,Pune,Vegetables,Tomato,03-03-2024,563.2,Metric Tonnes,1178.89,Rs./Quintal
Maharashtra,Pune,Vegetables,Onion,04-03-2024,1667.9,Metric Tonnes,1293.32,Rs./Quintal
Maharashtra,Pune,Vegetables,Tomato,04-03-2024,231.9,Metric Tonnes,940.08,Rs./Quintal
Maharashtra,Pune,Vegetables,Onion,05-03-2024,3058.7,Metric Tonnes,1402.32,Rs./Quintal
Maharashtra,Pune,Vegetables,Tomato,05-03-2024,326.2,Metric Tonnes,1134.32,Rs./Quintal
Maharashtra,Pune,Vegetables,Onion,06-03-2024,3190.0,Metric Tonnes,1344.85,Rs./Quintal
Maharashtra,Pune,Vegetables,Tomato,06-03-2024,371.6,Metric Tonnes,1411.04,Rs./Quintal
Maharashtra,Pune,Vegetables,Onion,07-03-2024,5211.9,Metric Tonnes,1454.65,Rs./Quintal
Maharashtra,Pune,Vegetables,Tomato,07-03-2024,333.9,Metric Tonnes,1103.29,Rs./Quintal
Maharashtra,Pune,Vegetables,Onion,08-03-2024,2911.6,Metric Tonnes,1276.2,Rs./Quintal
Maharashtra,Pune,Vegetables,Tomato,08-03-2024,362.2,Metric Tonnes,1107.45,Rs./Quintal
Maharashtra,Pune,Vegetables,Onion,09-03-2024,170.9,Metric Tonnes,1255.82,Rs./Quintal
Maharashtra,Pune,Vegetables,Tomato,09-03-2024,183.1,Metric Tonnes,996.64,Rs./Quintal
Maharashtra,Pune,Vegetables,Onion,10-03-2024,6518.0,Metric Tonnes,1405.11,Rs./Quintal
Maharashtra,Pune,Vegetables,Tomato,10-03-2024,492.1,Metric Tonnes,1186.1,Rs./Quintal
Maharashtra,Pune,Vegetables,Onion,11-03-2024,2024.6,Metric Tonnes,1283.15,Rs./Quintal
Maharashtra,Pune,Vegetables,Tomato,11-03-2024,392.3,Metric Tonnes,1228.22,Rs./Quintal
Maharashtra,Pune,Vegetables,Onion,12-03-2024,4573.3,Metric Tonnes,1328.58,Rs./Quintal
Maharashtra,Pune,Vegetables,Tomato,12-03-2024,351.3,Metric Tonnes,1358.24,Rs./Quintal
Maharashtra,Pune,Vegetables,Onion,13-03-2024,1746.1,Metric Tonnes,1200.23,Rs./Quintal
Maharashtra,Pune,Vegetables,Tomato,13-03-2024,296.8,Metric Tonnes,1357.31,Rs./Quintal
Maharashtra,Pune,Vegetables,Onion,14-03-2024,5388.3,Metric Tonnes,1362.97,Rs./Quintal
Maharashtra,Pune,Vegetables,Tomato,14-03-2024,497.9,Metric Tonnes,1254.45,Rs./Quintal
Maharashtra,Pune,Vegetables,Onion,15-03-2024,3534.1,Metric Tonnes,1196.34,Rs./Quintal
Maharashtra,Pune,Vegetables,Tomato,15-03-2024,427.3,Metric Tonnes,1323.99,Rs./Quintal
Maharashtra,Pune,Vegetables,Onion,16-03-2024,2154.2,Metric Tonnes,1471.11,Rs./Quintal
Maharashtra,Pune,Vegetables,Tomato,16-03-2024,258.3,Metric Tonnes,1412.52,Rs./Quintal
Maharashtra,Pune,Vegetables,Onion,17-03-2024,6995.4,Metric Tonnes,1124.66,Rs./Quintal
Maharashtra,Pune,Vegetables,Tomato,17-03-2024,475.5,Metric Tonnes,1198.18,Rs./Quintal
Maharashtra,Pune,Vegetables,Onion,18-03-2024,1643.0,Metric Tonnes,993.73,Rs./Quintal
Maharashtra,Pune,Vegetables,Tomato,18-03-2024,404.9,Metric Tonnes,1191.48,Rs./Quintal
Maharashtra,Pune,Vegetables,Onion,19-03-2024,3841.4,Metric Tonnes,1211.91,Rs./Quintal
Maharashtra,Pune,Vegetables,Tomato,19-03-2024,385.0,Metric Tonnes,1040.42,Rs./Quintal
Maharashtra,Pune,Vegetables,Onion,20-03-2024,1421.8,Metric Tonnes,1003.26,Rs./Quintal
Maharashtra,Pune,Vegetables,Tomato,20-03-2024,290.2,Metric Tonnes,1018.45,Rs./Quintal
Maharashtra,Pune,Vegetables,Onion,21-03-2024,3522.7,Metric Tonnes,1052.56,Rs./Quintal
Maharashtra,Pune,Vegetables,Tomato,21-03-2024,465.0,Metric Tonnes,887.78,Rs./Quintal
Maharashtra,Pune,Vegetables,Onion,22-03-2024,2156.0,Metric Tonnes,1073.18,Rs./Quintal
Maharashtra,Pune,Vegetables,Tomato,22-03-2024,483.9,Metric Tonnes,1002.25,Rs./Quintal
Maharashtra,Pune,Vegetables,Onion,23-03-2024,1079.8,Metric Tonnes,1357.6,Rs./Quintal
Maharashtra,Pune,Vegetables,Tomato,23-03-2024,183.5,Metric Tonnes,949.32,Rs./Quintal
Maharashtra,Pune,Vegetables,Onion,24-03-2024,3048.7,Metric Tonnes,1324.64,Rs./Quintal
Maharashtra,Pune,Vegetables,Tomato,24-03-2024,572.8,Metric Tonnes,1049.73,Rs./Quintal
Maharashtra,Pune,Vegetables,Onion,25-03-2024,36.6,Metric Tonnes,1177.6,Rs./Quintal
Maharashtra,Pune,Vegetables,Tomato,25-03-2024,228.4,Metric Tonnes,990.19,Rs./Quintal
Maharashtra,Pune,Vegetables,Onion,26-03-2024,2366.3,Metric Tonnes,1300.11,Rs./Quintal
Maharashtra,Pune,Vegetables,Tomato,26-03-2024,332.9,Metric Tonnes,999.28,Rs./Quintal
Maharashtra,Pune,Vegetables,Onion,27-03-2024,1915.4,Metric Tonnes,1258.2,Rs./Quintal
Maharashtra,Pune,Vegetables,Tomato,27-03-2024,478.4,Metric Tonnes,1070.28,Rs./Quintal
Maharashtra,Pune,Vegetables,Onion,28-03-2024,3620.9,Metric Tonnes,1278.3,Rs./Quintal
Maharashtra,Pune,Vegetables,Tomato,28-03-2024,656.8,Metric Tonnes,991.34,Rs./Quintal
Maharashtra,Pune,Vegetables,Onion,29-03-2024,3082.0,Metric Tonnes,1205.22,Rs./Quintal
Maharashtra,Pune,Vegetables,Tomato,29-03-2024,485.6,Metric Tonnes,756.36,Rs./Quintal
Maharashtra,Pune,Vegetables,Onion,30-03-2024,1098.9,Metric Tonnes,1525.92,Rs./Quintal
Maharashtra,Pune,Vegetables,Tomato,30-03-2024,256.2,Metric Tonnes,748.97,Rs./Quintal
Maharashtra,Pune,Vegetables,Onion,31-03-2024,5352.5,Metric Tonnes,1220.29,Rs./Quintal
Maharashtra,Pune,Vegetables,Tomato,31-03-2024,575.9,Metric Tonnes,909.92,Rs./Quintal
Maharashtra,Pune,Vegetables,Onion,01-04-2024,1594.3,Metric Tonnes,1006.22,Rs./Quintal
Maharashtra,Pune,Vegetables,Tomato,01-04-2024,458.6,Metric Tonnes,909.63,Rs./Quintal
Maharashtra,Pune,Vegetables,Onion,02-04-2024,2943.2,Metric Tonnes,1233.96,Rs./Quintal
Maharashtra,Pune,Vegetables,Tomato,02-04-2024,339.7,Metric Tonnes,948.22,Rs./Quintal
Maharashtra,Pune,Vegetables,Onion,03-04-2024,2437.1,Metric Tonnes,1262.61,Rs./Quintal
Maharashtra,Pune,Vegetables,Tomato,03-04-2024,449.2,Metric Tonnes,892.22,Rs./Quintal
Maharashtra,Pune,Vegetables,Onion,04-04-2024,3357.2,Metric Tonnes,1269.99,Rs./Quintal
Maharashtra,Pune,Vegetables,Tomato,04-04-2024,529.2,Metric Tonnes,860.86,Rs./Quintal
Maharashtra,Pune,Vegetables,Onion,05-04-2024,2495.2,Metric Tonnes,1231.58,Rs./Quintal
Maharashtra,Pune,Vegetables,Tomato,05-04-2024,484.7,Metric Tonnes,877.28,Rs./Quintal
Maharashtra,Pune,Vegetables,Onion,06-04-2024,1345.9,Metric Tonnes,1454.76,Rs./Quintal
Maharashtra,Pune,Vegetables,Tomato,06-04-2024,505.2,Metric Tonnes,810.57,Rs./Quintal
Maharashtra,Pune,Vegetables,Onion,07-04-2024,4866.6,Metric Tonnes,1200.61,Rs./Quintal
Maharashtra,Pune,Vegetables,Tomato,07-04-2024,640.9,Metric Tonnes,878.7,Rs./Quintal
Maharashtra,Pune,Vegetables,Onion,08-04-2024,2101.7,Metric Tonnes,1022.18,Rs./Quintal
Maharashtra,Pune,Vegetables,Tomato,08-04-2024,295.1,Metric Tonnes,982.89,Rs./Quintal
Maharashtra,Pune,Vegetables,Onion,09-04-2024,2022.9,Metric Tonnes,1165.65,Rs./Quintal
Maharashtra,Pune,Vegetables,Tomato,09-04-2024,183.5,Metric Tonnes,827.52,Rs./Quintal
Maharashtra,Pune,Vegetables,Onion,12-04-2024,2.2,Metric Tonnes,1250.0,Rs./Quintal
Maharashtra,Pune,Vegetables,Tomato,12-04-2024,2.8,Metric Tonnes,1000.0,Rs./Quintal
Maharashtra,Pune,Vegetables,Onion,13-04-2024,167.2,Metric Tonnes,1025.69,Rs./Quintal
Maharashtra,Pune,Vegetables,Tomato,13-04-2024,328.0,Metric Tonnes,834.45,Rs./Quintal
Maharashtra,Pune,Vegetables,Onion,14-04-2024,2522.4,Metric Tonnes,1084.63,Rs./Quintal
Maharashtra,Pune,Vegetables,Tomato,14-04-2024,330.1,Metric Tonnes,852.23,Rs./Quintal
Maharashtra,Pune,Vegetables,Onion,15-04-2024,1013.8,Metric Tonnes,1089.22,Rs./Quintal
Maharashtra,Pune,Vegetables,Tomato,15-04-2024,478.8,Metric Tonnes,876.61,Rs./Quintal
Maharashtra,Pune,Vegetables,Onion,16-04-2024,1238.8,Metric Tonnes,1000.22,Rs./Quintal
Maharashtra,Pune,Vegetables,Tomato,16-04-2024,176.7,Metric Tonnes,900.85,Rs./Quintal
Maharashtra,Pune,Vegetables,Onion,19-04-2024,2232.6,Metric Tonnes,1157.51,Rs./Quintal
Maharashtra,Pune,Vegetables,Tomato,19-04-2024,588.2,Metric Tonnes,896.67,Rs./Quintal
Maharashtra,Pune,Vegetables,Onion,20-04-2024,37.3,Metric Tonnes,786.33,Rs./Quintal
Maharashtra,Pune,Vegetables,Tomato,20-04-2024,386.5,Metric Tonnes,762.63,Rs./Quintal
Maharashtra,Pune,Vegetables,Onion,21-04-2024,1522.0,Metric Tonnes,997.44,Rs./Quintal
Maharashtra,Pune,Vegetables,Tomato,21-04-2024,347.6,Metric Tonnes,1119.94,Rs./Quintal
Maharashtra,Pune,Vegetables,Onion,22-04-2024,1227.8,Metric Tonnes,995.57,Rs./Quintal
Maharashtra,Pune,Vegetables,Tomato,22-04-2024,308.8,Metric Tonnes,1173.24,Rs./Quintal
Maharashtra,Pune,Vegetables,Onion,23-04-2024,761.5,Metric Tonnes,1105.5,Rs./Quintal
Maharashtra,Pune,Vegetables,Tomato,23-04-2024,326.9,Metric Tonnes,1000.6,Rs./Quintal
Maharashtra,Pune,Vegetables,Onion,24-04-2024,1327.4,Metric Tonnes,1081.35,Rs./Quintal
Maharashtra,Pune,Vegetables,Tomato,24-04-2024,232.7,Metric Tonnes,995.29,Rs./Quintal
Maharashtra,Pune,Vegetables,Onion,25-04-2024,3405.1,Metric Tonnes,1272.14,Rs./Quintal
Maharashtra,Pune,Vegetables,Tomato,25-04-2024,731.6,Metric Tonnes,1043.23,Rs./Quintal
Maharashtra,Pune,Vegetables,Onion,26-04-2024,2381.7,Metric Tonnes,1152.89,Rs./Quintal
Maharashtra,Pune,Vegetables,Tomato,26-04-2024,729.2,Metric Tonnes,967.2,Rs./Quintal
Maharashtra,Pune,Vegetables,Onion,27-04-2024,379.9,Metric Tonnes,1175.16,Rs./Quintal
Maharashtra,Pune,Vegetables,Tomato,27-04-2024,457.7,Metric Tonnes,936.87,Rs./Quintal
Maharashtra,Pune,Vegetables,Onion,28-04-2024,3244.9,Metric Tonnes,1237.19,Rs./Quintal
Maharashtra,Pune,Vegetables,Tomato,28-04-2024,703.7,Metric Tonnes,944.32,Rs./Quintal
Maharashtra,Pune,Vegetables,Onion,29-04-2024,69.6,Metric Tonnes,1011.78,Rs./Quintal
Maharashtra,Pune,Vegetables,Tomato,29-04-2024,555.7,Metric Tonnes,878.19,Rs./Quintal
Maharashtra,Pune,Vegetables,Onion,30-04-2024,1363.0,Metric Tonnes,1466.38,Rs./Quintal
Maharashtra,Pune,Vegetables,Tomato,30-04-2024,444.0,Metric Tonnes,854.55,Rs./Quintal
Maharashtra,Pune,Vegetables,Onion,01-05-2024,2.4,Metric Tonnes,1037.5,Rs./Quintal
Maharashtra,Pune,Vegetables,Tomato,01-05-2024,255.5,Metric Tonnes,1000.23,Rs./Quintal
Maharashtra,Pune,Vegetables,Onion,02-05-2024,1716.5,Metric Tonnes,1190.47,Rs./Quintal
Maharashtra,Pune,Vegetables,Tomato,02-05-2024,668.7,Metric Tonnes,1091.59,Rs./Quintal
Maharashtra,Pune,Vegetables,Onion,03-05-2024,1816.6,Metric Tonnes,1383.48,Rs./Quintal
Maharashtra,Pune,Vegetables,Tomato,03-05-2024,613.6,Metric Tonnes,1013.28,Rs./Quintal
Maharashtra,Pune,Vegetables,Onion,04-05-2024,464.4,Metric Tonnes,1371.17,Rs./Quintal
Maharashtra,Pune,Vegetables,Tomato,04-05-2024,364.1,Metric Tonnes,1144.38,Rs./Quintal
Maharashtra,Pune,Vegetables,Onion,05-05-2024,3392.1,Metric Tonnes,1801.02,Rs./Quintal
Maharashtra,Pune,Vegetables,Tomato,05-05-2024,677.9,Metric Tonnes,1050.26,Rs./Quintal
Maharashtra,Pune,Vegetables,Onion,06-05-2024,1771.6,Metric Tonnes,1491.67,Rs./Quintal
Maharashtra,Pune,Vegetables,Tomato,06-05-2024,547.3,Metric Tonnes,988.53,Rs./Quintal
Maharashtra,Pune,Vegetables,Onion,07-05-2024,4780.5,Metric Tonnes,1590.35,Rs./Quintal
Maharashtra,Pune,Vegetables,Tomato,07-05-2024,324.5,Metric Tonnes,1083.3,Rs./Quintal
Maharashtra,Pune,Vegetables,Onion,08-05-2024,430.6,Metric Tonnes,1474.34,Rs./Quintal
Maharashtra,Pune,Vegetables,Tomato,08-05-2024,561.4,Metric Tonnes,1022.7,Rs./Quintal
Maharashtra,Pune,Vegetables,Onion,09-05-2024,3730.3,Metric Tonnes,1282.77,Rs./Quintal
Maharashtra,Pune,Vegetables,Tomato,09-05-2024,599.9,Metric Tonnes,992.54,Rs./Quintal
Maharashtra,Pune,Vegetables,Onion,10-05-2024,2740.4,Metric Tonnes,1383.77,Rs./Quintal
Maharashtra,Pune,Vegetables,Tomato,10-05-2024,619.3,Metric Tonnes,1052.29,Rs./Quintal
Maharashtra,Pune,Vegetables,Onion,11-05-2024,225.0,Metric Tonnes,1155.51,Rs./Quintal
Maharashtra,Pune,Vegetables,Tomato,11-05-2024,308.0,Metric Tonnes,866.51,Rs./Quintal
Maharashtra,Pune,Vegetables,Onion,12-05-2024,3032.7,Metric Tonnes,1465.44,Rs./Quintal
Maharashtra,Pune,Vegetables,Tomato,12-05-2024,686.2,Metric Tonnes,935.43,Rs./Quintal
Maharashtra,Pune,Vegetables,Onion,13-05-2024,93.7,Metric Tonnes,1100.0,Rs./Quintal
Maharashtra,Pune,Vegetables,Tomato,13-05-2024,255.0,Metric Tonnes,750.0,Rs./Quintal
Maharashtra,Pune,Vegetables,Onion,14-05-2024,2179.7,Metric Tonnes,1452.57,Rs./Quintal
Maharashtra,Pune,Vegetables,Tomato,14-05-2024,506.0,Metric Tonnes,1054.89,Rs./Quintal
Maharashtra,Pune,Vegetables,Onion,15-05-2024,1176.2,Metric Tonnes,1263.09,Rs./Quintal
Maharashtra,Pune,Vegetables,Tomato,15-05-2024,580.0,Metric Tonnes,862.92,Rs./Quintal
Maharashtra,Pune,Vegetables,Onion,16-05-2024,3038.6,Metric Tonnes,1567.55,Rs./Quintal
Maharashtra,Pune,Vegetables,Tomato,16-05-2024,450.4,Metric Tonnes,847.82,Rs./Quintal
Maharashtra,Pune,Vegetables,Onion,17-05-2024,2815.9,Metric Tonnes,1408.68,Rs./Quintal
Maharashtra,Pune,Vegetables,Tomato,17-05-2024,539.2,Metric Tonnes,864.08,Rs./Quintal
Maharashtra,Pune,Vegetables,Onion,18-05-2024,302.5,Metric Tonnes,1414.05,Rs./Quintal
Maharashtra,Pune,Vegetables,Tomato,18-05-2024,381.6,Metric Tonnes,1133.24,Rs./Quintal
Maharashtra,Pune,Vegetables,Onion,19-05-2024,4690.8,Metric Tonnes,1496.53,Rs./Quintal
Maharashtra,Pune,Vegetables,Tomato,19-05-2024,666.2,Metric Tonnes,901.17,Rs./Quintal
Maharashtra,Pune,Vegetables,Onion,20-05-2024,1370.1,Metric Tonnes,1291.88,Rs./Quintal
Maharashtra,Pune,Vegetables,Tomato,20-05-2024,533.3,Metric Tonnes,994.13,Rs./Quintal
Maharashtra,Pune,Vegetables,Onion,21-05-2024,2759.2,Metric Tonnes,1494.12,Rs./Quintal
Maharashtra,Pune,Vegetables,Tomato,21-05-2024,559.2,Metric Tonnes,1100.48,Rs./Quintal
Maharashtra,Pune,Vegetables,Onion,22-05-2024,1132.6,Metric Tonnes,1392.9,Rs./Quintal
Maharashtra,Pune,Vegetables,Tomato,22-05-2024,478.6,Metric Tonnes,1317.32,Rs./Quintal
Maharashtra,Pune,Vegetables,Onion,23-05-2024,1546.7,Metric Tonnes,1533.78,Rs./Quintal
Maharashtra,Pune,Vegetables,Tomato,23-05-2024,643.6,Metric Tonnes,1179.1,Rs./Quintal
Maharashtra,Pune,Vegetables,Onion,24-05-2024,2583.9,Metric Tonnes,1566.07,Rs./Quintal
Maharashtra,Pune,Vegetables,Tomato,24-05-2024,601.1,Metric Tonnes,1183.83,Rs./Quintal
Maharashtra,Pune,Vegetables,Onion,25-05-2024,282.3,Metric Tonnes,1423.43,Rs./Quintal
Maharashtra,Pune,Vegetables,Tomato,25-05-2024,453.2,Metric Tonnes,1161.17,Rs./Quintal
Maharashtra,Pune,Vegetables,Onion,26-05-2024,2763.0,Metric Tonnes,1590.57,Rs./Quintal
Maharashtra,Pune,Vegetables,Tomato,26-05-2024,752.7,Metric Tonnes,1459.07,Rs./Quintal
Maharashtra,Pune,Vegetables,Onion,27-05-2024,989.0,Metric Tonnes,1462.58,Rs./Quintal
Maharashtra,Pune,Vegetables,Tomato,27-05-2024,291.0,Metric Tonnes,1622.16,Rs./Quintal
Maharashtra,Pune,Vegetables,Onion,28-05-2024,819.1,Metric Tonnes,2241.09,Rs./Quintal
Maharashtra,Pune,Vegetables,Tomato,28-05-2024,724.0,Metric Tonnes,1519.91,Rs./Quintal
Maharashtra,Pune,Vegetables,Onion,29-05-2024,972.7,Metric Tonnes,1572.05,Rs./Quintal
Maharashtra,Pune,Vegetables,Tomato,29-05-2024,655.9,Metric Tonnes,1232.36,Rs./Quintal
Maharashtra,Pune,Vegetables,Onion,30-05-2024,1494.1,Metric Tonnes,1957.89,Rs./Quintal
Maharashtra,Pune,Vegetables,Tomato,30-05-2024,720.2,Metric Tonnes,1148.49,Rs./Quintal
Maharashtra,Pune,Vegetables,Onion,31-05-2024,1720.0,Metric Tonnes,1947.95,Rs./Quintal
Maharashtra,Pune,Vegetables,Tomato,31-05-2024,459.8,Metric Tonnes,1484.37,Rs./Quintal
Maharashtra,Pune,Vegetables,Onion,01-06-2024,233.2,Metric Tonnes,1651.44,Rs./Quintal
Maharashtra,Pune,Vegetables,Tomato,01-06-2024,459.6,Metric Tonnes,1460.04,Rs./Quintal
Maharashtra,Pune,Vegetables,Onion,02-06-2024,3023.4,Metric Tonnes,1810.56,Rs./Quintal
Maharashtra,Pune,Vegetables,Tomato,02-06-2024,554.8,Metric Tonnes,2141.0,Rs./Quintal
Maharashtra,Pune,Vegetables,Onion,03-06-2024,1114.5,Metric Tonnes,1891.14,Rs./Quintal
Maharashtra,Pune,Vegetables,Tomato,03-06-2024,439.3,Metric Tonnes,3407.15,Rs./Quintal
Maharashtra,Pune,Vegetables,Onion,04-06-2024,1227.6,Metric Tonnes,1518.58,Rs./Quintal
Maharashtra,Pune,Vegetables,Tomato,04-06-2024,539.8,Metric Tonnes,2635.82,Rs./Quintal
Maharashtra,Pune,Vegetables,Onion,05-06-2024,592.4,Metric Tonnes,1665.75,Rs./Quintal
Maharashtra,Pune,Vegetables,Tomato,05-06-2024,265.7,Metric Tonnes,2588.03,Rs./Quintal
Maharashtra,Pune,Vegetables,Onion,06-06-2024,2005.2,Metric Tonnes,1981.18,Rs./Quintal
Maharashtra,Pune,Vegetables,Tomato,06-06-2024,241.6,Metric Tonnes,2179.72,Rs./Quintal
Maharashtra,Pune,Vegetables,Onion,07-06-2024,1394.9,Metric Tonnes,1819.54,Rs./Quintal
Maharashtra,Pune,Vegetables,Tomato,07-06-2024,350.3,Metric Tonnes,2468.3,Rs./Quintal
Maharashtra,Pune,Vegetables,Onion,08-06-2024,210.5,Metric Tonnes,2102.38,Rs./Quintal
Maharashtra,Pune,Vegetables,Tomato,08-06-2024,381.1,Metric Tonnes,2635.27,Rs./Quintal
Maharashtra,Pune,Vegetables,Onion,09-06-2024,3170.5,Metric Tonnes,2518.59,Rs./Quintal
Maharashtra,Pune,Vegetables,Tomato,09-06-2024,698.2,Metric Tonnes,2569.87,Rs./Quintal
Maharashtra,Pune,Vegetables,Onion,10-06-2024,1328.1,Metric Tonnes,1990.85,Rs./Quintal
Maharashtra,Pune,Vegetables,Tomato,10-06-2024,523.8,Metric Tonnes,2417.3,Rs./Quintal
Maharashtra,Pune,Vegetables,Onion,11-06-2024,3407.5,Metric Tonnes,2232.16,Rs./Quintal
Maharashtra,Pune,Vegetables,Tomato,11-06-2024,286.1,Metric Tonnes,2554.63,Rs./Quintal
Maharashtra,Pune,Vegetables,Onion,12-06-2024,1184.8,Metric Tonnes,1917.42,Rs./Quintal
Maharashtra,Pune,Vegetables,Tomato,12-06-2024,161.0,Metric Tonnes,3609.84,Rs./Quintal
Maharashtra,Pune,Vegetables,Onion,13-06-2024,2243.4,Metric Tonnes,2064.14,Rs./Quintal
Maharashtra,Pune,Vegetables,Tomato,13-06-2024,343.4,Metric Tonnes,2768.23,Rs./Quintal
Maharashtra,Pune,Vegetables,Onion,14-06-2024,1749.6,Metric Tonnes,2006.7,Rs./Quintal
Maharashtra,Pune,Vegetables,Tomato,14-06-2024,329.8,Metric Tonnes,2679.82,Rs./Quintal
Maharashtra,Pune,Vegetables,Onion,15-06-2024,256.6,Metric Tonnes,2176.07,Rs./Quintal
Maharashtra,Pune,Vegetables,Tomato,15-06-2024,123.7,Metric Tonnes,3749.47,Rs./Quintal
Maharashtra,Pune,Vegetables,Onion,16-06-2024,2962.4,Metric Tonnes,2242.57,Rs./Quintal
Maharashtra,Pune,Vegetables,Tomato,16-06-2024,614.6,Metric Tonnes,3263.66,Rs./Quintal
Maharashtra,Pune,Vegetables,Onion,17-06-2024,628.3,Metric Tonnes,2018.23,Rs./Quintal
Maharashtra,Pune,Vegetables,Tomato,17-06-2024,221.4,Metric Tonnes,3382.11,Rs./Quintal
Maharashtra,Pune,Vegetables,Onion,18-06-2024,1314.6,Metric Tonnes,2257.21,Rs./Quintal
Maharashtra,Pune,Vegetables,Tomato,18-06-2024,314.6,Metric Tonnes,3154.85,Rs./Quintal
Maharashtra,Pune,Vegetables,Onion,19-06-2024,1010.7,Metric Tonnes,2059.97,Rs./Quintal
Maharashtra,Pune,Vegetables,Tomato,19-06-2024,213.5,Metric Tonnes,3371.19,Rs./Quintal
Maharashtra,Pune,Vegetables,Onion,20-06-2024,1942.5,Metric Tonnes,2259.45,Rs./Quintal
Maharashtra,Pune,Vegetables,Tomato,20-06-2024,254.3,Metric Tonnes,3777.82,Rs./Quintal
Maharashtra,Pune,Vegetables,Onion,21-06-2024,2028.2,Metric Tonnes,2179.65,Rs./Quintal
Maharashtra,Pune,Vegetables,Tomato,21-06-2024,296.0,Metric Tonnes,3837.53,Rs./Quintal
Maharashtra,Pune,Vegetables,Onion,22-06-2024,97.5,Metric Tonnes,2113.49,Rs./Quintal
Maharashtra,Pune,Vegetables,Tomato,22-06-2024,112.4,Metric Tonnes,4030.78,Rs./Quintal
Maharashtra,Pune,Vegetables,Onion,23-06-2024,2033.3,Metric Tonnes,2084.88,Rs./Quintal
Maharashtra,Pune,Vegetables,Tomato,23-06-2024,405.9,Metric Tonnes,3592.51,Rs./Quintal
Maharashtra,Pune,Vegetables,Onion,24-06-2024,869.0,Metric Tonnes,2006.54,Rs./Quintal
Maharashtra,Pune,Vegetables,Tomato,24-06-2024,266.3,Metric Tonnes,2994.42,Rs./Quintal
Maharashtra,Pune,Vegetables,Onion,25-06-2024,1752.5,Metric Tonnes,2196.38,Rs./Quintal
Maharashtra,Pune,Vegetables,Tomato,25-06-2024,279.4,Metric Tonnes,3109.11,Rs./Quintal
Maharashtra,Pune,Vegetables,Onion,26-06-2024,992.4,Metric Tonnes,2064.66,Rs./Quintal
Maharashtra,Pune,Vegetables,Tomato,26-06-2024,201.0,Metric Tonnes,3274.75,Rs./Quintal
Maharashtra,Pune,Vegetables,Onion,27-06-2024,955.6,Metric Tonnes,2016.4,Rs./Quintal
Maharashtra,Pune,Vegetables,Tomato,27-06-2024,306.8,Metric Tonnes,3169.98,Rs./Quintal
Maharashtra,Pune,Vegetables,Onion,28-06-2024,1771.5,Metric Tonnes,2143.8,Rs./Quintal
Maharashtra,Pune,Vegetables,Tomato,28-06-2024,341.9,Metric Tonnes,2705.48,Rs./Quintal
Maharashtra,Pune,Vegetables,Onion,29-06-2024,223.4,Metric Tonnes,2313.34,Rs./Quintal
Maharashtra,Pune,Vegetables,Tomato,29-06-2024,109.9,Metric Tonnes,4074.61,Rs./Quintal
Maharashtra,Pune,Vegetables,Onion,30-06-2024,3187.8,Metric Tonnes,2466.97,Rs./Quintal
Maharashtra,Pune,Vegetables,Tomato,30-06-2024,607.1,Metric Tonnes,3571.98,Rs./Quintal
Maharashtra,Pune,Vegetables,Onion,01-07-2024,354.1,Metric Tonnes,2021.42,Rs./Quintal
Maharashtra,Pune,Vegetables,Tomato,01-07-2024,193.5,Metric Tonnes,3428.29,Rs./Quintal
Maharashtra,Pune,Vegetables,Onion,02-07-2024,1169.4,Metric Tonnes,3072.43,Rs./Quintal
Maharashtra,Pune,Vegetables,Tomato,02-07-2024,222.8,Metric Tonnes,3520.65,Rs./Quintal
Maharashtra,Pune,Vegetables,Onion,03-07-2024,986.3,Metric Tonnes,2230.31,Rs./Quintal
Maharashtra,Pune,Vegetables,Tomato,03-07-2024,495.6,Metric Tonnes,3907.29,Rs./Quintal
Maharashtra,Pune,Vegetables,Onion,04-07-2024,3402.6,Metric Tonnes,2574.61,Rs./Quintal
Maharashtra,Pune,Vegetables,Tomato,04-07-2024,503.8,Metric Tonnes,3944.61,Rs./Quintal
Maharashtra,Pune,Vegetables,Onion,05-07-2024,1933.7,Metric Tonnes,2428.39,Rs./Quintal
Maharashtra,Pune,Vegetables,Tomato,05-07-2024,516.0,Metric Tonnes,4010.89,Rs./Quintal
Maharashtra,Pune,Vegetables,Onion,06-07-2024,203.8,Metric Tonnes,2372.89,Rs./Quintal
Maharashtra,Pune,Vegetables,Tomato,06-07-2024,271.9,Metric Tonnes,4193.31,Rs./Quintal
Maharashtra,Pune,Vegetables,Onion,07-07-2024,4033.6,Metric Tonnes,2589.51,Rs./Quintal
Maharashtra,Pune,Vegetables,Tomato,07-07-2024,556.3,Metric Tonnes,3923.93,Rs./Quintal
Maharashtra,Pune,Vegetables,Onion,08-07-2024,815.9,Metric Tonnes,2073.39,Rs./Quintal
Maharashtra,Pune,Vegetables,Tomato,08-07-2024,376.3,Metric Tonnes,3902.5,Rs./Quintal
Maharashtra,Pune,Vegetables,Onion,09-07-2024,1966.4,Metric Tonnes,2612.66,Rs./Quintal
Maharashtra,Pune,Vegetables,Tomato,09-07-2024,423.3,Metric Tonnes,3695.51,Rs./Quintal
Maharashtra,Pune,Vegetables,Onion,10-07-2024,838.1,Metric Tonnes,2253.4,Rs./Quintal
Maharashtra,Pune,Vegetables,Tomato,10-07-2024,368.3,Metric Tonnes,3783.46,Rs./Quintal
Maharashtra,Pune,Vegetables,Onion,11-07-2024,1815.4,Metric Tonnes,2378.96,Rs./Quintal
Maharashtra,Pune,Vegetables,Tomato,11-07-2024,442.5,Metric Tonnes,3987.84,Rs./Quintal
Maharashtra,Pune,Vegetables,Onion,12-07-2024,1631.3,Metric Tonnes,2357.93,Rs./Quintal
Maharashtra,Pune,Vegetables,Tomato,12-07-2024,285.1,Metric Tonnes,4206.45,Rs./Quintal
Maharashtra,Pune,Vegetables,Onion,13-07-2024,139.4,Metric Tonnes,2339.06,Rs./Quintal
Maharashtra,Pune,Vegetables,Tomato,13-07-2024,70.5,Metric Tonnes,5025.53,Rs./Quintal
Maharashtra,Pune,Vegetables,Onion,14-07-2024,2026.1,Metric Tonnes,2451.37,Rs./Quintal
Maharashtra,Pune,Vegetables,Tomato,14-07-2024,310.6,Metric Tonnes,3839.63,Rs./Quintal
Maharashtra,Pune,Vegetables,Onion,15-07-2024,899.8,Metric Tonnes,2018.14,Rs./Quintal
Maharashtra,Pune,Vegetables,Tomato,15-07-2024,171.5,Metric Tonnes,4512.8,Rs./Quintal
Maharashtra,Pune,Vegetables,Onion,16-07-2024,1727.5,Metric Tonnes,2479.24,Rs./Quintal
Maharashtra,Pune,Vegetables,Tomato,16-07-2024,279.6,Metric Tonnes,4490.88,Rs./Quintal
Maharashtra,Pune,Vegetables,Onion,17-07-2024,816.4,Metric Tonnes,2200.25,Rs./Quintal
Maharashtra,Pune,Vegetables,Tomato,17-07-2024,92.7,Metric Tonnes,5732.56,Rs./Quintal
Maharashtra,Pune,Vegetables,Onion,18-07-2024,908.6,Metric Tonnes,2168.8,Rs./Quintal
Maharashtra,Pune,Vegetables,Tomato,18-07-2024,240.9,Metric Tonnes,5201.74,Rs./Quintal
Maharashtra,Pune,Vegetables,Onion,19-07-2024,1738.5,Metric Tonnes,2399.01,Rs./Quintal
Maharashtra,Pune,Vegetables,Tomato,19-07-2024,287.5,Metric Tonnes,4538.61,Rs./Quintal
Maharashtra,Pune,Vegetables,Onion,20-07-2024,97.6,Metric Tonnes,2323.72,Rs./Quintal
Maharashtra,Pune,Vegetables,Tomato,20-07-2024,319.8,Metric Tonnes,5056.58,Rs./Quintal
Maharashtra,Pune,Vegetables,Onion,21-07-2024,2398.8,Metric Tonnes,2151.54,Rs./Quintal
Maharashtra,Pune,Vegetables,Tomato,21-07-2024,347.3,Metric Tonnes,4474.3,Rs./Quintal
Maharashtra,Pune,Vegetables,Onion,22-07-2024,824.8,Metric Tonnes,2111.12,Rs./Quintal
Maharashtra,Pune,Vegetables,Tomato,22-07-2024,189.2,Metric Tonnes,4743.97,Rs./Quintal
Maharashtra,Pune,Vegetables,Onion,23-07-2024,1782.8,Metric Tonnes,2313.23,Rs./Quintal
Maharashtra,Pune,Vegetables,Tomato,23-07-2024,243.3,Metric Tonnes,3946.57,Rs./Quintal
Maharashtra,Pune,Vegetables,Onion,24-07-2024,964.5,Metric Tonnes,2226.84,Rs./Quintal
Maharashtra,Pune,Vegetables,Tomato,24-07-2024,179.2,Metric Tonnes,3922.66,Rs./Quintal
Maharashtra,Pune,Vegetables,Onion,25-07-2024,1782.5,Metric Tonnes,2423.08,Rs./Quintal
Maharashtra,Pune,Vegetables,Tomato,25-07-2024,285.8,Metric Tonnes,3373.69,Rs./Quintal
Maharashtra,Pune,Vegetables,Onion,26-07-2024,913.4,Metric Tonnes,2562.56,Rs./Quintal
Maharashtra,Pune,Vegetables,Tomato,26-07-2024,285.8,Metric Tonnes,3379.32,Rs./Quintal
Maharashtra,Pune,Vegetables,Onion,27-07-2024,73.8,Metric Tonnes,2255.62,Rs./Quintal
Maharashtra,Pune,Vegetables,Tomato,27-07-2024,292.0,Metric Tonnes,3224.37,Rs./Quintal
Maharashtra,Pune,Vegetables,Onion,28-07-2024,2444.2,Metric Tonnes,2326.84,Rs./Quintal
Maharashtra,Pune,Vegetables,Tomato,28-07-2024,382.5,Metric Tonnes,3093.25,Rs./Quintal
Maharashtra,Pune,Vegetables,Onion,29-07-2024,988.9,Metric Tonnes,2205.94,Rs./Quintal
Maharashtra,Pune,Vegetables,Tomato,29-07-2024,318.9,Metric Tonnes,2470.82,Rs./Quintal
Maharashtra,Pune,Vegetables,Onion,30-07-2024,1868.3,Metric Tonnes,2344.45,Rs./Quintal
Maharashtra,Pune,Vegetables,Tomato,30-07-2024,417.6,Metric Tonnes,2092.65,Rs./Quintal
Maharashtra,Pune,Vegetables,Onion,31-07-2024,969.4,Metric Tonnes,2227.89,Rs./Quintal
Maharashtra,Pune,Vegetables,Tomato,31-07-2024,594.7,Metric Tonnes,1987.76,Rs./Quintal
Maharashtra,Pune,Vegetables,Onion,01-08-2024,2761.7,Metric Tonnes,2405.33,Rs./Quintal
Maharashtra,Pune,Vegetables,Tomato,01-08-2024,730.3,Metric Tonnes,1763.3,Rs./Quintal
Maharashtra,Pune,Vegetables,Onion,02-08-2024,1208.4,Metric Tonnes,2208.93,Rs./Quintal
Maharashtra,Pune,Vegetables,Tomato,02-08-2024,741.3,Metric Tonnes,1829.16,Rs./Quintal
Maharashtra,Pune,Vegetables,Onion,03-08-2024,224.5,Metric Tonnes,2350.76,Rs./Quintal
Maharashtra,Pune,Vegetables,Tomato,03-08-2024,503.2,Metric Tonnes,1892.89,Rs./Quintal
Maharashtra,Pune,Vegetables,Onion,04-08-2024,3040.0,Metric Tonnes,2517.02,Rs./Quintal
Maharashtra,Pune,Vegetables,Tomato,04-08-2024,764.5,Metric Tonnes,1789.66,Rs./Quintal
Maharashtra,Pune,Vegetables,Onion,05-08-2024,475.9,Metric Tonnes,2213.24,Rs./Quintal
Maharashtra,Pune,Vegetables,Tomato,05-08-2024,512.6,Metric Tonnes,1812.09,Rs./Quintal
Maharashtra,Pune,Vegetables,Onion,06-08-2024,1663.3,Metric Tonnes,2473.13,Rs./Quintal
Maharashtra,Pune,Vegetables,Tomato,06-08-2024,784.0,Metric Tonnes,1819.87,Rs./Quintal
Maharashtra,Pune,Vegetables,Onion,07-08-2024,1099.7,Metric Tonnes,2220.7,Rs./Quintal
Maharashtra,Pune,Vegetables,Tomato,07-08-2024,254.2,Metric Tonnes,1513.75,Rs./Quintal
Maharashtra,Pune,Vegetables,Onion,08-08-2024,3667.7,Metric Tonnes,2701.73,Rs./Quintal
Maharashtra,Pune,Vegetables,Tomato,08-08-2024,746.9,Metric Tonnes,1849.76,Rs./Quintal
Maharashtra,Pune,Vegetables,Onion,09-08-2024,1851.6,Metric Tonnes,2291.8,Rs./Quintal
Maharashtra,Pune,Vegetables,Tomato,09-08-2024,721.7,Metric Tonnes,1779.22,Rs./Quintal
Maharashtra,Pune,Vegetables,Onion,10-08-2024,187.0,Metric Tonnes,2586.31,Rs./Quintal
Maharashtra,Pune,Vegetables,Tomato,10-08-2024,387.9,Metric Tonnes,1884.42,Rs./Quintal
Maharashtra,Pune,Vegetables,Onion,11-08-2024,4012.6,Metric Tonnes,3099.85,Rs./Quintal
Maharashtra,Pune,Vegetables,Tomato,11-08-2024,888.7,Metric Tonnes,1480.78,Rs./Quintal
Maharashtra,Pune,Vegetables,Onion,12-08-2024,1476.2,Metric Tonnes,2651.97,Rs./Quintal
Maharashtra,Pune,Vegetables,Tomato,12-08-2024,257.3,Metric Tonnes,1719.22,Rs./Quintal
Maharashtra,Pune,Vegetables,Onion,13-08-2024,2592.0,Metric Tonnes,2772.68,Rs./Quintal
Maharashtra,Pune,Vegetables,Tomato,13-08-2024,307.0,Metric Tonnes,1481.37,Rs./Quintal
Maharashtra,Pune,Vegetables,Onion,14-08-2024,1450.5,Metric Tonnes,2817.19,Rs./Quintal
Maharashtra,Pune,Vegetables,Tomato,14-08-2024,679.3,Metric Tonnes,1815.08,Rs./Quintal
Maharashtra,Pune,Vegetables,Onion,15-08-2024,3.7,Metric Tonnes,3194.59,Rs./Quintal
Maharashtra,Pune,Vegetables,Tomato,15-08-2024,1.6,Metric Tonnes,1750.0,Rs./Quintal
Maharashtra,Pune,Vegetables,Onion,16-08-2024,1451.5,Metric Tonnes,2885.01,Rs./Quintal
Maharashtra,Pune,Vegetables,Tomato,16-08-2024,463.1,Metric Tonnes,1442.91,Rs./Quintal
Maharashtra,Pune,Vegetables,Onion,17-08-2024,120.6,Metric Tonnes,2653.36,Rs./Quintal
Maharashtra,Pune,Vegetables,Tomato,17-08-2024,94.0,Metric Tonnes,1867.34,Rs./Quintal
Maharashtra,Pune,Vegetables,Onion,18-08-2024,3541.5,Metric Tonnes,2941.25,Rs./Quintal
Maharashtra,Pune,Vegetables,Tomato,18-08-2024,344.2,Metric Tonnes,1662.99,Rs./Quintal
Maharashtra,Pune,Vegetables,Onion,19-08-2024,101.6,Metric Tonnes,2711.86,Rs./Quintal
Maharashtra,Pune,Vegetables,Tomato,19-08-2024,159.5,Metric Tonnes,1839.31,Rs./Quintal
Maharashtra,Pune,Vegetables,Onion,20-08-2024,1424.4,Metric Tonnes,2813.38,Rs./Quintal
Maharashtra,Pune,Vegetables,Tomato,20-08-2024,279.1,Metric Tonnes,1919.56,Rs./Quintal
Maharashtra,Pune,Vegetables,Onion,21-08-2024,830.9,Metric Tonnes,2897.56,Rs./Quintal
Maharashtra,Pune,Vegetables,Tomato,21-08-2024,219.4,Metric Tonnes,2052.69,Rs./Quintal
Maharashtra,Pune,Vegetables,Onion,22-08-2024,2444.8,Metric Tonnes,3818.03,Rs./Quintal
Maharashtra,Pune,Vegetables,Tomato,22-08-2024,777.2,Metric Tonnes,1694.78,Rs./Quintal
Maharashtra,Pune,Vegetables,Onion,23-08-2024,4608.2,Metric Tonnes,3341.23,Rs./Quintal
Maharashtra,Pune,Vegetables,Tomato,23-08-2024,707.7,Metric Tonnes,1499.77,Rs./Quintal
Maharashtra,Pune,Vegetables,Onion,24-08-2024,227.0,Metric Tonnes,3196.92,Rs./Quintal
Maharashtra,Pune,Vegetables,Tomato,24-08-2024,374.7,Metric Tonnes,1422.51,Rs./Quintal
Maharashtra,Pune,Vegetables,Onion,25-08-2024,5832.5,Metric Tonnes,3618.35,Rs./Quintal
Maharashtra,Pune,Vegetables,Tomato,25-08-2024,625.7,Metric Tonnes,1532.5,Rs./Quintal
Maharashtra,Pune,Vegetables,Onion,26-08-2024,876.5,Metric Tonnes,3230.02,Rs./Quintal
Maharashtra,Pune,Vegetables,Tomato,26-08-2024,489.3,Metric Tonnes,1194.72,Rs./Quintal
Maharashtra,Pune,Vegetables,Onion,27-08-2024,2140.4,Metric Tonnes,3401.35,Rs./Quintal
Maharashtra,Pune,Vegetables,Tomato,27-08-2024,556.9,Metric Tonnes,1095.25,Rs./Quintal
Maharashtra,Pune,Vegetables,Onion,28-08-2024,979.7,Metric Tonnes,3268.03,Rs./Quintal
Maharashtra,Pune,Vegetables,Tomato,28-08-2024,590.1,Metric Tonnes,1155.91,Rs./Quintal
Maharashtra,Pune,Vegetables,Onion,29-08-2024,3949.4,Metric Tonnes,3334.0,Rs./Quintal
Maharashtra,Pune,Vegetables,Tomato,29-08-2024,671.2,Metric Tonnes,1292.8,Rs./Quintal
Maharashtra,Pune,Vegetables,Onion,30-08-2024,2355.9,Metric Tonnes,3265.17,Rs./Quintal
Maharashtra,Pune,Vegetables,Tomato,30-08-2024,675.4,Metric Tonnes,1154.61,Rs./Quintal
Maharashtra,Pune,Vegetables,Onion,31-08-2024,238.3,Metric Tonnes,3327.15,Rs./Quintal
Maharashtra,Pune,Vegetables,Tomato,31-08-2024,342.6,Metric Tonnes,1385.64,Rs./Quintal
Maharashtra,Pune,Vegetables,Onion,01-09-2024,4198.9,Metric Tonnes,3591.85,Rs./Quintal
Maharashtra,Pune,Vegetables,Tomato,01-09-2024,722.5,Metric Tonnes,1325.52,Rs./Quintal
Maharashtra,Pune,Vegetables,Onion,02-09-2024,663.1,Metric Tonnes,3448.54,Rs./Quintal
Maharashtra,Pune,Vegetables,Tomato,02-09-2024,273.1,Metric Tonnes,1310.11,Rs./Quintal
Maharashtra,Pune,Vegetables,Onion,03-09-2024,2546.8,Metric Tonnes,4184.25,Rs./Quintal
Maharashtra,Pune,Vegetables,Tomato,03-09-2024,350.9,Metric Tonnes,1716.76,Rs./Quintal
Maharashtra,Pune,Vegetables,Onion,04-09-2024,1430.7,Metric Tonnes,3854.39,Rs./Quintal
Maharashtra,Pune,Vegetables,Tomato,04-09-2024,501.4,Metric Tonnes,1340.37,Rs./Quintal
Maharashtra,Pune,Vegetables,Onion,05-09-2024,4811.1,Metric Tonnes,3830.97,Rs./Quintal
Maharashtra,Pune,Vegetables,Tomato,05-09-2024,492.6,Metric Tonnes,1478.44,Rs./Quintal
Maharashtra,Pune,Vegetables,Onion,06-09-2024,2203.6,Metric Tonnes,3733.39,Rs./Quintal
Maharashtra,Pune,Vegetables,Tomato,06-09-2024,511.0,Metric Tonnes,1343.09,Rs./Quintal
Maharashtra,Pune,Vegetables,Onion,07-09-2024,254.8,Metric Tonnes,3641.86,Rs./Quintal
Maharashtra,Pune,Vegetables,Tomato,07-09-2024,268.4,Metric Tonnes,1368.26,Rs./Quintal
Maharashtra,Pune,Vegetables,Onion,08-09-2024,3353.9,Metric Tonnes,3890.8,Rs./Quintal
Maharashtra,Pune,Vegetables,Tomato,08-09-2024,606.4,Metric Tonnes,1580.72,Rs./Quintal
Maharashtra,Pune,Vegetables,Onion,09-09-2024,836.3,Metric Tonnes,3799.06,Rs./Quintal
Maharashtra,Pune,Vegetables,Tomato,09-09-2024,426.7,Metric Tonnes,1566.41,Rs./Quintal
Maharashtra,Pune,Vegetables,Onion,10-09-2024,2650.0,Metric Tonnes,3647.7,Rs./Quintal
Maharashtra,Pune,Vegetables,Tomato,10-09-2024,340.8,Metric Tonnes,1482.07,Rs./Quintal
Maharashtra,Pune,Vegetables,Onion,11-09-2024,803.5,Metric Tonnes,3644.16,Rs./Quintal
Maharashtra,Pune,Vegetables,Tomato,11-09-2024,355.9,Metric Tonnes,1567.59,Rs./Quintal
Maharashtra,Pune,Vegetables,Onion,12-09-2024,2711.0,Metric Tonnes,3630.57,Rs./Quintal
Maharashtra,Pune,Vegetables,Tomato,12-09-2024,2371.4,Metric Tonnes,1482.09,Rs./Quintal
Maharashtra,Pune,Vegetables,Onion,13-09-2024,1404.0,Metric Tonnes,3649.06,Rs./Quintal
Maharashtra,Pune,Vegetables,Tomato,13-09-2024,486.1,Metric Tonnes,1484.84,Rs./Quintal
Maharashtra,Pune,Vegetables,Onion,14-09-2024,164.2,Metric Tonnes,3358.4,Rs./Quintal
Maharashtra,Pune,Vegetables,Tomato,14-09-2024,283.1,Metric Tonnes,1539.1,Rs./Quintal
Maharashtra,Pune,Vegetables,Onion,15-09-2024,3987.4,Metric Tonnes,4256.63,Rs./Quintal
Maharashtra,Pune,Vegetables,Tomato,15-09-2024,594.7,Metric Tonnes,1649.64,Rs./Quintal
Maharashtra,Pune,Vegetables,Onion,16-09-2024,1015.1,Metric Tonnes,4339.24,Rs./Quintal
Maharashtra,Pune,Vegetables,Tomato,16-09-2024,234.6,Metric Tonnes,2143.65,Rs./Quintal
Maharashtra,Pune,Vegetables,Onion,17-09-2024,1351.3,Metric Tonnes,4031.61,Rs./Quintal
Maharashtra,Pune,Vegetables,Tomato,17-09-2024,267.7,Metric Tonnes,2286.42,Rs./Quintal
Maharashtra,Pune,Vegetables,Onion,18-09-2024,135.2,Metric Tonnes,3625.07,Rs./Quintal
Maharashtra,Pune,Vegetables,Tomato,18-09-2024,170.2,Metric Tonnes,2492.6,Rs./Quintal
Maharashtra,Pune,Vegetables,Onion,19-09-2024,3145.1,Metric Tonnes,4072.52,Rs./Quintal
Maharashtra,Pune,Vegetables,Tomato,19-09-2024,536.1,Metric Tonnes,2512.12,Rs./Quintal
Maharashtra,Pune,Vegetables,Onion,20-09-2024,545.9,Metric Tonnes,4092.67,Rs./Quintal
Maharashtra,Pune,Vegetables,Tomato,20-09-2024,493.1,Metric Tonnes,2348.6,Rs./Quintal
Maharashtra,Pune,Vegetables,Onion,21-09-2024,224.5,Metric Tonnes,3946.68,Rs./Quintal
Maharashtra,Pune,Vegetables,Tomato,21-09-2024,261.6,Metric Tonnes,2989.66,Rs./Quintal
Maharashtra,Pune,Vegetables,Onion,22-09-2024,3705.0,Metric Tonnes,4283.68,Rs./Quintal
Maharashtra,Pune,Vegetables,Tomato,22-09-2024,387.2,Metric Tonnes,2390.63,Rs./Quintal
Maharashtra,Pune,Vegetables,Onion,23-09-2024,1089.5,Metric Tonnes,4284.91,Rs./Quintal
Maharashtra,Pune,Vegetables,Tomato,23-09-2024,430.9,Metric Tonnes,2666.23,Rs./Quintal
Maharashtra,Pune,Vegetables,Onion,24-09-2024,2643.2,Metric Tonnes,4308.31,Rs./Quintal
Maharashtra,Pune,Vegetables,Tomato,24-09-2024,306.9,Metric Tonnes,1748.53,Rs./Quintal
Maharashtra,Pune,Vegetables,Onion,25-09-2024,1068.3,Metric Tonnes,3900.59,Rs./Quintal
Maharashtra,Pune,Vegetables,Tomato,25-09-2024,334.0,Metric Tonnes,2971.56,Rs./Quintal
Maharashtra,Pune,Vegetables,Onion,26-09-2024,1926.9,Metric Tonnes,4129.47,Rs./Quintal
Maharashtra,Pune,Vegetables,Tomato,26-09-2024,356.3,Metric Tonnes,2845.38,Rs./Quintal
Maharashtra,Pune,Vegetables,Onion,27-09-2024,1812.7,Metric Tonnes,4023.55,Rs./Quintal
Maharashtra,Pune,Vegetables,Tomato,27-09-2024,431.1,Metric Tonnes,3162.19,Rs./Quintal
Maharashtra,Pune,Vegetables,Onion,28-09-2024,139.4,Metric Tonnes,3439.56,Rs./Quintal
Maharashtra,Pune,Vegetables,Tomato,28-09-2024,225.3,Metric Tonnes,3958.37,Rs./Quintal
Maharashtra,Pune,Vegetables,Onion,29-09-2024,5217.2,Metric Tonnes,3495.02,Rs./Quintal
Maharashtra,Pune,Vegetables,Tomato,29-09-2024,535.9,Metric Tonnes,3526.98,Rs./Quintal
Maharashtra,Pune,Vegetables,Onion,30-09-2024,861.1,Metric Tonnes,3079.86,Rs./Quintal
Maharashtra,Pune,Vegetables,Tomato,30-09-2024,214.1,Metric Tonnes,3443.96,Rs./Quintal
Maharashtra,Pune,Vegetables,Onion,01-10-2024,1372.3,Metric Tonnes,3482.93,Rs./Quintal
Maharashtra,Pune,Vegetables,Tomato,01-10-2024,325.4,Metric Tonnes,3263.77,Rs./Quintal
Maharashtra,Pune,Vegetables,Onion,02-10-2024,189.0,Metric Tonnes,3188.84,Rs./Quintal
Maharashtra,Pune,Vegetables,Tomato,02-10-2024,393.8,Metric Tonnes,3502.01,Rs./Quintal
Maharashtra,Pune,Vegetables,Onion,03-10-2024,1131.1,Metric Tonnes,3482.5,Rs./Quintal
Maharashtra,Pune,Vegetables,Tomato,03-10-2024,358.4,Metric Tonnes,3867.22,Rs./Quintal
Maharashtra,Pune,Vegetables,Onion,04-10-2024,1471.4,Metric Tonnes,3603.88,Rs./Quintal
Maharashtra,Pune,Vegetables,Tomato,04-10-2024,457.3,Metric Tonnes,3915.89,Rs./Quintal
Maharashtra,Pune,Vegetables,Onion,05-10-2024,296.7,Metric Tonnes,3066.4,Rs./Quintal
Maharashtra,Pune,Vegetables,Tomato,05-10-2024,255.8,Metric Tonnes,4474.75,Rs./Quintal
Maharashtra,Pune,Vegetables,Onion,06-10-2024,3877.3,Metric Tonnes,3916.37,Rs./Quintal
Maharashtra,Pune,Vegetables,Tomato,06-10-2024,512.8,Metric Tonnes,3958.72,Rs./Quintal
Maharashtra,Pune,Vegetables,Onion,07-10-2024,1148.6,Metric Tonnes,3427.81,Rs./Quintal
Maharashtra,Pune,Vegetables,Tomato,07-10-2024,148.9,Metric Tonnes,3671.76,Rs./Quintal
Maharashtra,Pune,Vegetables,Onion,09-10-2024,1367.5,Metric Tonnes,3260.31,Rs./Quintal
Maharashtra,Pune,Vegetables,Tomato,09-10-2024,405.1,Metric Tonnes,3783.89,Rs./Quintal
Maharashtra,Pune,Vegetables,Onion,10-10-2024,2432.5,Metric Tonnes,3588.23,Rs./Quintal
Maharashtra,Pune,Vegetables,Tomato,10-10-2024,428.6,Metric Tonnes,3815.98,Rs./Quintal
Maharashtra,Pune,Vegetables,Onion,11-10-2024,1744.1,Metric Tonnes,3175.95,Rs./Quintal
Maharashtra,Pune,Vegetables,Tomato,11-10-2024,407.7,Metric Tonnes,3458.18,Rs./Quintal
Maharashtra,Pune,Vegetables,Onion,12-10-2024,222.9,Metric Tonnes,3199.04,Rs./Quintal
Maharashtra,Pune,Vegetables,Tomato,12-10-2024,242.9,Metric Tonnes,4730.44,Rs./Quintal
Maharashtra,Pune,Vegetables,Onion,13-10-2024,2934.9,Metric Tonnes,3846.88,Rs./Quintal
Maharashtra,Pune,Vegetables,Tomato,13-10-2024,470.9,Metric Tonnes,3469.68,Rs./Quintal
Maharashtra,Pune,Vegetables,Onion,14-10-2024,1337.1,Metric Tonnes,3299.16,Rs./Quintal
Maharashtra,Pune,Vegetables,Tomato,14-10-2024,469.7,Metric Tonnes,3268.43,Rs./Quintal
Maharashtra,Pune,Vegetables,Onion,15-10-2024,2689.7,Metric Tonnes,3750.39,Rs./Quintal
Maharashtra,Pune,Vegetables,Tomato,15-10-2024,324.6,Metric Tonnes,3006.01,Rs./Quintal
Maharashtra,Pune,Vegetables,Onion,16-10-2024,1491.2,Metric Tonnes,3394.55,Rs./Quintal
Maharashtra,Pune,Vegetables,Tomato,16-10-2024,374.4,Metric Tonnes,3563.64,Rs./Quintal
Maharashtra,Pune,Vegetables,Onion,17-10-2024,2385.5,Metric Tonnes,3559.94,Rs./Quintal
Maharashtra,Pune,Vegetables,Tomato,17-10-2024,443.9,Metric Tonnes,3193.46,Rs./Quintal
Maharashtra,Pune,Vegetables,Onion,18-10-2024,2314.6,Metric Tonnes,3522.19,Rs./Quintal
Maharashtra,Pune,Vegetables,Tomato,18-10-2024,390.6,Metric Tonnes,3457.89,Rs./Quintal
Maharashtra,Pune,Vegetables,Onion,19-10-2024,278.0,Metric Tonnes,3342.28,Rs./Quintal
Maharashtra,Pune,Vegetables,Tomato,19-10-2024,277.5,Metric Tonnes,4040.81,Rs./Quintal
Maharashtra,Pune,Vegetables,Onion,20-10-2024,4027.1,Metric Tonnes,3788.47,Rs./Quintal
Maharashtra,Pune,Vegetables,Tomato,20-10-2024,520.7,Metric Tonnes,3556.51,Rs./Quintal
Maharashtra,Pune,Vegetables,Onion,21-10-2024,196.3,Metric Tonnes,3443.76,Rs./Quintal
Maharashtra,Pune,Vegetables,Tomato,21-10-2024,375.4,Metric Tonnes,3559.5,Rs./Quintal
Maharashtra,Pune,Vegetables,Onion,22-10-2024,2176.5,Metric Tonnes,4040.98,Rs./Quintal
Maharashtra,Pune,Vegetables,Tomato,22-10-2024,332.7,Metric Tonnes,2873.52,Rs./Quintal
Maharashtra,Pune,Vegetables,Onion,23-10-2024,1488.8,Metric Tonnes,3531.84,Rs./Quintal
Maharashtra,Pune,Vegetables,Tomato,23-10-2024,372.6,Metric Tonnes,3255.88,Rs./Quintal
Maharashtra,Pune,Vegetables,Onion,24-10-2024,2925.2,Metric Tonnes,3630.93,Rs./Quintal
Maharashtra,Pune,Vegetables,Tomato,24-10-2024,457.2,Metric Tonnes,2720.83,Rs./Quintal
Maharashtra,Pune,Vegetables,Onion,25-10-2024,2165.7,Metric Tonnes,3647.06,Rs./Quintal
Maharashtra,Pune,Vegetables,Tomato,25-10-2024,476.9,Metric Tonnes,2332.59,Rs./Quintal
Maharashtra,Pune,Vegetables,Onion,26-10-2024,166.6,Metric Tonnes,2808.94,Rs./Quintal
Maharashtra,Pune,Vegetables,Tomato,26-10-2024,138.5,Metric Tonnes,2728.52,Rs./Quintal
Maharashtra,Pune,Vegetables,Onion,27-10-2024,3508.9,Metric Tonnes,3686.01,Rs./Quintal
Maharashtra,Pune,Vegetables,Tomato,27-10-2024,640.6,Metric Tonnes,2072.28,Rs./Quintal
Maharashtra,Pune,Vegetables,Onion,28-10-2024,1621.4,Metric Tonnes,3477.03,Rs./Quintal
Maharashtra,Pune,Vegetables,Tomato,28-10-2024,365.4,Metric Tonnes,1905.68,Rs./Quintal
Maharashtra,Pune,Vegetables,Onion,29-10-2024,2335.0,Metric Tonnes,3465.13,Rs./Quintal
Maharashtra,Pune,Vegetables,Tomato,29-10-2024,102.0,Metric Tonnes,2023.38,Rs./Quintal
Maharashtra,Pune,Vegetables,Onion,30-10-2024,989.0,Metric Tonnes,3290.56,Rs./Quintal
Maharashtra,Pune,Vegetables,Tomato,30-10-2024,273.5,Metric Tonnes,1856.76,Rs./Quintal
Maharashtra,Pune,Vegetables,Onion,31-10-2024,855.8,Metric Tonnes,3347.08,Rs./Quintal
Maharashtra,Pune,Vegetables,Tomato,31-10-2024,233.9,Metric Tonnes,2033.75,Rs./Quintal
Maharashtra,Pune,Vegetables,Onion,01-11-2024,572.3,Metric Tonnes,3355.69,Rs./Quintal
Maharashtra,Pune,Vegetables,Tomato,01-11-2024,260.6,Metric Tonnes,2195.95,Rs./Quintal
Maharashtra,Pune,Vegetables,Onion,02-11-2024,87.4,Metric Tonnes,2825.17,Rs./Quintal
Maharashtra,Pune,Vegetables,Tomato,02-11-2024,115.4,Metric Tonnes,2397.53,Rs./Quintal
Maharashtra,Pune,Vegetables,Onion,03-11-2024,61.2,Metric Tonnes,3391.18,Rs./Quintal
Maharashtra,Pune,Vegetables,Tomato,03-11-2024,438.2,Metric Tonnes,1943.96,Rs./Quintal
Maharashtra,Pune,Vegetables,Onion,04-11-2024,725.1,Metric Tonnes,3724.67,Rs./Quintal
Maharashtra,Pune,Vegetables,Tomato,04-11-2024,268.9,Metric Tonnes,1875.64,Rs./Quintal
Maharashtra,Pune,Vegetables,Onion,05-11-2024,1658.5,Metric Tonnes,4330.05,Rs./Quintal
Maharashtra,Pune,Vegetables,Tomato,05-11-2024,423.6,Metric Tonnes,1951.64,Rs./Quintal
Maharashtra,Pune,Vegetables,Onion,06-11-2024,1348.2,Metric Tonnes,3811.91,Rs./Quintal
Maharashtra,Pune,Vegetables,Tomato,06-11-2024,272.6,Metric Tonnes,1824.32,Rs./Quintal
Maharashtra,Pune,Vegetables,Onion,07-11-2024,1843.7,Metric Tonnes,5026.61,Rs./Quintal
Maharashtra,Pune,Vegetables,Tomato,07-11-2024,466.8,Metric Tonnes,1773.52,Rs./Quintal
Maharashtra,Pune,Vegetables,Onion,08-11-2024,1876.6,Metric Tonnes,4542.67,Rs./Quintal
Maharashtra,Pune,Vegetables,Tomato,08-11-2024,437.9,Metric Tonnes,1595.25,Rs./Quintal
Maharashtra,Pune,Vegetables,Onion,09-11-2024,321.1,Metric Tonnes,4335.18,Rs./Quintal
Maharashtra,Pune,Vegetables,Tomato,09-11-2024,201.5,Metric Tonnes,2136.58,Rs./Quintal
Maharashtra,Pune,Vegetables,Onion,10-11-2024,2632.4,Metric Tonnes,4708.21,Rs./Quintal
Maharashtra,Pune,Vegetables,Tomato,10-11-2024,482.3,Metric Tonnes,1599.84,Rs./Quintal
Maharashtra,Pune,Vegetables,Onion,11-11-2024,1151.5,Metric Tonnes,4659.39,Rs./Quintal
Maharashtra,Pune,Vegetables,Tomato,11-11-2024,271.5,Metric Tonnes,1883.79,Rs./Quintal
Maharashtra,Pune,Vegetables,Onion,12-11-2024,1500.7,Metric Tonnes,4248.69,Rs./Quintal
Maharashtra,Pune,Vegetables,Tomato,12-11-2024,320.4,Metric Tonnes,1981.68,Rs./Quintal
Maharashtra,Pune,Vegetables,Onion,13-11-2024,1309.7,Metric Tonnes,4305.45,Rs./Quintal
Maharashtra,Pune,Vegetables,Tomato,13-11-2024,330.9,Metric Tonnes,1872.73,Rs./Quintal
Maharashtra,Pune,Vegetables,Onion,14-11-2024,1400.0,Metric Tonnes,4265.2,Rs./Quintal
Maharashtra,Pune,Vegetables,Tomato,14-11-2024,422.9,Metric Tonnes,1753.04,Rs./Quintal
Maharashtra,Pune,Vegetables,Onion,15-11-2024,1820.5,Metric Tonnes,4155.59,Rs./Quintal
Maharashtra,Pune,Vegetables,Tomato,15-11-2024,399.2,Metric Tonnes,1939.7,Rs./Quintal
Maharashtra,Pune,Vegetables,Onion,16-11-2024,243.9,Metric Tonnes,4320.5,Rs./Quintal
Maharashtra,Pune,Vegetables,Tomato,16-11-2024,188.8,Metric Tonnes,2280.67,Rs./Quintal
Maharashtra,Pune,Vegetables,Onion,17-11-2024,2409.9,Metric Tonnes,4493.65,Rs./Quintal
Maharashtra,Pune,Vegetables,Tomato,17-11-2024,455.2,Metric Tonnes,1803.37,Rs./Quintal
Maharashtra,Pune,Vegetables,Onion,18-11-2024,1012.7,Metric Tonnes,4194.09,Rs./Quintal
Maharashtra,Pune,Vegetables,Tomato,18-11-2024,292.5,Metric Tonnes,1984.46,Rs./Quintal
Maharashtra,Pune,Vegetables,Onion,19-11-2024,1574.7,Metric Tonnes,4353.64,Rs./Quintal
Maharashtra,Pune,Vegetables,Tomato,19-11-2024,406.5,Metric Tonnes,1835.57,Rs./Quintal
Maharashtra,Pune,Vegetables,Onion,21-11-2024,1016.7,Metric Tonnes,4546.48,Rs./Quintal
Maharashtra,Pune,Vegetables,Tomato,21-11-2024,395.0,Metric Tonnes,1740.27,Rs./Quintal
Maharashtra,Pune,Vegetables,Onion,22-11-2024,1163.2,Metric Tonnes,4373.74,Rs./Quintal
Maharashtra,Pune,Vegetables,Tomato,22-11-2024,442.4,Metric Tonnes,1881.69,Rs./Quintal
Maharashtra,Pune,Vegetables,Onion,23-11-2024,172.9,Metric Tonnes,3538.23,Rs./Quintal
Maharashtra,Pune,Vegetables,Tomato,23-11-2024,185.8,Metric Tonnes,2247.69,Rs./Quintal
Maharashtra,Pune,Vegetables,Onion,24-11-2024,2224.4,Metric Tonnes,4665.85,Rs./Quintal
Maharashtra,Pune,Vegetables,Tomato,24-11-2024,462.7,Metric Tonnes,1941.74,Rs./Quintal
Maharashtra,Pune,Vegetables,Onion,25-11-2024,1121.4,Metric Tonnes,4421.78,Rs./Quintal
Maharashtra,Pune,Vegetables,Tomato,25-11-2024,315.9,Metric Tonnes,2089.43,Rs./Quintal
Maharashtra,Pune,Vegetables,Onion,26-11-2024,1204.4,Metric Tonnes,4646.75,Rs./Quintal
Maharashtra,Pune,Vegetables,Tomato,26-11-2024,256.5,Metric Tonnes,2144.97,Rs./Quintal
Maharashtra,Pune,Vegetables,Onion,27-11-2024,1465.3,Metric Tonnes,4344.73,Rs./Quintal
Maharashtra,Pune,Vegetables,Tomato,27-11-2024,260.3,Metric Tonnes,2349.87,Rs./Quintal
Maharashtra,Pune,Vegetables,Onion,28-11-2024,1198.5,Metric Tonnes,4369.34,Rs./Quintal
Maharashtra,Pune,Vegetables,Tomato,28-11-2024,268.6,Metric Tonnes,2402.77,Rs./Quintal
Maharashtra,Pune,Vegetables,Onion,30-11-2024,350.0,Metric Tonnes,4000.0,Rs./Quintal
Maharashtra,Pune,Vegetables,Tomato,30-11-2024,25.2,Metric Tonnes,3000.0,Rs./Quintal
Maharashtra,Pune,Vegetables,Onion,01-12-2024,216.6,Metric Tonnes,4445.98,Rs./Quintal
Maharashtra,Pune,Vegetables,Tomato,01-12-2024,90.3,Metric Tonnes,2974.09,Rs./Quintal
Maharashtra,Pune,Vegetables,Onion,02-12-2024,1412.8,Metric Tonnes,4227.38,Rs./Quintal
Maharashtra,Pune,Vegetables,Tomato,02-12-2024,294.6,Metric Tonnes,2411.88,Rs./Quintal
Maharashtra,Pune,Vegetables,Onion,03-12-2024,1794.4,Metric Tonnes,4249.76,Rs./Quintal
Maharashtra,Pune,Vegetables,Tomato,03-12-2024,267.8,Metric Tonnes,2480.58,Rs./Quintal
Maharashtra,Pune,Vegetables,Onion,04-12-2024,1330.5,Metric Tonnes,4233.74,Rs./Quintal
Maharashtra,Pune,Vegetables,Tomato,04-12-2024,259.5,Metric Tonnes,2454.51,Rs./Quintal
Maharashtra,Pune,Vegetables,Onion,05-12-2024,6462.8,Metric Tonnes,1495.29,Rs./Quintal
Maharashtra,Pune,Vegetables,Tomato,05-12-2024,420.3,Metric Tonnes,2169.01,Rs./Quintal
Maharashtra,Pune,Vegetables,Onion,06-12-2024,3349.4,Metric Tonnes,4257.74,Rs./Quintal
Maharashtra,Pune,Vegetables,Tomato,06-12-2024,455.8,Metric Tonnes,1999.77,Rs./Quintal
Maharashtra,Pune,Vegetables,Onion,07-12-2024,292.4,Metric Tonnes,3628.93,Rs./Quintal
Maharashtra,Pune,Vegetables,Tomato,07-12-2024,134.9,Metric Tonnes,2021.76,Rs./Quintal
Maharashtra,Pune,Vegetables,Onion,08-12-2024,3712.1,Metric Tonnes,4344.06,Rs./Quintal
Maharashtra,Pune,Vegetables,Tomato,08-12-2024,609.4,Metric Tonnes,1916.53,Rs./Quintal
Maharashtra,Pune,Vegetables,Onion,09-12-2024,1233.6,Metric Tonnes,4774.54,Rs./Quintal
Maharashtra,Pune,Vegetables,Tomato,09-12-2024,321.0,Metric Tonnes,1838.07,Rs./Quintal
Maharashtra,Pune,Vegetables,Onion,10-12-2024,3932.3,Metric Tonnes,4454.54,Rs./Quintal
Maharashtra,Pune,Vegetables,Tomato,10-12-2024,368.7,Metric Tonnes,1636.66,Rs./Quintal
Maharashtra,Pune,Vegetables,Onion,11-12-2024,1245.1,Metric Tonnes,3607.77,Rs./Quintal
Maharashtra,Pune,Vegetables,Tomato,11-12-2024,240.9,Metric Tonnes,1757.78,Rs./Quintal
Maharashtra,Pune,Vegetables,Onion,12-12-2024,2629.7,Metric Tonnes,4612.26,Rs./Quintal
Maharashtra,Pune,Vegetables,Tomato,12-12-2024,427.2,Metric Tonnes,1587.01,Rs./Quintal
Maharashtra,Pune,Vegetables,Onion,13-12-2024,4118.8,Metric Tonnes,4143.8,Rs./Quintal
Maharashtra,Pune,Vegetables,Tomato,13-12-2024,468.1,Metric Tonnes,1398.85,Rs./Quintal
Maharashtra,Pune,Vegetables,Onion,14-12-2024,855.9,Metric Tonnes,3255.65,Rs./Quintal
Maharashtra,Pune,Vegetables,Tomato,14-12-2024,195.5,Metric Tonnes,1477.24,Rs./Quintal
Maharashtra,Pune,Vegetables,Onion,15-12-2024,6359.5,Metric Tonnes,3259.55,Rs./Quintal
Maharashtra,Pune,Vegetables,Tomato,15-12-2024,540.4,Metric Tonnes,1533.48,Rs./Quintal
Maharashtra,Pune,Vegetables,Onion,16-12-2024,1450.6,Metric Tonnes,3549.84,Rs./Quintal
Maharashtra,Pune,Vegetables,Tomato,16-12-2024,344.5,Metric Tonnes,1787.79,Rs./Quintal
Maharashtra,Pune,Vegetables,Onion,17-12-2024,3913.8,Metric Tonnes,2349.64,Rs./Quintal
Maharashtra,Pune,Vegetables,Tomato,17-12-2024,333.5,Metric Tonnes,1212.64,Rs./Quintal
Maharashtra,Pune,Vegetables,Onion,18-12-2024,2429.7,Metric Tonnes,2200.41,Rs./Quintal
Maharashtra,Pune,Vegetables,Tomato,18-12-2024,232.2,Metric Tonnes,1590.96,Rs./Quintal
Maharashtra,Pune,Vegetables,Onion,19-12-2024,3118.2,Metric Tonnes,2345.56,Rs./Quintal
Maharashtra,Pune,Vegetables,Tomato,19-12-2024,333.3,Metric Tonnes,1665.2,Rs./Quintal
Maharashtra,Pune,Vegetables,Onion,20-12-2024,3846.4,Metric Tonnes,2160.24,Rs./Quintal
Maharashtra,Pune,Vegetables,Tomato,20-12-2024,341.1,Metric Tonnes,1852.39,Rs./Quintal
Maharashtra,Pune,Vegetables,Onion,21-12-2024,805.2,Metric Tonnes,2014.08,Rs./Quintal
Maharashtra,Pune,Vegetables,Tomato,21-12-2024,174.9,Metric Tonnes,2466.92,Rs./Quintal
Maharashtra,Pune,Vegetables,Onion,22-12-2024,3741.6,Metric Tonnes,2148.52,Rs./Quintal
Maharashtra,Pune,Vegetables,Tomato,22-12-2024,423.3,Metric Tonnes,1917.2,Rs./Quintal
Maharashtra,Pune,Vegetables,Onion,23-12-2024,1504.5,Metric Tonnes,2224.84,Rs./Quintal
Maharashtra,Pune,Vegetables,Tomato,23-12-2024,272.6,Metric Tonnes,2036.15,Rs./Quintal
Maharashtra,Pune,Vegetables,Onion,24-12-2024,2819.9,Metric Tonnes,2258.34,Rs./Quintal
Maharashtra,Pune,Vegetables,Tomato,24-12-2024,383.9,Metric Tonnes,1845.13,Rs./Quintal
Maharashtra,Pune,Vegetables,Onion,25-12-2024,1709.9,Metric Tonnes,2295.6,Rs./Quintal
Maharashtra,Pune,Vegetables,Tomato,25-12-2024,361.4,Metric Tonnes,1558.58,Rs./Quintal
Maharashtra,Pune,Vegetables,Onion,26-12-2024,1914.2,Metric Tonnes,2500.93,Rs./Quintal
Maharashtra,Pune,Vegetables,Tomato,26-12-2024,510.4,Metric Tonnes,1628.54,Rs./Quintal
Maharashtra,Pune,Vegetables,Onion,27-12-2024,1845.7,Metric Tonnes,2355.55,Rs./Quintal
Maharashtra,Pune,Vegetables,Tomato,27-12-2024,444.0,Metric Tonnes,1188.52,Rs./Quintal
Maharashtra,Pune,Vegetables,Onion,28-12-2024,709.2,Metric Tonnes,2225.44,Rs./Quintal
Maharashtra,Pune,Vegetables,Tomato,28-12-2024,187.3,Metric Tonnes,1228.27,Rs./Quintal
Maharashtra,Pune,Vegetables,Onion,29-12-2024,2336.2,Metric Tonnes,2460.5,Rs./Quintal
Maharashtra,Pune,Vegetables,Tomato,29-12-2024,571.9,Metric Tonnes,987.88,Rs./Quintal
Maharashtra,Pune,Vegetables,Onion,30-12-2024,1248.0,Metric Tonnes,2361.11,Rs./Quintal
Maharashtra,Pune,Vegetables,Tomato,30-12-2024,387.2,Metric Tonnes,1137.56,Rs./Quintal
Maharashtra,Pune,Vegetables,Onion,31-12-2024,2966.0,Metric Tonnes,2980.65,Rs./Quintal
Maharashtra,Pune,Vegetables,Tomato,31-12-2024,405.6,Metric Tonnes,934.6,Rs./Quintal
Maharashtra,Pune,Vegetables,Onion,01-01-2025,1573.6,Metric Tonnes,2855.13,Rs./Quintal
Maharashtra,Pune,Vegetables,Tomato,01-01-2025,294.5,Metric Tonnes,1033.97,Rs./Quintal
Maharashtra,Pune,Vegetables,Onion,02-01-2025,2294.4,Metric Tonnes,2774.67,Rs./Quintal
Maharashtra,Pune,Vegetables,Tomato,02-01-2025,432.1,Metric Tonnes,938.81,Rs./Quintal
Maharashtra,Pune,Vegetables,Onion,03-01-2025,3012.6,Metric Tonnes,2645.59,Rs./Quintal
Maharashtra,Pune,Vegetables,Tomato,03-01-2025,438.4,Metric Tonnes,1038.31,Rs./Quintal
Maharashtra,Pune,Vegetables,Onion,04-01-2025,1100.1,Metric Tonnes,2244.11,Rs./Quintal
Maharashtra,Pune,Vegetables,Tomato,04-01-2025,214.0,Metric Tonnes,967.85,Rs./Quintal
Maharashtra,Pune,Vegetables,Onion,05-01-2025,5022.3,Metric Tonnes,2683.04,Rs./Quintal
Maharashtra,Pune,Vegetables,Tomato,05-01-2025,596.4,Metric Tonnes,1098.46,Rs./Quintal
Maharashtra,Pune,Vegetables,Onion,06-01-2025,1442.9,Metric Tonnes,2345.84,Rs./Quintal
Maharashtra,Pune,Vegetables,Tomato,06-01-2025,293.0,Metric Tonnes,1292.99,Rs./Quintal
Maharashtra,Pune,Vegetables,Onion,07-01-2025,3736.1,Metric Tonnes,2629.74,Rs./Quintal
Maharashtra,Pune,Vegetables,Tomato,07-01-2025,319.7,Metric Tonnes,1055.77,Rs./Quintal
Maharashtra,Pune,Vegetables,Onion,08-01-2025,2490.1,Metric Tonnes,2327.0,Rs./Quintal
Maharashtra,Pune,Vegetables,Tomato,08-01-2025,332.0,Metric Tonnes,1062.41,Rs./Quintal
Maharashtra,Pune,Vegetables,Onion,09-01-2025,3189.1,Metric Tonnes,2355.69,Rs./Quintal
Maharashtra,Pune,Vegetables,Tomato,09-01-2025,423.1,Metric Tonnes,1045.77,Rs./Quintal
Maharashtra,Pune,Vegetables,Onion,10-01-2025,3751.5,Metric Tonnes,1999.87,Rs./Quintal
Maharashtra,Pune,Vegetables,Tomato,10-01-2025,438.2,Metric Tonnes,1062.91,Rs./Quintal
Maharashtra,Pune,Vegetables,Onion,11-01-2025,595.1,Metric Tonnes,1946.5,Rs./Quintal
Maharashtra,Pune,Vegetables,Tomato,11-01-2025,204.5,Metric Tonnes,1132.98,Rs./Quintal
Maharashtra,Pune,Vegetables,Onion,12-01-2025,4105.0,Metric Tonnes,2048.89,Rs./Quintal
Maharashtra,Pune,Vegetables,Tomato,12-01-2025,3211.7,Metric Tonnes,1064.03,Rs./Quintal
Maharashtra,Pune,Vegetables,Onion,13-01-2025,736.5,Metric Tonnes,2033.44,Rs./Quintal
Maharashtra,Pune,Vegetables,Tomato,13-01-2025,278.9,Metric Tonnes,935.6,Rs./Quintal
Maharashtra,Pune,Vegetables,Onion,14-01-2025,1144.9,Metric Tonnes,2110.87,Rs./Quintal
Maharashtra,Pune,Vegetables,Tomato,14-01-2025,170.6,Metric Tonnes,1302.99,Rs./Quintal
Maharashtra,Pune,Vegetables,Onion,15-01-2025,1193.0,Metric Tonnes,2012.51,Rs./Quintal
Maharashtra,Pune,Vegetables,Tomato,15-01-2025,382.7,Metric Tonnes,1017.55,Rs./Quintal
Maharashtra,Pune,Vegetables,Onion,16-01-2025,1363.0,Metric Tonnes,2023.24,Rs./Quintal
Maharashtra,Pune,Vegetables,Tomato,16-01-2025,482.2,Metric Tonnes,882.48,Rs./Quintal
Maharashtra,Pune,Vegetables,Onion,17-01-2025,1772.5,Metric Tonnes,2207.33,Rs./Quintal
Maharashtra,Pune,Vegetables,Tomato,17-01-2025,486.0,Metric Tonnes,1634.16,Rs./Quintal
Maharashtra,Pune,Vegetables,Onion,18-01-2025,275.5,Metric Tonnes,2328.17,Rs./Quintal
Maharashtra,Pune,Vegetables,Tomato,18-01-2025,151.9,Metric Tonnes,841.44,Rs./Quintal
Maharashtra,Pune,Vegetables,Onion,19-01-2025,2452.4,Metric Tonnes,2525.71,Rs./Quintal
Maharashtra,Pune,Vegetables,Tomato,19-01-2025,470.2,Metric Tonnes,756.54,Rs./Quintal
Maharashtra,Pune,Vegetables,Onion,20-01-2025,1351.5,Metric Tonnes,2368.18,Rs./Quintal
Maharashtra,Pune,Vegetables,Tomato,20-01-2025,230.8,Metric Tonnes,868.07,Rs./Quintal
Maharashtra,Pune,Vegetables,Onion,21-01-2025,1545.0,Metric Tonnes,2297.6,Rs./Quintal
Maharashtra,Pune,Vegetables,Tomato,21-01-2025,426.3,Metric Tonnes,812.57,Rs./Quintal
Maharashtra,Pune,Vegetables,Onion,22-01-2025,1567.6,Metric Tonnes,2344.5,Rs./Quintal
Maharashtra,Pune,Vegetables,Tomato,22-01-2025,317.3,Metric Tonnes,849.68,Rs./Quintal
Maharashtra,Pune,Vegetables,Onion,23-01-2025,2161.2,Metric Tonnes,2342.4,Rs./Quintal
Maharashtra,Pune,Vegetables,Tomato,23-01-2025,420.8,Metric Tonnes,827.6,Rs./Quintal
Maharashtra,Pune,Vegetables,Onion,24-01-2025,2419.8,Metric Tonnes,2494.09,Rs./Quintal
Maharashtra,Pune,Vegetables,Tomato,24-01-2025,492.0,Metric Tonnes,831.26,Rs./Quintal
Maharashtra,Pune,Vegetables,Onion,25-01-2025,719.6,Metric Tonnes,2435.55,Rs./Quintal
Maharashtra,Pune,Vegetables,Tomato,25-01-2025,249.2,Metric Tonnes,1040.23,Rs./Quintal
Maharashtra,Pune,Vegetables,Onion,26-01-2025,871.8,Metric Tonnes,2798.83,Rs./Quintal
Maharashtra,Pune,Vegetables,Tomato,26-01-2025,66.6,Metric Tonnes,1003.6,Rs./Quintal
Maharashtra,Pune,Vegetables,Onion,27-01-2025,1700.1,Metric Tonnes,2192.9,Rs./Quintal
Maharashtra,Pune,Vegetables,Tomato,27-01-2025,387.3,Metric Tonnes,960.37,Rs./Quintal
Maharashtra,Pune,Vegetables,Onion,28-01-2025,2385.5,Metric Tonnes,2174.97,Rs./Quintal
Maharashtra,Pune,Vegetables,Tomato,28-01-2025,367.0,Metric Tonnes,7217.78,Rs./Quintal
Maharashtra,Pune,Vegetables,Onion,29-01-2025,2367.0,Metric Tonnes,2103.19,Rs./Quintal
Maharashtra,Pune,Vegetables,Tomato,29-01-2025,427.6,Metric Tonnes,6439.79,Rs./Quintal
Maharashtra,Pune,Vegetables,Onion,30-01-2025,2361.7,Metric Tonnes,2145.94,Rs./Quintal
Maharashtra,Pune,Vegetables,Tomato,30-01-2025,464.8,Metric Tonnes,822.32,Rs./Quintal
Maharashtra,Pune,Vegetables,Onion,31-01-2025,1576.7,Metric Tonnes,1996.81,Rs./Quintal
Maharashtra,Pune,Vegetables,Tomato,31-01-2025,463.0,Metric Tonnes,891.87,Rs./Quintal
Maharashtra,Pune,Vegetables,Onion,01-02-2025,2524.0,Metric Tonnes,2181.48,Rs./Quintal
Maharashtra,Pune,Vegetables,Tomato,01-02-2025,337.6,Metric Tonnes,1003.26,Rs./Quintal
Maharashtra,Pune,Vegetables,Onion,02-02-2025,4591.3,Metric Tonnes,2346.96,Rs./Quintal
Maharashtra,Pune,Vegetables,Tomato,02-02-2025,538.8,Metric Tonnes,1039.07,Rs./Quintal
Maharashtra,Pune,Vegetables,Onion,03-02-2025,4681.8,Metric Tonnes,1999.14,Rs./Quintal
Maharashtra,Pune,Vegetables,Tomato,03-02-2025,1166.9,Metric Tonnes,928.4,Rs./Quintal
Maharashtra,Pune,Vegetables,Onion,04-02-2025,2237.0,Metric Tonnes,2240.9,Rs./Quintal
Maharashtra,Pune,Vegetables,Tomato,04-02-2025,369.9,Metric Tonnes,952.12,Rs./Quintal
Maharashtra,Pune,Vegetables,Onion,05-02-2025,1403.0,Metric Tonnes,2075.99,Rs./Quintal
Maharashtra,Pune,Vegetables,Tomato,05-02-2025,371.4,Metric Tonnes,947.07,Rs./Quintal
Maharashtra,Pune,Vegetables,Onion,06-02-2025,2159.0,Metric Tonnes,2378.66,Rs./Quintal
Maharashtra,Pune,Vegetables,Tomato,06-02-2025,430.9,Metric Tonnes,847.25,Rs./Quintal
Maharashtra,Pune,Vegetables,Onion,07-02-2025,2327.2,Metric Tonnes,2114.62,Rs./Quintal
Maharashtra,Pune,Vegetables,Tomato,07-02-2025,430.6,Metric Tonnes,817.7,Rs./Quintal
Maharashtra,Pune,Vegetables,Onion,08-02-2025,123.3,Metric Tonnes,1966.91,Rs./Quintal
Maharashtra,Pune,Vegetables,Tomato,08-02-2025,275.2,Metric Tonnes,771.98,Rs./Quintal
Maharashtra,Pune,Vegetables,Onion,09-02-2025,758.1,Metric Tonnes,2408.01,Rs./Quintal
Maharashtra,Pune,Vegetables,Tomato,09-02-2025,458.4,Metric Tonnes,846.9,Rs./Quintal
Maharashtra,Pune,Vegetables,Tomato,12-02-2025,91.0,Metric Tonnes,1000.0,Rs./Quintal
Maharashtra,Pune,Vegetables,Onion,13-02-2025,2499.6,Metric Tonnes,2500.19,Rs./Quintal
Maharashtra,Pune,Vegetables,Tomato,13-02-2025,418.1,Metric Tonnes,880.04,Rs./Quintal
Maharashtra,Pune,Vegetables,Onion,14-02-2025,1634.6,Metric Tonnes,2391.91,Rs./Quintal
Maharashtra,Pune,Vegetables,Tomato,14-02-2025,426.5,Metric Tonnes,764.5,Rs./Quintal
Maharashtra,Pune,Vegetables,Onion,15-02-2025,925.5,Metric Tonnes,2062.67,Rs./Quintal
Maharashtra,Pune,Vegetables,Tomato,15-02-2025,246.1,Metric Tonnes,836.79,Rs./Quintal
Maharashtra,Pune,Vegetables,Onion,16-02-2025,4296.8,Metric Tonnes,2865.51,Rs./Quintal
Maharashtra,Pune,Vegetables,Tomato,16-02-2025,520.3,Metric Tonnes,920.62,Rs./Quintal
Maharashtra,Pune,Vegetables,Onion,17-02-2025,1465.9,Metric Tonnes,2388.42,Rs./Quintal
Maharashtra,Pune,Vegetables,Tomato,17-02-2025,370.3,Metric Tonnes,883.81,Rs./Quintal
Maharashtra,Pune,Vegetables,Onion,18-02-2025,3885.0,Metric Tonnes,2656.7,Rs./Quintal
Maharashtra,Pune,Vegetables,Tomato,18-02-2025,324.9,Metric Tonnes,1737.58,Rs./Quintal
Maharashtra,Pune,Vegetables,Onion,19-02-2025,2315.5,Metric Tonnes,2239.72,Rs./Quintal
Maharashtra,Pune,Vegetables,Tomato,19-02-2025,314.8,Metric Tonnes,870.43,Rs./Quintal
Maharashtra,Pune,Vegetables,Onion,20-02-2025,4608.3,Metric Tonnes,2324.94,Rs./Quintal
Maharashtra,Pune,Vegetables,Tomato,20-02-2025,459.7,Metric Tonnes,931.35,Rs./Quintal
Maharashtra,Pune,Vegetables,Onion,21-02-2025,2999.6,Metric Tonnes,2184.03,Rs./Quintal
Maharashtra,Pune,Vegetables,Tomato,21-02-2025,396.3,Metric Tonnes,824.0,Rs./Quintal
Maharashtra,Pune,Vegetables,Onion,22-02-2025,1865.5,Metric Tonnes,1989.62,Rs./Quintal
Maharashtra,Pune,Vegetables,Tomato,22-02-2025,239.4,Metric Tonnes,930.41,Rs./Quintal
Maharashtra,Pune,Vegetables,Onion,23-02-2025,5309.6,Metric Tonnes,2175.19,Rs./Quintal
Maharashtra,Pune,Vegetables,Tomato,23-02-2025,491.7,Metric Tonnes,923.78,Rs./Quintal
Maharashtra,Pune,Vegetables,Onion,24-02-2025,1438.6,Metric Tonnes,1986.66,Rs./Quintal
Maharashtra,Pune,Vegetables,Tomato,24-02-2025,252.4,Metric Tonnes,996.59,Rs./Quintal
Maharashtra,Pune,Vegetables,Onion,25-02-2025,2388.4,Metric Tonnes,2027.87,Rs./Quintal
Maharashtra,Pune,Vegetables,Tomato,25-02-2025,333.1,Metric Tonnes,890.3,Rs./Quintal
Maharashtra,Pune,Vegetables,Onion,26-02-2025,1219.6,Metric Tonnes,2082.13,Rs./Quintal
Maharashtra,Pune,Vegetables,Tomato,26-02-2025,289.1,Metric Tonnes,944.26,Rs./Quintal
Maharashtra,Pune,Vegetables,Onion,27-02-2025,3636.2,Metric Tonnes,2106.98,Rs./Quintal
Maharashtra,Pune,Vegetables,Tomato,27-02-2025,465.6,Metric Tonnes,948.99,Rs./Quintal
Maharashtra,Pune,Vegetables,Onion,28-02-2025,2227.4,Metric Tonnes,1979.92,Rs./Quintal
Maharashtra,Pune,Vegetables,Tomato,28-02-2025,456.8,Metric Tonnes,904.74,Rs./Quintal
Maharashtra,Pune,Vegetables,Onion,01-03-2025,1248.1,Metric Tonnes,2159.95,Rs./Quintal
Maharashtra,Pune,Vegetables,Tomato,01-03-2025,231.7,Metric Tonnes,954.29,Rs./Quintal
Maharashtra,Pune,Vegetables,Onion,02-03-2025,3540.8,Metric Tonnes,2128.38,Rs./Quintal
Maharashtra,Pune,Vegetables,Tomato,02-03-2025,515.4,Metric Tonnes,965.29,Rs./Quintal
Maharashtra,Pune,Vegetables,Onion,03-03-2025,1469.9,Metric Tonnes,1991.07,Rs./Quintal
Maharashtra,Pune,Vegetables,Tomato,03-03-2025,405.5,Metric Tonnes,992.69,Rs./Quintal
Maharashtra,Pune,Vegetables,Onion,04-03-2025,3472.9,Metric Tonnes,2237.35,Rs./Quintal
Maharashtra,Pune,Vegetables,Tomato,04-03-2025,362.9,Metric Tonnes,990.84,Rs./Quintal
Maharashtra,Pune,Vegetables,Onion,05-03-2025,1708.6,Metric Tonnes,2009.43,Rs./Quintal
Maharashtra,Pune,Vegetables,Tomato,05-03-2025,406.0,Metric Tonnes,991.01,Rs./Quintal
Maharashtra,Pune,Vegetables,Onion,06-03-2025,1830.1,Metric Tonnes,1898.32,Rs./Quintal
Maharashtra,Pune,Vegetables,Tomato,06-03-2025,454.3,Metric Tonnes,982.19,Rs./Quintal
Maharashtra,Pune,Vegetables,Onion,07-03-2025,4721.2,Metric Tonnes,1943.93,Rs./Quintal
Maharashtra,Pune,Vegetables,Tomato,07-03-2025,384.2,Metric Tonnes,947.38,Rs./Quintal
Maharashtra,Pune,Vegetables,Onion,08-03-2025,186.6,Metric Tonnes,1764.15,Rs./Quintal
Maharashtra,Pune,Vegetables,Tomato,08-03-2025,244.7,Metric Tonnes,1106.93,Rs./Quintal
Maharashtra,Pune,Vegetables,Onion,09-03-2025,8036.4,Metric Tonnes,1657.76,Rs./Quintal
Maharashtra,Pune,Vegetables,Tomato,09-03-2025,453.4,Metric Tonnes,1013.06,Rs./Quintal
Maharashtra,Pune,Vegetables,Onion,10-03-2025,1675.6,Metric Tonnes,2078.3,Rs./Quintal
Maharashtra,Pune,Vegetables,Tomato,10-03-2025,476.2,Metric Tonnes,1011.36,Rs./Quintal
Maharashtra,Pune,Vegetables,Onion,11-03-2025,4141.2,Metric Tonnes,1307.83,Rs./Quintal
Maharashtra,Pune,Vegetables,Tomato,11-03-2025,423.4,Metric Tonnes,1000.66,Rs./Quintal
Maharashtra,Pune,Vegetables,Onion,12-03-2025,2651.3,Metric Tonnes,1202.88,Rs./Quintal
Maharashtra,Pune,Vegetables,Tomato,12-03-2025,319.2,Metric Tonnes,1019.22,Rs./Quintal
Maharashtra,Pune,Vegetables,Onion,13-03-2025,2554.5,Metric Tonnes,1350.01,Rs./Quintal
Maharashtra,Pune,Vegetables,Tomato,13-03-2025,400.8,Metric Tonnes,951.57,Rs./Quintal
Maharashtra,Pune,Vegetables,Onion,14-03-2025,1134.2,Metric Tonnes,1388.46,Rs./Quintal
Maharashtra,Pune,Vegetables,Tomato,14-03-2025,184.7,Metric Tonnes,1129.29,Rs./Quintal
Maharashtra,Pune,Vegetables,Onion,15-03-2025,582.6,Metric Tonnes,1380.67,Rs./Quintal
Maharashtra,Pune,Vegetables,Tomato,15-03-2025,265.5,Metric Tonnes,1041.28,Rs./Quintal
Maharashtra,Pune,Vegetables,Onion,16-03-2025,3802.6,Metric Tonnes,1514.49,Rs./Quintal
Maharashtra,Pune,Vegetables,Tomato,16-03-2025,601.0,Metric Tonnes,928.58,Rs./Quintal
Maharashtra,Pune,Vegetables,Onion,17-03-2025,1327.5,Metric Tonnes,1293.5,Rs./Quintal
Maharashtra,Pune,Vegetables,Tomato,17-03-2025,431.9,Metric Tonnes,881.22,Rs./Quintal
Maharashtra,Pune,Vegetables,Onion,18-03-2025,2275.0,Metric Tonnes,1408.91,Rs./Quintal
Maharashtra,Pune,Vegetables,Tomato,18-03-2025,546.9,Metric Tonnes,774.61,Rs./Quintal
Maharashtra,Pune,Vegetables,Onion,19-03-2025,2010.9,Metric Tonnes,1375.11,Rs./Quintal
Maharashtra,Pune,Vegetables,Tomato,19-03-2025,373.4,Metric Tonnes,810.63,Rs./Quintal
Maharashtra,Pune,Vegetables,Onion,20-03-2025,3164.1,Metric Tonnes,1399.56,Rs./Quintal
Maharashtra,Pune,Vegetables,Tomato,20-03-2025,363.2,Metric Tonnes,789.18,Rs./Quintal
Maharashtra,Pune,Vegetables,Onion,21-03-2025,2193.9,Metric Tonnes,1402.8,Rs./Quintal
Maharashtra,Pune,Vegetables,Tomato,21-03-2025,460.9,Metric Tonnes,731.75,Rs./Quintal
Maharashtra,Pune,Vegetables,Onion,22-03-2025,916.2,Metric Tonnes,1368.89,Rs./Quintal
Maharashtra,Pune,Vegetables,Tomato,22-03-2025,300.0,Metric Tonnes,806.85,Rs./Quintal
Maharashtra,Pune,Vegetables,Onion,23-03-2025,4240.4,Metric Tonnes,1409.39,Rs./Quintal
Maharashtra,Pune,Vegetables,Tomato,23-03-2025,596.0,Metric Tonnes,809.66,Rs./Quintal
Maharashtra,Pune,Vegetables,Onion,24-03-2025,895.4,Metric Tonnes,1221.85,Rs./Quintal
Maharashtra,Pune,Vegetables,Tomato,24-03-2025,480.9,Metric Tonnes,802.74,Rs./Quintal
Maharashtra,Pune,Vegetables,Onion,25-03-2025,1073.3,Metric Tonnes,1500.43,Rs./Quintal
Maharashtra,Pune,Vegetables,Tomato,25-03-2025,388.4,Metric Tonnes,856.45,Rs./Quintal
Maharashtra,Pune,Vegetables,Onion,26-03-2025,1362.5,Metric Tonnes,1465.47,Rs./Quintal
Maharashtra,Pune,Vegetables,Tomato,26-03-2025,343.9,Metric Tonnes,819.77,Rs./Quintal
Maharashtra,Pune,Vegetables,Onion,27-03-2025,2262.5,Metric Tonnes,1396.42,Rs./Quintal
Maharashtra,Pune,Vegetables,Tomato,27-03-2025,534.5,Metric Tonnes,798.19,Rs./Quintal
Maharashtra,Pune,Vegetables,Onion,28-03-2025,2100.9,Metric Tonnes,1325.21,Rs./Quintal
Maharashtra,Pune,Vegetables,Tomato,28-03-2025,487.0,Metric Tonnes,683.86,Rs./Quintal
Maharashtra,Pune,Vegetables,Onion,29-03-2025,71.6,Metric Tonnes,1070.39,Rs./Quintal
Maharashtra,Pune,Vegetables,Tomato,29-03-2025,245.2,Metric Tonnes,683.03,Rs./Quintal
Maharashtra,Pune,Vegetables,Onion,30-03-2025,2011.2,Metric Tonnes,1453.54,Rs./Quintal
Maharashtra,Pune,Vegetables,Tomato,30-03-2025,435.4,Metric Tonnes,845.03,Rs./Quintal
Maharashtra,Pune,Vegetables,Onion,31-03-2025,484.0,Metric Tonnes,1279.71,Rs./Quintal
Maharashtra,Pune,Vegetables,Tomato,31-03-2025,208.4,Metric Tonnes,949.76,Rs./Quintal
Maharashtra,Pune,Vegetables,Onion,01-04-2025,1778.9,Metric Tonnes,1348.52,Rs./Quintal
Maharashtra,Pune,Vegetables,Tomato,01-04-2025,394.0,Metric Tonnes,751.97,Rs./Quintal
Maharashtra,Pune,Vegetables,Onion,02-04-2025,1539.1,Metric Tonnes,1272.61,Rs./Quintal
Maharashtra,Pune,Vegetables,Tomato,02-04-2025,377.6,Metric Tonnes,664.05,Rs./Quintal
Maharashtra,Pune,Vegetables,Onion,03-04-2025,2588.0,Metric Tonnes,1363.46,Rs./Quintal
Maharashtra,Pune,Vegetables,Tomato,03-04-2025,569.3,Metric Tonnes,644.91,Rs./Quintal
Maharashtra,Pune,Vegetables,Onion,04-04-2025,1533.2,Metric Tonnes,1172.48,Rs./Quintal
Maharashtra,Pune,Vegetables,Tomato,04-04-2025,483.7,Metric Tonnes,687.67,Rs./Quintal
Maharashtra,Pune,Vegetables,Onion,05-04-2025,594.9,Metric Tonnes,1283.51,Rs./Quintal
Maharashtra,Pune,Vegetables,Tomato,05-04-2025,338.5,Metric Tonnes,549.73,Rs./Quintal
Maharashtra,Pune,Vegetables,Onion,06-04-2025,1942.6,Metric Tonnes,1298.66,Rs./Quintal
Maharashtra,Pune,Vegetables,Tomato,06-04-2025,594.0,Metric Tonnes,760.78,Rs./Quintal
Maharashtra,Pune,Vegetables,Onion,07-04-2025,798.3,Metric Tonnes,1182.68,Rs./Quintal
Maharashtra,Pune,Vegetables,Tomato,07-04-2025,408.1,Metric Tonnes,809.19,Rs./Quintal
Maharashtra,Pune,Vegetables,Onion,08-04-2025,2005.0,Metric Tonnes,1283.42,Rs./Quintal
Maharashtra,Pune,Vegetables,Tomato,08-04-2025,338.3,Metric Tonnes,847.15,Rs./Quintal
Maharashtra,Pune,Vegetables,Onion,09-04-2025,1943.1,Metric Tonnes,1200.81,Rs./Quintal
Maharashtra,Pune,Vegetables,Tomato,09-04-2025,243.3,Metric Tonnes,903.16,Rs./Quintal
Maharashtra,Pune,Vegetables,Onion,10-04-2025,2685.8,Metric Tonnes,1112.48,Rs./Quintal
Maharashtra,Pune,Vegetables,Tomato,10-04-2025,433.0,Metric Tonnes,991.11,Rs./Quintal
Maharashtra,Pune,Vegetables,Onion,11-04-2025,2025.0,Metric Tonnes,1024.27,Rs./Quintal
Maharashtra,Pune,Vegetables,Tomato,11-04-2025,468.0,Metric Tonnes,1017.31,Rs./Quintal
Maharashtra,Pune,Vegetables,Onion,12-04-2025,1224.7,Metric Tonnes,1082.92,Rs./Quintal
Maharashtra,Pune,Vegetables,Tomato,12-04-2025,262.1,Metric Tonnes,1105.48,Rs./Quintal
Maharashtra,Pune,Vegetables,Onion,13-04-2025,1637.7,Metric Tonnes,1088.52,Rs./Quintal
Maharashtra,Pune,Vegetables,Tomato,13-04-2025,545.9,Metric Tonnes,947.74,Rs./Quintal
Maharashtra,Pune,Vegetables,Onion,14-04-2025,693.0,Metric Tonnes,993.1,Rs./Quintal
Maharashtra,Pune,Vegetables,Tomato,14-04-2025,306.6,Metric Tonnes,956.82,Rs./Quintal
Maharashtra,Pune,Vegetables,Onion,15-04-2025,1341.8,Metric Tonnes,1111.52,Rs./Quintal
Maharashtra,Pune,Vegetables,Tomato,15-04-2025,376.9,Metric Tonnes,892.94,Rs./Quintal
Maharashtra,Pune,Vegetables,Onion,16-04-2025,932.9,Metric Tonnes,1101.59,Rs./Quintal
Maharashtra,Pune,Vegetables,Tomato,16-04-2025,438.2,Metric Tonnes,948.28,Rs./Quintal
Maharashtra,Pune,Vegetables,Onion,17-04-2025,1864.8,Metric Tonnes,1164.15,Rs./Quintal
Maharashtra,Pune,Vegetables,Tomato,17-04-2025,527.0,Metric Tonnes,937.28,Rs./Quintal
Maharashtra,Pune,Vegetables,Onion,18-04-2025,1332.2,Metric Tonnes,1101.21,Rs./Quintal
Maharashtra,Pune,Vegetables,Tomato,18-04-2025,546.0,Metric Tonnes,938.98,Rs./Quintal
Maharashtra,Pune,Vegetables,Onion,19-04-2025,666.6,Metric Tonnes,1164.85,Rs./Quintal
Maharashtra,Pune,Vegetables,Tomato,19-04-2025,328.7,Metric Tonnes,975.31,Rs./Quintal
Maharashtra,Pune,Vegetables,Onion,20-04-2025,1923.3,Metric Tonnes,1120.24,Rs./Quintal
Maharashtra,Pune,Vegetables,Tomato,20-04-2025,637.6,Metric Tonnes,957.65,Rs./Quintal
Maharashtra,Pune,Vegetables,Onion,21-04-2025,708.6,Metric Tonnes,1021.79,Rs./Quintal
Maharashtra,Pune,Vegetables,Tomato,21-04-2025,458.8,Metric Tonnes,982.05,Rs./Quintal
Maharashtra,Pune,Vegetables,Onion,22-04-2025,315.5,Metric Tonnes,1252.03,Rs./Quintal
Maharashtra,Pune,Vegetables,Tomato,22-04-2025,515.0,Metric Tonnes,970.5,Rs./Quintal
Maharashtra,Pune,Vegetables,Onion,23-04-2025,1026.5,Metric Tonnes,1099.15,Rs./Quintal
Maharashtra,Pune,Vegetables,Tomato,23-04-2025,275.7,Metric Tonnes,945.57,Rs./Quintal
Maharashtra,Pune,Vegetables,Onion,24-04-2025,1313.0,Metric Tonnes,1147.78,Rs./Quintal
Maharashtra,Pune,Vegetables,Tomato,24-04-2025,610.8,Metric Tonnes,917.45,Rs./Quintal
Maharashtra,Pune,Vegetables,Onion,25-04-2025,1192.4,Metric Tonnes,1078.9,Rs./Quintal
Maharashtra,Pune,Vegetables,Tomato,25-04-2025,600.2,Metric Tonnes,886.64,Rs./Quintal
Maharashtra,Pune,Vegetables,Onion,26-04-2025,79.9,Metric Tonnes,939.8,Rs./Quintal
Maharashtra,Pune,Vegetables,Tomato,26-04-2025,348.3,Metric Tonnes,1244.04,Rs./Quintal
Maharashtra,Pune,Vegetables,Onion,27-04-2025,1863.0,Metric Tonnes,1024.91,Rs./Quintal
Maharashtra,Pune,Vegetables,Tomato,27-04-2025,540.1,Metric Tonnes,931.31,Rs./Quintal
Maharashtra,Pune,Vegetables,Onion,28-04-2025,892.7,Metric Tonnes,929.2,Rs./Quintal
Maharashtra,Pune,Vegetables,Tomato,28-04-2025,576.8,Metric Tonnes,938.38,Rs./Quintal
Maharashtra,Pune,Vegetables,Onion,29-04-2025,1839.8,Metric Tonnes,1124.2,Rs./Quintal
Maharashtra,Pune,Vegetables,Tomato,29-04-2025,320.7,Metric Tonnes,875.14,Rs./Quintal
Maharashtra,Pune,Vegetables,Onion,30-04-2025,1181.4,Metric Tonnes,1000.36,Rs./Quintal
Maharashtra,Pune,Vegetables,Tomato,30-04-2025,547.5,Metric Tonnes,1041.44,Rs./Quintal
Maharashtra,Pune,Vegetables,Onion,01-05-2025,1024.4,Metric Tonnes,1289.9,Rs./Quintal
Maharashtra,Pune,Vegetables,Tomato,01-05-2025,198.9,Metric Tonnes,1003.42,Rs./Quintal
Maharashtra,Pune,Vegetables,Onion,02-05-2025,1588.8,Metric Tonnes,981.14,Rs./Quintal
Maharashtra,Pune,Vegetables,Tomato,02-05-2025,687.0,Metric Tonnes,952.1,Rs./Quintal
Maharashtra,Pune,Vegetables,Onion,03-05-2025,503.7,Metric Tonnes,969.22,Rs./Quintal
Maharashtra,Pune,Vegetables,Tomato,03-05-2025,359.7,Metric Tonnes,995.64,Rs./Quintal
Maharashtra,Pune,Vegetables,Onion,04-05-2025,2494.9,Metric Tonnes,1104.49,Rs./Quintal
Maharashtra,Pune,Vegetables,Tomato,04-05-2025,724.5,Metric Tonnes,981.08,Rs./Quintal
Maharashtra,Pune,Vegetables,Onion,05-05-2025,1122.0,Metric Tonnes,949.7,Rs./Quintal
Maharashtra,Pune,Vegetables,Tomato,05-05-2025,612.1,Metric Tonnes,943.95,Rs./Quintal
Maharashtra,Pune,Vegetables,Onion,06-05-2025,2113.4,Metric Tonnes,1137.02,Rs./Quintal
Maharashtra,Pune,Vegetables,Tomato,06-05-2025,364.4,Metric Tonnes,917.01,Rs./Quintal
Maharashtra,Pune,Vegetables,Onion,07-05-2025,1463.3,Metric Tonnes,944.9,Rs./Quintal
Maharashtra,Pune,Vegetables,Tomato,07-05-2025,288.1,Metric Tonnes,973.76,Rs./Quintal
Maharashtra,Pune,Vegetables,Onion,08-05-2025,2457.3,Metric Tonnes,1090.11,Rs./Quintal
Maharashtra,Pune,Vegetables,Tomato,08-05-2025,401.4,Metric Tonnes,888.84,Rs./Quintal
Maharashtra,Pune,Vegetables,Onion,09-05-2025,2147.0,Metric Tonnes,1024.88,Rs./Quintal
Maharashtra,Pune,Vegetables,Tomato,09-05-2025,364.3,Metric Tonnes,969.56,Rs./Quintal
Maharashtra,Pune,Vegetables,Onion,10-05-2025,452.9,Metric Tonnes,1080.07,Rs./Quintal
Maharashtra,Pune,Vegetables,Tomato,10-05-2025,128.5,Metric Tonnes,1086.19,Rs./Quintal
Maharashtra,Pune,Vegetables,Onion,11-05-2025,3116.3,Metric Tonnes,1202.76,Rs./Quintal
Maharashtra,Pune,Vegetables,Tomato,11-05-2025,681.1,Metric Tonnes,948.49,Rs./Quintal
Maharashtra,Pune,Vegetables,Onion,12-05-2025,846.8,Metric Tonnes,985.66,Rs./Quintal
Maharashtra,Pune,Vegetables,Tomato,12-05-2025,525.6,Metric Tonnes,965.66,Rs./Quintal
Maharashtra,Pune,Vegetables,Onion,13-05-2025,785.8,Metric Tonnes,1212.4,Rs./Quintal
Maharashtra,Pune,Vegetables,Tomato,13-05-2025,88.2,Metric Tonnes,950.17,Rs./Quintal
Maharashtra,Pune,Vegetables,Onion,15-05-2025,1938.8,Metric Tonnes,1093.88,Rs./Quintal
Maharashtra,Pune,Vegetables,Tomato,15-05-2025,480.9,Metric Tonnes,1248.65,Rs./Quintal
Maharashtra,Pune,Vegetables,Onion,16-05-2025,1926.5,Metric Tonnes,1110.99,Rs./Quintal
Maharashtra,Pune,Vegetables,Tomato,16-05-2025,564.8,Metric Tonnes,1320.68,Rs./Quintal
Maharashtra,Pune,Vegetables,Onion,17-05-2025,365.6,Metric Tonnes,1050.53,Rs./Quintal
Maharashtra,Pune,Vegetables,Tomato,17-05-2025,328.5,Metric Tonnes,1377.05,Rs./Quintal
Maharashtra,Pune,Vegetables,Onion,18-05-2025,2893.3,Metric Tonnes,1102.3,Rs./Quintal
Maharashtra,Pune,Vegetables,Tomato,18-05-2025,727.1,Metric Tonnes,1436.58,Rs./Quintal
Maharashtra,Pune,Vegetables,Onion,19-05-2025,747.9,Metric Tonnes,1000.67,Rs./Quintal
Maharashtra,Pune,Vegetables,Tomato,19-05-2025,574.0,Metric Tonnes,1311.52,Rs./Quintal
Maharashtra,Pune,Vegetables,Onion,20-05-2025,906.1,Metric Tonnes,988.67,Rs./Quintal
Maharashtra,Pune,Vegetables,Tomato,20-05-2025,329.0,Metric Tonnes,1192.71,Rs./Quintal
Maharashtra,Pune,Vegetables,Onion,21-05-2025,692.0,Metric Tonnes,961.26,Rs./Quintal
Maharashtra,Pune,Vegetables,Tomato,21-05-2025,337.6,Metric Tonnes,1608.16,Rs./Quintal
Maharashtra,Pune,Vegetables,Onion,22-05-2025,2113.1,Metric Tonnes,1162.54,Rs./Quintal
Maharashtra,Pune,Vegetables,Tomato,22-05-2025,452.3,Metric Tonnes,1851.67,Rs./Quintal
Maharashtra,Pune,Vegetables,Onion,23-05-2025,1846.8,Metric Tonnes,1075.91,Rs./Quintal
Maharashtra,Pune,Vegetables,Tomato,23-05-2025,441.7,Metric Tonnes,2251.2,Rs./Quintal
Maharashtra,Pune,Vegetables,Onion,24-05-2025,637.0,Metric Tonnes,1046.45,Rs./Quintal
Maharashtra,Pune,Vegetables,Tomato,24-05-2025,271.4,Metric Tonnes,1992.63,Rs./Quintal
Maharashtra,Pune,Vegetables,Onion,25-05-2025,1707.3,Metric Tonnes,1394.37,Rs./Quintal
Maharashtra,Pune,Vegetables,Tomato,25-05-2025,636.3,Metric Tonnes,2661.77,Rs./Quintal
Maharashtra,Pune,Vegetables,Onion,26-05-2025,709.0,Metric Tonnes,1175.28,Rs./Quintal
Maharashtra,Pune,Vegetables,Tomato,26-05-2025,583.7,Metric Tonnes,1815.64,Rs./Quintal
Maharashtra,Pune,Vegetables,Onion,27-05-2025,1755.2,Metric Tonnes,1201.93,Rs./Quintal
Maharashtra,Pune,Vegetables,Tomato,27-05-2025,253.2,Metric Tonnes,1550.22,Rs./Quintal
Maharashtra,Pune,Vegetables,Onion,28-05-2025,831.7,Metric Tonnes,1000.17,Rs./Quintal
Maharashtra,Pune,Vegetables,Tomato,28-05-2025,389.6,Metric Tonnes,2455.48,Rs./Quintal
Maharashtra,Pune,Vegetables,Onion,29-05-2025,2990.4,Metric Tonnes,1313.44,Rs./Quintal
Maharashtra,Pune,Vegetables,Tomato,29-05-2025,501.1,Metric Tonnes,2242.91,Rs./Quintal
Maharashtra,Pune,Vegetables,Onion,30-05-2025,8786.0,Metric Tonnes,1344.37,Rs./Quintal
Maharashtra,Pune,Vegetables,Tomato,30-05-2025,8317.8,Metric Tonnes,1528.64,Rs./Quintal
Maharashtra,Pune,Vegetables,Onion,31-05-2025,371.2,Metric Tonnes,990.53,Rs./Quintal
Maharashtra,Pune,Vegetables,Tomato,31-05-2025,333.8,Metric Tonnes,1408.04,Rs./Quintal
Maharashtra,Pune,Vegetables,Onion,01-06-2025,3448.2,Metric Tonnes,1128.31,Rs./Quintal
Maharashtra,Pune,Vegetables,Tomato,01-06-2025,585.3,Metric Tonnes,1611.93,Rs./Quintal
Maharashtra,Pune,Vegetables,Onion,02-06-2025,365.5,Metric Tonnes,839.29,Rs./Quintal
Maharashtra,Pune,Vegetables,Tomato,02-06-2025,284.7,Metric Tonnes,1690.6,Rs./Quintal
Maharashtra,Pune,Vegetables,Onion,03-06-2025,2168.7,Metric Tonnes,1204.26,Rs./Quintal
Maharashtra,Pune,Vegetables,Tomato,03-06-2025,381.7,Metric Tonnes,2002.2,Rs./Quintal
Maharashtra,Pune,Vegetables,Onion,04-06-2025,751.9,Metric Tonnes,999.61,Rs./Quintal
Maharashtra,Pune,Vegetables,Tomato,04-06-2025,511.9,Metric Tonnes,1647.44,Rs./Quintal
Maharashtra,Pune,Vegetables,Onion,05-06-2025,2078.4,Metric Tonnes,1254.75,Rs./Quintal
Maharashtra,Pune,Vegetables,Tomato,05-06-2025,497.7,Metric Tonnes,1533.81,Rs./Quintal
Maharashtra,Pune,Vegetables,Onion,06-06-2025,788.6,Metric Tonnes,1080.91,Rs./Quintal
Maharashtra,Pune,Vegetables,Tomato,06-06-2025,551.8,Metric Tonnes,1375.59,Rs./Quintal
Maharashtra,Pune,Vegetables,Onion,07-06-2025,169.7,Metric Tonnes,981.03,Rs./Quintal
Maharashtra,Pune,Vegetables,Tomato,07-06-2025,327.3,Metric Tonnes,1582.6,Rs./Quintal
Maharashtra,Pune,Vegetables,Onion,08-06-2025,1893.8,Metric Tonnes,1358.49,Rs./Quintal
Maharashtra,Pune,Vegetables,Tomato,08-06-2025,670.2,Metric Tonnes,1648.9,Rs./Quintal
Maharashtra,Pune,Vegetables,Onion,09-06-2025,796.8,Metric Tonnes,1281.74,Rs./Quintal
Maharashtra,Pune,Vegetables,Tomato,09-06-2025,531.0,Metric Tonnes,1588.86,Rs./Quintal
Maharashtra,Pune,Vegetables,Onion,10-06-2025,2040.7,Metric Tonnes,1457.73,Rs./Quintal
Maharashtra,Pune,Vegetables,Tomato,10-06-2025,358.1,Metric Tonnes,1474.69,Rs./Quintal
Maharashtra,Pune,Vegetables,Onion,11-06-2025,814.7,Metric Tonnes,1244.07,Rs./Quintal
Maharashtra,Pune,Vegetables,Tomato,11-06-2025,498.0,Metric Tonnes,1775.38,Rs./Quintal
Maharashtra,Pune,Vegetables,Onion,12-06-2025,2073.3,Metric Tonnes,1432.54,Rs./Quintal
Maharashtra,Pune,Vegetables,Tomato,12-06-2025,600.9,Metric Tonnes,1855.42,Rs./Quintal
Maharashtra,Pune,Vegetables,Onion,13-06-2025,1641.2,Metric Tonnes,1526.4,Rs./Quintal
Maharashtra,Pune,Vegetables,Tomato,13-06-2025,650.1,Metric Tonnes,1866.08,Rs./Quintal
Maharashtra,Pune,Vegetables,Onion,14-06-2025,573.4,Metric Tonnes,1191.6,Rs./Quintal
Maharashtra,Pune,Vegetables,Tomato,14-06-2025,439.8,Metric Tonnes,1608.37,Rs./Quintal
Maharashtra,Pune,Vegetables,Onion,15-06-2025,3556.7,Metric Tonnes,1636.92,Rs./Quintal
Maharashtra,Pune,Vegetables,Tomato,15-06-2025,1153.7,Metric Tonnes,1626.59,Rs./Quintal
Maharashtra,Pune,Vegetables,Onion,16-06-2025,940.5,Metric Tonnes,1221.79,Rs./Quintal
Maharashtra,Pune,Vegetables,Tomato,16-06-2025,422.7,Metric Tonnes,1605.49,Rs./Quintal
Maharashtra,Pune,Vegetables,Onion,17-06-2025,2210.4,Metric Tonnes,1726.25,Rs./Quintal
Maharashtra,Pune,Vegetables,Tomato,17-06-2025,342.5,Metric Tonnes,1728.92,Rs./Quintal
Maharashtra,Pune,Vegetables,Onion,18-06-2025,906.3,Metric Tonnes,1181.02,Rs./Quintal
Maharashtra,Pune,Vegetables,Tomato,18-06-2025,731.8,Metric Tonnes,1566.06,Rs./Quintal
Maharashtra,Pune,Vegetables,Onion,19-06-2025,2245.1,Metric Tonnes,1503.2,Rs./Quintal
Maharashtra,Pune,Vegetables,Tomato,19-06-2025,786.6,Metric Tonnes,1491.93,Rs./Quintal
Maharashtra,Pune,Vegetables,Onion,20-06-2025,1008.0,Metric Tonnes,1573.05,Rs./Quintal
Maharashtra,Pune,Vegetables,Tomato,20-06-2025,655.8,Metric Tonnes,1276.46,Rs./Quintal
Maharashtra,Pune,Vegetables,Onion,21-06-2025,192.5,Metric Tonnes,1634.49,Rs./Quintal
Maharashtra,Pune,Vegetables,Tomato,21-06-2025,570.4,Metric Tonnes,1181.55,Rs./Quintal
Maharashtra,Pune,Vegetables,Onion,22-06-2025,2962.1,Metric Tonnes,1641.1,Rs./Quintal
Maharashtra,Pune,Vegetables,Tomato,22-06-2025,929.2,Metric Tonnes,1125.42,Rs./Quintal
Maharashtra,Pune,Vegetables,Onion,23-06-2025,1165.1,Metric Tonnes,1468.91,Rs./Quintal
Maharashtra,Pune,Vegetables,Tomato,23-06-2025,820.9,Metric Tonnes,1156.89,Rs./Quintal
Maharashtra,Pune,Vegetables,Onion,24-06-2025,1696.8,Metric Tonnes,1666.71,Rs./Quintal
Maharashtra,Pune,Vegetables,Tomato,24-06-2025,934.7,Metric Tonnes,1408.72,Rs./Quintal
Maharashtra,Pune,Vegetables,Onion,25-06-2025,713.2,Metric Tonnes,1450.5,Rs./Quintal
Maharashtra,Pune,Vegetables,Tomato,25-06-2025,910.4,Metric Tonnes,1040.4,Rs./Quintal
Maharashtra,Pune,Vegetables,Onion,26-06-2025,2418.1,Metric Tonnes,1560.6,Rs./Quintal
Maharashtra,Pune,Vegetables,Tomato,26-06-2025,961.4,Metric Tonnes,1141.52,Rs./Quintal
Maharashtra,Pune,Vegetables,Onion,27-06-2025,913.9,Metric Tonnes,1296.33,Rs./Quintal
Maharashtra,Pune,Vegetables,Tomato,27-06-2025,958.2,Metric Tonnes,1429.78,Rs./Quintal
Maharashtra,Pune,Vegetables,Onion,28-06-2025,169.1,Metric Tonnes,1430.25,Rs./Quintal
Maharashtra,Pune,Vegetables,Tomato,28-06-2025,646.0,Metric Tonnes,1872.43,Rs./Quintal
Maharashtra,Pune,Vegetables,Onion,29-06-2025,2736.4,Metric Tonnes,1577.6,Rs./Quintal
Maharashtra,Pune,Vegetables,Tomato,29-06-2025,1071.5,Metric Tonnes,1647.93,Rs./Quintal
Maharashtra,Pune,Vegetables,Onion,30-06-2025,648.6,Metric Tonnes,1157.17,Rs./Quintal
Maharashtra,Pune,Vegetables,Tomato,30-06-2025,901.7,Metric Tonnes,1758.88,Rs./Quintal
Maharashtra,Pune,Vegetables,Onion,01-07-2025,749.7,Metric Tonnes,1206.95,Rs./Quintal
Maharashtra,Pune,Vegetables,Tomato,01-07-2025,395.2,Metric Tonnes,1182.69,Rs./Quintal
Maharashtra,Pune,Vegetables,Onion,02-07-2025,0.8,Metric Tonnes,1050.0,Rs./Quintal
Maharashtra,Pune,Vegetables,Tomato,02-07-2025,569.3,Metric Tonnes,1999.79,Rs./Quintal
Maharashtra,Pune,Vegetables,Onion,03-07-2025,1755.9,Metric Tonnes,1500.32,Rs./Quintal
Maharashtra,Pune,Vegetables,Tomato,03-07-2025,341.4,Metric Tonnes,1277.68,Rs./Quintal
Maharashtra,Pune,Vegetables,Onion,04-07-2025,979.6,Metric Tonnes,1159.44,Rs./Quintal
Maharashtra,Pune,Vegetables,Tomato,04-07-2025,970.4,Metric Tonnes,1783.27,Rs./Quintal
Maharashtra,Pune,Vegetables,Onion,05-07-2025,102.2,Metric Tonnes,1387.77,Rs./Quintal
Maharashtra,Pune,Vegetables,Tomato,05-07-2025,707.5,Metric Tonnes,1966.12,Rs./Quintal
Maharashtra,Pune,Vegetables,Onion,06-07-2025,2661.3,Metric Tonnes,1481.88,Rs./Quintal
Maharashtra,Pune,Vegetables,Tomato,06-07-2025,944.2,Metric Tonnes,1970.56,Rs./Quintal
Maharashtra,Pune,Vegetables,Onion,07-07-2025,552.5,Metric Tonnes,1183.63,Rs./Quintal
Maharashtra,Pune,Vegetables,Tomato,07-07-2025,962.7,Metric Tonnes,1933.28,Rs./Quintal
Maharashtra,Pune,Vegetables,Onion,08-07-2025,839.0,Metric Tonnes,1662.86,Rs./Quintal
Maharashtra,Pune,Vegetables,Tomato,08-07-2025,125.4,Metric Tonnes,1686.9,Rs./Quintal
Maharashtra,Pune,Vegetables,Onion,09-07-2025,725.3,Metric Tonnes,1151.56,Rs./Quintal
Maharashtra,Pune,Vegetables,Tomato,09-07-2025,254.6,Metric Tonnes,1606.78,Rs./Quintal
Maharashtra,Pune,Vegetables,Onion,10-07-2025,1816.1,Metric Tonnes,1439.38,Rs./Quintal
Maharashtra,Pune,Vegetables,Tomato,10-07-2025,942.5,Metric Tonnes,1573.99,Rs./Quintal
Maharashtra,Pune,Vegetables,Onion,11-07-2025,1014.7,Metric Tonnes,1198.65,Rs./Quintal
Maharashtra,Pune,Vegetables,Tomato,11-07-2025,386.3,Metric Tonnes,1553.38,Rs./Quintal
Maharashtra,Pune,Vegetables,Onion,12-07-2025,193.9,Metric Tonnes,1180.71,Rs./Quintal
Maharashtra,Pune,Vegetables,Tomato,12-07-2025,141.7,Metric Tonnes,1871.42,Rs./Quintal
Maharashtra,Pune,Vegetables,Onion,13-07-2025,2836.4,Metric Tonnes,1460.67,Rs./Quintal
Maharashtra,Pune,Vegetables,Tomato,13-07-2025,1302.8,Metric Tonnes,1496.21,Rs./Quintal
Maharashtra,Pune,Vegetables,Onion,14-07-2025,707.6,Metric Tonnes,10280.34,Rs./Quintal
Maharashtra,Pune,Vegetables,Tomato,14-07-2025,986.0,Metric Tonnes,1827.36,Rs./Quintal
Maharashtra,Pune,Vegetables,Onion,15-07-2025,1550.0,Metric Tonnes,1371.68,Rs./Quintal
Maharashtra,Pune,Vegetables,Tomato,15-07-2025,1098.9,Metric Tonnes,1696.13,Rs./Quintal
Maharashtra,Pune,Vegetables,Onion,16-07-2025,632.5,Metric Tonnes,1206.7,Rs./Quintal
Maharashtra,Pune,Vegetables,Tomato,16-07-2025,852.1,Metric Tonnes,1763.47,Rs./Quintal
Maharashtra,Pune,Vegetables,Onion,17-07-2025,2359.1,Metric Tonnes,1347.2,Rs./Quintal
Maharashtra,Pune,Vegetables,Tomato,17-07-2025,1167.6,Metric Tonnes,1658.1,Rs./Quintal
Maharashtra,Pune,Vegetables,Onion,18-07-2025,66.3,Metric Tonnes,1192.84,Rs./Quintal
Maharashtra,Pune,Vegetables,Tomato,18-07-2025,406.4,Metric Tonnes,1029.95,Rs./Quintal
Maharashtra,Pune,Vegetables,Onion,19-07-2025,64.8,Metric Tonnes,1154.01,Rs./Quintal
Maharashtra,Pune,Vegetables,Tomato,19-07-2025,824.4,Metric Tonnes,1908.11,Rs./Quintal
Maharashtra,Pune,Vegetables,Onion,20-07-2025,2047.6,Metric Tonnes,1355.13,Rs./Quintal
Maharashtra,Pune,Vegetables,Tomato,20-07-2025,966.6,Metric Tonnes,1879.93,Rs./Quintal
Maharashtra,Pune,Vegetables,Onion,21-07-2025,778.9,Metric Tonnes,1098.57,Rs./Quintal
Maharashtra,Pune,Vegetables,Tomato,21-07-2025,841.1,Metric Tonnes,2261.75,Rs./Quintal
Maharashtra,Pune,Vegetables,Onion,22-07-2025,1264.6,Metric Tonnes,1256.92,Rs./Quintal
Maharashtra,Pune,Vegetables,Tomato,22-07-2025,898.6,Metric Tonnes,2209.87,Rs./Quintal
Maharashtra,Pune,Vegetables,Onion,23-07-2025,719.8,Metric Tonnes,1135.76,Rs./Quintal
Maharashtra,Pune,Vegetables,Tomato,23-07-2025,767.6,Metric Tonnes,2336.17,Rs./Quintal
Maharashtra,Pune,Vegetables,Onion,24-07-2025,2298.1,Metric Tonnes,1351.44,Rs./Quintal
Maharashtra,Pune,Vegetables,Tomato,24-07-2025,894.3,Metric Tonnes,2369.16,Rs./Quintal
Maharashtra,Pune,Vegetables,Onion,25-07-2025,1202.2,Metric Tonnes,1205.37,Rs./Quintal
Maharashtra,Pune,Vegetables,Tomato,25-07-2025,293.4,Metric Tonnes,2195.4,Rs./Quintal
Maharashtra,Pune,Vegetables,Onion,26-07-2025,50.0,Metric Tonnes,1400.0,Rs./Quintal
Maharashtra,Pune,Vegetables,Tomato,26-07-2025,27.4,Metric Tonnes,2500.0,Rs./Quintal
Maharashtra,Pune,Vegetables,Onion,27-07-2025,2794.8,Metric Tonnes,1340.98,Rs./Quintal
Maharashtra,Pune,Vegetables,Tomato,27-07-2025,837.3,Metric Tonnes,3581.43,Rs./Quintal
Maharashtra,Pune,Vegetables,Onion,28-07-2025,605.1,Metric Tonnes,1099.11,Rs./Quintal
Maharashtra,Pune,Vegetables,Tomato,28-07-2025,760.8,Metric Tonnes,3707.03,Rs./Quintal
Maharashtra,Pune,Vegetables,Onion,29-07-2025,1279.7,Metric Tonnes,1268.89,Rs./Quintal
Maharashtra,Pune,Vegetables,Tomato,29-07-2025,746.7,Metric Tonnes,3758.62,Rs./Quintal
Maharashtra,Pune,Vegetables,Onion,30-07-2025,529.7,Metric Tonnes,1154.84,Rs./Quintal
Maharashtra,Pune,Vegetables,Tomato,30-07-2025,635.8,Metric Tonnes,3277.71,Rs./Quintal
Maharashtra,Pune,Vegetables,Onion,31-07-2025,1399.1,Metric Tonnes,1203.45,Rs./Quintal
Maharashtra,Pune,Vegetables,Tomato,31-07-2025,401.9,Metric Tonnes,2702.45,Rs./Quintal
Maharashtra,Pune,Vegetables,Onion,01-08-2025,1884.6,Metric Tonnes,1189.82,Rs./Quintal
Maharashtra,Pune,Vegetables,Tomato,01-08-2025,903.8,Metric Tonnes,2630.21,Rs./Quintal
Maharashtra,Pune,Vegetables,Onion,02-08-2025,174.6,Metric Tonnes,1148.57,Rs./Quintal
Maharashtra,Pune,Vegetables,Tomato,02-08-2025,623.3,Metric Tonnes,3852.14,Rs./Quintal
Maharashtra,Pune,Vegetables,Onion,03-08-2025,3373.9,Metric Tonnes,1306.87,Rs./Quintal
Maharashtra,Pune,Vegetables,Tomato,03-08-2025,932.1,Metric Tonnes,3396.91,Rs./Quintal
Maharashtra,Pune,Vegetables,Onion,04-08-2025,997.5,Metric Tonnes,946.7,Rs./Quintal
Maharashtra,Pune,Vegetables,Tomato,04-08-2025,775.3,Metric Tonnes,3721.08,Rs./Quintal
Maharashtra,Pune,Vegetables,Onion,05-08-2025,2117.4,Metric Tonnes,1262.44,Rs./Quintal
Maharashtra,Pune,Vegetables,Tomato,05-08-2025,342.3,Metric Tonnes,3124.77,Rs./Quintal
Maharashtra,Pune,Vegetables,Onion,06-08-2025,943.7,Metric Tonnes,1054.07,Rs./Quintal
Maharashtra,Pune,Vegetables,Tomato,06-08-2025,749.7,Metric Tonnes,3306.59,Rs./Quintal
Maharashtra,Pune,Vegetables,Onion,07-08-2025,3216.3,Metric Tonnes,1257.95,Rs./Quintal
Maharashtra,Pune,Vegetables,Tomato,07-08-2025,792.9,Metric Tonnes,3241.7,Rs./Quintal
Maharashtra,Pune,Vegetables,Onion,08-08-2025,1517.0,Metric Tonnes,1172.33,Rs./Quintal
Maharashtra,Pune,Vegetables,Tomato,08-08-2025,276.8,Metric Tonnes,2588.51,Rs./Quintal
Maharashtra,Pune,Vegetables,Onion,09-08-2025,90.0,Metric Tonnes,1300.0,Rs./Quintal
Maharashtra,Pune,Vegetables,Tomato,09-08-2025,25.2,Metric Tonnes,3000.0,Rs./Quintal
Maharashtra,Pune,Vegetables,Onion,10-08-2025,2334.3,Metric Tonnes,1391.25,Rs./Quintal
Maharashtra,Pune,Vegetables,Tomato,10-08-2025,850.0,Metric Tonnes,3189.94,Rs./Quintal
Maharashtra,Pune,Vegetables,Onion,11-08-2025,486.7,Metric Tonnes,1077.76,Rs./Quintal
Maharashtra,Pune,Vegetables,Tomato,11-08-2025,733.6,Metric Tonnes,3024.42,Rs./Quintal
Maharashtra,Pune,Vegetables,Onion,12-08-2025,1617.1,Metric Tonnes,1446.84,Rs./Quintal
Maharashtra,Pune,Vegetables,Tomato,12-08-2025,362.9,Metric Tonnes,2380.2,Rs./Quintal
Maharashtra,Pune,Vegetables,Onion,13-08-2025,1736.0,Metric Tonnes,1169.58,Rs./Quintal
Maharashtra,Pune,Vegetables,Tomato,13-08-2025,838.1,Metric Tonnes,2768.16,Rs./Quintal
Maharashtra,Pune,Vegetables,Onion,14-08-2025,3159.2,Metric Tonnes,1514.15,Rs./Quintal
Maharashtra,Pune,Vegetables,Tomato,14-08-2025,1043.5,Metric Tonnes,2638.88,Rs./Quintal
Maharashtra,Pune,Vegetables,Onion,15-08-2025,1.8,Metric Tonnes,1500.0,Rs./Quintal
Maharashtra,Pune,Vegetables,Tomato,15-08-2025,437.9,Metric Tonnes,3000.51,Rs./Quintal
Maharashtra,Pune,Vegetables,Onion,16-08-2025,185.7,Metric Tonnes,1302.07,Rs./Quintal
Maharashtra,Pune,Vegetables,Tomato,16-08-2025,582.5,Metric Tonnes,2833.48,Rs./Quintal
Maharashtra,Pune,Vegetables,Onion,17-08-2025,3515.8,Metric Tonnes,1464.25,Rs./Quintal
Maharashtra,Pune,Vegetables,Tomato,17-08-2025,1071.8,Metric Tonnes,2611.89,Rs./Quintal
Maharashtra,Pune,Vegetables,Onion,18-08-2025,1136.6,Metric Tonnes,1197.58,Rs./Quintal
Maharashtra,Pune,Vegetables,Tomato,18-08-2025,661.4,Metric Tonnes,3460.58,Rs./Quintal
Maharashtra,Pune,Vegetables,Onion,19-08-2025,1812.6,Metric Tonnes,1904.76,Rs./Quintal
Maharashtra,Pune,Vegetables,Tomato,19-08-2025,242.3,Metric Tonnes,2160.75,Rs./Quintal
Maharashtra,Pune,Vegetables,Onion,20-08-2025,653.7,Metric Tonnes,1218.2,Rs./Quintal
Maharashtra,Pune,Vegetables,Tomato,20-08-2025,1014.6,Metric Tonnes,2096.63,Rs./Quintal
Maharashtra,Pune,Vegetables,Onion,21-08-2025,2274.1,Metric Tonnes,1375.34,Rs./Quintal
Maharashtra,Pune,Vegetables,Tomato,21-08-2025,700.3,Metric Tonnes,3158.57,Rs./Quintal
Maharashtra,Pune,Vegetables,Onion,22-08-2025,2056.5,Metric Tonnes,1305.65,Rs./Quintal
Maharashtra,Pune,Vegetables,Tomato,22-08-2025,732.9,Metric Tonnes,2786.31,Rs./Quintal
Maharashtra,Pune,Vegetables,Onion,23-08-2025,87.3,Metric Tonnes,1071.82,Rs./Quintal
Maharashtra,Pune,Vegetables,Tomato,23-08-2025,522.6,Metric Tonnes,2461.06,Rs./Quintal
Maharashtra,Pune,Vegetables,Onion,24-08-2025,3494.8,Metric Tonnes,1384.51,Rs./Quintal
Maharashtra,Pune,Vegetables,Tomato,24-08-2025,1018.2,Metric Tonnes,2142.43,Rs./Quintal
Maharashtra,Pune,Vegetables,Onion,25-08-2025,1046.7,Metric Tonnes,1147.61,Rs./Quintal
Maharashtra,Pune,Vegetables,Tomato,25-08-2025,339.5,Metric Tonnes,1968.1,Rs./Quintal
Maharashtra,Pune,Vegetables,Onion,26-08-2025,1226.6,Metric Tonnes,1204.8,Rs./Quintal
Maharashtra,Pune,Vegetables,Tomato,26-08-2025,415.7,Metric Tonnes,1811.23,Rs./Quintal
Maharashtra,Pune,Vegetables,Onion,27-08-2025,894.1,Metric Tonnes,1086.94,Rs./Quintal
Maharashtra,Pune,Vegetables,Tomato,27-08-2025,593.3,Metric Tonnes,1162.41,Rs./Quintal
Maharashtra,Pune,Vegetables,Onion,28-08-2025,2288.4,Metric Tonnes,1330.56,Rs./Quintal
Maharashtra,Pune,Vegetables,Tomato,28-08-2025,511.2,Metric Tonnes,1295.2,Rs./Quintal
Maharashtra,Pune,Vegetables,Onion,29-08-2025,894.4,Metric Tonnes,1100.06,Rs./Quintal
Maharashtra,Pune,Vegetables,Tomato,29-08-2025,593.7,Metric Tonnes,1452.89,Rs./Quintal
Maharashtra,Pune,Vegetables,Onion,30-08-2025,212.7,Metric Tonnes,1299.2,Rs./Quintal
Maharashtra,Pune,Vegetables,Tomato,30-08-2025,417.9,Metric Tonnes,1960.34,Rs./Quintal
Maharashtra,Pune,Vegetables,Onion,31-08-2025,2910.8,Metric Tonnes,1235.1,Rs./Quintal
Maharashtra,Pune,Vegetables,Tomato,31-08-2025,706.4,Metric Tonnes,1959.83,Rs./Quintal
Maharashtra,Pune,Vegetables,Onion,01-09-2025,1004.9,Metric Tonnes,1103.37,Rs./Quintal
Maharashtra,Pune,Vegetables,Tomato,01-09-2025,608.1,Metric Tonnes,2061.62,Rs./Quintal
Maharashtra,Pune,Vegetables,Onion,02-09-2025,2341.8,Metric Tonnes,1278.94,Rs./Quintal
Maharashtra,Pune,Vegetables,Tomato,02-09-2025,350.0,Metric Tonnes,1744.87,Rs./Quintal
Maharashtra,Pune,Vegetables,Onion,03-09-2025,865.9,Metric Tonnes,1078.91,Rs./Quintal
Maharashtra,Pune,Vegetables,Tomato,03-09-2025,612.7,Metric Tonnes,1580.99,Rs./Quintal
Maharashtra,Pune,Vegetables,Onion,04-09-2025,2009.8,Metric Tonnes,1163.8,Rs./Quintal
Maharashtra,Pune,Vegetables,Tomato,04-09-2025,843.9,Metric Tonnes,1475.55,Rs./Quintal
Maharashtra,Pune,Vegetables,Onion,05-09-2025,2626.2,Metric Tonnes,1334.5,Rs./Quintal
Maharashtra,Pune,Vegetables,Tomato,05-09-2025,799.0,Metric Tonnes,1494.36,Rs./Quintal
Maharashtra,Pune,Vegetables,Onion,06-09-2025,86.5,Metric Tonnes,1021.85,Rs./Quintal
Maharashtra,Pune,Vegetables,Tomato,06-09-2025,159.1,Metric Tonnes,1393.93,Rs./Quintal
Maharashtra,Pune,Vegetables,Onion,07-09-2025,1623.1,Metric Tonnes,1498.03,Rs./Quintal
Maharashtra,Pune,Vegetables,Tomato,07-09-2025,357.9,Metric Tonnes,1033.62,Rs./Quintal
Maharashtra,Pune,Vegetables,Onion,08-09-2025,1402.4,Metric Tonnes,1092.33,Rs./Quintal
Maharashtra,Pune,Vegetables,Tomato,08-09-2025,1014.2,Metric Tonnes,1305.77,Rs./Quintal
Maharashtra,Pune,Vegetables,Onion,09-09-2025,3046.7,Metric Tonnes,1262.33,Rs./Quintal
Maharashtra,Pune,Vegetables,Tomato,09-09-2025,375.7,Metric Tonnes,1407.05,Rs./Quintal
Maharashtra,Pune,Vegetables,Onion,10-09-2025,1150.0,Metric Tonnes,1059.84,Rs./Quintal
Maharashtra,Pune,Vegetables,Tomato,10-09-2025,624.7,Metric Tonnes,1217.66,Rs./Quintal
Maharashtra,Pune,Vegetables,Onion,11-09-2025,8171.7,Metric Tonnes,1200.89,Rs./Quintal
Maharashtra,Pune,Vegetables,Tomato,11-09-2025,1090.6,Metric Tonnes,1130.53,Rs./Quintal
Maharashtra,Pune,Vegetables,Onion,12-09-2025,1335.5,Metric Tonnes,953.65,Rs./Quintal
Maharashtra,Pune,Vegetables,Tomato,12-09-2025,664.1,Metric Tonnes,997.52,Rs./Quintal
Maharashtra,Pune,Vegetables,Onion,13-09-2025,223.8,Metric Tonnes,1106.52,Rs./Quintal
Maharashtra,Pune,Vegetables,Tomato,13-09-2025,431.0,Metric Tonnes,1091.25,Rs./Quintal
Maharashtra,Pune,Vegetables,Onion,14-09-2025,5223.7,Metric Tonnes,3086.08,Rs./Quintal
Maharashtra,Pune,Vegetables,Tomato,14-09-2025,720.4,Metric Tonnes,1129.24,Rs./Quintal
Maharashtra,Pune,Vegetables,Onion,15-09-2025,891.8,Metric Tonnes,953.82,Rs./Quintal
Maharashtra,Pune,Vegetables,Tomato,15-09-2025,577.5,Metric Tonnes,995.45,Rs./Quintal
Maharashtra,Pune,Vegetables,Onion,16-09-2025,1654.8,Metric Tonnes,1273.3,Rs./Quintal
Maharashtra,Pune,Vegetables,Tomato,16-09-2025,268.3,Metric Tonnes,939.56,Rs./Quintal
Maharashtra,Pune,Vegetables,Onion,17-09-2025,758.7,Metric Tonnes,987.83,Rs./Quintal
Maharashtra,Pune,Vegetables,Tomato,17-09-2025,572.2,Metric Tonnes,896.43,Rs./Quintal
Maharashtra,Pune,Vegetables,Onion,18-09-2025,3394.2,Metric Tonnes,1096.74,Rs./Quintal
Maharashtra,Pune,Vegetables,Tomato,18-09-2025,637.9,Metric Tonnes,890.63,Rs./Quintal
Maharashtra,Pune,Vegetables,Onion,19-09-2025,1154.6,Metric Tonnes,1000.29,Rs./Quintal
Maharashtra,Pune,Vegetables,Tomato,19-09-2025,553.4,Metric Tonnes,986.83,Rs./Quintal
Maharashtra,Pune,Vegetables,Onion,20-09-2025,190.7,Metric Tonnes,1132.28,Rs./Quintal
Maharashtra,Pune,Vegetables,Tomato,20-09-2025,376.1,Metric Tonnes,1058.6,Rs./Quintal
Maharashtra,Pune,Vegetables,Onion,21-09-2025,4027.5,Metric Tonnes,1122.45,Rs./Quintal
Maharashtra,Pune,Vegetables,Tomato,21-09-2025,635.4,Metric Tonnes,1230.36,Rs./Quintal
Maharashtra,Pune,Vegetables,Onion,22-09-2025,718.2,Metric Tonnes,942.02,Rs./Quintal
Maharashtra,Pune,Vegetables,Tomato,22-09-2025,394.6,Metric Tonnes,1456.65,Rs./Quintal
Maharashtra,Pune,Vegetables,Onion,23-09-2025,1490.1,Metric Tonnes,1124.84,Rs./Quintal
Maharashtra,Pune,Vegetables,Tomato,23-09-2025,309.0,Metric Tonnes,1341.01,Rs./Quintal
Maharashtra,Pune,Vegetables,Onion,24-09-2025,1035.5,Metric Tonnes,965.27,Rs./Quintal
Maharashtra,Pune,Vegetables,Tomato,24-09-2025,597.9,Metric Tonnes,1262.13,Rs./Quintal
Maharashtra,Pune,Vegetables,Onion,25-09-2025,4979.0,Metric Tonnes,1281.54,Rs./Quintal
Maharashtra,Pune,Vegetables,Tomato,25-09-2025,494.9,Metric Tonnes,1076.04,Rs./Quintal
Maharashtra,Pune,Vegetables,Onion,26-09-2025,2710.7,Metric Tonnes,1025.55,Rs./Quintal
Maharashtra,Pune,Vegetables,Tomato,26-09-2025,277.8,Metric Tonnes,1099.87,Rs./Quintal
Maharashtra,Pune,Vegetables,Onion,27-09-2025,140.1,Metric Tonnes,992.51,Rs./Quintal
Maharashtra,Pune,Vegetables,Tomato,27-09-2025,136.8,Metric Tonnes,1390.31,Rs./Quintal
Maharashtra,Pune,Vegetables,Onion,28-09-2025,1936.4,Metric Tonnes,1215.25,Rs./Quintal
Maharashtra,Pune,Vegetables,Tomato,28-09-2025,360.2,Metric Tonnes,1617.0,Rs./Quintal
Maharashtra,Pune,Vegetables,Onion,29-09-2025,556.1,Metric Tonnes,955.48,Rs./Quintal
Maharashtra,Pune,Vegetables,Tomato,29-09-2025,388.9,Metric Tonnes,1340.99,Rs./Quintal
Maharashtra,Pune,Vegetables,Onion,30-09-2025,805.5,Metric Tonnes,1001.34,Rs./Quintal
Maharashtra,Pune,Vegetables,Tomato,30-09-2025,556.1,Metric Tonnes,1322.43,Rs./Quintal
Maharashtra,Pune,Vegetables,Onion,01-10-2025,725.9,Metric Tonnes,1000.41,Rs./Quintal
Maharashtra,Pune,Vegetables,Tomato,01-10-2025,144.9,Metric Tonnes,1384.75,Rs./Quintal
Maharashtra,Pune,Vegetables,Onion,02-10-2025,3210.7,Metric Tonnes,1286.72,Rs./Quintal
Maharashtra,Pune,Vegetables,Tomato,02-10-2025,368.4,Metric Tonnes,1586.5,Rs./Quintal
Maharashtra,Pune,Vegetables,Onion,03-10-2025,1177.8,Metric Tonnes,1118.84,Rs./Quintal
Maharashtra,Pune,Vegetables,Tomato,03-10-2025,464.4,Metric Tonnes,1391.1,Rs./Quintal
Maharashtra,Pune,Vegetables,Onion,04-10-2025,98.2,Metric Tonnes,1040.02,Rs./Quintal
Maharashtra,Pune,Vegetables,Tomato,04-10-2025,332.5,Metric Tonnes,1547.95,Rs./Quintal
Maharashtra,Pune,Vegetables,Onion,05-10-2025,2839.1,Metric Tonnes,1183.17,Rs./Quintal
Maharashtra,Pune,Vegetables,Tomato,05-10-2025,512.8,Metric Tonnes,1622.35,Rs./Quintal
Maharashtra,Pune,Vegetables,Onion,06-10-2025,2466.8,Metric Tonnes,1115.84,Rs./Quintal
Maharashtra,Pune,Vegetables,Tomato,06-10-2025,527.5,Metric Tonnes,1336.59,Rs./Quintal
Maharashtra,Pune,Vegetables,Onion,07-10-2025,2698.2,Metric Tonnes,1208.82,Rs./Quintal
Maharashtra,Pune,Vegetables,Tomato,07-10-2025,547.4,Metric Tonnes,1189.55,Rs./Quintal
Maharashtra,Pune,Vegetables,Onion,08-10-2025,1488.0,Metric Tonnes,966.13,Rs./Quintal
Maharashtra,Pune,Vegetables,Tomato,08-10-2025,272.5,Metric Tonnes,1495.78,Rs./Quintal
Maharashtra,Pune,Vegetables,Onion,09-10-2025,1393.1,Metric Tonnes,914.75,Rs./Quintal
Maharashtra,Pune,Vegetables,Tomato,09-10-2025,385.7,Metric Tonnes,1421.9,Rs./Quintal
Maharashtra,Pune,Vegetables,Onion,10-10-2025,123.1,Metric Tonnes,999.72,Rs./Quintal
Maharashtra,Pune,Vegetables,Tomato,10-10-2025,82.7,Metric Tonnes,1500.0,Rs./Quintal
Maharashtra,Pune,Vegetables,Onion,11-10-2025,150.0,Metric Tonnes,1000.0,Rs./Quintal
Maharashtra,Pune,Vegetables,Tomato,11-10-2025,33.0,Metric Tonnes,1400.0,Rs./Quintal
Maharashtra,Pune,Vegetables,Onion,12-10-2025,6012.1,Metric Tonnes,1189.68,Rs./Quintal
Maharashtra,Pune,Vegetables,Tomato,12-10-2025,485.1,Metric Tonnes,1116.27,Rs./Quintal
Maharashtra,Pune,Vegetables,Onion,13-10-2025,1196.2,Metric Tonnes,905.61,Rs./Quintal
Maharashtra,Pune,Vegetables,Tomato,13-10-2025,873.2,Metric Tonnes,1094.67,Rs./Quintal
Maharashtra,Pune,Vegetables,Onion,14-10-2025,3647.8,Metric Tonnes,1195.31,Rs./Quintal
Maharashtra,Pune,Vegetables,Tomato,14-10-2025,344.5,Metric Tonnes,1802.15,Rs./Quintal
Maharashtra,Pune,Vegetables,Onion,15-10-2025,1316.3,Metric Tonnes,922.83,Rs./Quintal
Maharashtra,Pune,Vegetables,Tomato,15-10-2025,418.7,Metric Tonnes,1307.5,Rs./Quintal
Maharashtra,Pune,Vegetables,Onion,16-10-2025,3568.3,Metric Tonnes,1142.19,Rs./Quintal
Maharashtra,Pune,Vegetables,Tomato,16-10-2025,463.6,Metric Tonnes,1246.68,Rs./Quintal
Maharashtra,Pune,Vegetables,Onion,17-10-2025,1318.0,Metric Tonnes,1290.55,Rs./Quintal
Maharashtra,Pune,Vegetables,Tomato,17-10-2025,66.4,Metric Tonnes,1436.52,Rs./Quintal
Maharashtra,Pune,Vegetables,Onion,18-10-2025,206.9,Metric Tonnes,906.86,Rs./Quintal
Maharashtra,Pune,Vegetables,Tomato,18-10-2025,136.6,Metric Tonnes,1385.14,Rs./Quintal
Maharashtra,Pune,Vegetables,Onion,19-10-2025,2027.5,Metric Tonnes,1038.22,Rs./Quintal
Maharashtra,Pune,Vegetables,Tomato,19-10-2025,393.7,Metric Tonnes,1264.17,Rs./Quintal
Maharashtra,Pune,Vegetables,Onion,20-10-2025,606.4,Metric Tonnes,924.36,Rs./Quintal
Maharashtra,Pune,Vegetables,Tomato,20-10-2025,203.7,Metric Tonnes,1112.05,Rs./Quintal
Maharashtra,Pune,Vegetables,Onion,21-10-2025,477.4,Metric Tonnes,942.72,Rs./Quintal
Maharashtra,Pune,Vegetables,Tomato,21-10-2025,161.2,Metric Tonnes,1117.4,Rs./Quintal
Maharashtra,Pune,Vegetables,Onion,22-10-2025,480.9,Metric Tonnes,951.58,Rs./Quintal
Maharashtra,Pune,Vegetables,Tomato,22-10-2025,168.1,Metric Tonnes,1548.51,Rs./Quintal
Maharashtra,Pune,Vegetables,Onion,23-10-2025,5.9,Metric Tonnes,1025.42,Rs./Quintal
Maharashtra,Pune,Vegetables,Tomato,23-10-2025,50.7,Metric Tonnes,1983.43,Rs./Quintal
Maharashtra,Pune,Vegetables,Onion,24-10-2025,746.2,Metric Tonnes,992.82,Rs./Quintal
Maharashtra,Pune,Vegetables,Tomato,24-10-2025,409.5,Metric Tonnes,1208.23,Rs./Quintal
Maharashtra,Pune,Vegetables,Onion,25-10-2025,125.0,Metric Tonnes,1000.0,Rs./Quintal
Maharashtra,Pune,Vegetables,Tomato,25-10-2025,32.2,Metric Tonnes,1500.0,Rs./Quintal
Maharashtra,Pune,Vegetables,Onion,26-10-2025,3073.4,Metric Tonnes,1511.52,Rs./Quintal
Maharashtra,Pune,Vegetables,Tomato,26-10-2025,600.5,Metric Tonnes,1135.5,Rs./Quintal
Maharashtra,Pune,Vegetables,Onion,27-10-2025,1215.2,Metric Tonnes,1243.38,Rs./Quintal
Maharashtra,Pune,Vegetables,Tomato,27-10-2025,398.8,Metric Tonnes,1092.36,Rs./Quintal
Maharashtra,Pune,Vegetables,Onion,28-10-2025,4532.1,Metric Tonnes,1399.76,Rs./Quintal
Maharashtra,Pune,Vegetables,Tomato,28-10-2025,498.1,Metric Tonnes,972.32,Rs./Quintal
Maharashtra,Pune,Vegetables,Onion,29-10-2025,1562.9,Metric Tonnes,1152.27,Rs./Quintal
Maharashtra,Pune,Vegetables,Tomato,29-10-2025,371.4,Metric Tonnes,1131.91,Rs./Quintal
Maharashtra,Pune,Vegetables,Onion,30-10-2025,5375.7,Metric Tonnes,1565.29,Rs./Quintal
Maharashtra,Pune,Vegetables,Tomato,30-10-2025,432.2,Metric Tonnes,1020.71,Rs./Quintal
Maharashtra,Pune,Vegetables,Onion,31-10-2025,1314.6,Metric Tonnes,1142.1,Rs./Quintal
Maharashtra,Pune,Vegetables,Tomato,31-10-2025,423.3,Metric Tonnes,1065.5,Rs./Quintal
Maharashtra,Pune,Vegetables,Onion,01-11-2025,242.7,Metric Tonnes,982.92,Rs./Quintal
Maharashtra,Pune,Vegetables,Tomato,01-11-2025,278.8,Metric Tonnes,1175.63,Rs./Quintal
Maharashtra,Pune,Vegetables,Onion,02-11-2025,6620.7,Metric Tonnes,1493.93,Rs./Quintal
Maharashtra,Pune,Vegetables,Tomato,02-11-2025,581.7,Metric Tonnes,1065.41,Rs./Quintal
Maharashtra,Pune,Vegetables,Onion,03-11-2025,1501.5,Metric Tonnes,1138.09,Rs./Quintal
Maharashtra,Pune,Vegetables,Tomato,03-11-2025,410.5,Metric Tonnes,1158.34,Rs./Quintal
Maharashtra,Pune,Vegetables,Onion,04-11-2025,2545.2,Metric Tonnes,1169.48,Rs./Quintal
Maharashtra,Pune,Vegetables,Tomato,04-11-2025,359.1,Metric Tonnes,1110.58,Rs./Quintal
Maharashtra,Pune,Vegetables,Onion,05-11-2025,1232.9,Metric Tonnes,1150.74,Rs./Quintal
Maharashtra,Pune,Vegetables,Tomato,05-11-2025,357.1,Metric Tonnes,1175.95,Rs./Quintal
Maharashtra,Pune,Vegetables,Onion,06-11-2025,1164.2,Metric Tonnes,1822.2,Rs./Quintal
Maharashtra,Pune,Vegetables,Tomato,06-11-2025,217.1,Metric Tonnes,1361.89,Rs./Quintal
Maharashtra,Pune,Vegetables,Onion,07-11-2025,1338.3,Metric Tonnes,1096.64,Rs./Quintal
Maharashtra,Pune,Vegetables,Tomato,07-11-2025,437.8,Metric Tonnes,1579.23,Rs./Quintal
Maharashtra,Pune,Vegetables,Onion,08-11-2025,65.6,Metric Tonnes,616.84,Rs./Quintal
Maharashtra,Pune,Vegetables,Tomato,08-11-2025,109.5,Metric Tonnes,1476.62,Rs./Quintal
Maharashtra,Pune,Vegetables,Onion,09-11-2025,2678.9,Metric Tonnes,1275.64,Rs./Quintal
Maharashtra,Pune,Vegetables,Tomato,09-11-2025,457.2,Metric Tonnes,1327.25,Rs./Quintal
Maharashtra,Pune,Vegetables,Onion,10-11-2025,1120.2,Metric Tonnes,1091.93,Rs./Quintal
Maharashtra,Pune,Vegetables,Tomato,10-11-2025,277.4,Metric Tonnes,1409.68,Rs./Quintal
Maharashtra,Pune,Vegetables,Onion,11-11-2025,2321.1,Metric Tonnes,1357.66,Rs./Quintal
Maharashtra,Pune,Vegetables,Tomato,11-11-2025,313.9,Metric Tonnes,1672.84,Rs./Quintal
Maharashtra,Pune,Vegetables,Onion,12-11-2025,1065.8,Metric Tonnes,1060.38,Rs./Quintal
Maharashtra,Pune,Vegetables,Tomato,12-11-2025,184.2,Metric Tonnes,2082.11,Rs./Quintal
Maharashtra,Pune,Vegetables,Onion,13-11-2025,1615.6,Metric Tonnes,1552.04,Rs./Quintal
Maharashtra,Pune,Vegetables,Tomato,13-11-2025,131.0,Metric Tonnes,2361.07,Rs./Quintal
Maharashtra,Pune,Vegetables,Onion,14-11-2025,2353.8,Metric Tonnes,1199.87,Rs./Quintal
Maharashtra,Pune,Vegetables,Tomato,14-11-2025,366.4,Metric Tonnes,2160.75,Rs./Quintal
Maharashtra,Pune,Vegetables,Onion,15-11-2025,101.3,Metric Tonnes,1132.72,Rs./Quintal
Maharashtra,Pune,Vegetables,Tomato,15-11-2025,88.2,Metric Tonnes,2787.13,Rs./Quintal
Maharashtra,Pune,Vegetables,Onion,16-11-2025,2546.6,Metric Tonnes,1332.51,Rs./Quintal
Maharashtra,Pune,Vegetables,Tomato,16-11-2025,638.6,Metric Tonnes,2674.48,Rs./Quintal
Maharashtra,Pune,Vegetables,Onion,17-11-2025,1169.6,Metric Tonnes,1179.92,Rs./Quintal
Maharashtra,Pune,Vegetables,Tomato,17-11-2025,294.2,Metric Tonnes,2681.08,Rs./Quintal
Maharashtra,Pune,Vegetables,Onion,18-11-2025,3094.8,Metric Tonnes,1445.57,Rs./Quintal
Maharashtra,Pune,Vegetables,Tomato,18-11-2025,295.7,Metric Tonnes,2503.86,Rs./Quintal
Maharashtra,Pune,Vegetables,Onion,19-11-2025,1468.2,Metric Tonnes,1213.64,Rs./Quintal
Maharashtra,Pune,Vegetables,Tomato,19-11-2025,205.5,Metric Tonnes,2424.5,Rs./Quintal
Maharashtra,Pune,Vegetables,Onion,20-11-2025,4334.0,Metric Tonnes,1538.99,Rs./Quintal
Maharashtra,Pune,Vegetables,Tomato,20-11-2025,381.3,Metric Tonnes,2751.46,Rs./Quintal
Maharashtra,Pune,Vegetables,Onion,21-11-2025,1551.9,Metric Tonnes,1093.11,Rs./Quintal
Maharashtra,Pune,Vegetables,Tomato,21-11-2025,395.8,Metric Tonnes,2988.07,Rs./Quintal
Maharashtra,Pune,Vegetables,Onion,22-11-2025,93.4,Metric Tonnes,914.83,Rs./Quintal
Maharashtra,Pune,Vegetables,Tomato,22-11-2025,174.4,Metric Tonnes,3895.44,Rs./Quintal
Maharashtra,Pune,Vegetables,Onion,23-11-2025,4390.8,Metric Tonnes,1271.79,Rs./Quintal
Maharashtra,Pune,Vegetables,Tomato,23-11-2025,440.5,Metric Tonnes,3222.33,Rs./Quintal
Maharashtra,Pune,Vegetables,Onion,24-11-2025,1131.6,Metric Tonnes,1041.65,Rs./Quintal
Maharashtra,Pune,Vegetables,Tomato,24-11-2025,323.9,Metric Tonnes,3524.64,Rs./Quintal
Maharashtra,Pune,Vegetables,Onion,25-11-2025,3024.4,Metric Tonnes,1349.34,Rs./Quintal
Maharashtra,Pune,Vegetables,Tomato,25-11-2025,329.5,Metric Tonnes,3117.06,Rs./Quintal
Maharashtra,Pune,Vegetables,Onion,26-11-2025,1113.0,Metric Tonnes,1106.69,Rs./Quintal
Maharashtra,Pune,Vegetables,Tomato,26-11-2025,335.7,Metric Tonnes,3108.28,Rs./Quintal
Maharashtra,Pune,Vegetables,Onion,27-11-2025,3732.3,Metric Tonnes,1368.37,Rs./Quintal
Maharashtra,Pune,Vegetables,Tomato,27-11-2025,386.4,Metric Tonnes,2456.72,Rs./Quintal
Maharashtra,Pune,Vegetables,Onion,28-11-2025,2339.7,Metric Tonnes,1184.02,Rs./Quintal
Maharashtra,Pune,Vegetables,Tomato,28-11-2025,454.5,Metric Tonnes,2134.95,Rs./Quintal
Maharashtra,Pune,Vegetables,Onion,29-11-2025,82.5,Metric Tonnes,874.12,Rs./Quintal
Maharashtra,Pune,Vegetables,Tomato,29-11-2025,119.4,Metric Tonnes,2469.6,Rs./Quintal
Maharashtra,Pune,Vegetables,Onion,30-11-2025,3511.2,Metric Tonnes,1313.39,Rs./Quintal
Maharashtra,Pune,Vegetables,Tomato,30-11-2025,200.7,Metric Tonnes,2503.74,Rs./Quintal
Maharashtra,Pune,Vegetables,Onion,01-12-2025,1127.2,Metric Tonnes,1039.22,Rs./Quintal
Maharashtra,Pune,Vegetables,Tomato,01-12-2025,251.3,Metric Tonnes,2264.07,Rs./Quintal
Maharashtra,Pune,Vegetables,Onion,02-12-2025,2143.4,Metric Tonnes,1180.94,Rs./Quintal
Maharashtra,Pune,Vegetables,Tomato,02-12-2025,264.2,Metric Tonnes,2443.04,Rs./Quintal
Maharashtra,Pune,Vegetables,Onion,03-12-2025,991.5,Metric Tonnes,1052.82,Rs./Quintal
Maharashtra,Pune,Vegetables,Tomato,03-12-2025,360.6,Metric Tonnes,2341.72,Rs./Quintal
Maharashtra,Pune,Vegetables,Onion,04-12-2025,2673.2,Metric Tonnes,1299.76,Rs./Quintal
Maharashtra,Pune,Vegetables,Tomato,04-12-2025,716.2,Metric Tonnes,3411.74,Rs./Quintal
Maharashtra,Pune,Vegetables,Onion,05-12-2025,2102.6,Metric Tonnes,1196.04,Rs./Quintal
Maharashtra,Pune,Vegetables,Tomato,05-12-2025,389.6,Metric Tonnes,2512.33,Rs./Quintal
Maharashtra,Pune,Vegetables,Onion,06-12-2025,78.7,Metric Tonnes,805.91,Rs./Quintal
Maharashtra,Pune,Vegetables,Tomato,06-12-2025,155.5,Metric Tonnes,2838.46,Rs./Quintal
Maharashtra,Pune,Vegetables,Onion,07-12-2025,2455.9,Metric Tonnes,1104.89,Rs./Quintal
Maharashtra,Pune,Vegetables,Tomato,07-12-2025,487.5,Metric Tonnes,2221.69,Rs./Quintal
Maharashtra,Pune,Vegetables,Onion,08-12-2025,735.5,Metric Tonnes,1227.46,Rs./Quintal
Maharashtra,Pune,Vegetables,Tomato,08-12-2025,381.5,Metric Tonnes,2208.65,Rs./Quintal
Maharashtra,Pune,Vegetables,Onion,09-12-2025,873.2,Metric Tonnes,1232.13,Rs./Quintal
Maharashtra,Pune,Vegetables,Tomato,09-12-2025,356.8,Metric Tonnes,2135.02,Rs./Quintal
Maharashtra,Pune,Vegetables,Onion,10-12-2025,104.5,Metric Tonnes,1003.01,Rs./Quintal
Maharashtra,Pune,Vegetables,Tomato,10-12-2025,138.1,Metric Tonnes,2129.47,Rs./Quintal
Maharashtra,Pune,Vegetables,Onion,11-12-2025,1581.1,Metric Tonnes,1341.7,Rs./Quintal
Maharashtra,Pune,Vegetables,Tomato,11-12-2025,398.5,Metric Tonnes,2285.73,Rs./Quintal
Maharashtra,Pune,Vegetables,Onion,12-12-2025,2153.7,Metric Tonnes,1643.86,Rs./Quintal
Maharashtra,Pune,Vegetables,Tomato,12-12-2025,371.1,Metric Tonnes,2298.84,Rs./Quintal
Maharashtra,Pune,Vegetables,Onion,13-12-2025,48.2,Metric Tonnes,1353.53,Rs./Quintal
Maharashtra,Pune,Vegetables,Tomato,13-12-2025,72.2,Metric Tonnes,2758.17,Rs./Quintal
Maharashtra,Pune,Vegetables,Onion,14-12-2025,3009.0,Metric Tonnes,1978.71,Rs./Quintal
Maharashtra,Pune,Vegetables,Tomato,14-12-2025,346.2,Metric Tonnes,2783.07,Rs./Quintal
Maharashtra,Pune,Vegetables,Onion,15-12-2025,1019.2,Metric Tonnes,1818.72,Rs./Quintal
Maharashtra,Pune,Vegetables,Tomato,15-12-2025,301.7,Metric Tonnes,3374.56,Rs./Quintal
Maharashtra,Pune,Vegetables,Onion,16-12-2025,2405.8,Metric Tonnes,1864.78,Rs./Quintal
Maharashtra,Pune,Vegetables,Tomato,16-12-2025,257.3,Metric Tonnes,3391.33,Rs./Quintal
Maharashtra,Pune,Vegetables,Onion,17-12-2025,976.5,Metric Tonnes,1996.85,Rs./Quintal
Maharashtra,Pune,Vegetables,Tomato,17-12-2025,186.5,Metric Tonnes,3296.27,Rs./Quintal
Maharashtra,Pune,Vegetables,Onion,18-12-2025,3679.2,Metric Tonnes,2117.81,Rs./Quintal
Maharashtra,Pune,Vegetables,Tomato,18-12-2025,296.3,Metric Tonnes,3141.8,Rs./Quintal
Maharashtra,Pune,Vegetables,Onion,19-12-2025,3236.1,Metric Tonnes,1751.88,Rs./Quintal
Maharashtra,Pune,Vegetables,Tomato,19-12-2025,304.9,Metric Tonnes,2958.99,Rs./Quintal
Maharashtra,Pune,Vegetables,Onion,20-12-2025,89.5,Metric Tonnes,1325.53,Rs./Quintal
Maharashtra,Pune,Vegetables,Tomato,20-12-2025,100.5,Metric Tonnes,3757.71,Rs./Quintal
Maharashtra,Pune,Vegetables,Onion,21-12-2025,5799.3,Metric Tonnes,1546.03,Rs./Quintal
Maharashtra,Pune,Vegetables,Tomato,21-12-2025,559.7,Metric Tonnes,2944.96,Rs./Quintal
Maharashtra,Pune,Vegetables,Onion,22-12-2025,1196.3,Metric Tonnes,1337.98,Rs./Quintal
Maharashtra,Pune,Vegetables,Tomato,22-12-2025,238.4,Metric Tonnes,2865.31,Rs./Quintal
Maharashtra,Pune,Vegetables,Onion,23-12-2025,1881.3,Metric Tonnes,1705.97,Rs./Quintal
Maharashtra,Pune,Vegetables,Tomato,23-12-2025,432.3,Metric Tonnes,2785.75,Rs./Quintal
Maharashtra,Pune,Vegetables,Onion,24-12-2025,1588.4,Metric Tonnes,1462.26,Rs./Quintal
Maharashtra,Pune,Vegetables,Tomato,24-12-2025,201.1,Metric Tonnes,2901.04,Rs./Quintal
Maharashtra,Pune,Vegetables,Onion,25-12-2025,3787.6,Metric Tonnes,1749.3,Rs./Quintal
Maharashtra,Pune,Vegetables,Tomato,25-12-2025,400.6,Metric Tonnes,2999.88,Rs./Quintal
Maharashtra,Pune,Vegetables,Onion,26-12-2025,1370.5,Metric Tonnes,1657.94,Rs./Quintal
Maharashtra,Pune,Vegetables,Tomato,26-12-2025,227.8,Metric Tonnes,3229.59,Rs./Quintal
Maharashtra,Pune,Vegetables,Onion,27-12-2025,102.7,Metric Tonnes,1099.71,Rs./Quintal
Maharashtra,Pune,Vegetables,Tomato,27-12-2025,102.9,Metric Tonnes,3422.3,Rs./Quintal
Maharashtra,Pune,Vegetables,Onion,28-12-2025,2768.8,Metric Tonnes,2102.35,Rs./Quintal
Maharashtra,Pune,Vegetables,Tomato,28-12-2025,260.5,Metric Tonnes,3210.96,Rs./Quintal
Maharashtra,Pune,Vegetables,Onion,29-12-2025,1578.9,Metric Tonnes,1349.92,Rs./Quintal
Maharashtra,Pune,Vegetables,Tomato,29-12-2025,299.9,Metric Tonnes,3083.84,Rs./Quintal
Maharashtra,Pune,Vegetables,Onion,30-12-2025,4592.4,Metric Tonnes,1653.03,Rs./Quintal
Maharashtra,Pune,Vegetables,Tomato,30-12-2025,470.6,Metric Tonnes,3166.43,Rs./Quintal
Maharashtra,Pune,Vegetables,Onion,31-12-2025,1766.4,Metric Tonnes,1489.58,Rs./Quintal
Maharashtra,Pune,Vegetables,Tomato,31-12-2025,376.7,Metric Tonnes,2677.2,Rs./Quintal
